Customer_ID,First_Name,Last_Name,Gender,Customer_Age,Email,City,State,Country,Income_Group,Customer_Segment,Customer_Since,Total_Orders,Total_Spend,Customer_Lifetime_Value,Recency_Days,Churned
CUST00001,Camila,Wilson,Male,25,camila.wilson1@example.com,Chandler,Arizona,United States,Lower-Middle,Home Office,2023-02-06,3,9583.73,10925.65,14,0
CUST00002,Paul,Wang,Male,27,paul.wang2@example.com,Elizabeth,New Jersey,United States,Upper-Middle,Consumer,2024-08-10,4,5558.15,5953.7,2,0
CUST00003,Li,Lewis,Female,45,li.lewis3@example.com,Fort Collins,Colorado,United States,High,Consumer,2021-11-28,7,6241.25,6903.36,122,0
CUST00004,Ronald,Kowalski,Female,47,ronald.kowalski4@example.com,Pittsburgh,Pennsylvania,United States,High,Consumer,2021-11-22,4,1667.07,1828.13,554,1
CUST00005,Patricia,Green,Other,34,patricia.green5@example.com,Newark,New Jersey,United States,Middle,Home Office,2022-06-21,3,6872.22,7611.21,117,0
CUST00006,Sarah,Jones,Other,39,sarah.jones6@example.com,Peoria,Illinois,United States,Upper-Middle,Home Office,2026-01-16,4,4843.54,5251.36,18,0
CUST00007,Amy,Wang,Male,42,amy.wang7@example.com,Detroit,Michigan,United States,Low,Consumer,2021-07-11,3,4656.4,5130.73,189,1
CUST00008,Karen,Andrade,Female,31,karen.andrade8@example.com,Columbus,Ohio,United States,Lower-Middle,Consumer,2022-12-28,2,3454.71,3754.69,682,1
CUST00009,Donald,Singh,Female,31,donald.singh9@example.com,Everett,Washington,United States,Low,Home Office,2021-09-09,1,1828.01,2023.72,540,1
CUST00010,Gary,Souza,Other,54,gary.souza10@example.com,San Jose,California,United States,Lower-Middle,Consumer,2024-01-22,2,2265.6099999999997,2576.91,195,1
CUST00011,Jason,Smith,Male,26,jason.smith11@example.com,Ann Arbor,Michigan,United States,Middle,Consumer,2025-04-18,4,2049.85,2220.74,5,0
CUST00012,Gregory,Hernandez,Male,39,gregory.hernandez12@example.com,Durham,North Carolina,United States,High,Consumer,2020-03-03,2,2701.77,3019.26,1910,1
CUST00013,Victoria,Kowalski,Female,18,victoria.kowalski13@example.com,Charlotte,North Carolina,United States,Upper-Middle,Consumer,2019-10-08,6,2514.1000000000004,2649.1,48,0
CUST00014,Deborah,Mitchell,Female,39,deborah.mitchell14@example.com,Chicago,Illinois,United States,Upper-Middle,Consumer,2021-12-11,1,225.36,230.61,187,1
CUST00015,Jack,Wilson,Other,44,jack.wilson15@example.com,Lowell,Massachusetts,United States,Upper-Middle,Consumer,2023-08-12,2,1619.71,1835.88,144,0
CUST00016,Amanda,Pereira,Other,46,amanda.pereira16@example.com,Pittsburgh,Pennsylvania,United States,Middle,Corporate,2022-12-18,7,14510.57,16054.05,233,1
CUST00017,Debra,White,Male,49,debra.white17@example.com,Worcester,Massachusetts,United States,Upper-Middle,Small Business,2019-12-16,5,7198.22,7397.77,82,0
CUST00018,Robert,Nguyen,Male,31,robert.nguyen18@example.com,Miami,Florida,United States,Upper-Middle,Consumer,2021-12-23,0,0.0,0.0,9999,1
CUST00019,Michelle,Silva,Female,23,michelle.silva19@example.com,Akron,Ohio,United States,Lower-Middle,Home Office,2020-05-14,1,1049.19,1105.09,711,1
CUST00020,Matthew,Torres,Other,38,matthew.torres20@example.com,Philadelphia,Pennsylvania,United States,Lower-Middle,Consumer,2019-08-05,2,1576.82,1664.44,1966,1
CUST00021,Melissa,Reddy,Other,36,melissa.reddy21@example.com,Paterson,New Jersey,United States,Middle,Small Business,2026-03-27,5,9885.84,10126.56,18,0
CUST00022,Carol,White,Female,46,carol.white22@example.com,Athens,Georgia,United States,High,Consumer,2022-12-08,4,2951.18,2988.05,232,1
CUST00023,Arjun,Hernandez,Male,60,arjun.hernandez23@example.com,Scottsdale,Arizona,United States,Middle,Small Business,2021-03-12,1,2165.5,2262.88,771,1
CUST00024,Lisa,Pereira,Male,41,lisa.pereira24@example.com,Naperville,Illinois,United States,Low,Corporate,2023-08-10,3,2710.92,2951.64,942,1
CUST00025,Michelle,Wang,Male,42,michelle.wang25@example.com,Lansing,Michigan,United States,Middle,Consumer,2024-03-21,4,2973.6800000000003,3185.01,8,0
CUST00026,Jennifer,Rivera,Female,46,jennifer.rivera26@example.com,Lansing,Michigan,United States,Middle,Home Office,2023-04-29,3,1060.82,1140.64,109,0
CUST00027,Linda,Martinez,Female,48,linda.martinez27@example.com,Bellevue,Washington,United States,Middle,Corporate,2022-03-16,2,2034.33,2125.82,357,1
CUST00028,Christopher,Brown,Other,22,christopher.brown28@example.com,Syracuse,New York,United States,Upper-Middle,Consumer,2024-01-21,5,4011.71,4459.31,110,0
CUST00029,William,Walker,Female,24,william.walker29@example.com,Springfield,Massachusetts,United States,Middle,Corporate,2024-06-15,2,2193.44,2457.29,495,1
CUST00030,Scott,Martin,Female,43,scott.martin30@example.com,Bellevue,Washington,United States,Middle,Home Office,2019-12-13,3,624.42,704.06,53,0
CUST00031,Larry,Moore,Female,35,larry.moore31@example.com,Durham,North Carolina,United States,Lower-Middle,Consumer,2020-07-01,0,0.0,0.0,9999,1
CUST00032,Joseph,Brown,Female,51,joseph.brown32@example.com,Tucson,Arizona,United States,Middle,Small Business,2021-05-06,1,1315.9,1431.87,1458,1
CUST00033,Jessica,King,Other,50,jessica.king33@example.com,Springfield,Massachusetts,United States,Middle,Small Business,2020-06-06,3,957.67,1087.64,610,1
CUST00034,Andrew,Dubois,Male,34,andrew.dubois34@example.com,Miami,Florida,United States,Upper-Middle,Consumer,2020-10-20,1,903.62,922.38,1749,1
CUST00035,Chen,Chen,Other,63,chen.chen35@example.com,Austin,Texas,United States,Lower-Middle,Consumer,2025-02-28,3,10875.869999999999,11883.09,55,0
CUST00036,Jonathan,Nguyen,Male,39,jonathan.nguyen36@example.com,Trenton,New Jersey,United States,Upper-Middle,Small Business,2020-10-14,3,471.26,510.97,293,1
CUST00037,Benjamin,Thompson,Other,30,benjamin.thompson37@example.com,Springfield,Massachusetts,United States,Lower-Middle,Small Business,2020-09-16,5,6183.9800000000005,6595.41,447,1
CUST00038,Priya,Moore,Male,38,priya.moore38@example.com,Jacksonville,Florida,United States,Middle,Corporate,2023-10-07,3,4471.59,4839.59,75,0
CUST00039,Cynthia,Taylor,Male,49,cynthia.taylor39@example.com,Detroit,Michigan,United States,Lower-Middle,Small Business,2022-02-23,3,2129.33,2150.27,3,0
CUST00040,Heather,Rossi,Female,18,heather.rossi40@example.com,Greensboro,North Carolina,United States,Upper-Middle,Consumer,2021-05-20,4,13948.619999999999,15438.4,341,1
CUST00041,Kenneth,Martinez,Other,28,kenneth.martinez41@example.com,Athens,Georgia,United States,Middle,Consumer,2025-08-19,0,0.0,0.0,9999,1
CUST00042,Vikram,White,Female,18,vikram.white42@example.com,Worcester,Massachusetts,United States,Middle,Home Office,2021-02-06,6,3523.6,3767.57,262,1
CUST00043,Vikram,Thomas,Female,28,vikram.thomas43@example.com,Raleigh,North Carolina,United States,Lower-Middle,Consumer,2019-12-16,1,491.09,551.92,420,1
CUST00044,Maria,Lewis,Female,38,maria.lewis44@example.com,Reading,Pennsylvania,United States,Upper-Middle,Consumer,2021-12-03,6,8300.58,9242.51,16,0
CUST00045,Benjamin,Scott,Other,46,benjamin.scott45@example.com,Rochester,New York,United States,Middle,Consumer,2021-01-12,5,12831.07,14289.77,428,1
CUST00046,Nancy,Martin,Other,46,nancy.martin46@example.com,Syracuse,New York,United States,High,Consumer,2020-10-12,4,17416.149999999998,18185.15,415,1
CUST00047,Mateo,Garcia,Male,32,mateo.garcia47@example.com,Denver,Colorado,United States,Low,Corporate,2020-09-14,3,1675.51,1838.68,762,1
CUST00048,Larry,King,Other,38,larry.king48@example.com,Spokane,Washington,United States,Middle,Corporate,2026-04-04,1,3946.85,4420.9,98,0
CUST00049,Gary,Pereira,Female,33,gary.pereira49@example.com,Naperville,Illinois,United States,Lower-Middle,Home Office,2023-10-01,1,776.65,842.21,807,1
CUST00050,Stephanie,Hill,Other,51,stephanie.hill50@example.com,Atlanta,Georgia,United States,Low,Consumer,2025-05-01,2,2374.23,2424.15,40,0
CUST00051,Jacob,Kim,Other,37,jacob.kim51@example.com,Tampa,Florida,United States,Lower-Middle,Home Office,2023-04-08,5,11780.19,13099.01,93,0
CUST00052,Kenneth,Hall,Female,40,kenneth.hall52@example.com,Cleveland,Ohio,United States,Middle,Consumer,2024-05-24,4,3775.22,4249.42,15,0
CUST00053,Donald,Kim,Female,64,donald.kim53@example.com,Austin,Texas,United States,Lower-Middle,Consumer,2025-01-06,3,793.3299999999999,807.23,36,0
CUST00054,Donna,Roberts,Female,44,donna.roberts54@example.com,Boulder,Colorado,United States,Lower-Middle,Home Office,2025-05-01,2,160.1,171.21,236,1
CUST00055,Christopher,Adams,Other,23,christopher.adams55@example.com,Elizabeth,New Jersey,United States,Lower-Middle,Home Office,2025-08-06,2,1856.25,1903.73,77,0
CUST00056,Gary,Silva,Female,23,gary.silva56@example.com,Athens,Georgia,United States,Middle,Consumer,2023-04-18,4,6128.61,6651.37,314,1
CUST00057,Ronald,Kowalski,Male,39,ronald.kowalski57@example.com,Savannah,Georgia,United States,Middle,Consumer,2024-10-13,5,9156.77,10465.34,31,0
CUST00058,Andrew,Ivanov,Female,48,andrew.ivanov58@example.com,Lansing,Michigan,United States,Middle,Home Office,2024-07-12,2,9244.42,9271.98,569,1
CUST00059,Sharon,Moore,Other,21,sharon.moore59@example.com,Trenton,New Jersey,United States,Middle,Consumer,2019-07-26,4,3502.3199999999997,3604.81,147,0
CUST00060,Jennifer,Patel,Other,26,jennifer.patel60@example.com,San Jose,California,United States,Lower-Middle,Corporate,2024-05-11,4,8378.29,8835.81,294,1
CUST00061,Elizabeth,Roberts,Other,48,elizabeth.roberts61@example.com,Greensboro,North Carolina,United States,Lower-Middle,Small Business,2022-02-23,10,8208.61,8335.08,288,1
CUST00062,Alexander,Thomas,Female,44,alexander.thomas62@example.com,New York City,New York,United States,Middle,Small Business,2025-11-21,5,3349.95,3463.01,26,0
CUST00063,Stephen,Campbell,Male,33,stephen.campbell63@example.com,Worcester,Massachusetts,United States,Middle,Consumer,2024-10-16,2,853.1700000000001,943.8,280,1
CUST00064,Jennifer,Garcia,Other,29,jennifer.garcia64@example.com,San Francisco,California,United States,Lower-Middle,Consumer,2023-08-16,0,0.0,0.0,9999,1
CUST00065,Ryan,Martin,Male,27,ryan.martin65@example.com,Flint,Michigan,United States,Lower-Middle,Corporate,2022-11-10,6,9704.26,9721.6,336,1
CUST00066,Christopher,Sharma,Other,42,christopher.sharma66@example.com,Ann Arbor,Michigan,United States,Lower-Middle,Home Office,2022-12-29,2,2207.05,2278.41,511,1
CUST00067,Brenda,Dubois,Female,35,brenda.dubois67@example.com,Chandler,Arizona,United States,Middle,Consumer,2020-08-07,4,3448.76,3671.55,664,1
CUST00068,Kevin,Anderson,Female,26,kevin.anderson68@example.com,Akron,Ohio,United States,Upper-Middle,Corporate,2021-05-29,2,1196.71,1272.65,1849,1
CUST00069,Janet,Brown,Female,35,janet.brown69@example.com,Lansing,Michigan,United States,High,Home Office,2021-08-16,3,7931.57,8834.04,322,1
CUST00070,Tyler,Robinson,Other,42,tyler.robinson70@example.com,Phoenix,Arizona,United States,Middle,Consumer,2022-02-18,4,3791.57,3810.96,49,0
CUST00071,Heather,Carter,Male,43,heather.carter71@example.com,Buffalo,New York,United States,Middle,Corporate,2021-06-22,2,923.8100000000001,941.32,582,1
CUST00072,Matthew,Williams,Female,56,matthew.williams72@example.com,Augusta,Georgia,United States,Lower-Middle,Corporate,2023-10-20,2,1639.3999999999999,1688.9,831,1
CUST00073,Timothy,Kowalski,Female,25,timothy.kowalski73@example.com,Lowell,Massachusetts,United States,Upper-Middle,Corporate,2023-03-07,2,230.34,244.51,474,1
CUST00074,Linda,Moore,Other,18,linda.moore74@example.com,Raleigh,North Carolina,United States,Lower-Middle,Corporate,2023-11-14,2,1123.38,1228.69,208,1
CUST00075,Eric,Carter,Female,35,eric.carter75@example.com,Pittsburgh,Pennsylvania,United States,High,Consumer,2022-12-31,4,5716.0,5854.13,220,1
CUST00076,Amanda,King,Male,24,amanda.king76@example.com,Lansing,Michigan,United States,High,Consumer,2022-07-22,3,4095.22,4441.1,750,1
CUST00077,Joshua,Lewis,Other,59,joshua.lewis77@example.com,Naperville,Illinois,United States,Lower-Middle,Corporate,2023-08-25,2,1166.99,1297.39,738,1
CUST00078,Kenneth,Rossi,Other,45,kenneth.rossi78@example.com,Reading,Pennsylvania,United States,Lower-Middle,Consumer,2024-11-17,2,1789.47,2039.48,434,1
CUST00079,Carolyn,Pereira,Female,27,carolyn.pereira79@example.com,Toledo,Ohio,United States,High,Home Office,2025-12-26,6,21491.6,23171.17,10,0
CUST00080,Donna,Garcia,Female,39,donna.garcia80@example.com,Chicago,Illinois,United States,High,Corporate,2025-01-19,4,1837.2199999999998,1895.68,39,0
CUST00081,Dennis,Rossi,Other,54,dennis.rossi81@example.com,Orlando,Florida,United States,Lower-Middle,Corporate,2021-07-23,2,5679.67,5769.76,738,1
CUST00082,Paul,Moore,Other,38,paul.moore82@example.com,Fort Worth,Texas,United States,Middle,Consumer,2025-04-20,1,167.65,177.4,269,1
CUST00083,Gregory,Andrade,Male,24,gregory.andrade83@example.com,Orlando,Florida,United States,Lower-Middle,Consumer,2024-05-31,2,1209.23,1375.02,393,1
CUST00084,Amy,Gonzalez,Male,47,amy.gonzalez84@example.com,Spokane,Washington,United States,High,Small Business,2019-08-13,2,911.01,970.74,1104,1
CUST00085,Christopher,Kumar,Female,53,christopher.kumar85@example.com,Bellevue,Washington,United States,Middle,Home Office,2026-02-14,3,7484.33,8292.9,79,0
CUST00086,Andrew,Adams,Male,45,andrew.adams86@example.com,Chicago,Illinois,United States,Middle,Consumer,2025-11-16,5,6515.490000000001,7482.09,73,0
CUST00087,Diane,Jones,Female,36,diane.jones87@example.com,Jersey City,New Jersey,United States,Upper-Middle,Consumer,2023-06-18,1,1000.72,1131.5,634,1
CUST00088,Sofia,Jones,Female,45,sofia.jones88@example.com,Fort Collins,Colorado,United States,Lower-Middle,Corporate,2025-01-15,5,5296.469999999999,6006.11,22,0
CUST00089,Wei,Nguyen,Male,52,wei.nguyen89@example.com,Newark,New Jersey,United States,Lower-Middle,Corporate,2025-10-15,0,0.0,0.0,9999,1
CUST00090,Mateo,Nelson,Other,63,mateo.nelson90@example.com,Peoria,Illinois,United States,Middle,Consumer,2022-11-08,0,0.0,0.0,9999,1
CUST00091,Diego,Moore,Female,31,diego.moore91@example.com,Boulder,Colorado,United States,Lower-Middle,Home Office,2021-06-09,2,869.04,993.76,139,0
CUST00092,Kevin,Lee,Other,32,kevin.lee92@example.com,Scottsdale,Arizona,United States,Lower-Middle,Consumer,2025-03-08,6,14549.52,16137.97,152,0
CUST00093,Diane,Baker,Other,45,diane.baker93@example.com,Springfield,Massachusetts,United States,Middle,Consumer,2024-02-16,4,4419.150000000001,5081.57,87,0
CUST00094,Christine,Patel,Other,42,christine.patel94@example.com,Fort Collins,Colorado,United States,Lower-Middle,Consumer,2024-06-19,4,3477.5099999999998,3581.45,302,1
CUST00095,Richard,White,Female,19,richard.white95@example.com,Albany,New York,United States,High,Consumer,2021-04-03,4,2316.11,2447.69,245,1
CUST00096,Deborah,Walker,Female,32,deborah.walker96@example.com,Augusta,Georgia,United States,Lower-Middle,Corporate,2025-04-13,4,5049.150000000001,5574.68,213,1
CUST00097,Mary,King,Other,39,mary.king97@example.com,Tacoma,Washington,United States,Lower-Middle,Corporate,2024-06-24,5,4703.26,5062.78,95,0
CUST00098,Cynthia,Flores,Other,29,cynthia.flores98@example.com,Albany,New York,United States,Middle,Home Office,2024-02-09,0,0.0,0.0,9999,1
CUST00099,Maria,Flores,Other,50,maria.flores99@example.com,Phoenix,Arizona,United States,High,Consumer,2020-02-29,3,1773.9299999999998,1924.72,641,1
CUST00100,Christine,Lewis,Female,39,christine.lewis100@example.com,Orlando,Florida,United States,Lower-Middle,Corporate,2021-05-29,4,833.0699999999999,923.62,196,1
CUST00101,Scott,Mitchell,Female,20,scott.mitchell101@example.com,Akron,Ohio,United States,Upper-Middle,Home Office,2024-07-29,3,7685.070000000001,7936.32,350,1
CUST00102,Neha,Ramirez,Other,32,neha.ramirez102@example.com,Worcester,Massachusetts,United States,Upper-Middle,Home Office,2021-03-27,1,781.77,844.42,383,1
CUST00103,David,Andrade,Other,56,david.andrade103@example.com,Macon,Georgia,United States,Middle,Small Business,2021-09-24,5,14788.5,15240.6,632,1
CUST00104,Joseph,Davis,Other,47,joseph.davis104@example.com,Boulder,Colorado,United States,Lower-Middle,Consumer,2021-07-01,4,3475.87,3879.61,469,1
CUST00105,Nancy,Adams,Female,28,nancy.adams105@example.com,Boulder,Colorado,United States,Lower-Middle,Consumer,2024-07-15,2,5961.450000000001,6653.84,235,1
CUST00106,Samantha,Dubois,Female,35,samantha.dubois106@example.com,Fort Worth,Texas,United States,Upper-Middle,Consumer,2020-01-20,2,308.09,341.09,159,0
CUST00107,Nicholas,Singh,Male,21,nicholas.singh107@example.com,Macon,Georgia,United States,Middle,Corporate,2024-07-26,4,2906.4500000000003,3123.03,71,0
CUST00108,Michelle,Williams,Male,45,michelle.williams108@example.com,Cincinnati,Ohio,United States,Upper-Middle,Corporate,2023-01-23,2,427.8,462.35,735,1
CUST00109,Jennifer,Gupta,Other,33,jennifer.gupta109@example.com,Philadelphia,Pennsylvania,United States,High,Small Business,2024-11-17,6,6105.469999999999,6830.7,195,1
CUST00110,William,Muller,Prefer not to say,32,william.muller110@example.com,San Diego,California,United States,Middle,Home Office,2021-10-16,3,6215.64,6944.61,749,1
CUST00111,Joyce,Singh,Female,19,joyce.singh111@example.com,Erie,Pennsylvania,United States,Upper-Middle,Small Business,2025-12-12,7,7364.87,8463.56,28,0
CUST00112,Edward,Hernandez,Male,49,edward.hernandez112@example.com,Everett,Washington,United States,Middle,Consumer,2024-03-18,4,5378.72,5917.87,124,0
CUST00113,Daniel,Souza,Male,64,daniel.souza113@example.com,Akron,Ohio,United States,Upper-Middle,Consumer,2022-07-03,3,1953.9899999999998,2221.63,509,1
CUST00114,James,Williams,Other,59,james.williams114@example.com,Peoria,Illinois,United States,Upper-Middle,Consumer,2020-11-29,3,4287.53,4508.83,154,0
CUST00115,Edward,Robinson,Female,62,edward.robinson115@example.com,Jacksonville,Florida,United States,Lower-Middle,Consumer,2019-10-19,4,6982.37,7951.77,624,1
CUST00116,Ming,Anderson,Other,18,ming.anderson116@example.com,Sacramento,California,United States,Upper-Middle,Home Office,2020-08-13,5,6205.91,7049.73,343,1
CUST00117,John,Walker,Male,23,john.walker117@example.com,Miami,Florida,United States,Middle,Consumer,2024-06-03,4,4507.21,5137.34,267,1
CUST00118,Carolyn,Miller,Female,33,carolyn.miller118@example.com,Miami,Florida,United States,Middle,Consumer,2023-03-23,6,5716.96,6262.13,184,1
CUST00119,Julie,Davis,Female,51,julie.davis119@example.com,Syracuse,New York,United States,Lower-Middle,Small Business,2021-01-13,3,4536.44,4722.35,825,1
CUST00120,Larry,Green,Other,36,larry.green120@example.com,Flint,Michigan,United States,Upper-Middle,Consumer,2025-08-29,2,2452.65,2590.25,102,0
CUST00121,Ming,Jackson,Male,45,ming.jackson121@example.com,Everett,Washington,United States,Middle,Consumer,2025-11-01,3,3196.11,3290.19,126,0
CUST00122,Stephen,Thompson,Other,46,stephen.thompson122@example.com,Bellevue,Washington,United States,Middle,Small Business,2022-07-30,4,3247.84,3692.31,371,1
CUST00123,Diego,Carter,Female,43,diego.carter123@example.com,Lowell,Massachusetts,United States,Middle,Consumer,2022-04-03,3,1148.47,1192.92,37,0
CUST00124,Joshua,Carter,Female,49,joshua.carter124@example.com,Syracuse,New York,United States,Lower-Middle,Consumer,2020-11-21,4,1813.64,1835.57,156,0
CUST00125,Meera,Jackson,Male,53,meera.jackson125@example.com,Cambridge,Massachusetts,United States,Middle,Small Business,2019-09-20,1,1699.3,1728.04,212,1
CUST00126,Stephen,Andrade,Male,43,stephen.andrade126@example.com,Albany,New York,United States,Lower-Middle,Consumer,2021-08-17,2,2718.97,2882.33,1052,1
CUST00127,David,Wang,Male,35,david.wang127@example.com,Aurora,Colorado,United States,Middle,Home Office,2021-04-09,1,247.51,279.57,816,1
CUST00128,Michael,Wright,Other,25,michael.wright128@example.com,Akron,Ohio,United States,Low,Consumer,2026-04-12,4,6637.53,7490.54,5,0
CUST00129,Arjun,Ramirez,Female,44,arjun.ramirez129@example.com,Savannah,Georgia,United States,Lower-Middle,Small Business,2025-03-21,5,10503.62,11256.92,144,0
CUST00130,Betty,Harris,Other,31,betty.harris130@example.com,Phoenix,Arizona,United States,High,Consumer,2022-05-29,3,10917.419999999998,12430.95,306,1
CUST00131,Ashley,Clark,Other,18,ashley.clark131@example.com,Cleveland,Ohio,United States,Lower-Middle,Consumer,2025-04-19,0,0.0,0.0,9999,1
CUST00132,Cynthia,Souza,Female,49,cynthia.souza132@example.com,Tacoma,Washington,United States,Lower-Middle,Consumer,2020-05-01,0,0.0,0.0,9999,1
CUST00133,Gary,Kim,Female,18,gary.kim133@example.com,San Antonio,Texas,United States,High,Consumer,2020-06-24,3,7100.49,7584.65,29,0
CUST00134,Timothy,Garcia,Other,50,timothy.garcia134@example.com,Grand Rapids,Michigan,United States,Lower-Middle,Consumer,2024-01-01,2,5001.009999999999,5537.55,873,1
CUST00135,Camila,Singh,Male,24,camila.singh135@example.com,Springfield,Illinois,United States,Lower-Middle,Consumer,2025-02-23,1,625.23,689.56,470,1
CUST00136,Vikram,Young,Other,33,vikram.young136@example.com,Macon,Georgia,United States,High,Consumer,2022-08-05,4,10372.69,11373.65,238,1
CUST00137,Jerry,Dubois,Female,38,jerry.dubois137@example.com,Scottsdale,Arizona,United States,Lower-Middle,Home Office,2024-09-27,2,3486.66,3613.41,45,0
CUST00138,Nancy,Moore,Female,29,nancy.moore138@example.com,Chandler,Arizona,United States,Lower-Middle,Home Office,2025-12-06,1,4729.5,5405.2,100,0
CUST00139,Rachel,Davis,Male,48,rachel.davis139@example.com,Charlotte,North Carolina,United States,High,Corporate,2024-05-31,5,8981.369999999999,10020.29,215,1
CUST00140,Jerry,Smith,Other,42,jerry.smith140@example.com,Cleveland,Ohio,United States,Lower-Middle,Corporate,2022-05-16,1,63.8,65.35,1259,1
CUST00141,Mary,Ramirez,Female,27,mary.ramirez141@example.com,Greensboro,North Carolina,United States,Low,Corporate,2022-01-15,2,1757.56,1818.59,1346,1
CUST00142,Camila,Rossi,Male,32,camila.rossi142@example.com,Bellevue,Washington,United States,Low,Corporate,2026-05-08,3,7410.44,8067.67,19,0
CUST00143,Mary,Williams,Other,47,mary.williams143@example.com,Durham,North Carolina,United States,High,Consumer,2021-11-11,1,3037.01,3476.41,1689,1
CUST00144,Rahul,Reddy,Prefer not to say,34,rahul.reddy144@example.com,Worcester,Massachusetts,United States,Lower-Middle,Consumer,2023-05-13,3,1523.59,1530.14,74,0
CUST00145,Karen,Walker,Other,22,karen.walker145@example.com,Fort Lauderdale,Florida,United States,Lower-Middle,Consumer,2025-09-08,4,3777.63,4144.16,29,0
CUST00146,Priya,Sharma,Female,37,priya.sharma146@example.com,Austin,Texas,United States,Middle,Consumer,2022-07-01,3,3551.9300000000003,4021.0,451,1
CUST00147,Frank,Lewis,Other,29,frank.lewis147@example.com,Chicago,Illinois,United States,High,Corporate,2026-06-24,3,489.99,511.0,20,0
CUST00148,Robert,Lopez,Female,29,robert.lopez148@example.com,Toledo,Ohio,United States,Middle,Consumer,2025-08-16,3,3074.25,3134.79,151,0
CUST00149,Mary,Perez,Female,45,mary.perez149@example.com,San Antonio,Texas,United States,Middle,Consumer,2022-07-01,8,14702.730000000001,16731.0,40,0
CUST00150,Meera,Gonzalez,Male,44,meera.gonzalez150@example.com,Elizabeth,New Jersey,United States,Lower-Middle,Small Business,2023-06-09,2,4852.05,5417.72,854,1
CUST00151,Janet,Muller,Male,22,janet.muller151@example.com,Chicago,Illinois,United States,Middle,Consumer,2020-05-12,2,578.46,660.92,765,1
CUST00152,Jonathan,Jones,Male,45,jonathan.jones152@example.com,Rochester,New York,United States,High,Corporate,2022-07-04,4,4068.44,4375.84,75,0
CUST00153,Julie,Sharma,Female,47,julie.sharma153@example.com,Newark,New Jersey,United States,Lower-Middle,Consumer,2021-04-21,5,5700.48,5843.86,446,1
CUST00154,Vikram,Roberts,Female,35,vikram.roberts154@example.com,Everett,Washington,United States,Middle,Corporate,2025-10-02,2,392.09,419.71,155,0
CUST00155,Priya,Hernandez,Male,38,priya.hernandez155@example.com,Durham,North Carolina,United States,Low,Consumer,2024-04-07,2,2529.6400000000003,2606.7,218,1
CUST00156,Elizabeth,Baker,Other,46,elizabeth.baker156@example.com,Flint,Michigan,United States,Middle,Home Office,2019-06-27,2,574.53,649.89,662,1
CUST00157,Patricia,Wright,Female,36,patricia.wright157@example.com,Cambridge,Massachusetts,United States,Lower-Middle,Corporate,2024-05-21,7,7704.08,8819.86,94,0
CUST00158,Edward,Reddy,Other,37,edward.reddy158@example.com,Syracuse,New York,United States,Middle,Home Office,2023-01-19,0,0.0,0.0,9999,1
CUST00159,Donna,Young,Male,50,donna.young159@example.com,Phoenix,Arizona,United States,Lower-Middle,Consumer,2022-04-28,2,170.79999999999998,187.64,445,1
CUST00160,Victoria,Martin,Female,45,victoria.martin160@example.com,Scottsdale,Arizona,United States,Middle,Consumer,2023-01-21,6,8099.08,8101.88,302,1
CUST00161,Diego,Flores,Female,51,diego.flores161@example.com,Augusta,Georgia,United States,Lower-Middle,Consumer,2020-10-24,1,272.3,303.33,1606,1
CUST00162,Sharon,Wang,Other,36,sharon.wang162@example.com,Winston-Salem,North Carolina,United States,Middle,Consumer,2020-06-13,3,94.34,99.8,143,0
CUST00163,Amanda,Lopez,Female,30,amanda.lopez163@example.com,Flint,Michigan,United States,Upper-Middle,Consumer,2021-03-19,2,719.8800000000001,787.07,542,1
CUST00164,Timothy,Roberts,Other,44,timothy.roberts164@example.com,Boston,Massachusetts,United States,High,Small Business,2019-08-14,4,1154.48,1159.33,589,1
CUST00165,Ashley,Costa,Male,51,ashley.costa165@example.com,Albany,New York,United States,Lower-Middle,Consumer,2025-01-15,1,15.98,17.78,363,1
CUST00166,Gary,Jackson,Female,30,gary.jackson166@example.com,Dallas,Texas,United States,Lower-Middle,Consumer,2026-04-11,4,1477.28,1624.26,36,0
CUST00167,Victoria,Martinez,Male,46,victoria.martinez167@example.com,Allentown,Pennsylvania,United States,Upper-Middle,Consumer,2022-12-23,3,1229.97,1360.73,11,0
CUST00168,Christine,Sanchez,Male,29,christine.sanchez168@example.com,Atlanta,Georgia,United States,Lower-Middle,Small Business,2024-05-31,2,4326.38,4811.93,737,1
CUST00169,Kevin,Carter,Female,25,kevin.carter169@example.com,Springfield,Massachusetts,United States,Lower-Middle,Home Office,2023-08-08,3,3211.84,3368.6,729,1
CUST00170,Aditya,Moore,Other,35,aditya.moore170@example.com,Naperville,Illinois,United States,High,Consumer,2022-04-28,3,3544.44,3900.15,630,1
CUST00171,Kenneth,Thompson,Female,35,kenneth.thompson171@example.com,Cincinnati,Ohio,United States,Upper-Middle,Corporate,2020-11-21,4,9140.3,9365.06,546,1
CUST00172,Larry,Young,Female,35,larry.young172@example.com,Erie,Pennsylvania,United States,Upper-Middle,Consumer,2023-04-29,1,188.73,201.37,564,1
CUST00173,Joseph,Sanchez,Male,35,joseph.sanchez173@example.com,Flint,Michigan,United States,Middle,Corporate,2023-03-16,5,7834.120000000001,7924.9,52,0
CUST00174,Jack,Kim,Female,18,jack.kim174@example.com,Tucson,Arizona,United States,Upper-Middle,Home Office,2026-01-08,3,1891.7200000000003,2074.85,32,0
CUST00175,William,Kumar,Male,36,william.kumar175@example.com,Bellevue,Washington,United States,Middle,Consumer,2026-02-07,5,3147.37,3583.88,21,0
CUST00176,Catherine,Martin,Female,32,catherine.martin176@example.com,Scottsdale,Arizona,United States,Low,Small Business,2022-09-23,4,5742.14,6447.04,310,1
CUST00177,Jacob,Patel,Other,41,jacob.patel177@example.com,Winston-Salem,North Carolina,United States,Middle,Consumer,2025-08-17,5,5639.47,5746.06,44,0
CUST00178,George,Souza,Male,28,george.souza178@example.com,Detroit,Michigan,United States,Upper-Middle,Corporate,2024-08-03,5,3822.1000000000004,4088.81,107,0
CUST00179,Amanda,Perez,Male,53,amanda.perez179@example.com,Everett,Washington,United States,Middle,Corporate,2023-06-11,3,2735.3,2751.06,70,0
CUST00180,Rachel,Patel,Female,58,rachel.patel180@example.com,Springfield,Massachusetts,United States,Lower-Middle,Consumer,2021-12-25,5,3224.4,3231.97,366,1
CUST00181,Mark,Silva,Other,40,mark.silva181@example.com,Chandler,Arizona,United States,Middle,Corporate,2026-03-27,1,95.94,97.29,121,0
CUST00182,Laura,Mitchell,Other,28,laura.mitchell182@example.com,Toledo,Ohio,United States,Middle,Consumer,2026-04-19,5,9152.76,10334.01,1,0
CUST00183,Brian,Brown,Female,28,brian.brown183@example.com,Atlanta,Georgia,United States,Middle,Small Business,2023-02-03,3,5543.44,6138.38,146,0
CUST00184,Joseph,Jackson,Female,27,joseph.jackson184@example.com,Allentown,Pennsylvania,United States,Middle,Consumer,2019-12-27,4,1704.54,1938.24,1026,1
CUST00185,Jacob,Hall,Female,44,jacob.hall185@example.com,Atlanta,Georgia,United States,Upper-Middle,Consumer,2025-10-21,3,3599.1800000000003,4089.93,12,0
CUST00186,William,Hill,Male,33,william.hill186@example.com,Los Angeles,California,United States,Upper-Middle,Corporate,2024-04-03,4,9404.83,10163.61,143,0
CUST00187,Carolyn,Perez,Other,30,carolyn.perez187@example.com,Jersey City,New Jersey,United States,Lower-Middle,Consumer,2025-04-03,2,3292.93,3481.04,105,0
CUST00188,Stephen,Gupta,Female,35,stephen.gupta188@example.com,Savannah,Georgia,United States,Middle,Consumer,2025-08-23,3,3241.9300000000003,3470.82,230,1
CUST00189,Catherine,Reddy,Other,57,catherine.reddy189@example.com,Columbus,Ohio,United States,Middle,Consumer,2023-09-18,6,6477.75,6688.64,74,0
CUST00190,Justin,Gupta,Other,36,justin.gupta190@example.com,Columbus,Ohio,United States,Lower-Middle,Consumer,2025-05-01,1,3493.89,4002.88,184,1
CUST00191,Maria,Rodriguez,Other,36,maria.rodriguez191@example.com,Detroit,Michigan,United States,Lower-Middle,Consumer,2026-04-27,5,2088.4900000000002,2366.15,15,0
CUST00192,Ryan,Anderson,Other,32,ryan.anderson192@example.com,Peoria,Illinois,United States,High,Consumer,2025-05-25,1,493.96,518.73,93,0
CUST00193,Deborah,Sharma,Female,38,deborah.sharma193@example.com,Detroit,Michigan,United States,Middle,Consumer,2024-11-12,4,7416.0,7955.8,30,0
CUST00194,Daniel,Hill,Other,21,daniel.hill194@example.com,Elizabeth,New Jersey,United States,Low,Consumer,2020-08-09,4,1841.89,1962.44,286,1
CUST00195,Jessica,Walker,Male,36,jessica.walker195@example.com,Chicago,Illinois,United States,Middle,Consumer,2023-07-13,1,129.51,142.68,608,1
CUST00196,Deborah,Singh,Other,35,deborah.singh196@example.com,Grand Rapids,Michigan,United States,Middle,Consumer,2022-09-23,4,8742.6,9513.98,62,0
CUST00197,Benjamin,Souza,Other,43,benjamin.souza197@example.com,Tucson,Arizona,United States,Lower-Middle,Consumer,2023-03-16,2,535.88,574.02,391,1
CUST00198,Lisa,Green,Other,53,lisa.green198@example.com,Fort Collins,Colorado,United States,Low,Consumer,2026-02-19,4,3328.95,3572.55,30,0
CUST00199,Mary,Dubois,Female,48,mary.dubois199@example.com,Buffalo,New York,United States,High,Consumer,2022-07-28,5,12317.02,12817.37,32,0
CUST00200,Gary,Kumar,Female,18,gary.kumar200@example.com,Bellevue,Washington,United States,Upper-Middle,Consumer,2023-10-04,3,7934.35,8400.44,379,1
CUST00201,Nancy,Hernandez,Male,18,nancy.hernandez201@example.com,Detroit,Michigan,United States,Lower-Middle,Consumer,2020-01-09,4,3907.46,4478.39,299,1
CUST00202,Brenda,Torres,Other,18,brenda.torres202@example.com,Albany,New York,United States,Upper-Middle,Home Office,2022-08-30,6,10241.529999999999,11531.72,163,0
CUST00203,Emma,Silva,Male,32,emma.silva203@example.com,Fort Worth,Texas,United States,Lower-Middle,Consumer,2022-09-10,1,233.36,267.69,1365,1
CUST00204,George,Pereira,Other,28,george.pereira204@example.com,Denver,Colorado,United States,Middle,Consumer,2021-02-08,4,3965.8500000000004,4198.4,336,1
CUST00205,Jason,Wilson,Female,43,jason.wilson205@example.com,Tucson,Arizona,United States,Upper-Middle,Consumer,2020-06-04,2,2266.09,2358.4,571,1
CUST00206,Kimberly,Hall,Female,26,kimberly.hall206@example.com,Denver,Colorado,United States,Upper-Middle,Consumer,2026-01-02,1,193.9,219.23,147,0
CUST00207,Ananya,Walker,Other,20,ananya.walker207@example.com,Fort Lauderdale,Florida,United States,Middle,Corporate,2022-01-27,2,970.25,1061.74,1373,1
CUST00208,Debra,Gupta,Male,18,debra.gupta208@example.com,Syracuse,New York,United States,Upper-Middle,Home Office,2022-01-05,4,2448.6499999999996,2626.34,63,0
CUST00209,Ananya,Davis,Other,55,ananya.davis209@example.com,Ann Arbor,Michigan,United States,Lower-Middle,Consumer,2024-03-31,3,3623.25,4043.62,214,1
CUST00210,Dorothy,Nguyen,Female,51,dorothy.nguyen210@example.com,Rockford,Illinois,United States,High,Consumer,2021-12-05,3,3230.5,3590.5,139,0
CUST00211,Chen,Gonzalez,Prefer not to say,32,chen.gonzalez211@example.com,Albany,New York,United States,High,Small Business,2023-06-11,2,3893.85,4305.66,161,0
CUST00212,Aditya,Taylor,Male,45,aditya.taylor212@example.com,Tucson,Arizona,United States,Lower-Middle,Consumer,2024-03-30,5,9009.03,9048.39,412,1
CUST00213,Ashley,Sharma,Other,37,ashley.sharma213@example.com,Savannah,Georgia,United States,Middle,Corporate,2021-01-28,2,1222.1899999999998,1233.59,415,1
CUST00214,Edward,Wang,Female,40,edward.wang214@example.com,Houston,Texas,United States,Middle,Consumer,2020-11-12,4,5977.88,6401.56,670,1
CUST00215,Camila,Mitchell,Female,28,camila.mitchell215@example.com,Athens,Georgia,United States,Middle,Home Office,2019-08-16,4,4916.93,5545.2,345,1
CUST00216,Karan,Lopez,Other,41,karan.lopez216@example.com,Scottsdale,Arizona,United States,Middle,Consumer,2021-03-01,4,2121.92,2356.8,610,1
CUST00217,William,Souza,Female,44,william.souza217@example.com,Cleveland,Ohio,United States,Upper-Middle,Consumer,2024-01-23,2,1012.35,1160.23,8,0
CUST00218,Dorothy,Torres,Other,58,dorothy.torres218@example.com,Reading,Pennsylvania,United States,Lower-Middle,Home Office,2020-11-04,4,10939.320000000002,12350.87,500,1
CUST00219,Victoria,Baker,Male,34,victoria.baker219@example.com,Newark,New Jersey,United States,Low,Home Office,2021-01-08,5,3153.13,3529.38,311,1
CUST00220,Ryan,Williams,Female,25,ryan.williams220@example.com,Dallas,Texas,United States,Middle,Small Business,2025-08-17,5,5738.79,6449.35,63,0
CUST00221,Jason,Sanchez,Other,49,jason.sanchez221@example.com,Tucson,Arizona,United States,Lower-Middle,Home Office,2021-11-04,0,0.0,0.0,9999,1
CUST00222,Ming,Scott,Female,35,ming.scott222@example.com,Austin,Texas,United States,Low,Corporate,2025-05-27,1,1829.04,1997.95,366,1
CUST00223,Samuel,Perez,Other,27,samuel.perez223@example.com,Sacramento,California,United States,Lower-Middle,Corporate,2024-06-11,1,405.7,464.4,184,1
CUST00224,Sandra,Gupta,Other,33,sandra.gupta224@example.com,Seattle,Washington,United States,Low,Consumer,2020-01-29,6,8297.25,8782.98,742,1
CUST00225,Elizabeth,Taylor,Other,31,elizabeth.taylor225@example.com,Grand Rapids,Michigan,United States,Middle,Consumer,2024-06-23,2,2075.31,2130.55,37,0
CUST00226,Frank,Baker,Female,28,frank.baker226@example.com,Denver,Colorado,United States,Middle,Consumer,2026-05-04,2,172.54000000000002,187.47,24,0
CUST00227,Sandra,Roberts,Male,39,sandra.roberts227@example.com,Houston,Texas,United States,Lower-Middle,Home Office,2024-07-13,5,6619.99,7539.59,187,1
CUST00228,Sarah,Carter,Other,25,sarah.carter228@example.com,Worcester,Massachusetts,United States,High,Consumer,2024-11-26,2,540.03,576.66,402,1
CUST00229,Eric,Johnson,Female,41,eric.johnson229@example.com,Grand Rapids,Michigan,United States,Middle,Consumer,2024-04-23,1,2939.64,3034.0,15,0
CUST00230,Dennis,Martin,Other,52,dennis.martin230@example.com,Paterson,New Jersey,United States,Middle,Home Office,2023-09-14,0,0.0,0.0,9999,1
CUST00231,Barbara,Gonzalez,Other,43,barbara.gonzalez231@example.com,New York City,New York,United States,Upper-Middle,Consumer,2021-12-25,5,3309.39,3590.28,63,0
CUST00232,Jason,Green,Male,51,jason.green232@example.com,Worcester,Massachusetts,United States,Lower-Middle,Consumer,2022-10-25,5,4885.09,5470.18,64,0
CUST00233,Emma,Torres,Other,18,emma.torres233@example.com,Boston,Massachusetts,United States,Upper-Middle,Consumer,2020-02-03,2,5764.24,6452.86,510,1
CUST00234,Scott,Silva,Female,25,scott.silva234@example.com,Jacksonville,Florida,United States,Middle,Home Office,2024-04-20,5,2365.07,2645.59,25,0
CUST00235,Priya,Walker,Male,21,priya.walker235@example.com,Athens,Georgia,United States,Lower-Middle,Corporate,2020-02-23,4,2768.9100000000003,3007.44,422,1
CUST00236,Elizabeth,Andrade,Female,58,elizabeth.andrade236@example.com,Newark,New Jersey,United States,High,Consumer,2021-06-09,2,4406.0599999999995,4623.81,100,0
CUST00237,Aditya,Singh,Other,24,aditya.singh237@example.com,Reading,Pennsylvania,United States,Lower-Middle,Consumer,2024-09-18,6,5348.7,6001.99,74,0
CUST00238,Joyce,Martinez,Male,29,joyce.martinez238@example.com,San Jose,California,United States,Low,Consumer,2025-12-03,4,4929.61,5487.32,3,0
CUST00239,Mateo,Davis,Other,52,mateo.davis239@example.com,Cambridge,Massachusetts,United States,Lower-Middle,Corporate,2023-03-14,2,1493.52,1638.03,624,1
CUST00240,Joyce,Singh,Male,18,joyce.singh240@example.com,Toledo,Ohio,United States,Middle,Consumer,2021-09-27,0,0.0,0.0,9999,1
CUST00241,Karen,Scott,Male,38,karen.scott241@example.com,Austin,Texas,United States,Middle,Consumer,2024-08-13,3,223.36,252.57,53,0
CUST00242,Ananya,Martin,Female,28,ananya.martin242@example.com,Durham,North Carolina,United States,Middle,Home Office,2023-03-12,6,8867.58,9483.11,71,0
CUST00243,Samuel,Rodriguez,Other,18,samuel.rodriguez243@example.com,Peoria,Illinois,United States,High,Consumer,2023-12-04,1,986.62,1009.07,246,1
CUST00244,Ashley,Lopez,Male,20,ashley.lopez244@example.com,Paterson,New Jersey,United States,Middle,Corporate,2021-11-25,2,4578.35,4980.58,197,1
CUST00245,Michelle,Thompson,Other,47,michelle.thompson245@example.com,Houston,Texas,United States,Lower-Middle,Consumer,2024-05-31,5,8653.05,9177.65,104,0
CUST00246,Gary,Hall,Other,44,gary.hall246@example.com,Winston-Salem,North Carolina,United States,Lower-Middle,Consumer,2020-03-12,4,2606.7,2698.02,172,0
CUST00247,Dennis,Wright,Male,18,dennis.wright247@example.com,Phoenix,Arizona,United States,Lower-Middle,Consumer,2023-07-05,4,2336.47,2546.08,28,0
CUST00248,Eric,Rodriguez,Other,18,eric.rodriguez248@example.com,Rockford,Illinois,United States,Low,Consumer,2021-08-09,2,1329.9499999999998,1421.31,1233,1
CUST00249,George,Davis,Male,41,george.davis249@example.com,Macon,Georgia,United States,Middle,Consumer,2023-03-18,1,508.52,521.44,28,0
CUST00250,Susan,Anderson,Male,49,susan.anderson250@example.com,Fort Lauderdale,Florida,United States,Low,Home Office,2021-04-24,4,3042.61,3347.73,77,0
CUST00251,Ashley,Garcia,Female,60,ashley.garcia251@example.com,Augusta,Georgia,United States,High,Consumer,2023-11-03,3,2422.76,2487.36,115,0
CUST00252,Meera,Jones,Male,18,meera.jones252@example.com,Greensboro,North Carolina,United States,Lower-Middle,Consumer,2024-09-08,3,1787.4299999999998,2044.65,14,0
CUST00253,Heather,Green,Other,30,heather.green253@example.com,Chicago,Illinois,United States,Middle,Consumer,2025-07-24,9,10960.64,11345.8,4,0
CUST00254,Chen,Miller,Other,24,chen.miller254@example.com,Buffalo,New York,United States,High,Small Business,2026-02-06,2,5216.450000000001,5732.51,55,0
CUST00255,William,Kim,Female,28,william.kim255@example.com,Aurora,Colorado,United States,Lower-Middle,Corporate,2024-12-04,4,1340.8,1476.83,247,1
CUST00256,Mary,Mitchell,Other,34,mary.mitchell256@example.com,Tampa,Florida,United States,Upper-Middle,Corporate,2022-05-13,3,1927.34,2029.94,867,1
CUST00257,Ashley,Kim,Female,30,ashley.kim257@example.com,Reading,Pennsylvania,United States,High,Home Office,2023-06-10,2,249.2,270.75,141,0
CUST00258,Jack,Pereira,Male,24,jack.pereira258@example.com,Worcester,Massachusetts,United States,Low,Consumer,2022-10-11,1,1116.42,1159.53,1284,1
CUST00259,Sandra,Pereira,Female,43,sandra.pereira259@example.com,Philadelphia,Pennsylvania,United States,Low,Corporate,2020-12-09,2,867.95,928.44,1434,1
CUST00260,Karan,Flores,Other,58,karan.flores260@example.com,Dallas,Texas,United States,High,Consumer,2023-11-09,4,5847.099999999999,5905.44,231,1
CUST00261,Linda,Jackson,Male,24,linda.jackson261@example.com,Mesa,Arizona,United States,Low,Consumer,2024-07-31,3,3382.01,3515.07,318,1
CUST00262,Karan,Costa,Female,34,karan.costa262@example.com,Cincinnati,Ohio,United States,High,Consumer,2024-11-25,5,9190.68,9681.39,169,0
CUST00263,Richard,Kowalski,Male,31,richard.kowalski263@example.com,Albany,New York,United States,Middle,Consumer,2020-04-18,3,7404.01,7461.86,524,1
CUST00264,Catherine,Taylor,Female,25,catherine.taylor264@example.com,Tampa,Florida,United States,Upper-Middle,Small Business,2019-08-16,3,9297.869999999999,9578.42,815,1
CUST00265,Ronald,Adams,Female,43,ronald.adams265@example.com,Erie,Pennsylvania,United States,Lower-Middle,Small Business,2026-03-16,3,1476.68,1606.55,40,0
CUST00266,Sarah,Wilson,Male,36,sarah.wilson266@example.com,New York City,New York,United States,Middle,Consumer,2025-05-10,2,1109.99,1172.92,127,0
CUST00267,Jessica,Souza,Female,49,jessica.souza267@example.com,Pittsburgh,Pennsylvania,United States,Lower-Middle,Consumer,2025-10-19,3,680.66,735.87,40,0
CUST00268,Jessica,Lopez,Other,42,jessica.lopez268@example.com,Rochester,New York,United States,Middle,Consumer,2024-03-16,4,2825.38,3067.28,157,0
CUST00269,Vikram,Adams,Other,46,vikram.adams269@example.com,New York City,New York,United States,Lower-Middle,Consumer,2024-12-08,4,4337.74,4578.67,193,1
CUST00270,Nicholas,Miller,Female,33,nicholas.miller270@example.com,Tacoma,Washington,United States,Upper-Middle,Consumer,2021-10-08,2,3694.6400000000003,4143.78,51,0
CUST00271,Stephanie,Wang,Prefer not to say,32,stephanie.wang271@example.com,Winston-Salem,North Carolina,United States,Lower-Middle,Consumer,2025-05-07,1,1951.1,2022.38,152,0
CUST00272,Arjun,Moore,Male,49,arjun.moore272@example.com,Houston,Texas,United States,Upper-Middle,Small Business,2019-07-29,1,8.34,9.07,2365,1
CUST00273,Thomas,Sanchez,Female,39,thomas.sanchez273@example.com,Fort Collins,Colorado,United States,Middle,Small Business,2024-11-26,5,6426.4800000000005,6503.79,17,0
CUST00274,David,King,Male,37,david.king274@example.com,Newark,New Jersey,United States,High,Consumer,2022-02-12,3,5017.700000000001,5183.46,734,1
CUST00275,Rachel,Chen,Male,60,rachel.chen275@example.com,Worcester,Massachusetts,United States,High,Home Office,2019-08-14,4,6634.23,6695.36,81,0
CUST00276,Kevin,Thomas,Male,34,kevin.thomas276@example.com,Sacramento,California,United States,Lower-Middle,Corporate,2026-01-25,1,1055.5,1088.98,173,0
CUST00277,Neha,Sharma,Female,24,neha.sharma277@example.com,Atlanta,Georgia,United States,Middle,Consumer,2019-09-26,3,4692.45,5016.68,328,1
CUST00278,Betty,White,Female,25,betty.white278@example.com,Naperville,Illinois,United States,Upper-Middle,Consumer,2023-07-29,5,3504.9900000000002,3794.45,92,0
CUST00279,Brandon,Young,Female,28,brandon.young279@example.com,Tacoma,Washington,United States,Middle,Corporate,2021-02-27,5,4419.6,4566.42,17,0
CUST00280,Linda,Lopez,Male,38,linda.lopez280@example.com,Peoria,Illinois,United States,Middle,Corporate,2020-06-03,1,224.53,256.87,1074,1
CUST00281,Arjun,Andrade,Male,24,arjun.andrade281@example.com,Fort Lauderdale,Florida,United States,High,Home Office,2020-03-29,2,1441.22,1617.64,624,1
CUST00282,Amanda,Rossi,Female,49,amanda.rossi282@example.com,Greensboro,North Carolina,United States,High,Consumer,2025-09-25,2,1406.81,1558.57,9,0
CUST00283,Deborah,Wright,Female,45,deborah.wright283@example.com,New York City,New York,United States,Middle,Consumer,2020-04-15,2,3270.2799999999997,3659.17,1303,1
CUST00284,Ananya,Scott,Other,48,ananya.scott284@example.com,Sacramento,California,United States,Middle,Corporate,2022-10-22,4,2532.67,2866.58,71,0
CUST00285,Sandra,Lee,Other,46,sandra.lee285@example.com,Dallas,Texas,United States,Lower-Middle,Consumer,2020-11-08,3,3650.75,3838.86,603,1
CUST00286,Priya,Davis,Other,36,priya.davis286@example.com,Worcester,Massachusetts,United States,Upper-Middle,Home Office,2025-02-17,4,8255.04,8774.16,30,0
CUST00287,Amanda,Thompson,Other,34,amanda.thompson287@example.com,Buffalo,New York,United States,Lower-Middle,Corporate,2019-07-19,4,7343.65,8197.39,292,1
CUST00288,Amanda,Brown,Other,50,amanda.brown288@example.com,Mesa,Arizona,United States,Middle,Corporate,2023-02-28,2,2444.96,2703.01,554,1
CUST00289,Matthew,Ivanov,Male,23,matthew.ivanov289@example.com,Durham,North Carolina,United States,Middle,Consumer,2024-02-08,2,1392.07,1449.5,95,0
CUST00290,Sandra,Lewis,Female,35,sandra.lewis290@example.com,San Jose,California,United States,Low,Small Business,2020-07-14,3,8918.54,9666.3,582,1
CUST00291,Margaret,Taylor,Female,30,margaret.taylor291@example.com,Pittsburgh,Pennsylvania,United States,Low,Consumer,2020-10-27,3,11564.5,11767.93,1655,1
CUST00292,Maria,Jackson,Prefer not to say,18,maria.jackson292@example.com,Boston,Massachusetts,United States,Upper-Middle,Home Office,2024-10-05,4,8032.709999999999,8320.92,20,0
CUST00293,Elizabeth,Mitchell,Other,28,elizabeth.mitchell293@example.com,Scottsdale,Arizona,United States,Lower-Middle,Consumer,2024-11-20,6,3655.19,3925.55,56,0
CUST00294,Sarah,Lee,Other,47,sarah.lee294@example.com,Scottsdale,Arizona,United States,High,Corporate,2020-03-10,5,2048.28,2173.38,750,1
CUST00295,Daniel,Rivera,Male,18,daniel.rivera295@example.com,Fort Lauderdale,Florida,United States,Middle,Corporate,2023-01-27,0,0.0,0.0,9999,1
CUST00296,Donna,Taylor,Other,35,donna.taylor296@example.com,New York City,New York,United States,High,Consumer,2022-05-25,4,3140.23,3471.82,149,0
CUST00297,Joyce,Jones,Female,30,joyce.jones297@example.com,Syracuse,New York,United States,High,Small Business,2019-12-10,5,6450.78,6924.51,691,1
CUST00298,Mark,Wilson,Male,39,mark.wilson298@example.com,Paterson,New Jersey,United States,Lower-Middle,Consumer,2021-10-11,2,1208.51,1252.92,126,0
CUST00299,Brian,Green,Other,18,brian.green299@example.com,New York City,New York,United States,Middle,Corporate,2020-05-30,2,996.27,1082.23,854,1
CUST00300,Kevin,Wang,Male,43,kevin.wang300@example.com,San Diego,California,United States,Lower-Middle,Consumer,2024-11-17,3,3864.98,3934.94,154,0
CUST00301,Steven,Wilson,Male,43,steven.wilson301@example.com,Phoenix,Arizona,United States,Middle,Corporate,2022-06-12,2,680.04,781.49,708,1
CUST00302,Nancy,Kumar,Female,33,nancy.kumar302@example.com,Athens,Georgia,United States,Middle,Consumer,2025-05-09,2,995.64,1114.98,143,0
CUST00303,Jacob,Lewis,Male,32,jacob.lewis303@example.com,Albany,New York,United States,Upper-Middle,Consumer,2021-09-07,4,1139.94,1166.11,1300,1
CUST00304,John,Green,Male,42,john.green304@example.com,Chicago,Illinois,United States,Lower-Middle,Home Office,2021-10-18,2,1185.43,1314.36,504,1
CUST00305,Christopher,Martinez,Female,32,christopher.martinez305@example.com,Charlotte,North Carolina,United States,Middle,Corporate,2026-03-09,3,3690.42,4002.49,26,0
CUST00306,Jacob,Brown,Prefer not to say,18,jacob.brown306@example.com,Cleveland,Ohio,United States,Middle,Consumer,2023-10-13,4,5642.129999999999,6260.34,351,1
CUST00307,Michael,Gonzalez,Male,48,michael.gonzalez307@example.com,Pittsburgh,Pennsylvania,United States,Middle,Corporate,2020-12-03,3,1654.2200000000003,1737.91,617,1
CUST00308,Mateo,Pereira,Female,51,mateo.pereira308@example.com,Naperville,Illinois,United States,Lower-Middle,Consumer,2025-01-07,2,819.9,852.25,97,0
CUST00309,Larry,Dubois,Female,48,larry.dubois309@example.com,New York City,New York,United States,Low,Consumer,2025-02-28,3,349.26,370.94,39,0
CUST00310,Neha,Rossi,Male,46,neha.rossi310@example.com,Miami,Florida,United States,Lower-Middle,Corporate,2019-11-16,3,4341.4,4865.08,1704,1
CUST00311,David,Muller,Female,38,david.muller311@example.com,Denver,Colorado,United States,Upper-Middle,Consumer,2019-11-06,2,1115.1599999999999,1273.89,2194,1
CUST00312,Hiroshi,King,Female,37,hiroshi.king312@example.com,Fort Worth,Texas,United States,Lower-Middle,Home Office,2021-08-17,6,14386.970000000001,16484.21,37,0
CUST00313,Melissa,White,Female,27,melissa.white313@example.com,Atlanta,Georgia,United States,Middle,Consumer,2022-06-20,3,3121.58,3476.14,44,0
CUST00314,Isha,Wright,Male,18,isha.wright314@example.com,Detroit,Michigan,United States,Upper-Middle,Corporate,2025-08-29,3,3372.4,3833.67,130,0
CUST00315,David,Hall,Female,23,david.hall315@example.com,Lowell,Massachusetts,United States,High,Corporate,2021-12-16,3,1984.9099999999999,2017.56,415,1
CUST00316,Emma,Davis,Other,25,emma.davis316@example.com,Fort Collins,Colorado,United States,Middle,Consumer,2023-12-20,3,2292.1000000000004,2478.33,418,1
CUST00317,Aditya,Muller,Female,33,aditya.muller317@example.com,Grand Rapids,Michigan,United States,Lower-Middle,Consumer,2022-10-10,0,0.0,0.0,9999,1
CUST00318,Meera,Jones,Other,26,meera.jones318@example.com,Winston-Salem,North Carolina,United States,Upper-Middle,Corporate,2024-09-19,3,1879.63,1912.21,147,0
CUST00319,Brandon,Jackson,Male,48,brandon.jackson319@example.com,San Antonio,Texas,United States,High,Consumer,2022-03-01,3,3928.2,4363.97,1031,1
CUST00320,Betty,Harris,Female,50,betty.harris320@example.com,New York City,New York,United States,Low,Corporate,2022-12-09,4,4489.9800000000005,4748.12,175,0
CUST00321,Margaret,Jackson,Female,36,margaret.jackson321@example.com,Boulder,Colorado,United States,Lower-Middle,Corporate,2020-05-27,1,272.41,312.2,489,1
CUST00322,Ananya,Rodriguez,Other,46,ananya.rodriguez322@example.com,San Antonio,Texas,United States,Middle,Consumer,2026-03-05,3,2601.52,2960.63,37,0
CUST00323,Emily,Costa,Other,34,emily.costa323@example.com,Atlanta,Georgia,United States,Middle,Consumer,2020-12-08,3,1001.39,1012.68,945,1
CUST00324,Rebecca,Anderson,Male,23,rebecca.anderson324@example.com,Cleveland,Ohio,United States,Middle,Corporate,2020-12-29,4,3611.06,3650.18,207,1
CUST00325,Diego,Gonzalez,Other,45,diego.gonzalez325@example.com,Newark,New Jersey,United States,Upper-Middle,Home Office,2024-09-15,2,1101.49,1205.4,93,0
CUST00326,Wei,Souza,Prefer not to say,49,wei.souza326@example.com,Trenton,New Jersey,United States,Upper-Middle,Consumer,2024-12-24,3,5776.33,6376.69,87,0
CUST00327,Samuel,Dubois,Female,39,samuel.dubois327@example.com,Flint,Michigan,United States,Low,Consumer,2025-08-19,2,2407.99,2597.35,13,0
CUST00328,Charles,Patel,Female,54,charles.patel328@example.com,Sacramento,California,United States,Middle,Consumer,2022-02-24,3,2067.12,2140.33,270,1
CUST00329,Amy,Wright,Male,49,amy.wright329@example.com,Trenton,New Jersey,United States,Lower-Middle,Home Office,2019-07-25,2,120.64,125.12,763,1
CUST00330,Michelle,Scott,Other,36,michelle.scott330@example.com,Fort Collins,Colorado,United States,Middle,Small Business,2023-01-23,2,653.56,661.43,169,0
CUST00331,Sandra,Moore,Female,41,sandra.moore331@example.com,Peoria,Illinois,United States,Lower-Middle,Consumer,2023-02-03,3,1158.3899999999999,1331.08,68,0
CUST00332,Rachel,Lopez,Male,18,rachel.lopez332@example.com,Jacksonville,Florida,United States,High,Consumer,2023-04-22,1,132.62,142.46,567,1
CUST00333,Angela,Costa,Male,35,angela.costa333@example.com,Aurora,Colorado,United States,Middle,Consumer,2020-02-25,3,2581.0,2839.15,722,1
CUST00334,Michelle,Kowalski,Other,41,michelle.kowalski334@example.com,Cleveland,Ohio,United States,Upper-Middle,Consumer,2025-11-10,2,2367.0,2648.96,69,0
CUST00335,Matthew,Sanchez,Male,53,matthew.sanchez335@example.com,Denver,Colorado,United States,Low,Consumer,2025-08-27,1,10159.65,10838.78,146,0
CUST00336,George,Sanchez,Female,42,george.sanchez336@example.com,Naperville,Illinois,United States,Middle,Corporate,2021-01-16,2,3278.08,3764.31,678,1
CUST00337,Jessica,Brown,Female,46,jessica.brown337@example.com,Tampa,Florida,United States,Middle,Consumer,2024-09-23,2,1672.47,1806.94,329,1
CUST00338,Wei,Muller,Female,40,wei.muller338@example.com,Flint,Michigan,United States,Lower-Middle,Home Office,2022-12-26,3,3745.58,3963.89,196,1
CUST00339,Kimberly,Lopez,Female,35,kimberly.lopez339@example.com,Chicago,Illinois,United States,Low,Home Office,2025-07-31,1,35.5,36.33,256,1
CUST00340,Tyler,Ramirez,Other,48,tyler.ramirez340@example.com,Colorado Springs,Colorado,United States,Lower-Middle,Consumer,2023-10-16,5,17302.809999999998,18268.45,37,0
CUST00341,Samuel,Kumar,Other,24,samuel.kumar341@example.com,Charlotte,North Carolina,United States,Low,Small Business,2020-06-26,5,4548.389999999999,4841.43,245,1
CUST00342,Rachel,Thompson,Male,25,rachel.thompson342@example.com,Detroit,Michigan,United States,Lower-Middle,Home Office,2019-08-27,5,955.0,1072.91,19,0
CUST00343,Michelle,Scott,Female,25,michelle.scott343@example.com,Toledo,Ohio,United States,Middle,Consumer,2020-07-14,4,3495.77,3841.37,490,1
CUST00344,Joshua,Costa,Female,28,joshua.costa344@example.com,Boulder,Colorado,United States,Middle,Consumer,2025-10-19,3,387.47,433.35,7,0
CUST00345,Catherine,Mitchell,Other,41,catherine.mitchell345@example.com,Winston-Salem,North Carolina,United States,Lower-Middle,Corporate,2020-11-07,3,6624.8,7033.23,216,1
CUST00346,Jacob,Rodriguez,Other,31,jacob.rodriguez346@example.com,Allentown,Pennsylvania,United States,Lower-Middle,Consumer,2024-07-09,3,2001.08,2069.43,229,1
CUST00347,Samuel,Hill,Other,42,samuel.hill347@example.com,Orlando,Florida,United States,Upper-Middle,Home Office,2021-01-30,2,2600.85,2618.42,888,1
CUST00348,Ananya,Patel,Prefer not to say,29,ananya.patel348@example.com,Tacoma,Washington,United States,Middle,Corporate,2025-08-05,2,1748.82,1976.37,184,1
CUST00349,Samuel,Ivanov,Female,18,samuel.ivanov349@example.com,Naperville,Illinois,United States,Middle,Corporate,2025-06-10,2,745.76,790.72,87,0
CUST00350,Samantha,Harris,Prefer not to say,41,samantha.harris350@example.com,Pittsburgh,Pennsylvania,United States,Middle,Corporate,2021-07-10,2,238.07,247.92,154,0
CUST00351,Amy,Rivera,Male,36,amy.rivera351@example.com,Durham,North Carolina,United States,Upper-Middle,Home Office,2025-08-16,5,3894.41,4192.89,135,0
CUST00352,Lisa,Nguyen,Male,37,lisa.nguyen352@example.com,San Antonio,Texas,United States,Upper-Middle,Corporate,2021-04-04,0,0.0,0.0,9999,1
CUST00353,Stephen,White,Other,45,stephen.white353@example.com,Tacoma,Washington,United States,Low,Consumer,2024-04-02,2,1114.05,1218.94,249,1
CUST00354,Dennis,Flores,Female,21,dennis.flores354@example.com,Cincinnati,Ohio,United States,Lower-Middle,Consumer,2021-08-03,3,9652.89,10319.65,813,1
CUST00355,Karan,Thomas,Other,34,karan.thomas355@example.com,Atlanta,Georgia,United States,Middle,Small Business,2021-11-29,5,12065.47,12405.43,73,0
CUST00356,Elizabeth,Muller,Other,32,elizabeth.muller356@example.com,Jersey City,New Jersey,United States,Lower-Middle,Corporate,2025-10-04,3,4694.030000000001,5247.98,75,0
CUST00357,Eric,Hill,Male,27,eric.hill357@example.com,Columbus,Ohio,United States,Lower-Middle,Consumer,2025-11-24,0,0.0,0.0,9999,1
CUST00358,Timothy,Zhang,Other,40,timothy.zhang358@example.com,Rochester,New York,United States,Lower-Middle,Consumer,2021-04-12,2,5007.75,5054.22,1542,1
CUST00359,Kevin,Thompson,Male,49,kevin.thompson359@example.com,Philadelphia,Pennsylvania,United States,Middle,Consumer,2023-06-15,2,5384.0199999999995,5606.08,568,1
CUST00360,Tyler,Perez,Female,42,tyler.perez360@example.com,Grand Rapids,Michigan,United States,Upper-Middle,Home Office,2020-04-05,5,4489.13,4831.4,337,1
CUST00361,Thomas,Reddy,Female,22,thomas.reddy361@example.com,Bellevue,Washington,United States,Middle,Consumer,2019-10-02,3,3599.66,3641.28,1792,1
CUST00362,James,Jones,Other,18,james.jones362@example.com,Raleigh,North Carolina,United States,Middle,Consumer,2023-01-18,1,445.19,469.3,1113,1
CUST00363,Dorothy,Andrade,Other,47,dorothy.andrade363@example.com,Miami,Florida,United States,Low,Corporate,2022-08-14,5,3913.25,4392.09,686,1
CUST00364,Mark,Hall,Male,29,mark.hall364@example.com,Springfield,Illinois,United States,Middle,Corporate,2019-10-24,4,9423.44,9673.84,625,1
CUST00365,Nancy,Rodriguez,Female,51,nancy.rodriguez365@example.com,Denver,Colorado,United States,High,Consumer,2020-07-13,6,3404.23,3851.67,360,1
CUST00366,Anna,Andrade,Other,41,anna.andrade366@example.com,Erie,Pennsylvania,United States,High,Consumer,2022-06-28,4,863.7,903.13,41,0
CUST00367,Chen,Dubois,Male,18,chen.dubois367@example.com,Pittsburgh,Pennsylvania,United States,High,Small Business,2023-09-11,1,2551.91,2807.06,757,1
CUST00368,Stephanie,Williams,Other,36,stephanie.williams368@example.com,Orlando,Florida,United States,High,Consumer,2024-09-18,2,430.57,463.52,242,1
CUST00369,John,Kowalski,Female,51,john.kowalski369@example.com,New York City,New York,United States,Upper-Middle,Home Office,2023-07-30,2,1447.61,1658.03,493,1
CUST00370,Edward,Allen,Other,45,edward.allen370@example.com,Lowell,Massachusetts,United States,Low,Small Business,2020-06-13,3,2689.73,2856.47,198,1
CUST00371,Catherine,Wilson,Male,25,catherine.wilson371@example.com,Seattle,Washington,United States,Middle,Consumer,2019-08-06,3,4597.47,4752.55,308,1
CUST00372,Edward,Thomas,Female,18,edward.thomas372@example.com,Durham,North Carolina,United States,Upper-Middle,Consumer,2023-05-26,2,1292.22,1352.47,234,1
CUST00373,Alexander,Johnson,Prefer not to say,42,alexander.johnson373@example.com,Peoria,Illinois,United States,Middle,Corporate,2023-11-26,6,8559.85,9553.28,2,0
CUST00374,Paul,Moore,Other,36,paul.moore374@example.com,Columbus,Ohio,United States,Upper-Middle,Consumer,2025-10-11,2,767.88,848.95,33,0
CUST00375,Joseph,Wilson,Other,42,joseph.wilson375@example.com,Savannah,Georgia,United States,Lower-Middle,Consumer,2022-03-21,3,9109.470000000001,9946.02,627,1
CUST00376,Anna,Sanchez,Female,24,anna.sanchez376@example.com,Erie,Pennsylvania,United States,Lower-Middle,Consumer,2026-01-08,4,5457.2,6138.31,40,0
CUST00377,Li,Clark,Female,19,li.clark377@example.com,Scottsdale,Arizona,United States,Lower-Middle,Consumer,2022-03-18,4,5037.73,5585.25,65,0
CUST00378,Barbara,Anderson,Other,36,barbara.anderson378@example.com,Boulder,Colorado,United States,Middle,Small Business,2021-05-16,0,0.0,0.0,9999,1
CUST00379,Tyler,Silva,Prefer not to say,23,tyler.silva379@example.com,Houston,Texas,United States,High,Corporate,2025-08-03,2,1781.2,1797.65,133,0
CUST00380,Ryan,Nguyen,Male,38,ryan.nguyen380@example.com,Peoria,Illinois,United States,Low,Consumer,2024-01-03,1,6328.21,6521.74,511,1
CUST00381,Jennifer,Nguyen,Female,56,jennifer.nguyen381@example.com,Allentown,Pennsylvania,United States,Upper-Middle,Consumer,2021-04-08,0,0.0,0.0,9999,1
CUST00382,Jerry,Garcia,Other,26,jerry.garcia382@example.com,San Francisco,California,United States,Middle,Consumer,2019-12-05,2,2010.27,2168.39,1061,1
CUST00383,Hiroshi,Chen,Other,59,hiroshi.chen383@example.com,Ann Arbor,Michigan,United States,Low,Home Office,2023-09-17,3,1047.79,1089.43,108,0
CUST00384,Lisa,Anderson,Female,26,lisa.anderson384@example.com,Toledo,Ohio,United States,Lower-Middle,Consumer,2019-08-25,1,790.85,872.86,425,1
CUST00385,Karan,Rossi,Other,27,karan.rossi385@example.com,Cambridge,Massachusetts,United States,Upper-Middle,Consumer,2022-09-29,1,50.22,52.87,1382,1
CUST00386,Thomas,Davis,Male,66,thomas.davis386@example.com,Colorado Springs,Colorado,United States,Middle,Corporate,2020-08-12,6,10511.33,11373.51,475,1
CUST00387,Arjun,Chen,Female,27,arjun.chen387@example.com,Syracuse,New York,United States,Upper-Middle,Corporate,2022-01-17,3,3207.37,3649.22,356,1
CUST00388,Aditya,Taylor,Male,26,aditya.taylor388@example.com,Athens,Georgia,United States,Upper-Middle,Consumer,2020-08-28,2,2049.66,2090.21,823,1
CUST00389,William,King,Male,38,william.king389@example.com,Tacoma,Washington,United States,Upper-Middle,Corporate,2020-09-23,2,1585.8300000000002,1664.86,276,1
CUST00390,Joyce,Lewis,Other,33,joyce.lewis390@example.com,Tacoma,Washington,United States,Middle,Corporate,2024-12-19,3,403.27,449.49,25,0
CUST00391,Richard,Reddy,Female,48,richard.reddy391@example.com,Spokane,Washington,United States,Lower-Middle,Corporate,2022-03-16,1,3700.34,3731.55,1573,1
CUST00392,Deborah,Martin,Other,34,deborah.martin392@example.com,Boulder,Colorado,United States,Low,Corporate,2020-12-28,4,2617.62,2800.31,236,1
CUST00393,Christopher,Kowalski,Female,36,christopher.kowalski393@example.com,Fort Collins,Colorado,United States,Upper-Middle,Consumer,2023-12-28,2,3539.37,3746.49,414,1
CUST00394,Angela,Adams,Female,49,angela.adams394@example.com,Tampa,Florida,United States,Low,Consumer,2024-02-07,3,2136.83,2396.58,94,0
CUST00395,Rachel,Carter,Male,48,rachel.carter395@example.com,Cleveland,Ohio,United States,Middle,Home Office,2020-07-24,1,92.38,94.46,290,1
CUST00396,Laura,Lopez,Female,33,laura.lopez396@example.com,Fort Collins,Colorado,United States,Lower-Middle,Small Business,2024-01-07,3,4053.0299999999997,4656.63,371,1
CUST00397,Dennis,Williams,Female,43,dennis.williams397@example.com,San Antonio,Texas,United States,Low,Consumer,2025-04-10,1,606.0,688.39,174,0
CUST00398,Neha,Lopez,Other,28,neha.lopez398@example.com,Lowell,Massachusetts,United States,Middle,Home Office,2024-03-13,3,2213.68,2323.43,173,0
CUST00399,Stephen,Clark,Female,36,stephen.clark399@example.com,Bellevue,Washington,United States,Middle,Consumer,2025-01-28,2,239.94,253.83,286,1
CUST00400,Mark,Zhang,Other,39,mark.zhang400@example.com,Reading,Pennsylvania,United States,Middle,Corporate,2023-10-18,3,2331.0,2392.6,218,1
CUST00401,George,Wang,Other,31,george.wang401@example.com,Houston,Texas,United States,Lower-Middle,Consumer,2023-05-20,5,7441.01,8189.06,140,0
CUST00402,Vikram,Nguyen,Female,27,vikram.nguyen402@example.com,Winston-Salem,North Carolina,United States,Upper-Middle,Consumer,2019-07-06,2,2961.63,3251.27,298,1
CUST00403,Nancy,Ivanov,Male,22,nancy.ivanov403@example.com,Albany,New York,United States,Lower-Middle,Consumer,2019-12-24,5,11737.01,12349.4,222,1
CUST00404,Jessica,Sharma,Male,42,jessica.sharma404@example.com,Jacksonville,Florida,United States,Upper-Middle,Consumer,2023-07-20,1,97.79,111.79,953,1
CUST00405,Rebecca,Garcia,Male,32,rebecca.garcia405@example.com,Elizabeth,New Jersey,United States,Upper-Middle,Consumer,2019-10-10,3,733.3700000000001,817.09,1029,1
CUST00406,Catherine,Kowalski,Male,43,catherine.kowalski406@example.com,Albany,New York,United States,Middle,Consumer,2021-02-19,2,1247.53,1408.77,1146,1
CUST00407,Camila,Reddy,Female,48,camila.reddy407@example.com,Boulder,Colorado,United States,High,Home Office,2025-05-23,3,1720.95,1802.97,55,0
CUST00408,Li,Thompson,Male,37,li.thompson408@example.com,Chandler,Arizona,United States,Upper-Middle,Consumer,2024-11-20,3,3610.7200000000003,3654.29,471,1
CUST00409,Deborah,Adams,Female,40,deborah.adams409@example.com,Greensboro,North Carolina,United States,High,Small Business,2019-08-01,2,623.1899999999999,682.59,251,1
CUST00410,Jerry,Young,Female,18,jerry.young410@example.com,Peoria,Illinois,United States,High,Consumer,2024-12-13,6,3482.7599999999998,3621.84,5,0
CUST00411,Sarah,Moore,Other,37,sarah.moore411@example.com,Akron,Ohio,United States,Upper-Middle,Consumer,2024-02-25,3,1008.97,1079.43,332,1
CUST00412,Isha,Green,Other,30,isha.green412@example.com,Chandler,Arizona,United States,Lower-Middle,Consumer,2025-11-12,5,10343.25,11635.12,98,0
CUST00413,Raymond,Nguyen,Other,29,raymond.nguyen413@example.com,Tacoma,Washington,United States,Lower-Middle,Corporate,2020-07-29,5,4083.99,4536.61,130,0
CUST00414,Daniel,Kowalski,Other,51,daniel.kowalski414@example.com,Durham,North Carolina,United States,Lower-Middle,Consumer,2025-01-07,2,704.57,763.73,197,1
CUST00415,Jacob,Singh,Female,23,jacob.singh415@example.com,Everett,Washington,United States,Upper-Middle,Consumer,2025-05-09,2,4697.03,5325.06,57,0
CUST00416,Mary,Costa,Female,67,mary.costa416@example.com,Houston,Texas,United States,Lower-Middle,Corporate,2024-02-19,6,8285.460000000001,8694.86,256,1
CUST00417,Margaret,Wright,Female,40,margaret.wright417@example.com,Worcester,Massachusetts,United States,Middle,Consumer,2024-05-31,4,3470.85,3988.03,15,0
CUST00418,Linda,Nguyen,Male,35,linda.nguyen418@example.com,Fort Lauderdale,Florida,United States,Middle,Consumer,2026-01-03,2,3228.12,3259.36,1,0
CUST00419,Christine,Lewis,Female,18,christine.lewis419@example.com,Chandler,Arizona,United States,Lower-Middle,Home Office,2021-02-14,6,5900.3,6075.83,16,0
CUST00420,Arjun,Torres,Female,37,arjun.torres420@example.com,Phoenix,Arizona,United States,Middle,Small Business,2024-10-25,3,1920.55,2089.92,28,0
CUST00421,Alexander,Green,Male,33,alexander.green421@example.com,Charlotte,North Carolina,United States,Upper-Middle,Consumer,2023-08-09,2,2600.6499999999996,2775.33,332,1
CUST00422,Wei,Chen,Other,50,wei.chen422@example.com,Colorado Springs,Colorado,United States,Upper-Middle,Corporate,2024-11-17,2,146.8,163.66,115,0
CUST00423,Julie,Pereira,Male,19,julie.pereira423@example.com,Chandler,Arizona,United States,Upper-Middle,Small Business,2022-07-19,4,4791.33,5196.36,415,1
CUST00424,Donna,Wang,Male,47,donna.wang424@example.com,New York City,New York,United States,High,Corporate,2025-11-04,4,5124.48,5306.3,36,0
CUST00425,Jessica,Carter,Female,29,jessica.carter425@example.com,Sacramento,California,United States,Middle,Consumer,2021-04-15,3,5528.42,5931.04,186,1
CUST00426,Samantha,Allen,Female,34,samantha.allen426@example.com,San Diego,California,United States,Upper-Middle,Consumer,2023-07-20,4,4176.45,4477.21,358,1
CUST00427,Karen,Adams,Other,34,karen.adams427@example.com,Detroit,Michigan,United States,Middle,Corporate,2020-05-08,1,1528.09,1531.24,1662,1
CUST00428,Angela,Rivera,Other,24,angela.rivera428@example.com,Austin,Texas,United States,Lower-Middle,Consumer,2022-11-07,5,5989.57,6612.2,350,1
CUST00429,William,Kowalski,Other,25,william.kowalski429@example.com,Albany,New York,United States,Middle,Consumer,2020-01-09,4,6496.87,7342.81,457,1
CUST00430,Mark,Ramirez,Female,18,mark.ramirez430@example.com,Tacoma,Washington,United States,Middle,Consumer,2019-11-23,6,3414.6,3856.77,75,0
CUST00431,Julie,Andrade,Other,37,julie.andrade431@example.com,Macon,Georgia,United States,Low,Corporate,2021-02-28,2,3277.18,3753.3,609,1
CUST00432,Laura,Walker,Other,29,laura.walker432@example.com,Elizabeth,New Jersey,United States,Lower-Middle,Consumer,2021-11-28,5,4796.44,5201.8,152,0
CUST00433,Yuki,Adams,Female,31,yuki.adams433@example.com,Columbus,Ohio,United States,Lower-Middle,Corporate,2021-03-30,2,1776.94,1784.94,278,1
CUST00434,Patricia,Costa,Other,44,patricia.costa434@example.com,Aurora,Colorado,United States,Upper-Middle,Consumer,2022-04-13,3,3881.6499999999996,4168.94,572,1
CUST00435,Jennifer,Nguyen,Female,39,jennifer.nguyen435@example.com,Jersey City,New Jersey,United States,Middle,Small Business,2024-09-09,4,4035.54,4585.6,53,0
CUST00436,Nancy,Souza,Other,43,nancy.souza436@example.com,Charlotte,North Carolina,United States,Low,Corporate,2022-10-05,3,9800.369999999999,10053.76,96,0
CUST00437,Tyler,Ramirez,Male,23,tyler.ramirez437@example.com,Fort Collins,Colorado,United States,Lower-Middle,Home Office,2020-10-07,2,10694.86,11951.63,681,1
CUST00438,Ming,Reddy,Other,36,ming.reddy438@example.com,Seattle,Washington,United States,Middle,Consumer,2022-03-30,5,5491.02,5556.97,428,1
CUST00439,Raymond,Nelson,Male,26,raymond.nelson439@example.com,Los Angeles,California,United States,Low,Home Office,2024-05-30,9,10837.81,12179.44,179,0
CUST00440,Stephen,Martinez,Female,39,stephen.martinez440@example.com,Grand Rapids,Michigan,United States,Middle,Consumer,2024-06-18,6,9798.98,10777.48,35,0
CUST00441,Stephanie,Reddy,Female,43,stephanie.reddy441@example.com,Philadelphia,Pennsylvania,United States,Middle,Consumer,2024-03-14,2,3763.83,4310.42,155,0
CUST00442,Rachel,Rodriguez,Male,43,rachel.rodriguez442@example.com,Lowell,Massachusetts,United States,Upper-Middle,Consumer,2022-08-27,2,5013.01,5496.77,752,1
CUST00443,Mateo,Kowalski,Other,49,mateo.kowalski443@example.com,Austin,Texas,United States,Lower-Middle,Consumer,2024-08-14,1,189.44,192.39,145,0
CUST00444,Jerry,Chen,Other,53,jerry.chen444@example.com,Toledo,Ohio,United States,Low,Consumer,2022-05-13,1,82.31,93.81,295,1
CUST00445,Mark,Moore,Other,33,mark.moore445@example.com,Scottsdale,Arizona,United States,Lower-Middle,Corporate,2025-08-02,4,4721.900000000001,4967.69,6,0
CUST00446,Joshua,Mitchell,Other,28,joshua.mitchell446@example.com,San Jose,California,United States,Lower-Middle,Consumer,2025-07-05,2,368.83000000000004,388.01,165,0
CUST00447,Larry,Sharma,Prefer not to say,18,larry.sharma447@example.com,Winston-Salem,North Carolina,United States,High,Consumer,2025-06-07,3,3765.9399999999996,4149.85,86,0
CUST00448,Dennis,Hall,Other,45,dennis.hall448@example.com,Jacksonville,Florida,United States,Upper-Middle,Consumer,2024-03-30,4,6100.73,6836.99,86,0
CUST00449,Lisa,Lewis,Male,32,lisa.lewis449@example.com,Ann Arbor,Michigan,United States,Lower-Middle,Corporate,2024-12-11,5,8559.73,8967.86,85,0
CUST00450,Olivia,Miller,Female,22,olivia.miller450@example.com,Boulder,Colorado,United States,Middle,Consumer,2020-04-05,1,1311.17,1472.37,1600,1
CUST00451,Gregory,Rodriguez,Male,37,gregory.rodriguez451@example.com,Chicago,Illinois,United States,Upper-Middle,Consumer,2022-01-21,2,1204.47,1337.66,542,1
CUST00452,Kevin,Rivera,Male,67,kevin.rivera452@example.com,Buffalo,New York,United States,Lower-Middle,Consumer,2021-08-10,3,1530.33,1639.12,45,0
CUST00453,Matthew,Green,Female,36,matthew.green453@example.com,Athens,Georgia,United States,Middle,Consumer,2026-04-15,3,3114.44,3534.2,18,0
CUST00454,Samantha,Martin,Female,35,samantha.martin454@example.com,Flint,Michigan,United States,Upper-Middle,Small Business,2024-09-22,4,2441.01,2652.03,117,0
CUST00455,Nancy,Smith,Male,20,nancy.smith455@example.com,Pittsburgh,Pennsylvania,United States,Upper-Middle,Corporate,2023-05-01,2,9518.95,10691.52,981,1
CUST00456,Emily,Campbell,Female,33,emily.campbell456@example.com,Rochester,New York,United States,Middle,Consumer,2026-03-20,5,8364.6,8962.31,16,0
CUST00457,Michelle,Dubois,Male,34,michelle.dubois457@example.com,Charlotte,North Carolina,United States,Middle,Consumer,2020-11-09,4,6358.599999999999,6915.07,869,1
CUST00458,Emily,Moore,Male,39,emily.moore458@example.com,Elizabeth,New Jersey,United States,Lower-Middle,Home Office,2020-08-19,1,4995.1,5422.92,790,1
CUST00459,Elizabeth,Martinez,Other,42,elizabeth.martinez459@example.com,Newark,New Jersey,United States,Middle,Home Office,2023-12-06,4,10134.97,10613.97,215,1
CUST00460,Samantha,Patel,Male,48,samantha.patel460@example.com,Lowell,Massachusetts,United States,High,Corporate,2024-09-16,2,1333.15,1465.46,112,0
CUST00461,Jonathan,Pereira,Female,36,jonathan.pereira461@example.com,Savannah,Georgia,United States,Middle,Home Office,2021-03-24,2,6167.04,6839.81,1129,1
CUST00462,Justin,Nguyen,Other,40,justin.nguyen462@example.com,Albany,New York,United States,Middle,Consumer,2022-11-10,3,8623.39,8935.4,313,1
CUST00463,Shirley,Johnson,Other,28,shirley.johnson463@example.com,Spokane,Washington,United States,Middle,Home Office,2022-01-04,6,12003.61,13519.91,1,0
CUST00464,Sarah,Wang,Other,39,sarah.wang464@example.com,Buffalo,New York,United States,High,Corporate,2020-03-31,6,6916.01,7880.33,63,0
CUST00465,Charles,Rossi,Male,18,charles.rossi465@example.com,Philadelphia,Pennsylvania,United States,Upper-Middle,Consumer,2025-07-24,5,13920.07,14964.96,63,0
CUST00466,Kimberly,Mitchell,Other,27,kimberly.mitchell466@example.com,Miami,Florida,United States,Lower-Middle,Small Business,2022-06-30,2,10178.880000000001,10810.56,885,1
CUST00467,George,Roberts,Male,43,george.roberts467@example.com,Athens,Georgia,United States,Low,Corporate,2019-07-05,6,9678.47,10922.18,65,0
CUST00468,Susan,Costa,Other,30,susan.costa468@example.com,Tacoma,Washington,United States,Lower-Middle,Consumer,2019-12-15,4,2980.93,3087.66,352,1
CUST00469,Daniel,Carter,Female,37,daniel.carter469@example.com,Bellevue,Washington,United States,Middle,Home Office,2022-02-09,3,3016.3500000000004,3367.62,447,1
CUST00470,Elizabeth,Costa,Male,35,elizabeth.costa470@example.com,Peoria,Illinois,United States,Middle,Consumer,2024-11-11,1,1454.16,1526.17,481,1
CUST00471,Wei,Hall,Other,40,wei.hall471@example.com,Athens,Georgia,United States,Low,Home Office,2024-05-29,1,65.13,68.75,522,1
CUST00472,Jeffrey,Perez,Other,49,jeffrey.perez472@example.com,Miami,Florida,United States,Middle,Consumer,2022-01-01,5,11851.35,12976.21,365,1
CUST00473,Lisa,Lee,Other,37,lisa.lee473@example.com,Reading,Pennsylvania,United States,Upper-Middle,Corporate,2023-10-25,1,216.09,228.98,105,0
CUST00474,Rebecca,Nelson,Female,33,rebecca.nelson474@example.com,Phoenix,Arizona,United States,Middle,Consumer,2020-06-25,0,0.0,0.0,9999,1
CUST00475,Justin,Lee,Male,18,justin.lee475@example.com,Bellevue,Washington,United States,Lower-Middle,Consumer,2025-01-16,2,3291.91,3470.88,107,0
CUST00476,Justin,Lee,Male,44,justin.lee476@example.com,Syracuse,New York,United States,Upper-Middle,Consumer,2019-07-19,3,6914.51,7334.08,15,0
CUST00477,Nancy,King,Other,51,nancy.king477@example.com,Jersey City,New Jersey,United States,High,Corporate,2022-07-27,2,5338.72,5704.4,367,1
CUST00478,Olivia,Williams,Male,25,olivia.williams478@example.com,Trenton,New Jersey,United States,Lower-Middle,Corporate,2020-05-05,3,1034.8200000000002,1141.95,385,1
CUST00479,Amy,Rossi,Female,52,amy.rossi479@example.com,Buffalo,New York,United States,Middle,Home Office,2022-01-30,3,2483.46,2753.88,252,1
CUST00480,Neha,White,Female,53,neha.white480@example.com,Flint,Michigan,United States,Lower-Middle,Corporate,2024-04-05,1,579.54,608.49,731,1
CUST00481,Mateo,Zhang,Male,18,mateo.zhang481@example.com,Flint,Michigan,United States,Lower-Middle,Consumer,2022-02-13,2,111.19999999999999,112.1,726,1
CUST00482,Susan,Williams,Other,47,susan.williams482@example.com,Fort Lauderdale,Florida,United States,Middle,Home Office,2021-03-02,1,760.69,812.28,1309,1
CUST00483,Scott,Gonzalez,Other,38,scott.gonzalez483@example.com,Albany,New York,United States,Middle,Home Office,2024-05-08,2,2556.27,2627.29,162,0
CUST00484,Brenda,Kowalski,Male,18,brenda.kowalski484@example.com,Boston,Massachusetts,United States,Middle,Consumer,2023-07-16,7,2932.2000000000003,3119.26,103,0
CUST00485,Scott,Pereira,Other,46,scott.pereira485@example.com,Denver,Colorado,United States,Middle,Consumer,2019-07-15,5,10254.970000000001,10819.78,455,1
CUST00486,Melissa,Garcia,Female,23,melissa.garcia486@example.com,Chandler,Arizona,United States,Lower-Middle,Home Office,2023-07-05,5,8359.98,8456.06,290,1
CUST00487,Priya,Carter,Other,18,priya.carter487@example.com,Reading,Pennsylvania,United States,High,Home Office,2022-02-20,5,5799.66,5839.94,632,1
CUST00488,Larry,Gonzalez,Female,44,larry.gonzalez488@example.com,Cleveland,Ohio,United States,Middle,Consumer,2022-08-23,3,796.65,884.19,496,1
CUST00489,Meera,Hernandez,Other,34,meera.hernandez489@example.com,Rockford,Illinois,United States,Middle,Consumer,2024-02-18,4,6837.929999999999,6898.08,78,0
CUST00490,Maria,Smith,Male,35,maria.smith490@example.com,Flint,Michigan,United States,Middle,Consumer,2019-10-12,2,1078.25,1216.7,888,1
CUST00491,Anthony,Green,Male,49,anthony.green491@example.com,Cincinnati,Ohio,United States,Lower-Middle,Corporate,2024-11-13,7,3151.74,3317.91,27,0
CUST00492,Steven,King,Female,44,steven.king492@example.com,Boulder,Colorado,United States,Middle,Corporate,2024-07-01,1,1129.14,1239.02,105,0
CUST00493,Alexander,Sharma,Female,50,alexander.sharma493@example.com,Worcester,Massachusetts,United States,Middle,Corporate,2022-12-23,2,2558.16,2859.46,41,0
CUST00494,Daniel,Mitchell,Female,18,daniel.mitchell494@example.com,Winston-Salem,North Carolina,United States,Lower-Middle,Consumer,2024-07-21,5,8291.27,9315.54,287,1
CUST00495,Brian,Sharma,Other,52,brian.sharma495@example.com,Tucson,Arizona,United States,Lower-Middle,Consumer,2021-07-27,5,7926.42,8092.31,475,1
CUST00496,Victoria,Lee,Other,25,victoria.lee496@example.com,Dallas,Texas,United States,Middle,Consumer,2021-06-16,1,1069.21,1139.44,753,1
CUST00497,Emma,Miller,Other,26,emma.miller497@example.com,Albany,New York,United States,Low,Consumer,2020-03-03,2,898.44,966.26,61,0
CUST00498,Charles,Muller,Female,45,charles.muller498@example.com,Elizabeth,New Jersey,United States,Low,Consumer,2022-12-12,4,3211.58,3351.73,190,1
CUST00499,Melissa,Hernandez,Other,33,melissa.hernandez499@example.com,Detroit,Michigan,United States,Middle,Small Business,2023-08-17,3,1953.33,1989.01,112,0
CUST00500,Christine,Costa,Male,18,christine.costa500@example.com,Rockford,Illinois,United States,High,Home Office,2025-03-13,1,89.44,100.75,87,0
CUST00501,Benjamin,Ivanov,Male,37,benjamin.ivanov501@example.com,Atlanta,Georgia,United States,Upper-Middle,Small Business,2024-06-08,3,7035.4400000000005,7414.71,393,1
CUST00502,Anna,Torres,Other,44,anna.torres502@example.com,Miami,Florida,United States,Middle,Corporate,2021-12-20,3,967.23,1011.72,123,0
CUST00503,Christine,Perez,Female,25,christine.perez503@example.com,Seattle,Washington,United States,Lower-Middle,Consumer,2022-08-01,1,1217.92,1345.9,724,1
CUST00504,Christopher,Lopez,Female,20,christopher.lopez504@example.com,Peoria,Illinois,United States,Middle,Consumer,2024-11-10,4,2740.28,2792.02,3,0
CUST00505,Margaret,Costa,Male,44,margaret.costa505@example.com,Los Angeles,California,United States,Middle,Corporate,2019-08-04,6,6376.46,6872.88,341,1
CUST00506,Stephen,Hall,Male,38,stephen.hall506@example.com,Allentown,Pennsylvania,United States,Middle,Consumer,2025-03-02,2,269.69,304.56,25,0
CUST00507,Camila,Patel,Female,30,camila.patel507@example.com,Detroit,Michigan,United States,Lower-Middle,Consumer,2024-05-16,6,4738.93,5091.97,60,0
CUST00508,Stephen,Martinez,Female,46,stephen.martinez508@example.com,Durham,North Carolina,United States,High,Home Office,2025-12-05,1,1079.35,1232.6,108,0
CUST00509,Steven,Souza,Female,31,steven.souza509@example.com,Boulder,Colorado,United States,Middle,Small Business,2020-02-06,2,3967.79,4188.89,412,1
CUST00510,Olivia,Rossi,Female,55,olivia.rossi510@example.com,Worcester,Massachusetts,United States,High,Consumer,2020-06-24,2,6275.76,7181.83,2014,1
CUST00511,Ryan,Brown,Female,49,ryan.brown511@example.com,Atlanta,Georgia,United States,Low,Corporate,2024-07-27,5,5509.29,5543.76,41,0
CUST00512,Mark,Robinson,Female,47,mark.robinson512@example.com,Springfield,Massachusetts,United States,High,Consumer,2023-10-01,2,1834.71,2064.38,284,1
CUST00513,Mary,King,Male,33,mary.king513@example.com,Tampa,Florida,United States,Middle,Corporate,2024-06-07,1,1590.04,1749.26,139,0
CUST00514,Carol,Martinez,Female,24,carol.martinez514@example.com,Raleigh,North Carolina,United States,Lower-Middle,Consumer,2024-09-30,4,6400.77,6575.37,209,1
CUST00515,Larry,Wright,Female,48,larry.wright515@example.com,Buffalo,New York,United States,Upper-Middle,Consumer,2021-12-23,1,6128.37,6198.06,431,1
CUST00516,Donald,King,Male,40,donald.king516@example.com,Orlando,Florida,United States,Upper-Middle,Home Office,2021-03-30,3,1944.49,1964.35,175,0
CUST00517,Amanda,Martin,Male,34,amanda.martin517@example.com,Boston,Massachusetts,United States,High,Corporate,2021-03-02,6,12625.53,13911.71,169,0
CUST00518,Catherine,Ivanov,Other,44,catherine.ivanov518@example.com,Detroit,Michigan,United States,High,Home Office,2023-03-29,5,4641.18,4902.72,1,0
CUST00519,Melissa,Green,Female,28,melissa.green519@example.com,Macon,Georgia,United States,Middle,Small Business,2025-05-27,2,483.58,551.14,248,1
CUST00520,Sofia,Silva,Male,41,sofia.silva520@example.com,Peoria,Illinois,United States,Upper-Middle,Consumer,2022-10-21,3,4691.09,4923.18,547,1
CUST00521,Eric,Gupta,Male,45,eric.gupta521@example.com,Macon,Georgia,United States,Middle,Consumer,2023-06-11,3,9209.26,10470.46,62,0
CUST00522,Alexander,Thompson,Other,25,alexander.thompson522@example.com,Atlanta,Georgia,United States,Middle,Consumer,2024-10-16,1,165.45,189.07,54,0
CUST00523,Mary,Johnson,Female,33,mary.johnson523@example.com,Spokane,Washington,United States,Middle,Consumer,2025-05-25,3,1479.82,1601.36,81,0
CUST00524,Christine,King,Female,18,christine.king524@example.com,Syracuse,New York,United States,Lower-Middle,Consumer,2025-10-22,4,5096.25,5426.12,14,0
CUST00525,Christine,Baker,Female,62,christine.baker525@example.com,Pittsburgh,Pennsylvania,United States,Middle,Consumer,2025-12-09,3,2902.9,3082.84,109,0
CUST00526,Julie,Mitchell,Female,31,julie.mitchell526@example.com,Erie,Pennsylvania,United States,Middle,Corporate,2022-09-09,2,1164.26,1210.09,199,1
CUST00527,Larry,Robinson,Other,55,larry.robinson527@example.com,Denver,Colorado,United States,Lower-Middle,Consumer,2020-09-15,6,5667.02,5851.83,215,1
CUST00528,Sharon,Carter,Other,46,sharon.carter528@example.com,Orlando,Florida,United States,Lower-Middle,Home Office,2025-04-28,5,2373.17,2424.28,19,0
CUST00529,Daniel,Singh,Other,47,daniel.singh529@example.com,Savannah,Georgia,United States,Middle,Corporate,2023-04-11,4,5953.45,6473.85,69,0
CUST00530,Victoria,Dubois,Other,28,victoria.dubois530@example.com,Naperville,Illinois,United States,Upper-Middle,Consumer,2022-11-12,0,0.0,0.0,9999,1
CUST00531,Richard,Lee,Female,65,richard.lee531@example.com,San Francisco,California,United States,Middle,Corporate,2024-11-28,6,13321.36,15157.91,230,1
CUST00532,Laura,Nelson,Female,32,laura.nelson532@example.com,Naperville,Illinois,United States,Middle,Small Business,2025-01-15,0,0.0,0.0,9999,1
CUST00533,Steven,Hall,Male,29,steven.hall533@example.com,Sacramento,California,United States,Middle,Corporate,2023-01-26,3,504.62,521.41,195,1
CUST00534,Scott,Sanchez,Other,55,scott.sanchez534@example.com,Flint,Michigan,United States,Middle,Consumer,2024-03-20,6,8836.85,9337.25,350,1
CUST00535,Tyler,Torres,Other,29,tyler.torres535@example.com,Allentown,Pennsylvania,United States,Middle,Home Office,2023-07-06,2,949.0699999999999,1056.03,647,1
CUST00536,Laura,Hernandez,Female,43,laura.hernandez536@example.com,Akron,Ohio,United States,Middle,Small Business,2021-12-14,3,8323.58,8487.31,945,1
CUST00537,Wei,Perez,Female,38,wei.perez537@example.com,Tacoma,Washington,United States,Middle,Corporate,2024-04-18,1,446.78,492.47,150,0
CUST00538,Karan,Martinez,Female,44,karan.martinez538@example.com,Dallas,Texas,United States,Lower-Middle,Consumer,2019-10-17,1,1109.22,1171.59,220,1
CUST00539,Donna,Wright,Female,34,donna.wright539@example.com,Lansing,Michigan,United States,Upper-Middle,Home Office,2024-02-16,2,2253.61,2433.1,294,1
CUST00540,Diego,Campbell,Other,43,diego.campbell540@example.com,Chandler,Arizona,United States,High,Consumer,2019-11-09,4,9445.48,9817.57,335,1
CUST00541,Lisa,Williams,Other,30,lisa.williams541@example.com,Buffalo,New York,United States,Lower-Middle,Corporate,2020-12-10,5,12669.880000000001,14345.3,245,1
CUST00542,Dennis,Hernandez,Female,27,dennis.hernandez542@example.com,Orlando,Florida,United States,Lower-Middle,Consumer,2023-07-12,2,566.13,601.52,144,0
CUST00543,Ming,Muller,Male,34,ming.muller543@example.com,Charlotte,North Carolina,United States,Upper-Middle,Consumer,2021-09-12,3,522.94,594.78,226,1
CUST00544,David,Wilson,Male,32,david.wilson544@example.com,Rockford,Illinois,United States,Low,Small Business,2019-09-17,2,863.9200000000001,894.35,594,1
CUST00545,Deborah,Flores,Other,35,deborah.flores545@example.com,Orlando,Florida,United States,Lower-Middle,Corporate,2022-07-24,1,115.39,127.17,643,1
CUST00546,Thomas,Andrade,Male,37,thomas.andrade546@example.com,Colorado Springs,Colorado,United States,Low,Consumer,2024-09-04,2,3241.0200000000004,3294.42,307,1
CUST00547,Sofia,Adams,Female,51,sofia.adams547@example.com,Fort Collins,Colorado,United States,High,Consumer,2024-10-13,4,6659.12,6812.19,17,0
CUST00548,Paul,Chen,Male,49,paul.chen548@example.com,Syracuse,New York,United States,Middle,Consumer,2021-05-20,3,1242.9099999999999,1331.35,511,1
CUST00549,Dennis,Reddy,Female,67,dennis.reddy549@example.com,Winston-Salem,North Carolina,United States,High,Consumer,2022-08-31,2,1710.23,1763.09,564,1
CUST00550,Sandra,Lopez,Female,20,sandra.lopez550@example.com,Augusta,Georgia,United States,Middle,Consumer,2025-10-27,2,6635.9,7450.98,91,0
CUST00551,Mary,Smith,Female,45,mary.smith551@example.com,Raleigh,North Carolina,United States,Lower-Middle,Consumer,2023-11-08,4,1286.31,1471.11,493,1
CUST00552,Janet,Dubois,Female,58,janet.dubois552@example.com,Cambridge,Massachusetts,United States,Low,Consumer,2024-07-14,4,3600.97,3803.67,82,0
CUST00553,Donna,Robinson,Other,60,donna.robinson553@example.com,Boston,Massachusetts,United States,Middle,Consumer,2022-06-09,0,0.0,0.0,9999,1
CUST00554,Stephen,Reddy,Male,37,stephen.reddy554@example.com,Cleveland,Ohio,United States,Upper-Middle,Corporate,2025-01-26,5,5499.46,6133.34,57,0
CUST00555,Vikram,Carter,Male,33,vikram.carter555@example.com,Tampa,Florida,United States,Middle,Consumer,2025-01-12,4,3853.92,4425.71,138,0
CUST00556,Jerry,Wright,Female,36,jerry.wright556@example.com,Rockford,Illinois,United States,Middle,Home Office,2020-06-07,5,4409.66,4545.01,692,1
CUST00557,Lisa,Moore,Other,43,lisa.moore557@example.com,Chicago,Illinois,United States,Middle,Consumer,2020-05-10,2,261.75,276.32,628,1
CUST00558,Frank,Dubois,Male,51,frank.dubois558@example.com,Tampa,Florida,United States,Lower-Middle,Small Business,2024-03-30,2,3025.04,3249.34,187,1
CUST00559,John,White,Female,34,john.white559@example.com,Austin,Texas,United States,Lower-Middle,Consumer,2020-11-11,5,5062.43,5597.14,140,0
CUST00560,Mary,Robinson,Male,52,mary.robinson560@example.com,Dallas,Texas,United States,Middle,Consumer,2019-10-23,0,0.0,0.0,9999,1
CUST00561,Michelle,Ivanov,Other,30,michelle.ivanov561@example.com,Erie,Pennsylvania,United States,Upper-Middle,Consumer,2026-04-09,6,5962.31,6746.84,19,0
CUST00562,Isha,Jackson,Female,32,isha.jackson562@example.com,San Diego,California,United States,Low,Consumer,2024-07-25,5,2988.59,3176.87,153,0
CUST00563,Matthew,Allen,Prefer not to say,27,matthew.allen563@example.com,Fort Collins,Colorado,United States,Upper-Middle,Consumer,2024-02-19,3,2068.69,2274.65,160,0
CUST00564,Joyce,Young,Male,53,joyce.young564@example.com,Toledo,Ohio,United States,Upper-Middle,Consumer,2025-09-28,4,1597.56,1780.35,116,0
CUST00565,Ryan,Gonzalez,Female,34,ryan.gonzalez565@example.com,Raleigh,North Carolina,United States,Middle,Small Business,2023-02-10,4,2626.55,2764.31,88,0
CUST00566,Camila,Adams,Other,36,camila.adams566@example.com,New York City,New York,United States,High,Consumer,2026-01-24,1,677.2,770.87,123,0
CUST00567,Steven,Rossi,Male,18,steven.rossi567@example.com,Tacoma,Washington,United States,Middle,Consumer,2021-06-06,1,1853.68,1988.3,1469,1
CUST00568,Gregory,Ramirez,Other,29,gregory.ramirez568@example.com,Dallas,Texas,United States,Middle,Consumer,2019-08-01,2,381.91999999999996,403.77,1867,1
CUST00569,Priya,Scott,Female,33,priya.scott569@example.com,Detroit,Michigan,United States,Upper-Middle,Consumer,2025-07-07,3,927.99,986.27,154,0
CUST00570,Jennifer,Muller,Male,41,jennifer.muller570@example.com,Chandler,Arizona,United States,Middle,Consumer,2023-02-09,5,8753.08,9312.27,417,1
CUST00571,Christopher,Ivanov,Female,32,christopher.ivanov571@example.com,Fort Worth,Texas,United States,High,Small Business,2020-07-25,0,0.0,0.0,9999,1
CUST00572,Debra,Davis,Other,54,debra.davis572@example.com,San Diego,California,United States,Lower-Middle,Consumer,2023-05-07,5,2811.05,2938.57,6,0
CUST00573,Susan,Taylor,Female,40,susan.taylor573@example.com,Savannah,Georgia,United States,High,Home Office,2022-04-24,3,932.37,1023.15,939,1
CUST00574,Julie,Hall,Other,54,julie.hall574@example.com,Cambridge,Massachusetts,United States,Lower-Middle,Corporate,2021-03-04,0,0.0,0.0,9999,1
CUST00575,Amanda,Moore,Female,50,amanda.moore575@example.com,Chicago,Illinois,United States,Upper-Middle,Corporate,2024-03-08,4,5534.13,6303.19,160,0
CUST00576,Jonathan,Dubois,Male,46,jonathan.dubois576@example.com,Fort Lauderdale,Florida,United States,Middle,Consumer,2020-07-13,2,2019.27,2162.31,852,1
CUST00577,Cynthia,Scott,Other,41,cynthia.scott577@example.com,Boulder,Colorado,United States,Lower-Middle,Consumer,2019-07-27,3,1933.25,2106.75,55,0
CUST00578,Laura,Nguyen,Other,18,laura.nguyen578@example.com,Aurora,Colorado,United States,Middle,Consumer,2021-12-18,0,0.0,0.0,9999,1
CUST00579,Benjamin,Kowalski,Male,51,benjamin.kowalski579@example.com,Cleveland,Ohio,United States,Middle,Consumer,2026-03-10,3,6698.49,7196.89,58,0
CUST00580,Brandon,Walker,Other,56,brandon.walker580@example.com,Philadelphia,Pennsylvania,United States,High,Home Office,2023-03-22,4,8838.83,9954.89,424,1
CUST00581,Matthew,Andrade,Other,66,matthew.andrade581@example.com,Bellevue,Washington,United States,Lower-Middle,Consumer,2025-02-15,5,2350.18,2431.92,2,0
CUST00582,Timothy,Adams,Other,23,timothy.adams582@example.com,Houston,Texas,United States,Middle,Consumer,2025-08-10,1,2914.19,3125.85,339,1
CUST00583,Diego,Taylor,Male,33,diego.taylor583@example.com,New York City,New York,United States,Lower-Middle,Consumer,2020-03-19,4,7760.09,8401.11,493,1
CUST00584,Robert,Roberts,Other,31,robert.roberts584@example.com,Bellevue,Washington,United States,Middle,Corporate,2026-03-28,5,7742.5599999999995,8407.97,35,0
CUST00585,Michael,Campbell,Other,36,michael.campbell585@example.com,Fort Lauderdale,Florida,United States,Low,Small Business,2020-03-04,0,0.0,0.0,9999,1
CUST00586,Anthony,Dubois,Female,56,anthony.dubois586@example.com,Newark,New Jersey,United States,Upper-Middle,Consumer,2021-12-11,5,7226.42,8193.13,55,0
CUST00587,Stephen,Singh,Other,52,stephen.singh587@example.com,Aurora,Colorado,United States,Low,Corporate,2024-04-13,3,1758.92,2004.6,296,1
CUST00588,Eric,Garcia,Female,25,eric.garcia588@example.com,Phoenix,Arizona,United States,Low,Consumer,2024-08-08,8,14894.66,16318.06,3,0
CUST00589,Anna,Gonzalez,Other,54,anna.gonzalez589@example.com,Dallas,Texas,United States,Middle,Consumer,2021-02-13,6,5713.21,6384.6,10,0
CUST00590,Catherine,Young,Other,36,catherine.young590@example.com,Grand Rapids,Michigan,United States,Upper-Middle,Consumer,2021-11-23,4,4963.280000000001,5373.33,93,0
CUST00591,Susan,Rivera,Other,36,susan.rivera591@example.com,Bellevue,Washington,United States,Middle,Home Office,2021-03-27,2,1883.13,1987.87,258,1
CUST00592,Nancy,White,Other,65,nancy.white592@example.com,Greensboro,North Carolina,United States,Lower-Middle,Consumer,2024-11-16,4,5980.28,6827.95,99,0
CUST00593,Katherine,Chen,Female,23,katherine.chen593@example.com,Trenton,New Jersey,United States,Middle,Small Business,2021-05-06,4,2976.62,3192.79,572,1
CUST00594,Karan,Mitchell,Other,18,karan.mitchell594@example.com,Toledo,Ohio,United States,Lower-Middle,Consumer,2025-12-29,2,274.81,311.13,23,0
CUST00595,Jonathan,Ramirez,Other,53,jonathan.ramirez595@example.com,Akron,Ohio,United States,Lower-Middle,Small Business,2023-07-04,1,1395.25,1422.34,455,1
CUST00596,Laura,Sharma,Female,27,laura.sharma596@example.com,Los Angeles,California,United States,Middle,Consumer,2019-09-22,4,4684.03,5148.71,68,0
CUST00597,Yuki,Hill,Male,42,yuki.hill597@example.com,San Diego,California,United States,Lower-Middle,Consumer,2025-02-13,2,325.51,359.53,35,0
CUST00598,Joyce,Scott,Other,60,joyce.scott598@example.com,Elizabeth,New Jersey,United States,Middle,Small Business,2020-06-04,5,8387.339999999998,9351.14,268,1
CUST00599,Karen,Gonzalez,Female,48,karen.gonzalez599@example.com,Sacramento,California,United States,Lower-Middle,Consumer,2025-10-29,4,2007.85,2266.32,32,0
CUST00600,Yuki,Young,Female,40,yuki.young600@example.com,Tampa,Florida,United States,Low,Consumer,2025-06-29,4,6759.04,6863.52,144,0
CUST00601,Sofia,Ramirez,Other,19,sofia.ramirez601@example.com,Phoenix,Arizona,United States,Lower-Middle,Consumer,2021-05-07,1,4745.42,5037.69,1757,1
CUST00602,Angela,Gonzalez,Male,41,angela.gonzalez602@example.com,Ann Arbor,Michigan,United States,Upper-Middle,Corporate,2019-09-07,2,3378.89,3533.73,404,1
CUST00603,David,Davis,Female,68,david.davis603@example.com,Trenton,New Jersey,United States,Upper-Middle,Consumer,2023-11-30,1,96.5,103.56,790,1
CUST00604,Camila,Thomas,Other,41,camila.thomas604@example.com,Colorado Springs,Colorado,United States,Middle,Corporate,2021-09-19,2,227.74,243.45,1018,1
CUST00605,Mary,Carter,Other,58,mary.carter605@example.com,San Diego,California,United States,Low,Consumer,2023-07-14,4,3636.5200000000004,3713.6,58,0
CUST00606,Karen,Adams,Male,41,karen.adams606@example.com,Raleigh,North Carolina,United States,Low,Corporate,2023-07-08,3,1601.3899999999999,1613.64,41,0
CUST00607,Ronald,Wang,Other,43,ronald.wang607@example.com,Lowell,Massachusetts,United States,Middle,Consumer,2026-01-15,5,8826.279999999999,8899.27,65,0
CUST00608,Donna,Sharma,Female,44,donna.sharma608@example.com,Buffalo,New York,United States,Low,Corporate,2020-08-10,3,3436.26,3679.03,1499,1
CUST00609,Michael,Patel,Female,46,michael.patel609@example.com,Chicago,Illinois,United States,Middle,Home Office,2024-06-13,2,701.13,749.85,202,1
CUST00610,Thomas,Moore,Male,24,thomas.moore610@example.com,Macon,Georgia,United States,Middle,Corporate,2026-05-14,8,6528.88,7358.0,23,0
CUST00611,Margaret,Andrade,Male,46,margaret.andrade611@example.com,Orlando,Florida,United States,Lower-Middle,Consumer,2022-10-11,4,3006.84,3021.88,209,1
CUST00612,Alexander,Lopez,Female,54,alexander.lopez612@example.com,San Antonio,Texas,United States,Middle,Consumer,2021-12-01,3,2222.7300000000005,2373.69,26,0
CUST00613,Brian,Brown,Male,30,brian.brown613@example.com,Springfield,Massachusetts,United States,High,Corporate,2021-05-02,6,9067.83,9322.02,123,0
CUST00614,Arjun,Chen,Female,34,arjun.chen614@example.com,Grand Rapids,Michigan,United States,Low,Home Office,2020-03-19,2,7810.38,8266.4,2159,1
CUST00615,Margaret,Mitchell,Male,36,margaret.mitchell615@example.com,New York City,New York,United States,Upper-Middle,Consumer,2026-01-07,3,4520.39,5158.82,22,0
CUST00616,Brandon,Jackson,Male,34,brandon.jackson616@example.com,Aurora,Colorado,United States,Lower-Middle,Home Office,2024-05-22,3,3592.6800000000003,3637.09,32,0
CUST00617,Michelle,Wang,Female,18,michelle.wang617@example.com,Atlanta,Georgia,United States,Lower-Middle,Consumer,2019-08-10,3,1679.02,1695.57,771,1
CUST00618,Anthony,Pereira,Other,43,anthony.pereira618@example.com,Durham,North Carolina,United States,Middle,Corporate,2021-03-09,1,74.5,81.55,499,1
CUST00619,Charles,Williams,Other,38,charles.williams619@example.com,Akron,Ohio,United States,Middle,Consumer,2025-08-26,1,1867.42,1930.29,194,1
CUST00620,Linda,Torres,Female,29,linda.torres620@example.com,Fort Lauderdale,Florida,United States,Low,Corporate,2021-12-04,1,836.2,891.62,966,1
CUST00621,Mary,Rodriguez,Other,27,mary.rodriguez621@example.com,Cincinnati,Ohio,United States,Upper-Middle,Corporate,2026-06-16,0,0.0,0.0,9999,1
CUST00622,Aditya,Wilson,Other,36,aditya.wilson622@example.com,San Diego,California,United States,Middle,Small Business,2024-04-10,2,1507.71,1641.23,459,1
CUST00623,Nicholas,Gonzalez,Female,18,nicholas.gonzalez623@example.com,Trenton,New Jersey,United States,Upper-Middle,Consumer,2026-06-07,7,5108.18,5511.89,5,0
CUST00624,Lisa,Sanchez,Other,53,lisa.sanchez624@example.com,Greensboro,North Carolina,United States,High,Consumer,2024-12-08,2,2687.52,2757.1,27,0
CUST00625,Ashley,Andrade,Female,48,ashley.andrade625@example.com,Naperville,Illinois,United States,Middle,Consumer,2025-06-08,5,2893.46,3106.37,269,1
CUST00626,Brian,Rivera,Male,61,brian.rivera626@example.com,Allentown,Pennsylvania,United States,High,Small Business,2023-11-04,6,6532.549999999999,7142.53,225,1
CUST00627,Emily,Davis,Female,57,emily.davis627@example.com,Tacoma,Washington,United States,Upper-Middle,Home Office,2021-02-04,3,3562.63,4085.92,841,1
CUST00628,Patricia,Scott,Female,45,patricia.scott628@example.com,Orlando,Florida,United States,Upper-Middle,Corporate,2024-02-05,3,2601.71,2910.04,333,1
CUST00629,Barbara,Carter,Other,55,barbara.carter629@example.com,Winston-Salem,North Carolina,United States,Middle,Consumer,2019-11-06,6,5752.34,5973.06,82,0
CUST00630,Larry,Martin,Other,27,larry.martin630@example.com,Cincinnati,Ohio,United States,Lower-Middle,Consumer,2025-09-02,2,5750.05,6300.88,23,0
CUST00631,Anthony,Moore,Other,52,anthony.moore631@example.com,Flint,Michigan,United States,Upper-Middle,Home Office,2023-03-16,1,534.78,592.23,255,1
CUST00632,Michelle,Andrade,Female,61,michelle.andrade632@example.com,Jersey City,New Jersey,United States,High,Small Business,2023-03-28,3,4253.93,4265.82,950,1
CUST00633,Charles,Lee,Other,31,charles.lee633@example.com,Philadelphia,Pennsylvania,United States,Middle,Corporate,2025-10-22,5,9213.82,10216.5,95,0
CUST00634,Lisa,Green,Other,18,lisa.green634@example.com,Colorado Springs,Colorado,United States,Low,Consumer,2022-07-30,5,3687.87,4063.82,103,0
CUST00635,Timothy,Kumar,Other,30,timothy.kumar635@example.com,Peoria,Illinois,United States,High,Home Office,2025-02-19,3,7262.55,7571.86,67,0
CUST00636,Camila,Scott,Male,47,camila.scott636@example.com,Buffalo,New York,United States,Lower-Middle,Consumer,2022-08-03,8,7151.39,7588.7,62,0
CUST00637,Christine,Wright,Other,18,christine.wright637@example.com,Flint,Michigan,United States,Lower-Middle,Consumer,2020-12-07,1,4302.6,4584.58,1449,1
CUST00638,Alexander,Brown,Other,18,alexander.brown638@example.com,Philadelphia,Pennsylvania,United States,Upper-Middle,Consumer,2020-11-18,2,3858.48,4270.38,348,1
CUST00639,Karan,Muller,Male,46,karan.muller639@example.com,Mesa,Arizona,United States,Upper-Middle,Consumer,2023-10-09,3,1881.0300000000002,1907.57,109,0
CUST00640,Sarah,Lee,Male,30,sarah.lee640@example.com,Orlando,Florida,United States,Middle,Small Business,2020-12-23,2,2211.25,2515.18,17,0
CUST00641,Mateo,Wright,Other,32,mateo.wright641@example.com,Cleveland,Ohio,United States,Middle,Consumer,2023-03-21,3,1852.88,1856.03,68,0
CUST00642,Anthony,Rodriguez,Other,44,anthony.rodriguez642@example.com,Albany,New York,United States,Middle,Consumer,2025-03-13,3,2779.0299999999997,2950.86,21,0
CUST00643,Ryan,Young,Male,51,ryan.young643@example.com,Toledo,Ohio,United States,Middle,Home Office,2022-09-10,1,1893.4,1909.37,1315,1
CUST00644,Heather,Green,Prefer not to say,42,heather.green644@example.com,Akron,Ohio,United States,High,Corporate,2023-02-25,3,1884.76,1965.0,558,1
CUST00645,Brenda,Andrade,Other,38,brenda.andrade645@example.com,Seattle,Washington,United States,Lower-Middle,Consumer,2021-07-16,3,1632.34,1646.82,527,1
CUST00646,Ming,Garcia,Other,18,ming.garcia646@example.com,Jersey City,New Jersey,United States,Middle,Small Business,2022-11-15,1,807.78,872.23,123,0
CUST00647,Jennifer,Roberts,Male,42,jennifer.roberts647@example.com,Charlotte,North Carolina,United States,Lower-Middle,Consumer,2024-04-16,6,11086.23,12583.53,235,1
CUST00648,Joshua,Torres,Female,24,joshua.torres648@example.com,Savannah,Georgia,United States,Lower-Middle,Small Business,2022-11-21,1,2778.56,2897.66,1091,1
CUST00649,Janet,Costa,Female,64,janet.costa649@example.com,Jersey City,New Jersey,United States,Upper-Middle,Consumer,2026-06-20,2,3666.67,4199.23,36,0
CUST00650,Heather,Kowalski,Other,28,heather.kowalski650@example.com,Dallas,Texas,United States,High,Corporate,2022-11-22,3,2471.93,2635.35,565,1
CUST00651,Sarah,Sharma,Female,38,sarah.sharma651@example.com,Cincinnati,Ohio,United States,Low,Consumer,2024-05-26,0,0.0,0.0,9999,1
CUST00652,Hiroshi,Sanchez,Male,31,hiroshi.sanchez652@example.com,Paterson,New Jersey,United States,Lower-Middle,Corporate,2021-09-21,6,8664.99,9772.87,318,1
CUST00653,Li,Lee,Male,22,li.lee653@example.com,Phoenix,Arizona,United States,Lower-Middle,Consumer,2022-11-12,2,452.56000000000006,497.05,414,1
CUST00654,George,Hernandez,Other,42,george.hernandez654@example.com,Greensboro,North Carolina,United States,Upper-Middle,Consumer,2022-04-28,5,2693.75,2776.43,234,1
CUST00655,Christopher,Carter,Male,18,christopher.carter655@example.com,Greensboro,North Carolina,United States,Upper-Middle,Small Business,2020-08-23,6,4431.8,4815.26,594,1
CUST00656,Olivia,Martin,Male,25,olivia.martin656@example.com,Buffalo,New York,United States,Upper-Middle,Consumer,2021-09-12,2,668.71,748.81,52,0
CUST00657,Michelle,Flores,Female,48,michelle.flores657@example.com,Scottsdale,Arizona,United States,Middle,Consumer,2022-09-20,2,3170.41,3280.28,271,1
CUST00658,Thomas,Sanchez,Female,35,thomas.sanchez658@example.com,San Jose,California,United States,Low,Consumer,2023-07-16,5,7637.79,8277.23,35,0
CUST00659,Gary,Pereira,Other,34,gary.pereira659@example.com,Boston,Massachusetts,United States,Upper-Middle,Consumer,2025-06-26,3,2333.19,2587.06,121,0
CUST00660,Justin,Muller,Female,44,justin.muller660@example.com,Athens,Georgia,United States,Low,Corporate,2024-11-19,0,0.0,0.0,9999,1
CUST00661,Ashley,Scott,Male,21,ashley.scott661@example.com,Flint,Michigan,United States,Low,Consumer,2019-11-13,3,5088.12,5208.47,26,0
CUST00662,Samuel,Hall,Male,41,samuel.hall662@example.com,San Francisco,California,United States,Middle,Home Office,2021-09-20,0,0.0,0.0,9999,1
CUST00663,Joshua,Nelson,Male,35,joshua.nelson663@example.com,Newark,New Jersey,United States,Lower-Middle,Small Business,2019-08-06,0,0.0,0.0,9999,1
CUST00664,Christopher,Torres,Other,30,christopher.torres664@example.com,Flint,Michigan,United States,Upper-Middle,Consumer,2025-01-17,3,1321.97,1438.39,78,0
CUST00665,Ryan,Campbell,Male,46,ryan.campbell665@example.com,Newark,New Jersey,United States,Upper-Middle,Consumer,2021-04-30,1,431.33,471.91,106,0
CUST00666,Hiroshi,Carter,Female,53,hiroshi.carter666@example.com,Denver,Colorado,United States,Upper-Middle,Consumer,2023-06-10,2,2186.3700000000003,2228.19,316,1
CUST00667,Amy,Moore,Female,54,amy.moore667@example.com,Austin,Texas,United States,Middle,Consumer,2022-04-10,2,8084.2699999999995,8747.56,966,1
CUST00668,Frank,Clark,Male,37,frank.clark668@example.com,Detroit,Michigan,United States,Middle,Small Business,2021-05-03,1,3751.11,4009.94,524,1
CUST00669,Eric,Lopez,Other,18,eric.lopez669@example.com,Macon,Georgia,United States,Lower-Middle,Corporate,2022-05-26,4,711.63,772.37,544,1
CUST00670,Kenneth,King,Other,23,kenneth.king670@example.com,Winston-Salem,North Carolina,United States,Middle,Consumer,2020-07-31,2,2751.88,3041.26,1139,1
CUST00671,Olivia,Ivanov,Female,44,olivia.ivanov671@example.com,Greensboro,North Carolina,United States,Upper-Middle,Home Office,2022-09-15,2,572.93,628.49,18,0
CUST00672,Sandra,Nguyen,Male,24,sandra.nguyen672@example.com,Miami,Florida,United States,Low,Corporate,2022-11-30,0,0.0,0.0,9999,1
CUST00673,Jessica,Clark,Female,41,jessica.clark673@example.com,Lowell,Massachusetts,United States,Middle,Consumer,2020-04-23,3,5602.62,6055.99,1278,1
CUST00674,Stephen,Ramirez,Other,18,stephen.ramirez674@example.com,San Francisco,California,United States,Lower-Middle,Home Office,2022-02-17,4,2512.7200000000003,2713.62,631,1
CUST00675,Michelle,Hill,Female,32,michelle.hill675@example.com,Winston-Salem,North Carolina,United States,Upper-Middle,Consumer,2023-05-26,0,0.0,0.0,9999,1
CUST00676,Kevin,Baker,Other,22,kevin.baker676@example.com,Akron,Ohio,United States,High,Home Office,2024-08-21,7,2826.77,3161.68,128,0
CUST00677,Matthew,Nelson,Other,45,matthew.nelson677@example.com,Aurora,Colorado,United States,Middle,Consumer,2019-11-10,5,13251.31,14956.43,117,0
CUST00678,Robert,Moore,Other,26,robert.moore678@example.com,Savannah,Georgia,United States,Middle,Home Office,2024-01-08,3,7878.59,8587.75,302,1
CUST00679,Hiroshi,Nelson,Prefer not to say,30,hiroshi.nelson679@example.com,Athens,Georgia,United States,High,Consumer,2022-11-26,3,1693.5,1771.69,292,1
CUST00680,Anna,Hill,Other,19,anna.hill680@example.com,Ann Arbor,Michigan,United States,Middle,Consumer,2024-03-07,4,2096.56,2097.93,169,0
CUST00681,Alexander,Nelson,Male,36,alexander.nelson681@example.com,Springfield,Massachusetts,United States,High,Consumer,2023-09-18,2,5787.16,6302.78,279,1
CUST00682,Patricia,Baker,Male,53,patricia.baker682@example.com,Akron,Ohio,United States,Middle,Consumer,2023-07-29,1,1319.61,1500.09,25,0
CUST00683,Katherine,Anderson,Other,41,katherine.anderson683@example.com,Aurora,Colorado,United States,Upper-Middle,Corporate,2023-03-03,4,5466.17,5824.23,838,1
CUST00684,Paul,Kumar,Male,34,paul.kumar684@example.com,San Antonio,Texas,United States,Middle,Home Office,2022-09-20,5,8406.460000000001,9147.15,11,0
CUST00685,Joshua,Ramirez,Male,41,joshua.ramirez685@example.com,Durham,North Carolina,United States,Lower-Middle,Home Office,2022-12-09,4,7026.48,7955.63,166,0
CUST00686,Tyler,Sanchez,Female,39,tyler.sanchez686@example.com,Newark,New Jersey,United States,Middle,Home Office,2023-05-20,4,8014.4,8700.46,279,1
CUST00687,Chen,Kowalski,Female,54,chen.kowalski687@example.com,Buffalo,New York,United States,High,Corporate,2020-06-12,4,9024.869999999999,9634.81,196,1
CUST00688,Eric,Flores,Male,29,eric.flores688@example.com,Springfield,Massachusetts,United States,Upper-Middle,Consumer,2022-10-10,3,4868.51,5085.21,37,0
CUST00689,Diego,Costa,Male,35,diego.costa689@example.com,Spokane,Washington,United States,Upper-Middle,Consumer,2022-10-25,4,4045.43,4100.03,217,1
CUST00690,Raymond,Costa,Female,30,raymond.costa690@example.com,Houston,Texas,United States,High,Corporate,2021-05-22,1,561.7,592.16,1854,1
CUST00691,Katherine,Lopez,Male,34,katherine.lopez691@example.com,Erie,Pennsylvania,United States,Lower-Middle,Home Office,2021-02-20,2,244.04,275.99,1669,1
CUST00692,Dennis,Flores,Prefer not to say,42,dennis.flores692@example.com,San Jose,California,United States,Upper-Middle,Corporate,2021-02-18,4,1333.44,1348.82,780,1
CUST00693,Anthony,Adams,Female,36,anthony.adams693@example.com,Orlando,Florida,United States,Lower-Middle,Consumer,2020-05-04,2,723.35,739.79,347,1
CUST00694,Jeffrey,Thomas,Male,31,jeffrey.thomas694@example.com,Springfield,Illinois,United States,Lower-Middle,Consumer,2021-03-07,6,5591.58,5628.37,70,0
CUST00695,Brandon,Silva,Other,55,brandon.silva695@example.com,Dallas,Texas,United States,Middle,Consumer,2022-09-08,6,3367.12,3613.37,73,0
CUST00696,Charles,Torres,Male,24,charles.torres696@example.com,Grand Rapids,Michigan,United States,Low,Corporate,2025-11-23,3,8471.22,9308.23,6,0
CUST00697,Carol,Pereira,Male,29,carol.pereira697@example.com,Atlanta,Georgia,United States,Low,Small Business,2025-02-23,1,71.02,80.88,182,1
CUST00698,Michael,Wilson,Male,26,michael.wilson698@example.com,Columbus,Ohio,United States,Middle,Consumer,2020-07-28,2,770.05,877.91,1325,1
CUST00699,Katherine,Wang,Female,34,katherine.wang699@example.com,Ann Arbor,Michigan,United States,Lower-Middle,Consumer,2020-02-01,3,1082.6599999999999,1242.59,506,1
CUST00700,Jerry,Souza,Other,45,jerry.souza700@example.com,San Antonio,Texas,United States,Lower-Middle,Home Office,2021-05-31,2,3559.47,4079.38,524,1
CUST00701,Sofia,Kim,Female,29,sofia.kim701@example.com,San Antonio,Texas,United States,Middle,Corporate,2021-03-27,4,1730.29,1912.41,46,0
CUST00702,Cynthia,Muller,Male,18,cynthia.muller702@example.com,Orlando,Florida,United States,Upper-Middle,Corporate,2021-01-03,4,8995.439999999999,9747.35,686,1
CUST00703,Li,Campbell,Other,56,li.campbell703@example.com,Cleveland,Ohio,United States,High,Consumer,2025-04-04,3,6783.5199999999995,7440.15,137,0
CUST00704,Aditya,Adams,Male,18,aditya.adams704@example.com,Athens,Georgia,United States,Low,Consumer,2022-10-14,0,0.0,0.0,9999,1
CUST00705,Jacob,Kim,Female,25,jacob.kim705@example.com,Colorado Springs,Colorado,United States,Upper-Middle,Corporate,2019-10-05,3,1138.3,1145.23,894,1
CUST00706,Thomas,Silva,Other,59,thomas.silva706@example.com,San Antonio,Texas,United States,Upper-Middle,Consumer,2022-08-04,2,413.93,437.87,81,0
CUST00707,Samuel,Martinez,Other,38,samuel.martinez707@example.com,Springfield,Massachusetts,United States,Middle,Corporate,2024-01-04,3,1410.8799999999999,1495.13,215,1
CUST00708,Donald,Young,Female,18,donald.young708@example.com,Raleigh,North Carolina,United States,Middle,Consumer,2026-06-19,3,2327.3900000000003,2516.93,1,0
CUST00709,Rahul,Reddy,Other,36,rahul.reddy709@example.com,Cambridge,Massachusetts,United States,Upper-Middle,Consumer,2026-01-08,0,0.0,0.0,9999,1
CUST00710,Donald,Thompson,Other,43,donald.thompson710@example.com,Seattle,Washington,United States,High,Corporate,2022-01-18,3,5227.53,5493.54,1133,1
CUST00711,Angela,Anderson,Female,30,angela.anderson711@example.com,Flint,Michigan,United States,Lower-Middle,Consumer,2022-07-08,5,3091.14,3238.58,620,1
CUST00712,Jeffrey,Thompson,Male,33,jeffrey.thompson712@example.com,Peoria,Illinois,United States,Middle,Corporate,2022-07-29,3,3484.9700000000003,3983.02,741,1
CUST00713,Katherine,Carter,Other,18,katherine.carter713@example.com,Erie,Pennsylvania,United States,Middle,Consumer,2024-06-15,3,1592.01,1654.42,523,1
CUST00714,Rahul,Moore,Other,40,rahul.moore714@example.com,Elizabeth,New Jersey,United States,Upper-Middle,Home Office,2025-02-22,6,16313.84,17374.31,32,0
CUST00715,Catherine,Martin,Female,28,catherine.martin715@example.com,Macon,Georgia,United States,Middle,Corporate,2026-02-10,3,3543.6099999999997,3704.92,12,0
CUST00716,Margaret,Clark,Female,44,margaret.clark716@example.com,Tacoma,Washington,United States,Middle,Small Business,2026-05-17,2,797.06,845.49,32,0
CUST00717,Joshua,Reddy,Male,23,joshua.reddy717@example.com,Mesa,Arizona,United States,Middle,Corporate,2024-01-01,3,7763.35,8112.54,25,0
CUST00718,Nicholas,Patel,Female,36,nicholas.patel718@example.com,Colorado Springs,Colorado,United States,Low,Small Business,2024-01-05,2,3824.79,4256.28,264,1
CUST00719,Michael,Smith,Female,32,michael.smith719@example.com,Chandler,Arizona,United States,Lower-Middle,Consumer,2019-12-31,6,10769.779999999999,11797.64,450,1
CUST00720,Patricia,Walker,Female,36,patricia.walker720@example.com,Akron,Ohio,United States,Middle,Corporate,2025-06-02,4,2439.9100000000003,2732.34,47,0
CUST00721,Stephanie,Carter,Male,32,stephanie.carter721@example.com,Akron,Ohio,United States,Middle,Consumer,2020-12-08,1,1713.6,1830.71,366,1
CUST00722,Matthew,Roberts,Female,40,matthew.roberts722@example.com,Aurora,Colorado,United States,Lower-Middle,Small Business,2021-12-29,1,462.02,526.4,1215,1
CUST00723,Gregory,Taylor,Male,31,gregory.taylor723@example.com,New York City,New York,United States,Middle,Consumer,2022-03-23,7,8918.68,9164.55,320,1
CUST00724,Yuki,Dubois,Male,25,yuki.dubois724@example.com,Bellevue,Washington,United States,Low,Corporate,2023-07-14,4,1083.9,1201.29,430,1
CUST00725,Rebecca,Zhang,Female,18,rebecca.zhang725@example.com,Elizabeth,New Jersey,United States,Middle,Consumer,2022-06-21,1,135.84,145.67,238,1
CUST00726,Jason,Wang,Male,33,jason.wang726@example.com,Cincinnati,Ohio,United States,Lower-Middle,Corporate,2020-02-21,3,13713.24,13952.57,64,0
CUST00727,Larry,Ivanov,Prefer not to say,56,larry.ivanov727@example.com,Colorado Springs,Colorado,United States,Upper-Middle,Consumer,2020-03-12,3,1772.6399999999999,1922.75,444,1
CUST00728,Mateo,Pereira,Male,47,mateo.pereira728@example.com,Ann Arbor,Michigan,United States,High,Corporate,2024-05-26,2,1769.73,2031.93,168,0
CUST00729,Maria,Mitchell,Female,42,maria.mitchell729@example.com,Fort Worth,Texas,United States,High,Consumer,2022-11-18,2,2771.93,3080.93,638,1
CUST00730,Jack,Andrade,Female,47,jack.andrade730@example.com,Aurora,Colorado,United States,Middle,Consumer,2025-08-02,3,599.94,603.77,152,0
CUST00731,Christine,Lopez,Other,34,christine.lopez731@example.com,Jacksonville,Florida,United States,Upper-Middle,Small Business,2023-01-28,4,1395.01,1558.18,87,0
CUST00732,Elizabeth,Pereira,Female,43,elizabeth.pereira732@example.com,Lowell,Massachusetts,United States,Middle,Small Business,2019-08-29,3,7659.16,7717.01,405,1
CUST00733,Brenda,Johnson,Other,28,brenda.johnson733@example.com,Athens,Georgia,United States,High,Corporate,2020-03-10,2,1250.7,1345.33,1703,1
CUST00734,Kevin,Singh,Female,26,kevin.singh734@example.com,Allentown,Pennsylvania,United States,Lower-Middle,Corporate,2020-11-13,1,926.03,936.15,891,1
CUST00735,Katherine,Hill,Female,46,katherine.hill735@example.com,Chandler,Arizona,United States,Low,Consumer,2021-11-29,1,903.95,952.33,1692,1
CUST00736,Nancy,Miller,Other,38,nancy.miller736@example.com,Tacoma,Washington,United States,Middle,Consumer,2019-10-20,5,7915.86,8865.29,425,1
CUST00737,David,Taylor,Female,34,david.taylor737@example.com,Charlotte,North Carolina,United States,Lower-Middle,Corporate,2020-07-11,3,2349.1,2613.72,1359,1
CUST00738,Emily,Allen,Other,40,emily.allen738@example.com,Los Angeles,California,United States,Lower-Middle,Corporate,2023-12-10,4,4605.94,4850.69,94,0
CUST00739,Karen,Wang,Female,43,karen.wang739@example.com,Pittsburgh,Pennsylvania,United States,Upper-Middle,Consumer,2024-10-11,6,5198.18,5429.89,14,0
CUST00740,Lisa,Andrade,Female,29,lisa.andrade740@example.com,Denver,Colorado,United States,High,Small Business,2023-04-18,3,7880.4,8569.25,286,1
CUST00741,Katherine,Martin,Female,52,katherine.martin741@example.com,Fort Collins,Colorado,United States,Upper-Middle,Consumer,2021-08-16,3,1423.43,1604.58,105,0
CUST00742,Jeffrey,Perez,Other,72,jeffrey.perez742@example.com,Fort Lauderdale,Florida,United States,Upper-Middle,Consumer,2023-02-15,1,1344.23,1404.52,513,1
CUST00743,Kimberly,Anderson,Female,29,kimberly.anderson743@example.com,San Francisco,California,United States,Middle,Consumer,2022-09-04,2,5096.49,5217.86,234,1
CUST00744,Dennis,Souza,Other,35,dennis.souza744@example.com,Jacksonville,Florida,United States,Upper-Middle,Consumer,2024-04-23,3,4186.97,4754.84,179,0
CUST00745,Charles,Andrade,Male,42,charles.andrade745@example.com,Fort Collins,Colorado,United States,Lower-Middle,Home Office,2022-03-19,4,3037.1400000000003,3208.05,276,1
CUST00746,Edward,Green,Male,54,edward.green746@example.com,Charlotte,North Carolina,United States,High,Corporate,2020-01-11,2,2774.28,3052.87,1015,1
CUST00747,Karan,Reddy,Female,39,karan.reddy747@example.com,Ann Arbor,Michigan,United States,Lower-Middle,Home Office,2021-05-19,5,4243.46,4403.36,55,0
CUST00748,Steven,Sharma,Other,44,steven.sharma748@example.com,Savannah,Georgia,United States,Middle,Home Office,2026-01-31,6,6479.77,6663.61,29,0
CUST00749,Anna,Baker,Female,41,anna.baker749@example.com,Spokane,Washington,United States,Middle,Corporate,2023-09-21,1,724.75,796.05,914,1
CUST00750,Vikram,Rodriguez,Male,27,vikram.rodriguez750@example.com,Sacramento,California,United States,Middle,Corporate,2022-05-02,5,3792.95,4006.0,7,0
CUST00751,Brian,Lewis,Female,24,brian.lewis751@example.com,Mesa,Arizona,United States,Lower-Middle,Consumer,2022-02-05,2,2475.71,2536.11,70,0
CUST00752,Barbara,Davis,Other,38,barbara.davis752@example.com,Grand Rapids,Michigan,United States,Middle,Corporate,2024-09-30,2,3558.2700000000004,3617.44,54,0
CUST00753,Jessica,Lopez,Male,37,jessica.lopez753@example.com,Boulder,Colorado,United States,Middle,Home Office,2026-04-03,1,153.16,158.69,65,0
CUST00754,Rachel,White,Other,38,rachel.white754@example.com,Newark,New Jersey,United States,Lower-Middle,Consumer,2023-01-27,1,63.27,66.15,256,1
CUST00755,Catherine,Martinez,Female,52,catherine.martinez755@example.com,Bellevue,Washington,United States,Upper-Middle,Corporate,2025-10-29,3,819.81,877.09,39,0
CUST00756,Gregory,Adams,Male,47,gregory.adams756@example.com,Springfield,Illinois,United States,Lower-Middle,Consumer,2025-05-25,2,966.36,1088.89,89,0
CUST00757,Deborah,Nelson,Female,18,deborah.nelson757@example.com,San Diego,California,United States,Lower-Middle,Consumer,2023-07-18,3,1490.1200000000001,1629.1,103,0
CUST00758,Mateo,Sanchez,Male,53,mateo.sanchez758@example.com,Lansing,Michigan,United States,Middle,Consumer,2025-09-21,1,231.6,235.2,42,0
CUST00759,Jonathan,Reddy,Other,33,jonathan.reddy759@example.com,Fort Lauderdale,Florida,United States,Lower-Middle,Consumer,2023-08-11,6,6804.54,7610.96,90,0
CUST00760,Kimberly,Wilson,Male,42,kimberly.wilson760@example.com,Los Angeles,California,United States,Middle,Consumer,2026-01-09,2,1388.87,1391.7,91,0
CUST00761,Laura,Williams,Male,49,laura.williams761@example.com,Paterson,New Jersey,United States,Middle,Consumer,2021-06-01,3,2525.88,2639.96,374,1
CUST00762,Robert,Roberts,Other,24,robert.roberts762@example.com,Springfield,Illinois,United States,Lower-Middle,Consumer,2021-04-22,7,6106.26,6590.75,168,0
CUST00763,James,Silva,Female,51,james.silva763@example.com,Scottsdale,Arizona,United States,Middle,Home Office,2023-07-03,3,3386.06,3758.17,454,1
CUST00764,Tyler,Rodriguez,Male,18,tyler.rodriguez764@example.com,Raleigh,North Carolina,United States,Middle,Corporate,2024-09-18,4,3651.3599999999997,3712.07,213,1
CUST00765,Tyler,Rossi,Other,49,tyler.rossi765@example.com,Fort Worth,Texas,United States,High,Consumer,2025-04-02,3,3610.5099999999998,3675.35,254,1
CUST00766,Alexander,Hill,Other,39,alexander.hill766@example.com,Columbus,Ohio,United States,High,Corporate,2023-11-09,1,94.98,108.5,881,1
CUST00767,George,Souza,Male,18,george.souza767@example.com,Aurora,Colorado,United States,Upper-Middle,Home Office,2024-05-19,3,4028.87,4522.73,94,0
CUST00768,Donna,Sanchez,Male,21,donna.sanchez768@example.com,Syracuse,New York,United States,High,Corporate,2019-11-06,2,544.0,553.3,506,1
CUST00769,Joshua,Roberts,Other,47,joshua.roberts769@example.com,Newark,New Jersey,United States,Middle,Consumer,2025-05-31,2,516.48,565.59,103,0
CUST00770,Yuki,Chen,Male,52,yuki.chen770@example.com,Tucson,Arizona,United States,Low,Consumer,2023-11-21,4,4872.17,5563.95,196,1
CUST00771,Justin,Walker,Male,18,justin.walker771@example.com,Athens,Georgia,United States,Upper-Middle,Corporate,2024-07-26,5,13503.11,15036.83,144,0
CUST00772,Gary,Souza,Male,38,gary.souza772@example.com,Fort Collins,Colorado,United States,Low,Consumer,2025-11-29,3,8093.69,8321.09,146,0
CUST00773,Victoria,Garcia,Male,35,victoria.garcia773@example.com,Columbus,Ohio,United States,Upper-Middle,Corporate,2025-12-20,5,2477.95,2831.32,103,0
CUST00774,Ryan,Souza,Male,30,ryan.souza774@example.com,Syracuse,New York,United States,High,Consumer,2020-08-10,2,377.64,433.29,225,1
CUST00775,Charles,Dubois,Female,18,charles.dubois775@example.com,Seattle,Washington,United States,High,Corporate,2024-11-17,2,5387.01,5902.36,276,1
CUST00776,Ashley,Taylor,Other,48,ashley.taylor776@example.com,San Francisco,California,United States,Low,Consumer,2023-08-12,6,7426.0,8254.81,142,0
CUST00777,Priya,Gonzalez,Male,30,priya.gonzalez777@example.com,Macon,Georgia,United States,Upper-Middle,Consumer,2023-07-13,2,781.6800000000001,815.25,214,1
CUST00778,Rahul,Wilson,Other,43,rahul.wilson778@example.com,San Antonio,Texas,United States,Upper-Middle,Consumer,2025-05-17,3,6516.599999999999,7238.75,52,0
CUST00779,Arjun,Sanchez,Other,48,arjun.sanchez779@example.com,Cincinnati,Ohio,United States,Middle,Consumer,2021-01-31,2,2797.3599999999997,2927.8,374,1
CUST00780,Alexander,Pereira,Male,48,alexander.pereira780@example.com,Rochester,New York,United States,Upper-Middle,Corporate,2021-07-10,7,6485.62,6531.49,138,0
CUST00781,Kevin,Rodriguez,Male,36,kevin.rodriguez781@example.com,Austin,Texas,United States,Upper-Middle,Consumer,2020-03-22,4,6828.4,7553.77,889,1
CUST00782,Melissa,Perez,Other,34,melissa.perez782@example.com,Savannah,Georgia,United States,Low,Consumer,2026-05-31,1,591.52,631.26,54,0
CUST00783,Karan,Carter,Prefer not to say,50,karan.carter783@example.com,Worcester,Massachusetts,United States,Low,Consumer,2021-11-25,4,6429.12,6481.05,34,0
CUST00784,James,Smith,Other,32,james.smith784@example.com,New York City,New York,United States,Middle,Home Office,2023-07-18,7,2956.27,3005.14,39,0
CUST00785,Rebecca,Muller,Male,34,rebecca.muller785@example.com,Tucson,Arizona,United States,Lower-Middle,Consumer,2026-04-15,4,9217.26,9554.43,1,0
CUST00786,Laura,Kumar,Other,56,laura.kumar786@example.com,Orlando,Florida,United States,Middle,Corporate,2022-12-13,1,143.32,147.22,444,1
CUST00787,Raymond,Ivanov,Other,45,raymond.ivanov787@example.com,Detroit,Michigan,United States,Upper-Middle,Consumer,2020-05-01,3,3220.34,3626.08,449,1
CUST00788,Rebecca,Smith,Male,34,rebecca.smith788@example.com,Raleigh,North Carolina,United States,Lower-Middle,Consumer,2021-11-01,3,2717.13,2869.18,486,1
CUST00789,Richard,Campbell,Other,63,richard.campbell789@example.com,Boulder,Colorado,United States,Lower-Middle,Home Office,2019-12-04,4,9065.5,9177.87,131,0
CUST00790,Catherine,Clark,Male,41,catherine.clark790@example.com,Chicago,Illinois,United States,Lower-Middle,Consumer,2022-03-08,1,682.8,732.87,1187,1
CUST00791,Karan,Muller,Male,28,karan.muller791@example.com,Savannah,Georgia,United States,Middle,Consumer,2024-02-12,2,2796.39,2865.66,320,1
CUST00792,Rachel,Campbell,Female,49,rachel.campbell792@example.com,Springfield,Illinois,United States,Lower-Middle,Corporate,2023-04-14,4,8055.21,8218.47,293,1
CUST00793,Yuki,Zhang,Other,35,yuki.zhang793@example.com,Los Angeles,California,United States,Low,Consumer,2025-03-16,4,3414.8999999999996,3681.84,92,0
CUST00794,Christopher,Brown,Male,43,christopher.brown794@example.com,Macon,Georgia,United States,Low,Consumer,2023-08-04,4,3232.21,3338.93,679,1
CUST00795,Jeffrey,Adams,Other,43,jeffrey.adams795@example.com,Cleveland,Ohio,United States,Middle,Consumer,2021-02-02,2,1168.1699999999998,1209.0,221,1
CUST00796,Tyler,Anderson,Male,48,tyler.anderson796@example.com,Pittsburgh,Pennsylvania,United States,Lower-Middle,Consumer,2020-02-27,3,612.52,662.41,280,1
CUST00797,Margaret,Carter,Male,24,margaret.carter797@example.com,Jersey City,New Jersey,United States,Middle,Consumer,2026-05-29,3,1689.7199999999998,1940.85,13,0
CUST00798,Yuki,Reddy,Other,26,yuki.reddy798@example.com,Buffalo,New York,United States,Middle,Consumer,2025-06-11,3,3104.92,3563.76,48,0
CUST00799,Sarah,Zhang,Other,45,sarah.zhang799@example.com,Tucson,Arizona,United States,Middle,Consumer,2024-04-29,2,2714.7799999999997,3120.16,182,1
CUST00800,Kevin,Taylor,Male,38,kevin.taylor800@example.com,San Jose,California,United States,Lower-Middle,Consumer,2025-06-21,4,3736.19,3771.93,19,0
CUST00801,Cynthia,Zhang,Female,52,cynthia.zhang801@example.com,Cleveland,Ohio,United States,Lower-Middle,Consumer,2020-01-30,3,979.3199999999999,1108.76,480,1
CUST00802,Christopher,Perez,Male,27,christopher.perez802@example.com,Flint,Michigan,United States,Low,Home Office,2025-02-24,3,4467.55,4839.81,46,0
CUST00803,Angela,Ramirez,Female,45,angela.ramirez803@example.com,Lansing,Michigan,United States,Lower-Middle,Corporate,2024-05-01,3,640.46,726.57,106,0
CUST00804,Diane,Young,Female,45,diane.young804@example.com,Tampa,Florida,United States,Middle,Home Office,2022-05-07,3,3038.2,3441.32,602,1
CUST00805,Justin,Martin,Male,22,justin.martin805@example.com,Elizabeth,New Jersey,United States,Middle,Consumer,2020-09-08,4,763.51,839.37,716,1
CUST00806,Amy,Kowalski,Other,41,amy.kowalski806@example.com,Sacramento,California,United States,Middle,Home Office,2026-05-04,1,4850.11,4928.52,24,0
CUST00807,Frank,Gonzalez,Male,21,frank.gonzalez807@example.com,Athens,Georgia,United States,Low,Home Office,2024-01-19,2,2525.9300000000003,2887.15,90,0
CUST00808,Janet,Kumar,Female,34,janet.kumar808@example.com,Orlando,Florida,United States,Lower-Middle,Corporate,2022-07-16,2,1664.12,1849.27,147,0
CUST00809,Barbara,Williams,Male,44,barbara.williams809@example.com,Augusta,Georgia,United States,Upper-Middle,Home Office,2021-10-24,2,6951.35,7574.79,824,1
CUST00810,Dennis,Brown,Male,33,dennis.brown810@example.com,Athens,Georgia,United States,Upper-Middle,Consumer,2022-05-06,4,5333.96,5806.96,627,1
CUST00811,Priya,Mitchell,Other,22,priya.mitchell811@example.com,Bellevue,Washington,United States,Middle,Home Office,2019-09-30,3,3624.14,4021.55,261,1
CUST00812,Elizabeth,Roberts,Other,51,elizabeth.roberts812@example.com,Trenton,New Jersey,United States,Low,Consumer,2026-05-21,4,5497.11,5994.37,14,0
CUST00813,Paul,Pereira,Other,47,paul.pereira813@example.com,Grand Rapids,Michigan,United States,Low,Home Office,2020-11-08,2,414.02,433.57,161,0
CUST00814,Diane,Davis,Male,36,diane.davis814@example.com,Durham,North Carolina,United States,Lower-Middle,Consumer,2024-04-05,4,9950.89,10871.66,45,0
CUST00815,Brandon,Garcia,Male,18,brandon.garcia815@example.com,Allentown,Pennsylvania,United States,Middle,Corporate,2024-02-19,1,1285.13,1475.4,778,1
CUST00816,Stephen,Clark,Male,32,stephen.clark816@example.com,Rochester,New York,United States,Middle,Corporate,2023-08-29,2,5413.21,5885.35,285,1
CUST00817,Diane,Clark,Female,41,diane.clark817@example.com,Worcester,Massachusetts,United States,Middle,Consumer,2022-02-09,5,4726.650000000001,4894.74,99,0
CUST00818,Alexander,Gupta,Male,34,alexander.gupta818@example.com,Chicago,Illinois,United States,Middle,Consumer,2023-05-03,6,4003.6400000000003,4375.8,499,1
CUST00819,Shirley,Andrade,Female,33,shirley.andrade819@example.com,Denver,Colorado,United States,Upper-Middle,Corporate,2019-10-24,4,4954.86,5675.2,649,1
CUST00820,Brenda,Nguyen,Female,67,brenda.nguyen820@example.com,Macon,Georgia,United States,Upper-Middle,Small Business,2024-12-11,4,6917.02,7797.6,24,0
CUST00821,Ananya,Rodriguez,Male,32,ananya.rodriguez821@example.com,Jacksonville,Florida,United States,Low,Home Office,2022-07-29,2,383.62,396.55,1013,1
CUST00822,Andrew,Martinez,Female,34,andrew.martinez822@example.com,Dallas,Texas,United States,Lower-Middle,Consumer,2020-11-14,3,1052.76,1138.53,128,0
CUST00823,Karen,Clark,Female,35,karen.clark823@example.com,Charlotte,North Carolina,United States,Middle,Corporate,2024-01-02,4,3555.8399999999997,3683.83,131,0
CUST00824,Camila,Taylor,Female,37,camila.taylor824@example.com,Augusta,Georgia,United States,Middle,Corporate,2022-01-21,4,4487.219999999999,4914.49,192,1
CUST00825,Donna,Harris,Male,20,donna.harris825@example.com,Houston,Texas,United States,Upper-Middle,Consumer,2020-11-25,4,2969.8900000000003,3139.6,630,1
CUST00826,Kevin,Kumar,Other,41,kevin.kumar826@example.com,Ann Arbor,Michigan,United States,Middle,Consumer,2024-03-22,3,3486.01,3641.65,108,0
CUST00827,Justin,Andrade,Female,44,justin.andrade827@example.com,Boulder,Colorado,United States,Middle,Corporate,2024-11-14,3,3064.17,3190.4,289,1
CUST00828,Hiroshi,Flores,Male,38,hiroshi.flores828@example.com,Rochester,New York,United States,Middle,Small Business,2021-09-18,6,13418.539999999999,14065.81,140,0
CUST00829,Joyce,Miller,Female,26,joyce.miller829@example.com,Rochester,New York,United States,Middle,Consumer,2020-08-06,3,2763.38,3101.42,343,1
CUST00830,Mateo,Lee,Prefer not to say,38,mateo.lee830@example.com,Chandler,Arizona,United States,Lower-Middle,Small Business,2025-07-21,6,3700.1600000000003,4166.82,1,0
CUST00831,Isha,Martin,Male,30,isha.martin831@example.com,Buffalo,New York,United States,Low,Consumer,2023-08-04,2,72.11,81.62,68,0
CUST00832,Thomas,Chen,Male,64,thomas.chen832@example.com,Naperville,Illinois,United States,Lower-Middle,Corporate,2021-12-18,1,3425.25,3473.13,353,1
CUST00833,Gregory,Green,Female,34,gregory.green833@example.com,Pittsburgh,Pennsylvania,United States,Middle,Small Business,2021-09-01,2,958.14,979.42,545,1
CUST00834,Brenda,Hill,Female,53,brenda.hill834@example.com,Houston,Texas,United States,High,Home Office,2022-08-30,3,11455.65,11740.71,429,1
CUST00835,Ryan,Green,Other,54,ryan.green835@example.com,New York City,New York,United States,Middle,Consumer,2021-05-08,1,922.16,993.41,799,1
CUST00836,Rachel,Nguyen,Other,33,rachel.nguyen836@example.com,Augusta,Georgia,United States,Middle,Home Office,2025-12-31,3,5978.45,6198.79,63,0
CUST00837,Jack,Chen,Other,19,jack.chen837@example.com,Philadelphia,Pennsylvania,United States,Middle,Consumer,2021-11-28,3,1130.78,1260.38,421,1
CUST00838,Carolyn,Anderson,Female,42,carolyn.anderson838@example.com,Chicago,Illinois,United States,Middle,Consumer,2020-02-27,1,557.5,633.23,986,1
CUST00839,Amanda,Lopez,Other,42,amanda.lopez839@example.com,Philadelphia,Pennsylvania,United States,Middle,Corporate,2025-08-26,6,5581.5599999999995,6261.68,7,0
CUST00840,Mark,Scott,Male,40,mark.scott840@example.com,Miami,Florida,United States,Middle,Consumer,2026-02-20,6,4472.75,4744.72,15,0
CUST00841,Gregory,Lopez,Male,33,gregory.lopez841@example.com,Greensboro,North Carolina,United States,Middle,Corporate,2025-10-17,2,1032.68,1103.44,42,0
CUST00842,Nicholas,Davis,Female,20,nicholas.davis842@example.com,Trenton,New Jersey,United States,Lower-Middle,Home Office,2019-10-10,3,1499.63,1508.77,978,1
CUST00843,Melissa,Roberts,Female,52,melissa.roberts843@example.com,Philadelphia,Pennsylvania,United States,Lower-Middle,Consumer,2024-01-12,2,8340.82,8467.34,388,1
CUST00844,Laura,Lopez,Other,26,laura.lopez844@example.com,Jacksonville,Florida,United States,High,Home Office,2025-10-01,4,7066.049999999999,7739.18,46,0
CUST00845,Andrew,Lee,Other,20,andrew.lee845@example.com,Cambridge,Massachusetts,United States,Upper-Middle,Consumer,2024-02-07,5,2658.08,2711.88,133,0
CUST00846,Justin,Lopez,Female,49,justin.lopez846@example.com,Buffalo,New York,United States,Middle,Home Office,2020-05-26,2,810.1700000000001,888.76,247,1
CUST00847,Kevin,Rodriguez,Female,53,kevin.rodriguez847@example.com,Elizabeth,New Jersey,United States,Low,Consumer,2019-07-27,4,3610.5,3768.62,1107,1
CUST00848,Sofia,Wright,Other,18,sofia.wright848@example.com,Cleveland,Ohio,United States,Middle,Corporate,2020-07-29,7,13193.96,15002.07,322,1
CUST00849,Sofia,Moore,Female,33,sofia.moore849@example.com,Orlando,Florida,United States,Lower-Middle,Consumer,2021-10-10,7,9901.84,10669.4,290,1
CUST00850,Neha,Hill,Female,66,neha.hill850@example.com,Boulder,Colorado,United States,Middle,Corporate,2025-02-22,1,1399.3,1493.75,113,0
CUST00851,Mark,Brown,Male,38,mark.brown851@example.com,Boston,Massachusetts,United States,Lower-Middle,Small Business,2024-12-21,2,7411.84,7632.67,223,1
CUST00852,Vikram,Muller,Female,18,vikram.muller852@example.com,Austin,Texas,United States,Lower-Middle,Small Business,2023-02-02,3,1121.21,1279.52,241,1
CUST00853,Rachel,Young,Female,36,rachel.young853@example.com,Los Angeles,California,United States,Middle,Small Business,2024-04-16,6,2600.7400000000002,2930.27,57,0
CUST00854,Katherine,Campbell,Other,59,katherine.campbell854@example.com,Lansing,Michigan,United States,Middle,Consumer,2024-05-25,5,2840.96,2998.96,39,0
CUST00855,Alexander,Muller,Female,27,alexander.muller855@example.com,Phoenix,Arizona,United States,Middle,Corporate,2023-08-16,1,2471.08,2683.78,885,1
CUST00856,Karan,King,Male,39,karan.king856@example.com,Syracuse,New York,United States,Lower-Middle,Consumer,2019-08-16,6,2323.54,2498.4,757,1
CUST00857,Janet,Moore,Male,40,janet.moore857@example.com,Pittsburgh,Pennsylvania,United States,Lower-Middle,Consumer,2025-01-23,3,2503.73,2856.16,259,1
CUST00858,Li,Rivera,Female,43,li.rivera858@example.com,San Diego,California,United States,Middle,Small Business,2023-03-02,3,5130.299999999999,5826.92,435,1
CUST00859,Nicholas,Harris,Male,40,nicholas.harris859@example.com,Worcester,Massachusetts,United States,Middle,Consumer,2024-07-10,3,1911.1100000000001,1948.74,149,0
CUST00860,Dorothy,Green,Female,50,dorothy.green860@example.com,Aurora,Colorado,United States,Middle,Corporate,2022-07-14,1,54.0,61.42,1242,1
CUST00861,Richard,Souza,Male,24,richard.souza861@example.com,Ann Arbor,Michigan,United States,Low,Consumer,2019-09-08,2,1119.8,1152.99,923,1
CUST00862,Melissa,Dubois,Male,35,melissa.dubois862@example.com,Cincinnati,Ohio,United States,Lower-Middle,Consumer,2026-04-09,4,1972.19,2244.11,68,0
CUST00863,Mark,Harris,Other,31,mark.harris863@example.com,Lowell,Massachusetts,United States,Middle,Small Business,2021-05-20,3,8609.460000000001,9786.88,517,1
CUST00864,Karan,Souza,Other,39,karan.souza864@example.com,Chandler,Arizona,United States,Upper-Middle,Consumer,2023-03-13,2,3904.07,4004.1,302,1
CUST00865,Ryan,Martinez,Male,33,ryan.martinez865@example.com,Dallas,Texas,United States,Middle,Consumer,2021-02-26,7,7093.57,7804.37,287,1
CUST00866,George,Moore,Other,48,george.moore866@example.com,Fort Collins,Colorado,United States,Middle,Small Business,2023-05-15,3,970.85,1012.58,316,1
CUST00867,Daniel,Hill,Male,33,daniel.hill867@example.com,Los Angeles,California,United States,Lower-Middle,Corporate,2021-07-21,7,5726.950000000001,5872.94,371,1
CUST00868,Janet,Robinson,Male,49,janet.robinson868@example.com,Springfield,Illinois,United States,Lower-Middle,Consumer,2022-07-07,2,1964.5900000000001,2165.84,123,0
CUST00869,Janet,Anderson,Female,19,janet.anderson869@example.com,Houston,Texas,United States,Upper-Middle,Consumer,2022-08-07,2,797.4300000000001,880.16,741,1
CUST00870,Susan,Jones,Other,31,susan.jones870@example.com,Lowell,Massachusetts,United States,Low,Consumer,2024-04-03,3,502.46,527.0,337,1
CUST00871,Steven,Garcia,Other,42,steven.garcia871@example.com,Austin,Texas,United States,Low,Consumer,2025-06-18,1,88.92,96.99,282,1
CUST00872,Jessica,Clark,Male,42,jessica.clark872@example.com,Grand Rapids,Michigan,United States,Middle,Consumer,2023-07-22,1,50.21,52.22,17,0
CUST00873,Charles,Scott,Female,22,charles.scott873@example.com,Ann Arbor,Michigan,United States,Lower-Middle,Consumer,2020-10-28,4,634.8299999999999,700.63,738,1
CUST00874,Jack,Walker,Male,18,jack.walker874@example.com,Winston-Salem,North Carolina,United States,Low,Corporate,2021-01-16,1,49.82,55.53,1375,1
CUST00875,Mary,Andrade,Female,18,mary.andrade875@example.com,Orlando,Florida,United States,Lower-Middle,Home Office,2019-09-12,2,4439.9,4702.05,392,1
CUST00876,James,Gonzalez,Other,37,james.gonzalez876@example.com,Jersey City,New Jersey,United States,Upper-Middle,Consumer,2021-01-18,1,952.45,991.86,1311,1
CUST00877,Frank,White,Male,60,frank.white877@example.com,Atlanta,Georgia,United States,Upper-Middle,Small Business,2024-10-13,2,2282.37,2333.7,391,1
CUST00878,Jason,Ramirez,Female,23,jason.ramirez878@example.com,Raleigh,North Carolina,United States,Lower-Middle,Small Business,2019-08-22,5,8035.580000000001,9213.57,28,0
CUST00879,Jessica,Kim,Male,18,jessica.kim879@example.com,Fort Worth,Texas,United States,Middle,Consumer,2021-01-21,5,6307.03,6964.17,176,0
CUST00880,Andrew,Garcia,Female,20,andrew.garcia880@example.com,Austin,Texas,United States,Lower-Middle,Consumer,2020-10-06,2,2546.74,2656.43,220,1
CUST00881,Katherine,Flores,Male,36,katherine.flores881@example.com,Bellevue,Washington,United States,Middle,Consumer,2023-04-19,2,2185.42,2257.67,685,1
CUST00882,Meera,Gupta,Female,37,meera.gupta882@example.com,Miami,Florida,United States,High,Consumer,2026-04-28,3,1942.67,2167.36,20,0
CUST00883,Mary,Dubois,Female,48,mary.dubois883@example.com,Seattle,Washington,United States,Middle,Corporate,2021-06-23,5,4847.1,5365.65,109,0
CUST00884,David,Thomas,Female,46,david.thomas884@example.com,Albany,New York,United States,Middle,Small Business,2022-09-05,3,6674.52,7012.47,110,0
CUST00885,Diane,Perez,Male,34,diane.perez885@example.com,Austin,Texas,United States,Lower-Middle,Corporate,2020-07-06,7,12212.6,13620.34,324,1
CUST00886,Stephanie,Thomas,Other,50,stephanie.thomas886@example.com,Jacksonville,Florida,United States,Middle,Home Office,2023-01-16,4,3536.25,3829.88,129,0
CUST00887,Joyce,Wright,Female,37,joyce.wright887@example.com,Cambridge,Massachusetts,United States,Middle,Corporate,2022-11-13,3,2930.45,3226.51,101,0
CUST00888,Stephanie,Dubois,Male,33,stephanie.dubois888@example.com,Durham,North Carolina,United States,Upper-Middle,Consumer,2021-05-31,6,8787.01,8793.06,312,1
CUST00889,Steven,Dubois,Other,37,steven.dubois889@example.com,Savannah,Georgia,United States,High,Consumer,2025-01-07,3,373.61,379.47,18,0
CUST00890,Diane,Miller,Female,59,diane.miller890@example.com,Denver,Colorado,United States,Middle,Small Business,2026-03-18,8,8141.169999999999,9231.97,40,0
CUST00891,Edward,Adams,Other,58,edward.adams891@example.com,Rochester,New York,United States,Middle,Home Office,2020-05-26,0,0.0,0.0,9999,1
CUST00892,Catherine,Costa,Female,41,catherine.costa892@example.com,Cambridge,Massachusetts,United States,Lower-Middle,Corporate,2024-11-25,0,0.0,0.0,9999,1
CUST00893,Angela,Kowalski,Female,36,angela.kowalski893@example.com,Rockford,Illinois,United States,Upper-Middle,Consumer,2019-09-21,0,0.0,0.0,9999,1
CUST00894,John,Jones,Female,50,john.jones894@example.com,Columbus,Ohio,United States,Middle,Home Office,2020-09-18,8,7947.35,8214.7,615,1
CUST00895,Jeffrey,Zhang,Male,37,jeffrey.zhang895@example.com,Los Angeles,California,United States,Middle,Home Office,2024-09-11,4,3740.36,3829.6,116,0
CUST00896,Joshua,Perez,Male,18,joshua.perez896@example.com,Athens,Georgia,United States,Lower-Middle,Consumer,2023-04-06,6,7598.23,7784.26,287,1
CUST00897,Jerry,Anderson,Other,41,jerry.anderson897@example.com,Lansing,Michigan,United States,Middle,Consumer,2024-01-18,1,1535.83,1739.14,428,1
CUST00898,Amy,Muller,Other,30,amy.muller898@example.com,Raleigh,North Carolina,United States,Low,Consumer,2022-01-23,1,46.59,53.0,682,1
CUST00899,Justin,Carter,Prefer not to say,44,justin.carter899@example.com,Ann Arbor,Michigan,United States,Upper-Middle,Consumer,2019-10-05,1,52.95,56.13,1955,1
CUST00900,Linda,Brown,Male,35,linda.brown900@example.com,Detroit,Michigan,United States,Upper-Middle,Consumer,2024-06-03,2,1111.69,1224.97,210,1
CUST00901,Diane,Brown,Female,39,diane.brown901@example.com,Springfield,Massachusetts,United States,Low,Consumer,2023-10-13,1,283.09,317.79,559,1
CUST00902,Amanda,Kumar,Other,30,amanda.kumar902@example.com,Philadelphia,Pennsylvania,United States,Lower-Middle,Consumer,2020-06-27,3,168.61,193.58,742,1
CUST00903,Michelle,Hernandez,Female,36,michelle.hernandez903@example.com,Newark,New Jersey,United States,Lower-Middle,Consumer,2025-06-01,0,0.0,0.0,9999,1
CUST00904,Brenda,Adams,Other,29,brenda.adams904@example.com,Sacramento,California,United States,Upper-Middle,Corporate,2020-12-29,2,1465.61,1628.49,388,1
CUST00905,Chen,Singh,Other,41,chen.singh905@example.com,Chicago,Illinois,United States,Middle,Consumer,2024-09-03,4,5395.070000000001,6159.0,142,0
CUST00906,Kenneth,Carter,Female,36,kenneth.carter906@example.com,Lansing,Michigan,United States,Middle,Home Office,2019-08-05,5,5537.13,6077.58,530,1
CUST00907,Richard,Clark,Other,50,richard.clark907@example.com,Erie,Pennsylvania,United States,Upper-Middle,Corporate,2025-07-19,1,50.51,50.76,291,1
CUST00908,Nancy,Hill,Male,41,nancy.hill908@example.com,Erie,Pennsylvania,United States,Middle,Home Office,2024-12-09,6,6905.08,7574.19,206,1
CUST00909,Victoria,Martinez,Male,44,victoria.martinez909@example.com,Boulder,Colorado,United States,Lower-Middle,Consumer,2021-02-25,2,1377.57,1492.68,92,0
CUST00910,Larry,Patel,Other,34,larry.patel910@example.com,Worcester,Massachusetts,United States,Upper-Middle,Consumer,2024-08-31,4,2916.59,3173.09,7,0
CUST00911,Karan,Gonzalez,Female,31,karan.gonzalez911@example.com,Ann Arbor,Michigan,United States,Low,Home Office,2022-10-14,1,889.88,895.68,1381,1
CUST00912,Amy,Gupta,Male,39,amy.gupta912@example.com,Tampa,Florida,United States,Middle,Consumer,2020-12-02,0,0.0,0.0,9999,1
CUST00913,Arjun,Hill,Female,42,arjun.hill913@example.com,Akron,Ohio,United States,Lower-Middle,Consumer,2026-06-04,2,1218.18,1264.03,12,0
CUST00914,Brandon,Silva,Male,36,brandon.silva914@example.com,Macon,Georgia,United States,Upper-Middle,Corporate,2022-01-06,3,1017.09,1076.89,1073,1
CUST00915,Anna,White,Male,34,anna.white915@example.com,Lansing,Michigan,United States,Middle,Home Office,2024-03-20,4,7845.57,8943.26,12,0
CUST00916,Diego,Kim,Other,39,diego.kim916@example.com,Rockford,Illinois,United States,Upper-Middle,Small Business,2022-11-19,2,6503.469999999999,6994.26,284,1
CUST00917,Camila,Davis,Female,34,camila.davis917@example.com,Raleigh,North Carolina,United States,Middle,Consumer,2025-02-25,3,950.44,971.57,115,0
CUST00918,Dennis,Hill,Female,40,dennis.hill918@example.com,Fort Collins,Colorado,United States,Lower-Middle,Home Office,2020-11-13,1,1136.94,1248.14,133,0
CUST00919,William,Clark,Female,44,william.clark919@example.com,Fort Collins,Colorado,United States,Upper-Middle,Corporate,2021-01-17,4,1177.79,1213.18,403,1
CUST00920,Steven,Walker,Male,35,steven.walker920@example.com,Cleveland,Ohio,United States,Lower-Middle,Consumer,2020-10-20,4,3563.69,4029.42,657,1
CUST00921,Arjun,Flores,Other,39,arjun.flores921@example.com,Athens,Georgia,United States,High,Consumer,2025-07-31,4,9369.27,10389.82,139,0
CUST00922,Chen,Jones,Female,20,chen.jones922@example.com,Orlando,Florida,United States,Lower-Middle,Consumer,2023-05-13,3,6110.379999999999,6309.15,130,0
CUST00923,Arjun,Scott,Male,29,arjun.scott923@example.com,Everett,Washington,United States,Middle,Consumer,2019-08-02,2,5145.299999999999,5649.73,1422,1
CUST00924,Heather,Dubois,Male,48,heather.dubois924@example.com,Boston,Massachusetts,United States,Upper-Middle,Consumer,2024-09-17,1,160.95,181.61,61,0
CUST00925,Scott,Hill,Female,40,scott.hill925@example.com,Denver,Colorado,United States,Upper-Middle,Corporate,2024-04-30,1,518.03,570.04,361,1
CUST00926,Yuki,Lopez,Male,30,yuki.lopez926@example.com,Cleveland,Ohio,United States,Lower-Middle,Corporate,2023-05-01,3,3565.12,3761.02,670,1
CUST00927,Camila,Thomas,Other,28,camila.thomas927@example.com,Winston-Salem,North Carolina,United States,Lower-Middle,Home Office,2020-01-13,2,3483.44,3983.8,1066,1
CUST00928,Donald,Thomas,Female,48,donald.thomas928@example.com,Springfield,Massachusetts,United States,Upper-Middle,Corporate,2022-01-14,2,1590.0500000000002,1591.74,33,0
CUST00929,Ananya,Walker,Male,52,ananya.walker929@example.com,Paterson,New Jersey,United States,Lower-Middle,Consumer,2026-06-16,4,1542.88,1560.27,13,0
CUST00930,Emily,Chen,Other,34,emily.chen930@example.com,Cincinnati,Ohio,United States,Low,Consumer,2022-10-01,2,131.79,137.63,210,1
CUST00931,Frank,Anderson,Female,36,frank.anderson931@example.com,Reading,Pennsylvania,United States,Middle,Consumer,2023-03-03,3,5331.6,5614.98,148,0
CUST00932,Emily,Jackson,Other,33,emily.jackson932@example.com,Erie,Pennsylvania,United States,Middle,Consumer,2022-08-29,2,4373.26,4789.39,224,1
CUST00933,Rachel,Jones,Other,34,rachel.jones933@example.com,Denver,Colorado,United States,High,Corporate,2023-06-02,1,1509.6,1594.53,657,1
CUST00934,Steven,Roberts,Other,55,steven.roberts934@example.com,Naperville,Illinois,United States,Lower-Middle,Home Office,2019-09-27,2,404.75,450.07,430,1
CUST00935,Meera,Chen,Female,47,meera.chen935@example.com,Columbus,Ohio,United States,High,Small Business,2025-03-01,1,600.05,623.4,317,1
CUST00936,Joshua,Lopez,Female,40,joshua.lopez936@example.com,Jersey City,New Jersey,United States,Lower-Middle,Home Office,2020-09-05,3,6295.37,6435.61,1127,1
CUST00937,Sofia,Chen,Other,50,sofia.chen937@example.com,Tacoma,Washington,United States,Middle,Consumer,2022-11-22,2,3021.4700000000003,3303.21,56,0
CUST00938,Aditya,Hernandez,Female,31,aditya.hernandez938@example.com,Fort Collins,Colorado,United States,Upper-Middle,Small Business,2023-12-28,6,10379.85,10705.59,512,1
CUST00939,Kevin,Gupta,Male,46,kevin.gupta939@example.com,Newark,New Jersey,United States,Middle,Consumer,2020-02-25,4,1189.65,1250.3,673,1
CUST00940,Amanda,Singh,Other,33,amanda.singh940@example.com,Flint,Michigan,United States,Lower-Middle,Corporate,2026-03-25,3,12327.59,12510.27,38,0
CUST00941,Jerry,Miller,Other,37,jerry.miller941@example.com,Spokane,Washington,United States,Middle,Corporate,2025-06-01,4,12623.75,14304.95,100,0
CUST00942,James,Patel,Female,21,james.patel942@example.com,Tampa,Florida,United States,Middle,Consumer,2021-07-01,3,5367.88,5477.93,666,1
CUST00943,Ashley,Costa,Other,24,ashley.costa943@example.com,Tucson,Arizona,United States,Middle,Home Office,2022-03-28,3,7047.15,7904.98,128,0
CUST00944,Kenneth,Wang,Prefer not to say,47,kenneth.wang944@example.com,Savannah,Georgia,United States,Lower-Middle,Corporate,2019-11-20,4,8764.23,8978.65,617,1
CUST00945,Neha,Adams,Male,38,neha.adams945@example.com,Springfield,Massachusetts,United States,Low,Consumer,2022-02-05,6,11695.05,12528.06,323,1
CUST00946,Ronald,Carter,Male,48,ronald.carter946@example.com,Boulder,Colorado,United States,Low,Consumer,2026-01-14,1,87.95,94.06,24,0
CUST00947,Stephen,Robinson,Female,19,stephen.robinson947@example.com,Newark,New Jersey,United States,Lower-Middle,Corporate,2025-02-13,1,372.49,404.43,68,0
CUST00948,Nancy,Miller,Female,18,nancy.miller948@example.com,Akron,Ohio,United States,Middle,Consumer,2020-10-09,3,2127.5099999999998,2155.48,16,0
CUST00949,Melissa,Perez,Male,19,melissa.perez949@example.com,Detroit,Michigan,United States,Upper-Middle,Consumer,2024-03-11,4,803.39,872.0,269,1
CUST00950,Sofia,Zhang,Male,56,sofia.zhang950@example.com,Fort Collins,Colorado,United States,Lower-Middle,Consumer,2020-10-30,3,10677.82,10741.7,1143,1
CUST00951,Aditya,Wright,Female,30,aditya.wright951@example.com,Peoria,Illinois,United States,Lower-Middle,Home Office,2026-01-08,3,7574.009999999999,8688.26,90,0
CUST00952,Katherine,Ramirez,Other,37,katherine.ramirez952@example.com,Aurora,Colorado,United States,Middle,Consumer,2022-06-08,8,6917.4400000000005,7680.91,36,0
CUST00953,Timothy,Jackson,Female,27,timothy.jackson953@example.com,San Diego,California,United States,Lower-Middle,Consumer,2023-08-07,1,79.96,89.01,485,1
CUST00954,Ashley,Mitchell,Male,25,ashley.mitchell954@example.com,Lansing,Michigan,United States,Low,Consumer,2022-03-21,2,280.95,290.82,132,0
CUST00955,Dorothy,Sharma,Other,35,dorothy.sharma955@example.com,Spokane,Washington,United States,Middle,Consumer,2023-01-27,3,6530.049999999999,7256.88,214,1
CUST00956,Katherine,Allen,Other,27,katherine.allen956@example.com,Houston,Texas,United States,Low,Consumer,2023-08-05,1,36.67,37.11,274,1
CUST00957,Donald,Muller,Other,51,donald.muller957@example.com,Trenton,New Jersey,United States,High,Small Business,2019-06-24,4,9071.93,9421.95,101,0
CUST00958,Katherine,Garcia,Other,27,katherine.garcia958@example.com,San Diego,California,United States,Middle,Consumer,2020-07-22,0,0.0,0.0,9999,1
CUST00959,Ronald,Mitchell,Male,39,ronald.mitchell959@example.com,Syracuse,New York,United States,Middle,Consumer,2023-04-03,1,71.55,72.01,411,1
CUST00960,Shirley,Ivanov,Female,28,shirley.ivanov960@example.com,Trenton,New Jersey,United States,Lower-Middle,Consumer,2022-06-26,2,2660.95,2787.05,1137,1
CUST00961,Eric,Reddy,Male,18,eric.reddy961@example.com,Rochester,New York,United States,Lower-Middle,Small Business,2021-03-14,6,5746.17,5840.07,463,1
CUST00962,Gary,Scott,Female,37,gary.scott962@example.com,Mesa,Arizona,United States,Lower-Middle,Home Office,2023-07-15,5,8283.79,8483.64,357,1
CUST00963,Christine,King,Female,47,christine.king963@example.com,Durham,North Carolina,United States,Upper-Middle,Consumer,2019-09-19,1,17.06,18.32,1544,1
CUST00964,Angela,Martin,Male,25,angela.martin964@example.com,Greensboro,North Carolina,United States,Lower-Middle,Consumer,2023-04-19,5,10163.86,10510.73,141,0
CUST00965,Lisa,Jones,Male,18,lisa.jones965@example.com,Augusta,Georgia,United States,Upper-Middle,Consumer,2021-09-08,1,78.36,79.92,1240,1
CUST00966,Hiroshi,Ivanov,Female,45,hiroshi.ivanov966@example.com,Sacramento,California,United States,High,Corporate,2022-05-06,1,431.95,438.29,151,0
CUST00967,Ryan,Ivanov,Male,28,ryan.ivanov967@example.com,Dallas,Texas,United States,Lower-Middle,Consumer,2025-12-23,4,6093.29,6368.43,86,0
CUST00968,Andrew,White,Other,20,andrew.white968@example.com,Colorado Springs,Colorado,United States,Middle,Consumer,2026-02-10,0,0.0,0.0,9999,1
CUST00969,Hiroshi,Ramirez,Other,60,hiroshi.ramirez969@example.com,Detroit,Michigan,United States,Upper-Middle,Consumer,2024-06-18,3,761.8399999999999,767.92,73,0
CUST00970,Sofia,Martinez,Other,39,sofia.martinez970@example.com,Jacksonville,Florida,United States,Low,Consumer,2025-01-17,2,665.0,703.74,49,0
CUST00971,Andrew,Thomas,Other,68,andrew.thomas971@example.com,Cincinnati,Ohio,United States,High,Consumer,2025-12-29,3,6622.77,7053.89,50,0
CUST00972,Dorothy,Martin,Female,47,dorothy.martin972@example.com,Los Angeles,California,United States,Upper-Middle,Corporate,2022-11-06,0,0.0,0.0,9999,1
CUST00973,Ryan,Wright,Female,18,ryan.wright973@example.com,Detroit,Michigan,United States,High,Corporate,2024-04-28,1,600.41,623.75,626,1
CUST00974,Laura,Adams,Male,30,laura.adams974@example.com,Chandler,Arizona,United States,Lower-Middle,Consumer,2024-06-01,1,168.64,178.84,193,1
CUST00975,Rachel,Torres,Other,47,rachel.torres975@example.com,Philadelphia,Pennsylvania,United States,Low,Small Business,2021-10-29,3,7175.38,7264.02,788,1
CUST00976,Edward,Lopez,Male,24,edward.lopez976@example.com,Cincinnati,Ohio,United States,Lower-Middle,Home Office,2021-04-14,2,1388.81,1413.81,746,1
CUST00977,Stephanie,Lopez,Male,39,stephanie.lopez977@example.com,San Francisco,California,United States,Middle,Consumer,2020-10-02,4,2889.7799999999997,3172.26,112,0
CUST00978,Rachel,Martin,Prefer not to say,44,rachel.martin978@example.com,Austin,Texas,United States,Middle,Consumer,2019-12-01,4,4663.42,4782.28,687,1
CUST00979,Ananya,Flores,Male,24,ananya.flores979@example.com,Elizabeth,New Jersey,United States,Middle,Consumer,2022-05-12,1,3215.51,3310.02,370,1
CUST00980,Melissa,Silva,Female,50,melissa.silva980@example.com,Jacksonville,Florida,United States,Upper-Middle,Consumer,2025-04-12,2,173.7,193.37,111,0
CUST00981,Olivia,Gupta,Female,26,olivia.gupta981@example.com,San Antonio,Texas,United States,Middle,Consumer,2022-02-22,3,5071.0,5317.75,691,1
CUST00982,Jason,Lopez,Female,50,jason.lopez982@example.com,San Jose,California,United States,High,Corporate,2020-05-22,3,2882.94,3095.24,274,1
CUST00983,Rachel,Martin,Other,46,rachel.martin983@example.com,Paterson,New Jersey,United States,Middle,Consumer,2024-03-07,5,3618.06,4144.3,52,0
CUST00984,Donna,Kim,Female,29,donna.kim984@example.com,Columbus,Ohio,United States,Lower-Middle,Small Business,2022-02-12,1,209.15,224.94,506,1
CUST00985,Alexander,Hill,Other,44,alexander.hill985@example.com,Colorado Springs,Colorado,United States,Middle,Corporate,2024-04-29,4,8909.54,9435.36,26,0
CUST00986,Emma,Martinez,Other,18,emma.martinez986@example.com,Newark,New Jersey,United States,Lower-Middle,Consumer,2021-03-15,4,3867.93,4111.47,842,1
CUST00987,Richard,Kim,Female,46,richard.kim987@example.com,Everett,Washington,United States,Middle,Corporate,2021-06-02,4,5392.12,5847.79,546,1
CUST00988,Joyce,Kowalski,Other,41,joyce.kowalski988@example.com,Los Angeles,California,United States,Middle,Consumer,2023-06-05,4,9659.28,10678.13,2,0
CUST00989,Lisa,Sharma,Female,28,lisa.sharma989@example.com,Los Angeles,California,United States,Upper-Middle,Consumer,2021-09-17,5,1835.05,2016.89,853,1
CUST00990,Justin,Zhang,Other,38,justin.zhang990@example.com,Cambridge,Massachusetts,United States,Upper-Middle,Consumer,2022-11-22,1,25.36,27.85,238,1
CUST00991,Sofia,White,Male,33,sofia.white991@example.com,Orlando,Florida,United States,Upper-Middle,Corporate,2022-06-25,2,2633.13,2762.37,99,0
CUST00992,Wei,Wilson,Male,49,wei.wilson992@example.com,Akron,Ohio,United States,Low,Consumer,2020-12-15,2,3393.1,3893.08,40,0
CUST00993,Nancy,Rossi,Other,38,nancy.rossi993@example.com,Athens,Georgia,United States,High,Corporate,2023-03-30,1,393.35,412.12,508,1
CUST00994,Angela,Hill,Female,26,angela.hill994@example.com,Flint,Michigan,United States,Middle,Small Business,2022-05-04,0,0.0,0.0,9999,1
CUST00995,Carolyn,Sharma,Male,47,carolyn.sharma995@example.com,Springfield,Massachusetts,United States,Lower-Middle,Consumer,2024-05-22,3,2315.87,2471.99,353,1
CUST00996,Joseph,Williams,Male,46,joseph.williams996@example.com,Tucson,Arizona,United States,Lower-Middle,Corporate,2023-12-28,4,3704.1400000000003,3733.53,81,0
CUST00997,Samuel,Walker,Male,32,samuel.walker997@example.com,Akron,Ohio,United States,Low,Home Office,2019-11-22,1,165.36,189.74,60,0
CUST00998,Charles,Muller,Male,45,charles.muller998@example.com,Columbus,Ohio,United States,Lower-Middle,Consumer,2021-06-04,1,2847.93,3109.26,466,1
CUST00999,Frank,Chen,Male,41,frank.chen999@example.com,Athens,Georgia,United States,Upper-Middle,Corporate,2020-10-26,2,6917.66,7318.58,959,1
CUST01000,Margaret,Nguyen,Male,26,margaret.nguyen1000@example.com,Lansing,Michigan,United States,Lower-Middle,Consumer,2024-04-22,3,1443.3799999999999,1620.7,660,1
CUST01001,Karan,Reddy,Other,35,karan.reddy1001@example.com,Toledo,Ohio,United States,Middle,Corporate,2023-09-24,3,4199.54,4233.2,202,1
CUST01002,Donna,Jones,Female,34,donna.jones1002@example.com,Athens,Georgia,United States,Middle,Corporate,2020-09-04,1,1388.65,1562.17,114,0
CUST01003,Camila,Dubois,Other,18,camila.dubois1003@example.com,Miami,Florida,United States,Low,Corporate,2019-08-06,5,5164.55,5338.53,402,1
CUST01004,Emma,Rodriguez,Female,26,emma.rodriguez1004@example.com,Peoria,Illinois,United States,Lower-Middle,Corporate,2020-02-02,3,7715.0599999999995,8614.05,36,0
CUST01005,Rachel,Hall,Male,30,rachel.hall1005@example.com,Athens,Georgia,United States,Lower-Middle,Corporate,2024-12-24,2,5938.5,6312.09,329,1
CUST01006,Amy,Hall,Other,29,amy.hall1006@example.com,Savannah,Georgia,United States,Lower-Middle,Small Business,2026-05-17,5,7909.52,8866.47,8,0
CUST01007,Carol,Kim,Other,31,carol.kim1007@example.com,Rochester,New York,United States,Upper-Middle,Small Business,2022-07-11,3,4813.5,4871.41,1042,1
CUST01008,Vikram,Campbell,Male,45,vikram.campbell1008@example.com,Cambridge,Massachusetts,United States,Middle,Consumer,2021-01-16,1,395.86,414.46,617,1
CUST01009,Dennis,Lopez,Male,22,dennis.lopez1009@example.com,Bellevue,Washington,United States,Lower-Middle,Consumer,2024-02-16,3,1908.21,2050.44,253,1
CUST01010,Angela,Gonzalez,Female,35,angela.gonzalez1010@example.com,Cambridge,Massachusetts,United States,Lower-Middle,Consumer,2021-08-30,3,2458.22,2630.59,273,1
CUST01011,Michael,Williams,Female,69,michael.williams1011@example.com,Allentown,Pennsylvania,United States,Middle,Consumer,2024-08-03,5,4257.650000000001,4478.63,161,0
CUST01012,Aditya,Kowalski,Female,27,aditya.kowalski1012@example.com,Los Angeles,California,United States,Middle,Corporate,2019-09-06,1,196.99,206.15,714,1
CUST01013,Jessica,Lewis,Female,24,jessica.lewis1013@example.com,Augusta,Georgia,United States,Upper-Middle,Home Office,2024-12-09,1,145.91,153.71,264,1
CUST01014,Joyce,Wright,Other,30,joyce.wright1014@example.com,Jersey City,New Jersey,United States,Upper-Middle,Corporate,2021-02-13,1,922.14,940.02,1753,1
CUST01015,Susan,Miller,Female,22,susan.miller1015@example.com,Paterson,New Jersey,United States,High,Home Office,2026-05-20,4,1859.54,2025.97,19,0
CUST01016,Susan,Wilson,Male,22,susan.wilson1016@example.com,Boulder,Colorado,United States,Middle,Consumer,2021-06-12,4,7946.33,8046.28,261,1
CUST01017,Jessica,Clark,Male,43,jessica.clark1017@example.com,Trenton,New Jersey,United States,Upper-Middle,Corporate,2022-02-14,1,266.0,297.95,1252,1
CUST01018,Jerry,Kowalski,Male,41,jerry.kowalski1018@example.com,Atlanta,Georgia,United States,Middle,Consumer,2021-03-21,2,757.1200000000001,836.98,1920,1
CUST01019,Sarah,Thomas,Female,23,sarah.thomas1019@example.com,Colorado Springs,Colorado,United States,High,Home Office,2024-07-04,2,596.89,624.64,75,0
CUST01020,James,Young,Female,18,james.young1020@example.com,Fort Collins,Colorado,United States,Lower-Middle,Consumer,2019-11-16,3,2241.91,2281.42,684,1
CUST01021,Paul,Mitchell,Female,34,paul.mitchell1021@example.com,Scottsdale,Arizona,United States,Middle,Consumer,2026-01-16,4,2764.02,3070.04,24,0
CUST01022,Julie,Andrade,Male,34,julie.andrade1022@example.com,Cleveland,Ohio,United States,Upper-Middle,Consumer,2022-05-28,3,3669.49,4195.77,358,1
CUST01023,Timothy,Zhang,Other,48,timothy.zhang1023@example.com,Boulder,Colorado,United States,Middle,Consumer,2022-11-04,2,2723.2400000000002,3002.95,472,1
CUST01024,Charles,Johnson,Male,42,charles.johnson1024@example.com,Chandler,Arizona,United States,Low,Consumer,2024-05-25,3,5799.8,5944.29,59,0
CUST01025,Joyce,Perez,Female,18,joyce.perez1025@example.com,Columbus,Ohio,United States,Upper-Middle,Corporate,2020-03-23,3,2182.0499999999997,2248.58,418,1
CUST01026,Rachel,Martin,Male,27,rachel.martin1026@example.com,Elizabeth,New Jersey,United States,High,Small Business,2026-03-19,5,13456.04,14416.67,33,0
CUST01027,Arjun,Costa,Female,38,arjun.costa1027@example.com,Peoria,Illinois,United States,Upper-Middle,Corporate,2023-07-31,2,568.02,628.66,431,1
CUST01028,Wei,Hill,Female,40,wei.hill1028@example.com,Mesa,Arizona,United States,Low,Consumer,2020-04-15,5,7280.070000000001,7743.99,327,1
CUST01029,Eric,Jackson,Female,18,eric.jackson1029@example.com,Scottsdale,Arizona,United States,Middle,Home Office,2021-05-11,3,2389.2599999999998,2681.5,45,0
CUST01030,Brandon,Chen,Other,35,brandon.chen1030@example.com,Mesa,Arizona,United States,Middle,Consumer,2024-12-26,3,4909.879999999999,4953.95,166,0
CUST01031,Joshua,Hernandez,Female,18,joshua.hernandez1031@example.com,San Jose,California,United States,Middle,Corporate,2023-09-17,4,6951.25,7574.84,133,0
CUST01032,Ming,Taylor,Female,18,ming.taylor1032@example.com,Winston-Salem,North Carolina,United States,Lower-Middle,Consumer,2024-06-11,3,429.06,493.3,80,0
CUST01033,Michelle,Costa,Male,36,michelle.costa1033@example.com,Pittsburgh,Pennsylvania,United States,Low,Home Office,2024-07-13,2,1802.53,1897.49,667,1
CUST01034,Justin,King,Other,48,justin.king1034@example.com,Tampa,Florida,United States,Middle,Consumer,2022-08-27,3,2323.58,2457.62,168,0
CUST01035,Jack,Davis,Female,23,jack.davis1035@example.com,Aurora,Colorado,United States,Middle,Consumer,2020-03-22,4,1921.04,1923.59,171,0
CUST01036,Michael,Thomas,Other,67,michael.thomas1036@example.com,Augusta,Georgia,United States,Upper-Middle,Consumer,2024-07-15,2,2626.7799999999997,2971.84,50,0
CUST01037,Donald,Souza,Male,59,donald.souza1037@example.com,Boulder,Colorado,United States,Middle,Consumer,2020-07-27,1,2390.5,2459.02,912,1
CUST01038,Victoria,Moore,Other,25,victoria.moore1038@example.com,Scottsdale,Arizona,United States,Upper-Middle,Consumer,2026-06-09,3,3068.21,3319.32,8,0
CUST01039,Anna,Harris,Female,18,anna.harris1039@example.com,Aurora,Colorado,United States,Low,Corporate,2023-06-23,3,1623.0099999999998,1773.17,424,1
CUST01040,Vikram,Kumar,Male,33,vikram.kumar1040@example.com,Houston,Texas,United States,Middle,Consumer,2026-04-01,1,12275.35,12832.97,18,0
CUST01041,Betty,Wang,Other,40,betty.wang1041@example.com,Austin,Texas,United States,Middle,Corporate,2022-06-15,3,5249.15,5747.19,660,1
CUST01042,Anna,Sharma,Other,48,anna.sharma1042@example.com,Aurora,Colorado,United States,Middle,Consumer,2023-07-15,3,1269.05,1311.1,102,0
CUST01043,Jeffrey,Dubois,Male,25,jeffrey.dubois1043@example.com,Scottsdale,Arizona,United States,Lower-Middle,Consumer,2019-12-16,2,7885.92,8349.12,850,1
CUST01044,Raymond,Zhang,Other,32,raymond.zhang1044@example.com,Syracuse,New York,United States,Lower-Middle,Consumer,2024-05-17,5,5317.34,5621.05,234,1
CUST01045,Amy,Jones,Other,46,amy.jones1045@example.com,Tucson,Arizona,United States,Middle,Small Business,2021-10-06,3,1263.96,1404.6,826,1
CUST01046,Scott,Kumar,Female,25,scott.kumar1046@example.com,Houston,Texas,United States,Middle,Consumer,2022-11-12,3,6491.2300000000005,6532.08,49,0
CUST01047,Karen,Thomas,Female,38,karen.thomas1047@example.com,Allentown,Pennsylvania,United States,Lower-Middle,Consumer,2021-06-11,4,7346.25,7737.29,100,0
CUST01048,Priya,Jackson,Female,39,priya.jackson1048@example.com,Syracuse,New York,United States,Low,Home Office,2023-02-07,1,4316.13,4669.3,373,1
CUST01049,Yuki,Torres,Other,34,yuki.torres1049@example.com,Orlando,Florida,United States,Middle,Consumer,2019-11-22,4,5654.98,5905.92,558,1
CUST01050,Brian,Rodriguez,Female,29,brian.rodriguez1050@example.com,Denver,Colorado,United States,Middle,Consumer,2023-11-30,6,7799.63,8063.51,54,0
CUST01051,Laura,Baker,Female,40,laura.baker1051@example.com,Cambridge,Massachusetts,United States,Upper-Middle,Home Office,2025-11-14,1,41.43,45.26,76,0
CUST01052,Thomas,Moore,Female,28,thomas.moore1052@example.com,Greensboro,North Carolina,United States,Middle,Consumer,2022-07-29,4,1879.32,2081.53,298,1
CUST01053,Jack,Adams,Other,28,jack.adams1053@example.com,Fort Worth,Texas,United States,Middle,Consumer,2021-08-22,2,2218.69,2465.31,1405,1
CUST01054,Chen,Sharma,Male,21,chen.sharma1054@example.com,Reading,Pennsylvania,United States,High,Home Office,2026-04-11,3,1314.39,1479.7,6,0
CUST01055,Diane,Scott,Male,23,diane.scott1055@example.com,Seattle,Washington,United States,Upper-Middle,Corporate,2020-04-20,3,3235.72,3682.68,580,1
CUST01056,Priya,Flores,Other,45,priya.flores1056@example.com,Charlotte,North Carolina,United States,Middle,Consumer,2023-12-22,5,13926.51,14186.75,62,0
CUST01057,Brandon,Pereira,Other,21,brandon.pereira1057@example.com,Detroit,Michigan,United States,Middle,Home Office,2023-04-21,0,0.0,0.0,9999,1
CUST01058,Shirley,Williams,Male,34,shirley.williams1058@example.com,Fort Worth,Texas,United States,High,Consumer,2022-08-01,3,1896.22,1901.77,132,0
CUST01059,Anthony,Young,Female,18,anthony.young1059@example.com,Boulder,Colorado,United States,Low,Consumer,2024-01-18,2,1879.43,1920.68,56,0
CUST01060,Dorothy,Patel,Female,52,dorothy.patel1060@example.com,Detroit,Michigan,United States,Upper-Middle,Consumer,2020-12-05,1,380.37,397.61,1862,1
CUST01061,Sharon,White,Other,18,sharon.white1061@example.com,Columbus,Ohio,United States,Lower-Middle,Consumer,2021-04-21,2,6014.0,6722.13,275,1
CUST01062,Joseph,Gonzalez,Female,34,joseph.gonzalez1062@example.com,Raleigh,North Carolina,United States,Lower-Middle,Consumer,2025-08-24,2,5522.86,6286.74,178,0
CUST01063,Barbara,Martin,Other,63,barbara.martin1063@example.com,Peoria,Illinois,United States,Lower-Middle,Corporate,2025-07-08,3,7098.4400000000005,7167.27,3,0
CUST01064,Dorothy,White,Female,20,dorothy.white1064@example.com,Los Angeles,California,United States,Middle,Consumer,2023-04-16,5,12209.470000000001,12350.51,286,1
CUST01065,Timothy,Adams,Male,36,timothy.adams1065@example.com,Peoria,Illinois,United States,Low,Consumer,2021-11-12,2,558.53,559.46,277,1
CUST01066,Katherine,Walker,Other,33,katherine.walker1066@example.com,Macon,Georgia,United States,Middle,Consumer,2024-01-01,2,1816.6200000000001,1960.02,67,0
CUST01067,Linda,Green,Female,23,linda.green1067@example.com,Macon,Georgia,United States,Low,Consumer,2024-12-14,5,6512.43,6787.33,99,0
CUST01068,Benjamin,Robinson,Female,43,benjamin.robinson1068@example.com,Newark,New Jersey,United States,Middle,Corporate,2025-12-01,3,2194.5299999999997,2400.01,35,0
CUST01069,Richard,Young,Other,56,richard.young1069@example.com,Lowell,Massachusetts,United States,Upper-Middle,Consumer,2022-08-28,2,1309.98,1447.25,123,0
CUST01070,Timothy,Wang,Male,28,timothy.wang1070@example.com,Fort Worth,Texas,United States,Upper-Middle,Consumer,2024-07-27,3,1991.8600000000001,2084.94,125,0
CUST01071,Jonathan,Perez,Prefer not to say,55,jonathan.perez1071@example.com,Worcester,Massachusetts,United States,Middle,Consumer,2024-10-29,4,3119.63,3536.69,199,1
CUST01072,Li,Wang,Female,36,li.wang1072@example.com,Los Angeles,California,United States,High,Corporate,2021-07-21,1,1765.88,2022.26,940,1
CUST01073,Samuel,Perez,Female,49,samuel.perez1073@example.com,Los Angeles,California,United States,Lower-Middle,Consumer,2019-09-23,2,752.27,805.83,393,1
CUST01074,Alexander,Carter,Other,26,alexander.carter1074@example.com,Pittsburgh,Pennsylvania,United States,Upper-Middle,Consumer,2020-09-19,3,3245.61,3674.16,88,0
CUST01075,Christopher,Souza,Female,18,christopher.souza1075@example.com,Detroit,Michigan,United States,Low,Corporate,2019-08-10,4,9529.85,9966.58,264,1
CUST01076,Vikram,Moore,Female,34,vikram.moore1076@example.com,Chandler,Arizona,United States,Upper-Middle,Consumer,2021-10-26,2,6637.700000000001,6986.49,15,0
CUST01077,Shirley,Green,Other,41,shirley.green1077@example.com,Trenton,New Jersey,United States,Lower-Middle,Home Office,2020-06-18,3,2519.7000000000003,2563.66,6,0
CUST01078,Laura,Wright,Female,34,laura.wright1078@example.com,Tampa,Florida,United States,Lower-Middle,Small Business,2022-02-16,4,4830.14,5153.73,374,1
CUST01079,Kevin,Williams,Other,54,kevin.williams1079@example.com,Jersey City,New Jersey,United States,High,Corporate,2023-05-29,1,5291.3,5447.59,917,1
CUST01080,James,Johnson,Female,26,james.johnson1080@example.com,Spokane,Washington,United States,Middle,Corporate,2025-08-18,7,19531.16,19853.1,113,0
CUST01081,Angela,Sharma,Other,48,angela.sharma1081@example.com,Charlotte,North Carolina,United States,Middle,Consumer,2019-07-16,2,621.34,631.27,307,1
CUST01082,Hiroshi,Chen,Female,53,hiroshi.chen1082@example.com,Seattle,Washington,United States,High,Consumer,2021-04-29,3,1476.01,1655.61,122,0
CUST01083,Katherine,Rivera,Other,41,katherine.rivera1083@example.com,Cleveland,Ohio,United States,High,Consumer,2021-03-19,7,14955.52,16950.61,748,1
CUST01084,Melissa,Harris,Male,18,melissa.harris1084@example.com,Atlanta,Georgia,United States,Upper-Middle,Home Office,2021-07-14,6,5025.8099999999995,5748.57,26,0
CUST01085,Alexander,Rivera,Other,24,alexander.rivera1085@example.com,Miami,Florida,United States,Middle,Home Office,2025-12-22,0,0.0,0.0,9999,1
CUST01086,Mark,Robinson,Male,41,mark.robinson1086@example.com,Augusta,Georgia,United States,Lower-Middle,Small Business,2020-12-22,5,11358.67,11857.8,270,1
CUST01087,Maria,Clark,Other,33,maria.clark1087@example.com,San Francisco,California,United States,Middle,Home Office,2024-11-17,0,0.0,0.0,9999,1
CUST01088,Olivia,Kowalski,Other,24,olivia.kowalski1088@example.com,Savannah,Georgia,United States,Lower-Middle,Corporate,2022-06-17,6,5198.49,5878.67,126,0
CUST01089,Carolyn,Thompson,Male,24,carolyn.thompson1089@example.com,Fort Worth,Texas,United States,Upper-Middle,Consumer,2021-07-17,1,309.92,332.14,532,1
CUST01090,Camila,Robinson,Other,30,camila.robinson1090@example.com,Elizabeth,New Jersey,United States,Upper-Middle,Consumer,2025-05-29,1,84.32,94.77,318,1
CUST01091,Carolyn,Williams,Other,21,carolyn.williams1091@example.com,Chandler,Arizona,United States,Lower-Middle,Corporate,2019-10-21,2,2416.8,2657.09,1446,1
CUST01092,Ryan,Smith,Female,28,ryan.smith1092@example.com,Columbus,Ohio,United States,Middle,Small Business,2022-08-10,1,91.42,100.56,695,1
CUST01093,Emily,Thomas,Female,53,emily.thomas1093@example.com,Everett,Washington,United States,Middle,Consumer,2025-07-07,2,10213.86,10884.45,169,0
CUST01094,Jennifer,Lewis,Female,30,jennifer.lewis1094@example.com,San Diego,California,United States,Middle,Consumer,2021-12-24,1,860.47,861.9,1057,1
CUST01095,Ronald,Harris,Other,26,ronald.harris1095@example.com,Philadelphia,Pennsylvania,United States,Upper-Middle,Small Business,2020-07-10,6,5712.64,6472.13,924,1
CUST01096,Mark,Gupta,Male,38,mark.gupta1096@example.com,Dallas,Texas,United States,Lower-Middle,Consumer,2025-06-11,4,5342.53,5555.23,269,1
CUST01097,Debra,Gonzalez,Female,50,debra.gonzalez1097@example.com,Sacramento,California,United States,Upper-Middle,Corporate,2024-07-28,2,833.79,891.59,410,1
CUST01098,Debra,Nelson,Male,36,debra.nelson1098@example.com,Aurora,Colorado,United States,Lower-Middle,Consumer,2024-02-19,2,2647.67,3037.9,722,1
CUST01099,Carol,Miller,Other,71,carol.miller1099@example.com,Aurora,Colorado,United States,Upper-Middle,Small Business,2020-01-15,0,0.0,0.0,9999,1
CUST01100,Tyler,Chen,Other,43,tyler.chen1100@example.com,Boston,Massachusetts,United States,Middle,Consumer,2023-10-21,5,7360.49,8205.75,146,0
CUST01101,Linda,Jones,Other,28,linda.jones1101@example.com,Cincinnati,Ohio,United States,Low,Consumer,2025-12-04,2,3627.54,3669.29,159,0
CUST01102,Sofia,Chen,Other,59,sofia.chen1102@example.com,San Diego,California,United States,Middle,Consumer,2025-04-29,5,6089.17,6998.72,16,0
CUST01103,Carolyn,Davis,Female,48,carolyn.davis1103@example.com,Charlotte,North Carolina,United States,Upper-Middle,Consumer,2022-03-31,3,3665.79,4205.57,198,1
CUST01104,Brandon,Kumar,Other,41,brandon.kumar1104@example.com,Fort Lauderdale,Florida,United States,Middle,Consumer,2021-05-21,4,7080.1,7785.3,22,0
CUST01105,Cynthia,Gupta,Other,47,cynthia.gupta1105@example.com,Elizabeth,New Jersey,United States,Lower-Middle,Corporate,2023-07-30,3,4343.57,4832.33,9,0
CUST01106,Carolyn,Brown,Female,47,carolyn.brown1106@example.com,Macon,Georgia,United States,Middle,Consumer,2021-12-07,2,1337.53,1422.59,52,0
CUST01107,Mary,Rodriguez,Other,35,mary.rodriguez1107@example.com,Grand Rapids,Michigan,United States,Lower-Middle,Consumer,2025-09-11,4,6200.849999999999,6958.07,10,0
CUST01108,Amanda,Singh,Female,27,amanda.singh1108@example.com,Macon,Georgia,United States,Lower-Middle,Consumer,2020-12-21,3,2508.5099999999998,2594.47,643,1
CUST01109,Jennifer,Davis,Other,33,jennifer.davis1109@example.com,Rochester,New York,United States,Middle,Small Business,2020-09-17,6,12660.970000000001,13252.37,336,1
CUST01110,Julie,Rivera,Other,38,julie.rivera1110@example.com,Rockford,Illinois,United States,Upper-Middle,Consumer,2025-12-25,0,0.0,0.0,9999,1
CUST01111,Michelle,Baker,Male,43,michelle.baker1111@example.com,Naperville,Illinois,United States,Middle,Corporate,2019-12-28,4,6023.99,6669.51,194,1
CUST01112,Charles,Davis,Other,25,charles.davis1112@example.com,Fort Lauderdale,Florida,United States,Upper-Middle,Consumer,2021-07-17,1,391.46,394.81,1780,1
CUST01113,Margaret,Sanchez,Male,42,margaret.sanchez1113@example.com,Spokane,Washington,United States,Lower-Middle,Corporate,2020-03-07,2,5182.36,5217.44,596,1
CUST01114,Janet,Kim,Other,61,janet.kim1114@example.com,Ann Arbor,Michigan,United States,Middle,Consumer,2020-01-30,1,299.65,342.71,1027,1
CUST01115,Joshua,Singh,Male,18,joshua.singh1115@example.com,Pittsburgh,Pennsylvania,United States,Middle,Home Office,2019-09-10,3,1432.8899999999999,1449.4,417,1
CUST01116,Jennifer,Ivanov,Prefer not to say,27,jennifer.ivanov1116@example.com,Miami,Florida,United States,Middle,Corporate,2021-11-27,1,1843.88,2044.45,618,1
CUST01117,Cynthia,Ramirez,Other,29,cynthia.ramirez1117@example.com,Jacksonville,Florida,United States,Upper-Middle,Home Office,2021-02-14,0,0.0,0.0,9999,1
CUST01118,Ananya,Carter,Male,47,ananya.carter1118@example.com,Jacksonville,Florida,United States,Upper-Middle,Consumer,2019-06-19,3,2049.65,2076.82,398,1
CUST01119,Mary,Martinez,Other,66,mary.martinez1119@example.com,Philadelphia,Pennsylvania,United States,Lower-Middle,Consumer,2022-04-16,1,78.14,81.33,168,0
CUST01120,Matthew,Campbell,Male,35,matthew.campbell1120@example.com,Los Angeles,California,United States,Lower-Middle,Consumer,2026-06-01,2,726.61,784.78,1,0
CUST01121,Yuki,King,Female,43,yuki.king1121@example.com,Tucson,Arizona,United States,Upper-Middle,Consumer,2020-04-06,3,2691.66,2989.16,550,1
CUST01122,Margaret,Williams,Male,31,margaret.williams1122@example.com,Rochester,New York,United States,Low,Corporate,2023-06-04,2,400.93,422.39,485,1
CUST01123,Edward,Anderson,Female,32,edward.anderson1123@example.com,Pittsburgh,Pennsylvania,United States,Middle,Consumer,2020-01-12,3,2563.11,2718.65,157,0
CUST01124,Melissa,Perez,Female,48,melissa.perez1124@example.com,Winston-Salem,North Carolina,United States,Upper-Middle,Consumer,2026-03-31,8,4858.0599999999995,4899.11,30,0
CUST01125,Charles,Taylor,Male,37,charles.taylor1125@example.com,Worcester,Massachusetts,United States,Middle,Corporate,2019-12-27,5,536.97,605.57,109,0
CUST01126,Kenneth,Gupta,Male,34,kenneth.gupta1126@example.com,Spokane,Washington,United States,Upper-Middle,Corporate,2020-11-11,1,22.65,24.89,1135,1
CUST01127,Meera,Souza,Female,43,meera.souza1127@example.com,Springfield,Illinois,United States,Lower-Middle,Corporate,2026-04-01,2,210.48000000000002,213.45,2,0
CUST01128,Emily,Taylor,Other,29,emily.taylor1128@example.com,Boulder,Colorado,United States,Upper-Middle,Consumer,2021-12-10,2,481.62,493.73,501,1
CUST01129,David,Muller,Male,56,david.muller1129@example.com,Lowell,Massachusetts,United States,Lower-Middle,Consumer,2023-01-27,2,1472.56,1532.45,69,0
CUST01130,Ming,Silva,Other,27,ming.silva1130@example.com,Erie,Pennsylvania,United States,Middle,Consumer,2023-01-12,2,769.77,772.04,413,1
CUST01131,Melissa,Andrade,Other,42,melissa.andrade1131@example.com,Scottsdale,Arizona,United States,High,Consumer,2019-08-02,1,611.52,635.48,2213,1
CUST01132,Samantha,Patel,Other,40,samantha.patel1132@example.com,Everett,Washington,United States,Low,Consumer,2024-08-03,3,586.9300000000001,668.71,313,1
CUST01133,Margaret,Wang,Female,28,margaret.wang1133@example.com,Colorado Springs,Colorado,United States,Lower-Middle,Consumer,2021-02-15,4,18112.09,19136.49,361,1
CUST01134,Edward,Lee,Female,42,edward.lee1134@example.com,Trenton,New Jersey,United States,Middle,Consumer,2019-09-29,3,10185.91,10931.25,570,1
CUST01135,David,Nguyen,Female,32,david.nguyen1135@example.com,Macon,Georgia,United States,Lower-Middle,Consumer,2020-01-19,2,3341.55,3785.69,1756,1
CUST01136,Nicholas,Baker,Female,56,nicholas.baker1136@example.com,Toledo,Ohio,United States,Middle,Consumer,2019-12-24,1,200.48,210.32,2148,1
CUST01137,Gary,Green,Male,58,gary.green1137@example.com,Peoria,Illinois,United States,Lower-Middle,Consumer,2024-03-22,0,0.0,0.0,9999,1
CUST01138,Rachel,Martinez,Female,44,rachel.martinez1138@example.com,Philadelphia,Pennsylvania,United States,Upper-Middle,Consumer,2020-03-17,2,1545.3500000000001,1729.13,399,1
CUST01139,Rachel,Hernandez,Male,25,rachel.hernandez1139@example.com,Springfield,Massachusetts,United States,Low,Consumer,2021-11-14,3,878.21,891.19,795,1
CUST01140,Robert,Pereira,Male,28,robert.pereira1140@example.com,Tampa,Florida,United States,Middle,Consumer,2022-07-30,3,2087.84,2150.15,620,1
CUST01141,Dennis,Scott,Male,50,dennis.scott1141@example.com,Fort Lauderdale,Florida,United States,High,Home Office,2024-05-10,0,0.0,0.0,9999,1
CUST01142,Diane,Pereira,Male,52,diane.pereira1142@example.com,Trenton,New Jersey,United States,Upper-Middle,Consumer,2024-05-18,4,9657.220000000001,9774.86,44,0
CUST01143,Brian,Patel,Other,44,brian.patel1143@example.com,Akron,Ohio,United States,Low,Corporate,2021-06-27,5,1714.34,1901.35,242,1
CUST01144,Jerry,Martin,Male,34,jerry.martin1144@example.com,Fort Collins,Colorado,United States,Lower-Middle,Corporate,2025-12-03,1,226.57,228.52,54,0
CUST01145,Amy,Robinson,Other,38,amy.robinson1145@example.com,Winston-Salem,North Carolina,United States,Upper-Middle,Corporate,2025-12-23,4,3997.21,4240.11,26,0
CUST01146,Cynthia,Baker,Female,46,cynthia.baker1146@example.com,Boston,Massachusetts,United States,Upper-Middle,Consumer,2025-08-01,4,2494.61,2821.16,49,0
CUST01147,Diego,Singh,Female,34,diego.singh1147@example.com,Jacksonville,Florida,United States,Upper-Middle,Consumer,2025-03-02,2,1987.43,2153.62,34,0
CUST01148,Sarah,Taylor,Female,33,sarah.taylor1148@example.com,Chicago,Illinois,United States,Upper-Middle,Home Office,2023-01-01,1,819.43,890.39,1024,1
CUST01149,Carol,Lewis,Other,43,carol.lewis1149@example.com,Toledo,Ohio,United States,Upper-Middle,Home Office,2026-02-01,3,1374.73,1394.61,61,0
CUST01150,Janet,Souza,Other,39,janet.souza1150@example.com,Naperville,Illinois,United States,Low,Home Office,2023-10-15,4,2857.63,2981.61,62,0
CUST01151,Mateo,Moore,Other,30,mateo.moore1151@example.com,Rochester,New York,United States,Middle,Corporate,2020-09-30,4,3084.05,3159.44,229,1
CUST01152,Scott,Sharma,Female,39,scott.sharma1152@example.com,Cleveland,Ohio,United States,Low,Consumer,2025-12-21,2,2404.25,2582.92,77,0
CUST01153,Amy,Wilson,Female,26,amy.wilson1153@example.com,Reading,Pennsylvania,United States,Middle,Consumer,2022-02-14,5,11439.13,12722.54,105,0
CUST01154,Nancy,Wilson,Male,36,nancy.wilson1154@example.com,Everett,Washington,United States,Low,Corporate,2024-08-17,2,3161.91,3274.47,148,0
CUST01155,Angela,Brown,Male,46,angela.brown1155@example.com,Buffalo,New York,United States,High,Consumer,2021-08-25,2,810.01,912.0,23,0
CUST01156,Anthony,Robinson,Male,20,anthony.robinson1156@example.com,Rockford,Illinois,United States,Middle,Consumer,2019-06-29,3,1824.1100000000001,1902.01,341,1
CUST01157,Mary,Perez,Female,39,mary.perez1157@example.com,Erie,Pennsylvania,United States,Lower-Middle,Consumer,2023-08-02,1,1031.36,1102.14,833,1
CUST01158,Brenda,Singh,Female,41,brenda.singh1158@example.com,Atlanta,Georgia,United States,High,Home Office,2025-08-15,2,4238.8,4251.9,18,0
CUST01159,Thomas,Clark,Other,29,thomas.clark1159@example.com,Peoria,Illinois,United States,Middle,Consumer,2022-05-23,4,4977.7,5089.24,245,1
CUST01160,Larry,Flores,Other,42,larry.flores1160@example.com,Grand Rapids,Michigan,United States,Upper-Middle,Consumer,2021-07-31,2,7843.53,8868.14,1498,1
CUST01161,Margaret,Smith,Male,50,margaret.smith1161@example.com,Albany,New York,United States,Upper-Middle,Corporate,2026-06-27,0,0.0,0.0,9999,1
CUST01162,Ashley,Andrade,Female,18,ashley.andrade1162@example.com,Reading,Pennsylvania,United States,Middle,Corporate,2023-04-20,0,0.0,0.0,9999,1
CUST01163,Diane,Lopez,Female,33,diane.lopez1163@example.com,Peoria,Illinois,United States,Upper-Middle,Corporate,2021-07-14,2,269.64,287.03,70,0
CUST01164,Joshua,Sharma,Female,39,joshua.sharma1164@example.com,Grand Rapids,Michigan,United States,Lower-Middle,Home Office,2025-02-19,6,3907.05,3927.13,168,0
CUST01165,Jack,Reddy,Other,35,jack.reddy1165@example.com,Athens,Georgia,United States,Lower-Middle,Corporate,2025-11-25,6,9009.07,9766.67,49,0
CUST01166,Ronald,Garcia,Female,32,ronald.garcia1166@example.com,Orlando,Florida,United States,Upper-Middle,Consumer,2022-12-09,3,431.61,448.8,108,0
CUST01167,Gregory,Rodriguez,Female,34,gregory.rodriguez1167@example.com,Tucson,Arizona,United States,Middle,Home Office,2019-10-15,9,9401.380000000001,10354.09,165,0
CUST01168,Jessica,Mitchell,Prefer not to say,45,jessica.mitchell1168@example.com,Houston,Texas,United States,Middle,Home Office,2025-07-28,4,1625.93,1695.43,81,0
CUST01169,Timothy,Wang,Male,29,timothy.wang1169@example.com,Rochester,New York,United States,Middle,Consumer,2023-02-17,2,6036.1,6671.9,189,1
CUST01170,Elizabeth,Kim,Other,32,elizabeth.kim1170@example.com,Cincinnati,Ohio,United States,Middle,Consumer,2022-12-21,4,4125.040000000001,4451.87,525,1
CUST01171,Robert,Johnson,Other,24,robert.johnson1171@example.com,Chicago,Illinois,United States,High,Consumer,2025-01-17,5,6104.39,6195.2,406,1
CUST01172,Dennis,Kim,Male,18,dennis.kim1172@example.com,Athens,Georgia,United States,Low,Corporate,2020-08-10,2,1773.3700000000001,1839.4,625,1
CUST01173,Raymond,Chen,Female,50,raymond.chen1173@example.com,Albany,New York,United States,Upper-Middle,Consumer,2023-04-23,6,11508.8,12916.25,163,0
CUST01174,John,Gonzalez,Male,47,john.gonzalez1174@example.com,Rochester,New York,United States,Middle,Consumer,2024-05-10,3,3614.8,3919.48,360,1
CUST01175,Elizabeth,Johnson,Male,50,elizabeth.johnson1175@example.com,Tacoma,Washington,United States,Middle,Consumer,2021-10-21,3,3190.8,3441.42,35,0
CUST01176,Raymond,Jones,Male,24,raymond.jones1176@example.com,Elizabeth,New Jersey,United States,Middle,Consumer,2024-01-02,2,468.91,475.79,71,0
CUST01177,Benjamin,Costa,Female,41,benjamin.costa1177@example.com,Seattle,Washington,United States,Middle,Consumer,2022-04-12,6,4172.4,4579.0,83,0
CUST01178,Katherine,Smith,Male,42,katherine.smith1178@example.com,Sacramento,California,United States,High,Consumer,2024-11-30,5,2823.9,3102.27,16,0
CUST01179,Donald,Sanchez,Female,34,donald.sanchez1179@example.com,Houston,Texas,United States,Low,Consumer,2021-02-10,5,6750.77,7545.11,219,1
CUST01180,Neha,Harris,Male,37,neha.harris1180@example.com,Seattle,Washington,United States,High,Consumer,2024-01-08,4,6002.0199999999995,6375.29,23,0
CUST01181,Vikram,Perez,Male,22,vikram.perez1181@example.com,Tucson,Arizona,United States,Middle,Consumer,2024-03-29,2,908.7,1019.44,16,0
CUST01182,Dorothy,Adams,Other,33,dorothy.adams1182@example.com,Raleigh,North Carolina,United States,Lower-Middle,Consumer,2023-10-14,2,2669.62,2873.04,85,0
CUST01183,Diego,Gupta,Male,35,diego.gupta1183@example.com,Dallas,Texas,United States,Lower-Middle,Consumer,2025-04-23,1,1523.2,1678.79,333,1
CUST01184,Mary,Patel,Prefer not to say,42,mary.patel1184@example.com,Tacoma,Washington,United States,Low,Consumer,2019-11-06,2,555.91,581.66,1506,1
CUST01185,Mark,Rodriguez,Other,53,mark.rodriguez1185@example.com,Tacoma,Washington,United States,Middle,Consumer,2025-06-07,3,2779.33,2782.73,149,0
CUST01186,Yuki,Ramirez,Other,53,yuki.ramirez1186@example.com,Cincinnati,Ohio,United States,Middle,Small Business,2022-10-16,3,1831.02,1902.15,221,1
CUST01187,Raymond,Souza,Male,51,raymond.souza1187@example.com,Lowell,Massachusetts,United States,Lower-Middle,Consumer,2026-02-04,1,656.49,665.11,61,0
CUST01188,Dorothy,Roberts,Female,23,dorothy.roberts1188@example.com,Spokane,Washington,United States,Lower-Middle,Home Office,2020-08-24,7,5778.75,6034.55,753,1
CUST01189,Janet,Green,Male,45,janet.green1189@example.com,Fort Collins,Colorado,United States,Lower-Middle,Corporate,2020-01-22,5,9316.460000000001,9331.26,484,1
CUST01190,Samantha,Wang,Other,28,samantha.wang1190@example.com,Akron,Ohio,United States,Upper-Middle,Consumer,2023-03-24,3,3025.5,3286.01,327,1
CUST01191,Maria,Johnson,Other,31,maria.johnson1191@example.com,Miami,Florida,United States,Upper-Middle,Consumer,2026-05-16,5,1920.8799999999999,1961.22,2,0
CUST01192,Donald,Gupta,Other,41,donald.gupta1192@example.com,Worcester,Massachusetts,United States,Low,Consumer,2020-04-29,4,9358.859999999999,9421.16,817,1
CUST01193,Gary,Nguyen,Female,43,gary.nguyen1193@example.com,Orlando,Florida,United States,Lower-Middle,Consumer,2023-09-27,4,4876.42,5290.96,473,1
CUST01194,Mateo,Chen,Male,28,mateo.chen1194@example.com,Mesa,Arizona,United States,Lower-Middle,Corporate,2023-05-25,2,1687.48,1858.07,879,1
CUST01195,Jerry,Garcia,Other,42,jerry.garcia1195@example.com,Greensboro,North Carolina,United States,Upper-Middle,Home Office,2026-04-07,6,4096.7,4381.78,13,0
CUST01196,Sandra,Nelson,Male,44,sandra.nelson1196@example.com,Pittsburgh,Pennsylvania,United States,Middle,Small Business,2024-03-05,3,7402.139999999999,7683.11,282,1
CUST01197,Gregory,Young,Other,36,gregory.young1197@example.com,Worcester,Massachusetts,United States,Upper-Middle,Consumer,2025-10-04,3,588.37,632.73,83,0
CUST01198,Lisa,Chen,Male,19,lisa.chen1198@example.com,Seattle,Washington,United States,Upper-Middle,Consumer,2023-03-13,3,4304.25,4696.66,70,0
CUST01199,Matthew,Miller,Male,38,matthew.miller1199@example.com,Spokane,Washington,United States,Lower-Middle,Consumer,2020-03-23,3,5774.81,6040.8,638,1
CUST01200,Emma,Clark,Male,40,emma.clark1200@example.com,Fort Lauderdale,Florida,United States,Middle,Consumer,2025-10-08,1,1458.83,1482.91,111,0
CUST01201,Nancy,Sanchez,Male,37,nancy.sanchez1201@example.com,Jacksonville,Florida,United States,Middle,Consumer,2023-12-30,2,612.61,692.2,56,0
CUST01202,Larry,Wang,Female,38,larry.wang1202@example.com,Spokane,Washington,United States,Upper-Middle,Consumer,2019-07-27,3,4297.53,4583.35,1115,1
CUST01203,George,Sharma,Female,41,george.sharma1203@example.com,Cleveland,Ohio,United States,Middle,Consumer,2022-08-16,4,7945.52,9031.97,55,0
CUST01204,Diane,Reddy,Female,53,diane.reddy1204@example.com,Worcester,Massachusetts,United States,Low,Consumer,2022-02-19,3,863.17,977.14,182,1
CUST01205,Meera,Hernandez,Other,47,meera.hernandez1205@example.com,Springfield,Massachusetts,United States,Middle,Corporate,2024-10-20,3,5623.259999999999,5900.63,265,1
CUST01206,Daniel,Allen,Female,20,daniel.allen1206@example.com,Toledo,Ohio,United States,Middle,Consumer,2026-02-20,2,1616.02,1662.59,2,0
CUST01207,Scott,Rossi,Male,25,scott.rossi1207@example.com,Austin,Texas,United States,Upper-Middle,Consumer,2021-09-02,3,4967.2,5136.57,517,1
CUST01208,Sofia,Harris,Other,40,sofia.harris1208@example.com,Los Angeles,California,United States,Upper-Middle,Consumer,2022-12-25,2,1628.77,1806.78,907,1
CUST01209,Stephanie,Singh,Female,45,stephanie.singh1209@example.com,Cincinnati,Ohio,United States,Middle,Corporate,2021-01-12,6,3773.5299999999997,3936.97,8,0
CUST01210,Justin,Martinez,Male,36,justin.martinez1210@example.com,Columbus,Ohio,United States,Middle,Corporate,2023-06-18,0,0.0,0.0,9999,1
CUST01211,Matthew,Reddy,Other,18,matthew.reddy1211@example.com,Naperville,Illinois,United States,Upper-Middle,Corporate,2025-05-16,6,6882.26,7629.26,22,0
CUST01212,Melissa,Davis,Female,32,melissa.davis1212@example.com,Bellevue,Washington,United States,Upper-Middle,Consumer,2021-07-16,3,4310.75,4762.39,43,0
CUST01213,Robert,Campbell,Other,30,robert.campbell1213@example.com,Seattle,Washington,United States,Middle,Consumer,2026-01-07,5,3813.89,4150.84,37,0
CUST01214,Scott,Zhang,Female,47,scott.zhang1214@example.com,Spokane,Washington,United States,Lower-Middle,Corporate,2023-12-09,0,0.0,0.0,9999,1
CUST01215,Catherine,Lee,Male,34,catherine.lee1215@example.com,Los Angeles,California,United States,Middle,Small Business,2022-08-30,5,10920.119999999999,11923.9,968,1
CUST01216,Ronald,Hernandez,Female,41,ronald.hernandez1216@example.com,Raleigh,North Carolina,United States,Lower-Middle,Consumer,2020-06-19,3,2108.98,2422.9,1263,1
CUST01217,Janet,Hill,Other,18,janet.hill1217@example.com,Winston-Salem,North Carolina,United States,Upper-Middle,Corporate,2025-05-25,6,2809.5099999999998,3042.23,96,0
CUST01218,Jack,Kumar,Prefer not to say,18,jack.kumar1218@example.com,Boston,Massachusetts,United States,Lower-Middle,Corporate,2021-07-26,4,4321.38,4604.05,107,0
CUST01219,Arjun,Hall,Female,49,arjun.hall1219@example.com,Colorado Springs,Colorado,United States,Upper-Middle,Small Business,2020-01-26,5,6529.7699999999995,6769.51,1280,1
CUST01220,Ronald,Flores,Female,21,ronald.flores1220@example.com,San Francisco,California,United States,Low,Consumer,2024-06-11,0,0.0,0.0,9999,1
CUST01221,Frank,Singh,Other,18,frank.singh1221@example.com,Greensboro,North Carolina,United States,Lower-Middle,Consumer,2021-12-11,4,7194.85,8203.17,430,1
CUST01222,Daniel,Mitchell,Male,18,daniel.mitchell1222@example.com,Buffalo,New York,United States,Middle,Consumer,2022-02-15,6,4518.4,5098.71,142,0
CUST01223,Joseph,Wang,Male,36,joseph.wang1223@example.com,Grand Rapids,Michigan,United States,Lower-Middle,Corporate,2023-10-19,6,7469.49,7485.29,185,1
CUST01224,Ananya,Harris,Female,38,ananya.harris1224@example.com,Peoria,Illinois,United States,Middle,Corporate,2026-05-25,3,5424.47,5819.05,1,0
CUST01225,Wei,Perez,Male,18,wei.perez1225@example.com,Austin,Texas,United States,Middle,Consumer,2022-06-15,5,2078.28,2217.6,8,0
CUST01226,Carol,Brown,Female,32,carol.brown1226@example.com,Grand Rapids,Michigan,United States,Middle,Home Office,2021-09-27,2,3850.3199999999997,4369.24,50,0
CUST01227,Mary,Davis,Other,43,mary.davis1227@example.com,Chicago,Illinois,United States,Middle,Small Business,2020-06-17,2,6892.84,6945.88,563,1
CUST01228,Richard,Ramirez,Female,40,richard.ramirez1228@example.com,Charlotte,North Carolina,United States,Middle,Small Business,2025-11-27,2,1272.0900000000001,1439.44,185,1
CUST01229,Jerry,Wright,Female,46,jerry.wright1229@example.com,Paterson,New Jersey,United States,Upper-Middle,Corporate,2019-06-21,1,5944.53,6353.05,2060,1
CUST01230,Carol,Mitchell,Female,33,carol.mitchell1230@example.com,Tacoma,Washington,United States,Upper-Middle,Small Business,2025-02-25,4,11544.01,11778.16,48,0
CUST01231,Gregory,Patel,Male,22,gregory.patel1231@example.com,Akron,Ohio,United States,High,Home Office,2023-04-10,3,8966.810000000001,9074.68,422,1
CUST01232,Ananya,Gonzalez,Other,27,ananya.gonzalez1232@example.com,Sacramento,California,United States,Middle,Home Office,2022-01-07,4,2473.58,2818.39,32,0
CUST01233,Mateo,Moore,Male,35,mateo.moore1233@example.com,San Jose,California,United States,Upper-Middle,Consumer,2020-07-23,2,6486.87,6521.99,908,1
CUST01234,Frank,Young,Other,39,frank.young1234@example.com,Erie,Pennsylvania,United States,Middle,Home Office,2019-08-25,1,426.15,478.69,1461,1
CUST01235,Nicholas,Kumar,Male,24,nicholas.kumar1235@example.com,Spokane,Washington,United States,High,Small Business,2020-12-21,6,15142.23,16511.47,371,1
CUST01236,Rahul,Adams,Male,25,rahul.adams1236@example.com,San Diego,California,United States,High,Corporate,2020-03-25,3,7489.469999999999,7527.73,905,1
CUST01237,Carolyn,Chen,Female,26,carolyn.chen1237@example.com,Fort Lauderdale,Florida,United States,Middle,Corporate,2022-11-22,1,2668.85,2964.4,863,1
CUST01238,David,Hall,Other,27,david.hall1238@example.com,Toledo,Ohio,United States,Upper-Middle,Small Business,2025-09-17,3,1406.0900000000001,1422.2,213,1
CUST01239,Jack,Roberts,Male,28,jack.roberts1239@example.com,Rockford,Illinois,United States,Upper-Middle,Home Office,2020-04-23,4,3128.96,3506.81,454,1
CUST01240,Ming,Kowalski,Female,18,ming.kowalski1240@example.com,San Francisco,California,United States,Upper-Middle,Consumer,2021-04-10,2,12150.3,13537.61,1319,1
CUST01241,Carolyn,Kim,Male,36,carolyn.kim1241@example.com,Albany,New York,United States,Middle,Consumer,2021-02-17,3,1546.1599999999999,1567.37,435,1
CUST01242,Ashley,Ramirez,Male,33,ashley.ramirez1242@example.com,New York City,New York,United States,Middle,Corporate,2023-05-03,6,5007.179999999999,5059.61,250,1
CUST01243,Christopher,Adams,Female,47,christopher.adams1243@example.com,Paterson,New Jersey,United States,Lower-Middle,Consumer,2024-11-08,1,3097.54,3122.22,88,0
CUST01244,Amy,Thomas,Other,52,amy.thomas1244@example.com,Spokane,Washington,United States,Middle,Consumer,2023-10-18,3,5503.66,5836.87,8,0
CUST01245,Priya,Nelson,Other,32,priya.nelson1245@example.com,Colorado Springs,Colorado,United States,Upper-Middle,Corporate,2021-09-07,0,0.0,0.0,9999,1
CUST01246,Rachel,Baker,Other,39,rachel.baker1246@example.com,Toledo,Ohio,United States,Middle,Corporate,2021-06-26,4,2373.81,2374.4,1083,1
CUST01247,Meera,Reddy,Male,42,meera.reddy1247@example.com,Worcester,Massachusetts,United States,Lower-Middle,Consumer,2023-07-21,4,4778.12,4984.65,221,1
CUST01248,Joseph,Lopez,Male,53,joseph.lopez1248@example.com,Reading,Pennsylvania,United States,Upper-Middle,Consumer,2022-01-04,3,713.84,751.6,1380,1
CUST01249,Melissa,Taylor,Female,53,melissa.taylor1249@example.com,Aurora,Colorado,United States,Middle,Consumer,2024-02-14,4,2998.29,3319.16,5,0
CUST01250,Linda,Souza,Prefer not to say,59,linda.souza1250@example.com,Jacksonville,Florida,United States,High,Consumer,2023-08-09,2,860.01,906.39,298,1
CUST01251,George,Taylor,Other,25,george.taylor1251@example.com,Winston-Salem,North Carolina,United States,Lower-Middle,Consumer,2025-09-03,1,529.02,572.89,63,0
CUST01252,Brenda,Zhang,Female,41,brenda.zhang1252@example.com,Pittsburgh,Pennsylvania,United States,Upper-Middle,Consumer,2020-11-24,2,152.86,160.97,462,1
CUST01253,Ryan,Jackson,Male,43,ryan.jackson1253@example.com,Ann Arbor,Michigan,United States,Upper-Middle,Home Office,2024-08-11,3,2731.77,2840.11,115,0
CUST01254,Neha,Jones,Female,39,neha.jones1254@example.com,Ann Arbor,Michigan,United States,Middle,Corporate,2021-02-24,2,4317.33,4908.48,1313,1
CUST01255,Emily,Rossi,Female,40,emily.rossi1255@example.com,Spokane,Washington,United States,Lower-Middle,Small Business,2022-04-24,3,5886.14,6124.47,272,1
CUST01256,Linda,Nelson,Other,33,linda.nelson1256@example.com,Buffalo,New York,United States,High,Consumer,2025-08-04,2,1829.9099999999999,2065.86,322,1
CUST01257,Diane,Miller,Female,48,diane.miller1257@example.com,Jersey City,New Jersey,United States,Upper-Middle,Consumer,2020-02-13,4,8930.18,10060.72,38,0
CUST01258,Rahul,Lee,Female,33,rahul.lee1258@example.com,San Jose,California,United States,Lower-Middle,Corporate,2023-08-13,2,251.03000000000003,275.96,275,1
CUST01259,Brian,Sharma,Other,40,brian.sharma1259@example.com,Columbus,Ohio,United States,Upper-Middle,Consumer,2019-09-23,2,1397.47,1514.27,1952,1
CUST01260,Mateo,Harris,Prefer not to say,50,mateo.harris1260@example.com,Chandler,Arizona,United States,Middle,Consumer,2021-10-08,3,724.9200000000001,824.39,72,0
CUST01261,Julie,Miller,Prefer not to say,57,julie.miller1261@example.com,Aurora,Colorado,United States,Middle,Consumer,2026-04-14,3,1968.6200000000001,1970.07,20,0
CUST01262,Sarah,Chen,Female,24,sarah.chen1262@example.com,Scottsdale,Arizona,United States,Upper-Middle,Consumer,2020-08-11,6,13084.13,13990.12,123,0
CUST01263,Arjun,Sanchez,Female,43,arjun.sanchez1263@example.com,Phoenix,Arizona,United States,Upper-Middle,Corporate,2022-01-26,4,2901.47,3159.9,117,0
CUST01264,Carolyn,Jackson,Prefer not to say,54,carolyn.jackson1264@example.com,Toledo,Ohio,United States,Middle,Consumer,2025-06-10,4,1618.96,1669.72,88,0
CUST01265,Linda,Gonzalez,Male,46,linda.gonzalez1265@example.com,Erie,Pennsylvania,United States,High,Consumer,2021-02-10,2,1690.86,1796.9,212,1
CUST01266,Nicholas,Baker,Male,26,nicholas.baker1266@example.com,Lansing,Michigan,United States,Middle,Consumer,2025-11-03,6,5997.0,6701.95,79,0
CUST01267,Robert,Thomas,Female,45,robert.thomas1267@example.com,Jacksonville,Florida,United States,Lower-Middle,Corporate,2021-11-29,4,2806.74,3214.89,423,1
CUST01268,Daniel,Carter,Female,29,daniel.carter1268@example.com,Boston,Massachusetts,United States,Upper-Middle,Corporate,2021-11-27,3,5413.67,6133.46,170,0
CUST01269,Emily,Chen,Male,34,emily.chen1269@example.com,Philadelphia,Pennsylvania,United States,Lower-Middle,Consumer,2020-02-23,1,1110.27,1133.89,1814,1
CUST01270,Rachel,Silva,Other,56,rachel.silva1270@example.com,Miami,Florida,United States,Middle,Corporate,2024-05-03,1,58.46,61.22,37,0
CUST01271,Emily,Gonzalez,Male,23,emily.gonzalez1271@example.com,Lowell,Massachusetts,United States,Middle,Small Business,2022-05-27,6,4471.43,4991.54,23,0
CUST01272,Frank,Reddy,Male,48,frank.reddy1272@example.com,Rockford,Illinois,United States,Low,Consumer,2024-08-30,3,1564.8,1698.47,313,1
CUST01273,Li,Souza,Other,18,li.souza1273@example.com,Albany,New York,United States,Low,Corporate,2026-02-02,1,31.74,35.85,3,0
CUST01274,Brenda,Andrade,Other,48,brenda.andrade1274@example.com,Atlanta,Georgia,United States,Upper-Middle,Consumer,2023-02-09,4,1186.3,1326.35,91,0
CUST01275,Rahul,Thomas,Other,46,rahul.thomas1275@example.com,Worcester,Massachusetts,United States,Upper-Middle,Consumer,2024-12-27,1,175.76,193.49,200,1
CUST01276,Katherine,White,Female,49,katherine.white1276@example.com,San Jose,California,United States,Upper-Middle,Consumer,2023-05-15,2,791.8399999999999,833.1,244,1
CUST01277,Thomas,Clark,Male,51,thomas.clark1277@example.com,Spokane,Washington,United States,Middle,Home Office,2020-10-16,1,96.74,104.47,1907,1
CUST01278,Robert,Hernandez,Female,33,robert.hernandez1278@example.com,Fort Worth,Texas,United States,Middle,Consumer,2020-04-05,1,293.54,296.37,1819,1
CUST01279,Jason,Smith,Male,39,jason.smith1279@example.com,Tampa,Florida,United States,High,Consumer,2019-09-03,2,1012.19,1131.4,954,1
CUST01280,Victoria,Nguyen,Female,69,victoria.nguyen1280@example.com,Everett,Washington,United States,Lower-Middle,Consumer,2020-09-05,5,8228.27,9115.09,251,1
CUST01281,Kenneth,Costa,Other,34,kenneth.costa1281@example.com,Trenton,New Jersey,United States,Middle,Consumer,2020-03-04,0,0.0,0.0,9999,1
CUST01282,Richard,Garcia,Male,26,richard.garcia1282@example.com,Miami,Florida,United States,Lower-Middle,Home Office,2020-03-08,3,2149.2,2266.16,536,1
CUST01283,Betty,Moore,Male,24,betty.moore1283@example.com,Flint,Michigan,United States,Middle,Consumer,2025-08-28,4,2221.58,2512.0,7,0
CUST01284,Jack,Gupta,Female,47,jack.gupta1284@example.com,Fort Worth,Texas,United States,Lower-Middle,Corporate,2024-10-09,6,13181.59,14532.27,30,0
CUST01285,Christopher,Patel,Female,56,christopher.patel1285@example.com,Atlanta,Georgia,United States,Middle,Small Business,2021-10-10,9,14764.1,16395.65,124,0
CUST01286,Charles,Souza,Other,57,charles.souza1286@example.com,Miami,Florida,United States,Upper-Middle,Small Business,2024-07-05,1,647.18,694.05,573,1
CUST01287,Frank,Harris,Other,47,frank.harris1287@example.com,Mesa,Arizona,United States,Middle,Home Office,2021-04-09,3,4831.21,5245.88,618,1
CUST01288,Scott,Lee,Female,40,scott.lee1288@example.com,Cleveland,Ohio,United States,High,Consumer,2023-08-09,3,3938.3900000000003,4353.34,62,0
CUST01289,Patricia,Young,Male,38,patricia.young1289@example.com,Austin,Texas,United States,Middle,Corporate,2021-05-30,4,4531.01,4568.3,720,1
CUST01290,Timothy,Rodriguez,Female,41,timothy.rodriguez1290@example.com,Philadelphia,Pennsylvania,United States,High,Home Office,2019-09-15,2,1415.8400000000001,1567.0,134,0
CUST01291,Charles,Lewis,Male,42,charles.lewis1291@example.com,Chicago,Illinois,United States,Middle,Small Business,2023-01-23,4,6881.74,7478.97,284,1
CUST01292,Edward,Wilson,Male,23,edward.wilson1292@example.com,Boston,Massachusetts,United States,Middle,Home Office,2020-05-14,4,3545.58,3549.43,687,1
CUST01293,Justin,Dubois,Female,18,justin.dubois1293@example.com,Fort Worth,Texas,United States,Upper-Middle,Home Office,2024-06-27,3,2725.91,2994.68,186,1
CUST01294,Emma,Wright,Male,28,emma.wright1294@example.com,Detroit,Michigan,United States,Lower-Middle,Small Business,2020-02-12,2,2583.91,2925.97,1731,1
CUST01295,Deborah,White,Other,25,deborah.white1295@example.com,Reading,Pennsylvania,United States,Middle,Home Office,2020-08-19,5,3534.71,3859.88,532,1
CUST01296,Jacob,Taylor,Other,18,jacob.taylor1296@example.com,Chicago,Illinois,United States,Middle,Consumer,2023-10-23,4,1243.6399999999999,1297.89,38,0
CUST01297,Thomas,Jackson,Other,46,thomas.jackson1297@example.com,Akron,Ohio,United States,Lower-Middle,Small Business,2020-07-29,3,5436.64,5633.13,431,1
CUST01298,Benjamin,Mitchell,Other,21,benjamin.mitchell1298@example.com,Tucson,Arizona,United States,Middle,Corporate,2023-01-02,5,3596.06,3763.42,384,1
CUST01299,Lisa,Chen,Other,38,lisa.chen1299@example.com,Erie,Pennsylvania,United States,Lower-Middle,Small Business,2022-02-06,2,5901.05,6527.2,1039,1
CUST01300,Anna,Robinson,Female,52,anna.robinson1300@example.com,Chicago,Illinois,United States,Middle,Consumer,2019-07-03,5,3485.25,3748.84,733,1
CUST01301,Barbara,Hernandez,Male,34,barbara.hernandez1301@example.com,Dallas,Texas,United States,Lower-Middle,Consumer,2026-03-07,6,5517.23,6029.91,4,0
CUST01302,Dennis,Torres,Male,25,dennis.torres1302@example.com,Greensboro,North Carolina,United States,High,Consumer,2022-09-26,4,2339.0800000000004,2569.34,292,1
CUST01303,Nicholas,Moore,Other,40,nicholas.moore1303@example.com,Athens,Georgia,United States,Middle,Corporate,2025-11-22,2,2197.2999999999997,2400.3,33,0
CUST01304,Brenda,Thomas,Other,45,brenda.thomas1304@example.com,Columbus,Ohio,United States,Lower-Middle,Home Office,2024-04-26,4,2311.66,2406.94,460,1
CUST01305,James,Gupta,Other,48,james.gupta1305@example.com,Chandler,Arizona,United States,Lower-Middle,Small Business,2022-03-28,4,5101.58,5196.72,70,0
CUST01306,Catherine,Andrade,Male,50,catherine.andrade1306@example.com,Everett,Washington,United States,Middle,Small Business,2023-04-27,2,153.99,159.81,127,0
CUST01307,Carolyn,Andrade,Male,40,carolyn.andrade1307@example.com,Jersey City,New Jersey,United States,Low,Home Office,2022-08-06,1,572.26,576.24,54,0
CUST01308,Nicholas,Rivera,Female,35,nicholas.rivera1308@example.com,Sacramento,California,United States,Middle,Consumer,2022-03-28,5,8985.21,10104.11,64,0
CUST01309,Joseph,Baker,Other,45,joseph.baker1309@example.com,Jersey City,New Jersey,United States,Upper-Middle,Home Office,2025-09-02,2,383.16999999999996,430.23,42,0
CUST01310,Donna,Hill,Female,32,donna.hill1310@example.com,Augusta,Georgia,United States,Lower-Middle,Corporate,2025-12-28,5,10286.47,11722.06,24,0
CUST01311,Olivia,Sharma,Other,21,olivia.sharma1311@example.com,Tampa,Florida,United States,Middle,Home Office,2023-12-20,5,11500.04,11626.5,17,0
CUST01312,Camila,Kim,Female,22,camila.kim1312@example.com,Elizabeth,New Jersey,United States,Low,Consumer,2019-11-08,6,4895.92,5561.22,1016,1
CUST01313,Ryan,Nelson,Male,51,ryan.nelson1313@example.com,Naperville,Illinois,United States,Low,Home Office,2025-05-07,4,5046.87,5357.07,178,0
CUST01314,Lisa,Patel,Male,31,lisa.patel1314@example.com,Philadelphia,Pennsylvania,United States,Middle,Consumer,2020-04-08,1,3387.4,3619.88,389,1
CUST01315,Eric,Silva,Female,37,eric.silva1315@example.com,Jersey City,New Jersey,United States,Lower-Middle,Consumer,2021-06-16,3,5228.92,5588.86,784,1
CUST01316,Karen,Allen,Female,59,karen.allen1316@example.com,Jacksonville,Florida,United States,Middle,Consumer,2022-08-30,2,2320.26,2659.83,256,1
CUST01317,Hiroshi,White,Male,22,hiroshi.white1317@example.com,Durham,North Carolina,United States,High,Corporate,2021-02-10,3,4646.549999999999,4657.21,1102,1
CUST01318,Jeffrey,Lee,Other,27,jeffrey.lee1318@example.com,Rochester,New York,United States,Middle,Consumer,2021-07-26,2,878.46,958.19,1100,1
CUST01319,Wei,Sanchez,Female,33,wei.sanchez1319@example.com,Dallas,Texas,United States,Low,Consumer,2021-08-01,6,11485.6,11934.01,102,0
CUST01320,Dennis,Nelson,Male,25,dennis.nelson1320@example.com,Newark,New Jersey,United States,Middle,Small Business,2026-06-08,4,3841.56,4412.15,22,0
CUST01321,Gregory,Wright,Female,47,gregory.wright1321@example.com,San Antonio,Texas,United States,Middle,Home Office,2023-11-05,8,8263.76,9034.65,272,1
CUST01322,Raymond,Taylor,Other,43,raymond.taylor1322@example.com,Erie,Pennsylvania,United States,Upper-Middle,Corporate,2025-04-24,2,513.28,514.57,142,0
CUST01323,Neha,Roberts,Male,31,neha.roberts1323@example.com,New York City,New York,United States,Upper-Middle,Consumer,2022-12-04,5,3955.9,4368.12,648,1
CUST01324,Brian,Kowalski,Male,38,brian.kowalski1324@example.com,San Francisco,California,United States,Middle,Consumer,2023-03-13,1,224.42,241.49,443,1
CUST01325,Katherine,Johnson,Female,46,katherine.johnson1325@example.com,Toledo,Ohio,United States,Lower-Middle,Consumer,2024-12-12,3,2983.99,3387.03,216,1
CUST01326,Jason,Young,Other,44,jason.young1326@example.com,Grand Rapids,Michigan,United States,Middle,Consumer,2026-05-26,5,3408.22,3806.17,14,0
CUST01327,Joyce,Anderson,Other,39,joyce.anderson1327@example.com,Aurora,Colorado,United States,Lower-Middle,Home Office,2023-04-16,3,9386.37,10411.58,38,0
CUST01328,Margaret,Muller,Other,40,margaret.muller1328@example.com,Phoenix,Arizona,United States,Upper-Middle,Corporate,2021-11-22,5,4188.43,4324.98,23,0
CUST01329,Matthew,Martin,Male,49,matthew.martin1329@example.com,Miami,Florida,United States,Middle,Consumer,2020-08-29,1,541.41,609.36,1487,1
CUST01330,Matthew,Jackson,Other,18,matthew.jackson1330@example.com,Columbus,Ohio,United States,Lower-Middle,Home Office,2023-10-15,4,3281.21,3762.68,91,0
CUST01331,Edward,Kumar,Other,26,edward.kumar1331@example.com,Durham,North Carolina,United States,Middle,Consumer,2021-07-01,1,1803.63,1964.21,1305,1
CUST01332,Carol,Gupta,Other,35,carol.gupta1332@example.com,Atlanta,Georgia,United States,Middle,Consumer,2022-07-26,6,4019.19,4124.72,29,0
CUST01333,Joseph,Wright,Female,39,joseph.wright1333@example.com,Allentown,Pennsylvania,United States,Upper-Middle,Consumer,2026-01-27,2,1021.1999999999999,1120.13,17,0
CUST01334,Hiroshi,Miller,Male,43,hiroshi.miller1334@example.com,New York City,New York,United States,Low,Corporate,2023-06-14,2,2018.15,2236.54,533,1
CUST01335,Betty,Torres,Other,40,betty.torres1335@example.com,Augusta,Georgia,United States,Lower-Middle,Consumer,2024-09-16,5,6304.42,6456.98,124,0
CUST01336,Angela,Campbell,Male,43,angela.campbell1336@example.com,Allentown,Pennsylvania,United States,Low,Consumer,2020-02-04,1,47.57,49.17,1493,1
CUST01337,Emma,Taylor,Other,65,emma.taylor1337@example.com,Allentown,Pennsylvania,United States,Upper-Middle,Corporate,2020-06-25,4,4461.07,4775.5,466,1
CUST01338,Justin,Andrade,Male,62,justin.andrade1338@example.com,Ann Arbor,Michigan,United States,Middle,Consumer,2022-02-08,4,628.1899999999999,704.22,321,1
CUST01339,Deborah,Lopez,Male,40,deborah.lopez1339@example.com,Newark,New Jersey,United States,Middle,Corporate,2023-01-14,0,0.0,0.0,9999,1
CUST01340,Jennifer,Harris,Male,41,jennifer.harris1340@example.com,Jacksonville,Florida,United States,Low,Consumer,2025-08-10,3,2090.8,2357.21,55,0
CUST01341,Carol,Hill,Male,23,carol.hill1341@example.com,Scottsdale,Arizona,United States,Middle,Consumer,2026-03-17,2,3909.1,4339.73,49,0
CUST01342,Thomas,Harris,Other,55,thomas.harris1342@example.com,Akron,Ohio,United States,Lower-Middle,Home Office,2025-09-22,2,1542.07,1547.38,80,0
CUST01343,Meera,Hall,Female,52,meera.hall1343@example.com,Trenton,New Jersey,United States,Middle,Consumer,2024-11-11,6,4815.27,5207.97,21,0
CUST01344,Sharon,Rodriguez,Other,30,sharon.rodriguez1344@example.com,Athens,Georgia,United States,High,Consumer,2023-04-16,3,11414.710000000001,11793.85,606,1
CUST01345,John,Perez,Other,39,john.perez1345@example.com,Ann Arbor,Michigan,United States,High,Consumer,2021-10-10,6,8817.81,9971.06,326,1
CUST01346,Olivia,Davis,Other,39,olivia.davis1346@example.com,Worcester,Massachusetts,United States,Upper-Middle,Consumer,2020-08-28,3,787.88,870.04,456,1
CUST01347,Brenda,Silva,Female,29,brenda.silva1347@example.com,Dallas,Texas,United States,Upper-Middle,Consumer,2019-10-04,2,7850.01,8939.21,482,1
CUST01348,Tyler,Roberts,Female,49,tyler.roberts1348@example.com,Akron,Ohio,United States,Lower-Middle,Consumer,2023-04-04,4,3231.94,3616.18,270,1
CUST01349,Larry,Ramirez,Other,33,larry.ramirez1349@example.com,Detroit,Michigan,United States,Middle,Corporate,2022-03-03,4,6123.66,6621.55,540,1
CUST01350,Eric,King,Female,35,eric.king1350@example.com,Springfield,Illinois,United States,Upper-Middle,Corporate,2022-06-03,3,2359.04,2577.32,846,1
CUST01351,Nancy,Lewis,Male,18,nancy.lewis1351@example.com,San Jose,California,United States,Lower-Middle,Corporate,2023-08-25,4,9759.72,9859.8,376,1
CUST01352,Diego,Scott,Female,34,diego.scott1352@example.com,Jersey City,New Jersey,United States,Upper-Middle,Consumer,2024-06-03,7,7213.64,7890.54,94,0
CUST01353,Ashley,Clark,Male,42,ashley.clark1353@example.com,Charlotte,North Carolina,United States,Middle,Corporate,2019-07-02,2,1510.5300000000002,1523.37,42,0
CUST01354,Melissa,Adams,Female,27,melissa.adams1354@example.com,Fort Worth,Texas,United States,Upper-Middle,Consumer,2024-04-17,3,3063.2,3298.94,171,0
CUST01355,Christine,Nguyen,Other,44,christine.nguyen1355@example.com,Philadelphia,Pennsylvania,United States,Upper-Middle,Home Office,2021-03-22,4,2709.14,3059.42,433,1
CUST01356,Mark,Scott,Male,42,mark.scott1356@example.com,Rochester,New York,United States,Middle,Small Business,2025-12-23,3,2926.17,3025.92,66,0
CUST01357,Tyler,Wilson,Other,25,tyler.wilson1357@example.com,Scottsdale,Arizona,United States,Lower-Middle,Corporate,2024-11-23,4,2006.06,2151.52,79,0
CUST01358,Scott,Clark,Male,48,scott.clark1358@example.com,Fort Collins,Colorado,United States,Lower-Middle,Consumer,2021-08-09,6,14269.849999999999,14436.88,64,0
CUST01359,Debra,Sharma,Male,25,debra.sharma1359@example.com,Albany,New York,United States,Upper-Middle,Consumer,2023-03-23,3,645.8199999999999,674.28,524,1
CUST01360,Charles,Rossi,Male,26,charles.rossi1360@example.com,San Antonio,Texas,United States,Middle,Home Office,2021-03-28,3,4523.23,5124.33,1326,1
CUST01361,Daniel,Harris,Other,32,daniel.harris1361@example.com,Lansing,Michigan,United States,Lower-Middle,Consumer,2022-12-20,4,2092.9399999999996,2129.03,238,1
CUST01362,Michelle,Lee,Female,55,michelle.lee1362@example.com,Jersey City,New Jersey,United States,Middle,Consumer,2023-01-22,3,2564.52,2723.42,529,1
CUST01363,Charles,Martinez,Female,46,charles.martinez1363@example.com,Cleveland,Ohio,United States,High,Small Business,2021-02-17,3,1508.22,1557.51,223,1
CUST01364,Richard,Andrade,Other,31,richard.andrade1364@example.com,New York City,New York,United States,Low,Consumer,2019-11-08,3,7858.21,8943.42,650,1
CUST01365,Joseph,Johnson,Male,48,joseph.johnson1365@example.com,Boston,Massachusetts,United States,Lower-Middle,Consumer,2021-07-22,2,3049.23,3353.41,637,1
CUST01366,Charles,Johnson,Male,18,charles.johnson1366@example.com,Boston,Massachusetts,United States,Middle,Home Office,2024-07-01,2,4790.0,5167.88,574,1
CUST01367,Meera,Hernandez,Female,40,meera.hernandez1367@example.com,Orlando,Florida,United States,Upper-Middle,Home Office,2025-10-29,3,1839.61,2047.74,36,0
CUST01368,Rahul,Lee,Female,34,rahul.lee1368@example.com,Naperville,Illinois,United States,Lower-Middle,Consumer,2024-02-17,3,9291.95,9964.73,10,0
CUST01369,Janet,Wright,Male,28,janet.wright1369@example.com,Everett,Washington,United States,Low,Consumer,2020-11-13,3,755.98,823.52,1093,1
CUST01370,Jonathan,Nguyen,Female,34,jonathan.nguyen1370@example.com,Fort Worth,Texas,United States,Lower-Middle,Small Business,2025-01-15,3,1980.96,2187.81,248,1
CUST01371,Patricia,Robinson,Male,36,patricia.robinson1371@example.com,Toledo,Ohio,United States,Middle,Consumer,2023-08-18,5,10114.76,10797.11,152,0
CUST01372,Sofia,Roberts,Female,44,sofia.roberts1372@example.com,Seattle,Washington,United States,Lower-Middle,Consumer,2024-07-30,5,15365.48,16297.6,295,1
CUST01373,Susan,Torres,Other,21,susan.torres1373@example.com,Philadelphia,Pennsylvania,United States,Lower-Middle,Consumer,2019-12-26,3,2948.17,2991.81,153,0
CUST01374,Mateo,Hernandez,Other,47,mateo.hernandez1374@example.com,Newark,New Jersey,United States,Lower-Middle,Consumer,2023-10-23,2,3844.46,4415.92,161,0
CUST01375,Kevin,White,Male,31,kevin.white1375@example.com,Bellevue,Washington,United States,Upper-Middle,Corporate,2019-07-20,6,6475.28,6882.51,80,0
CUST01376,Brandon,Torres,Female,18,brandon.torres1376@example.com,Philadelphia,Pennsylvania,United States,High,Corporate,2021-05-12,10,13559.34,14790.91,828,1
CUST01377,Camila,King,Male,36,camila.king1377@example.com,Boston,Massachusetts,United States,Upper-Middle,Small Business,2022-01-21,2,193.88,196.61,663,1
CUST01378,Tyler,Jackson,Female,23,tyler.jackson1378@example.com,Pittsburgh,Pennsylvania,United States,Middle,Home Office,2021-03-17,3,3801.1499999999996,4156.18,379,1
CUST01379,Jacob,Rodriguez,Female,52,jacob.rodriguez1379@example.com,Fort Worth,Texas,United States,High,Consumer,2020-06-13,3,5537.43,6134.29,478,1
CUST01380,Barbara,Adams,Female,18,barbara.adams1380@example.com,Buffalo,New York,United States,Middle,Consumer,2024-07-15,3,2117.66,2356.03,504,1
CUST01381,Jacob,Kumar,Male,28,jacob.kumar1381@example.com,Ann Arbor,Michigan,United States,Upper-Middle,Corporate,2021-01-21,2,191.85,216.98,186,1
CUST01382,Ashley,Roberts,Female,34,ashley.roberts1382@example.com,Akron,Ohio,United States,Middle,Consumer,2021-01-15,2,4041.44,4289.15,1077,1
CUST01383,Brenda,Robinson,Other,42,brenda.robinson1383@example.com,Columbus,Ohio,United States,Upper-Middle,Consumer,2024-09-29,0,0.0,0.0,9999,1
CUST01384,Tyler,Lewis,Male,31,tyler.lewis1384@example.com,Phoenix,Arizona,United States,Middle,Consumer,2026-01-21,6,7603.55,8010.59,18,0
CUST01385,Karan,Williams,Female,18,karan.williams1385@example.com,Reading,Pennsylvania,United States,High,Small Business,2021-07-18,3,1563.1599999999999,1676.54,734,1
CUST01386,Linda,Hall,Female,35,linda.hall1386@example.com,Pittsburgh,Pennsylvania,United States,Middle,Home Office,2025-10-15,1,14.62,16.37,227,1
CUST01387,Emma,Singh,Male,44,emma.singh1387@example.com,Orlando,Florida,United States,Low,Consumer,2021-01-29,3,4084.3799999999997,4432.64,403,1
CUST01388,Frank,Jackson,Other,32,frank.jackson1388@example.com,Columbus,Ohio,United States,High,Consumer,2021-06-01,1,408.06,465.19,390,1
CUST01389,Frank,Wilson,Male,41,frank.wilson1389@example.com,Everett,Washington,United States,Middle,Corporate,2019-10-31,2,495.93,535.87,1294,1
CUST01390,Christopher,Brown,Male,44,christopher.brown1390@example.com,Rochester,New York,United States,Low,Consumer,2019-08-25,2,3103.25,3186.9,1116,1
CUST01391,Olivia,Singh,Female,29,olivia.singh1391@example.com,Buffalo,New York,United States,Upper-Middle,Corporate,2021-01-21,3,670.44,763.97,997,1
CUST01392,Frank,Hill,Other,34,frank.hill1392@example.com,Athens,Georgia,United States,Lower-Middle,Home Office,2024-06-04,3,786.34,854.73,401,1
CUST01393,Janet,Johnson,Male,40,janet.johnson1393@example.com,Chicago,Illinois,United States,Low,Corporate,2024-09-05,3,1001.48,1087.07,232,1
CUST01394,Scott,Thompson,Male,39,scott.thompson1394@example.com,Raleigh,North Carolina,United States,Middle,Consumer,2023-04-20,0,0.0,0.0,9999,1
CUST01395,Ming,Zhang,Other,44,ming.zhang1395@example.com,Durham,North Carolina,United States,Middle,Corporate,2019-11-25,6,6272.5,6823.22,6,0
CUST01396,Jason,Lee,Prefer not to say,40,jason.lee1396@example.com,Chicago,Illinois,United States,Middle,Small Business,2020-01-29,2,1462.15,1549.57,1311,1
CUST01397,Thomas,Ramirez,Male,27,thomas.ramirez1397@example.com,Akron,Ohio,United States,Lower-Middle,Consumer,2022-04-13,1,1742.68,1995.46,338,1
CUST01398,Dennis,Martinez,Female,28,dennis.martinez1398@example.com,Fort Collins,Colorado,United States,Lower-Middle,Corporate,2019-10-09,8,8114.16,8200.54,1,0
CUST01399,Neha,Carter,Female,21,neha.carter1399@example.com,New York City,New York,United States,Middle,Consumer,2024-10-20,4,9697.7,10208.37,97,0
CUST01400,Susan,Wilson,Other,30,susan.wilson1400@example.com,Austin,Texas,United States,Upper-Middle,Consumer,2025-08-16,0,0.0,0.0,9999,1
CUST01401,Donald,Torres,Male,32,donald.torres1401@example.com,Syracuse,New York,United States,Low,Corporate,2022-09-21,1,227.09,245.64,1225,1
CUST01402,Julie,Flores,Male,19,julie.flores1402@example.com,Fort Lauderdale,Florida,United States,Middle,Consumer,2026-04-22,8,11671.63,12600.27,24,0
CUST01403,Paul,Hernandez,Male,21,paul.hernandez1403@example.com,Flint,Michigan,United States,Middle,Home Office,2022-04-07,2,3329.0,3608.35,988,1
CUST01404,Jennifer,Miller,Female,63,jennifer.miller1404@example.com,Philadelphia,Pennsylvania,United States,Low,Consumer,2020-12-30,2,1348.91,1515.76,972,1
CUST01405,Andrew,Sharma,Female,24,andrew.sharma1405@example.com,Raleigh,North Carolina,United States,Upper-Middle,Corporate,2023-06-11,3,730.11,743.62,238,1
CUST01406,Thomas,Gonzalez,Other,25,thomas.gonzalez1406@example.com,Erie,Pennsylvania,United States,Middle,Consumer,2024-12-04,2,4108.18,4672.51,221,1
CUST01407,Tyler,Martin,Female,22,tyler.martin1407@example.com,San Jose,California,United States,Middle,Home Office,2021-02-23,0,0.0,0.0,9999,1
CUST01408,Robert,Nguyen,Other,38,robert.nguyen1408@example.com,Buffalo,New York,United States,Middle,Home Office,2025-06-18,3,1179.3200000000002,1286.38,280,1
CUST01409,Barbara,Robinson,Other,49,barbara.robinson1409@example.com,Jersey City,New Jersey,United States,Middle,Home Office,2024-08-09,4,6512.009999999999,6521.89,434,1
CUST01410,Christopher,Kowalski,Other,27,christopher.kowalski1410@example.com,Winston-Salem,North Carolina,United States,Middle,Home Office,2024-03-20,2,797.7800000000001,845.1,185,1
CUST01411,Laura,Taylor,Female,29,laura.taylor1411@example.com,Allentown,Pennsylvania,United States,Middle,Small Business,2021-02-10,3,1264.7,1299.03,918,1
CUST01412,Jennifer,Roberts,Other,23,jennifer.roberts1412@example.com,Orlando,Florida,United States,Middle,Small Business,2020-01-19,2,2782.34,2952.2,732,1
CUST01413,Olivia,Ivanov,Male,27,olivia.ivanov1413@example.com,Houston,Texas,United States,Upper-Middle,Consumer,2026-01-18,4,2293.69,2540.47,1,0
CUST01414,Wei,Lopez,Female,60,wei.lopez1414@example.com,Atlanta,Georgia,United States,Lower-Middle,Small Business,2020-12-16,5,9843.05,10265.1,174,0
CUST01415,Christopher,Rodriguez,Female,36,christopher.rodriguez1415@example.com,Rockford,Illinois,United States,Middle,Consumer,2019-10-17,3,4967.43,5160.89,1427,1
CUST01416,Maria,Zhang,Female,30,maria.zhang1416@example.com,Peoria,Illinois,United States,Upper-Middle,Consumer,2021-11-02,3,1072.17,1134.45,746,1
CUST01417,Mateo,Moore,Female,44,mateo.moore1417@example.com,Fort Worth,Texas,United States,Low,Home Office,2020-10-07,3,2226.7799999999997,2271.46,788,1
CUST01418,Stephanie,Kumar,Other,41,stephanie.kumar1418@example.com,Boulder,Colorado,United States,Lower-Middle,Consumer,2021-11-16,4,2650.33,3040.51,38,0
CUST01419,Karan,Green,Other,39,karan.green1419@example.com,Philadelphia,Pennsylvania,United States,Middle,Consumer,2019-12-23,1,2784.22,3060.44,2377,1
CUST01420,Ming,Garcia,Other,27,ming.garcia1420@example.com,Detroit,Michigan,United States,Upper-Middle,Corporate,2024-12-04,3,2649.08,3043.1,28,0
CUST01421,Stephen,Johnson,Female,30,stephen.johnson1421@example.com,New York City,New York,United States,Middle,Corporate,2019-08-01,1,53.22,57.19,1127,1
CUST01422,Meera,Martinez,Female,48,meera.martinez1422@example.com,Jacksonville,Florida,United States,Middle,Consumer,2025-06-30,4,2528.6400000000003,2876.37,176,0
CUST01423,Cynthia,Souza,Male,40,cynthia.souza1423@example.com,Paterson,New Jersey,United States,Low,Corporate,2026-06-19,3,6203.1,6894.82,12,0
CUST01424,Sofia,Sharma,Male,42,sofia.sharma1424@example.com,Cambridge,Massachusetts,United States,Middle,Consumer,2020-02-26,5,1092.19,1240.77,1410,1
CUST01425,Carol,Dubois,Male,51,carol.dubois1425@example.com,Jacksonville,Florida,United States,Lower-Middle,Consumer,2021-10-11,3,2207.4300000000003,2467.37,671,1
CUST01426,Karen,Muller,Female,30,karen.muller1426@example.com,Buffalo,New York,United States,Middle,Small Business,2025-04-08,1,652.11,656.58,110,0
CUST01427,Tyler,Carter,Female,32,tyler.carter1427@example.com,San Diego,California,United States,High,Consumer,2022-12-01,6,3248.9399999999996,3437.47,251,1
CUST01428,Betty,Williams,Female,40,betty.williams1428@example.com,Cambridge,Massachusetts,United States,Lower-Middle,Consumer,2022-01-18,1,1367.46,1468.19,1092,1
CUST01429,Charles,Rodriguez,Male,36,charles.rodriguez1429@example.com,Peoria,Illinois,United States,Lower-Middle,Corporate,2021-07-11,2,655.51,712.85,1360,1
CUST01430,Wei,Singh,Other,38,wei.singh1430@example.com,Raleigh,North Carolina,United States,Upper-Middle,Consumer,2025-04-15,0,0.0,0.0,9999,1
CUST01431,Michael,Lopez,Female,33,michael.lopez1431@example.com,Paterson,New Jersey,United States,High,Consumer,2020-05-20,1,411.37,452.76,861,1
CUST01432,Margaret,Hall,Female,53,margaret.hall1432@example.com,Toledo,Ohio,United States,Middle,Home Office,2021-01-21,3,2485.6800000000003,2491.44,1363,1
CUST01433,Frank,Reddy,Female,33,frank.reddy1433@example.com,Reading,Pennsylvania,United States,Upper-Middle,Corporate,2021-07-02,3,1964.96,2036.43,1003,1
CUST01434,Hiroshi,Sanchez,Other,31,hiroshi.sanchez1434@example.com,Fort Worth,Texas,United States,Lower-Middle,Corporate,2022-01-20,3,1529.04,1741.98,1030,1
CUST01435,Neha,Green,Female,18,neha.green1435@example.com,San Francisco,California,United States,High,Consumer,2026-02-21,1,1497.08,1613.49,60,0
CUST01436,Kenneth,Anderson,Female,36,kenneth.anderson1436@example.com,Cambridge,Massachusetts,United States,Middle,Consumer,2022-05-24,4,7149.63,7929.62,607,1
CUST01437,Laura,Taylor,Other,43,laura.taylor1437@example.com,Bellevue,Washington,United States,High,Consumer,2024-05-12,1,839.04,853.39,60,0
CUST01438,Betty,Harris,Male,48,betty.harris1438@example.com,Akron,Ohio,United States,Middle,Consumer,2021-08-27,4,6933.33,7108.86,186,1
CUST01439,Anthony,Harris,Male,49,anthony.harris1439@example.com,Everett,Washington,United States,Middle,Consumer,2025-06-21,1,282.15,302.54,319,1
CUST01440,Joshua,Flores,Prefer not to say,46,joshua.flores1440@example.com,Charlotte,North Carolina,United States,Middle,Corporate,2020-05-02,3,5687.03,6377.12,755,1
CUST01441,Ryan,Kumar,Female,42,ryan.kumar1441@example.com,Cincinnati,Ohio,United States,Upper-Middle,Consumer,2023-07-12,4,7027.1,7787.24,337,1
CUST01442,Jerry,Nelson,Female,45,jerry.nelson1442@example.com,Dallas,Texas,United States,Middle,Consumer,2023-03-09,2,3780.28,3947.3,464,1
CUST01443,Katherine,Lee,Female,44,katherine.lee1443@example.com,Greensboro,North Carolina,United States,Lower-Middle,Corporate,2020-08-27,4,1600.03,1769.35,966,1
CUST01444,Alexander,Reddy,Other,31,alexander.reddy1444@example.com,Tacoma,Washington,United States,Middle,Small Business,2020-04-14,3,665.77,704.28,1126,1
CUST01445,Meera,Gonzalez,Prefer not to say,45,meera.gonzalez1445@example.com,Houston,Texas,United States,Low,Consumer,2025-04-18,5,6382.14,6829.75,21,0
CUST01446,Camila,Kumar,Other,32,camila.kumar1446@example.com,San Antonio,Texas,United States,Upper-Middle,Small Business,2020-01-16,3,2216.41,2223.33,93,0
CUST01447,Richard,Chen,Male,46,richard.chen1447@example.com,Winston-Salem,North Carolina,United States,Middle,Home Office,2025-01-29,2,1963.9699999999998,1983.57,297,1
CUST01448,Betty,Lewis,Other,24,betty.lewis1448@example.com,Cambridge,Massachusetts,United States,Middle,Consumer,2019-08-05,3,3212.84,3436.59,140,0
CUST01449,Amy,Thomas,Female,43,amy.thomas1449@example.com,Erie,Pennsylvania,United States,High,Corporate,2021-11-10,5,2332.8,2590.61,92,0
CUST01450,Victoria,Sharma,Male,30,victoria.sharma1450@example.com,San Diego,California,United States,Middle,Consumer,2020-02-08,1,1736.35,1745.57,2250,1
CUST01451,Catherine,King,Other,29,catherine.king1451@example.com,Peoria,Illinois,United States,Lower-Middle,Small Business,2026-03-21,3,2430.17,2763.48,3,0
CUST01452,Rebecca,Jones,Male,27,rebecca.jones1452@example.com,Los Angeles,California,United States,Upper-Middle,Home Office,2021-02-14,1,1959.66,2247.08,1586,1
CUST01453,Anna,Green,Other,31,anna.green1453@example.com,Pittsburgh,Pennsylvania,United States,High,Consumer,2022-09-25,2,1587.5300000000002,1703.06,448,1
CUST01454,Ronald,Harris,Male,48,ronald.harris1454@example.com,Lansing,Michigan,United States,Upper-Middle,Corporate,2025-03-29,0,0.0,0.0,9999,1
CUST01455,Thomas,Roberts,Female,25,thomas.roberts1455@example.com,Tucson,Arizona,United States,High,Consumer,2022-01-20,1,2120.69,2336.28,1623,1
CUST01456,Sharon,Robinson,Other,29,sharon.robinson1456@example.com,Dallas,Texas,United States,Lower-Middle,Corporate,2020-04-20,5,3476.54,3792.87,569,1
CUST01457,Ronald,King,Male,47,ronald.king1457@example.com,Boulder,Colorado,United States,High,Consumer,2026-01-04,4,1991.44,2075.04,3,0
CUST01458,Barbara,Brown,Other,27,barbara.brown1458@example.com,Columbus,Ohio,United States,Upper-Middle,Consumer,2024-02-07,4,6728.07,7192.18,613,1
CUST01459,Brandon,Pereira,Other,32,brandon.pereira1459@example.com,Newark,New Jersey,United States,Middle,Corporate,2019-08-23,2,1348.08,1396.45,423,1
CUST01460,Thomas,Zhang,Male,36,thomas.zhang1460@example.com,Tacoma,Washington,United States,Lower-Middle,Home Office,2021-04-08,4,2602.53,2933.7,305,1
CUST01461,Joshua,Harris,Other,37,joshua.harris1461@example.com,Raleigh,North Carolina,United States,Upper-Middle,Home Office,2022-10-06,5,8020.37,8102.51,301,1
CUST01462,Joyce,King,Female,35,joyce.king1462@example.com,Seattle,Washington,United States,Low,Consumer,2025-03-18,1,39.63,42.67,104,0
CUST01463,John,Wilson,Other,27,john.wilson1463@example.com,San Antonio,Texas,United States,Lower-Middle,Consumer,2020-11-18,2,2834.6299999999997,2876.57,963,1
CUST01464,Kimberly,White,Female,30,kimberly.white1464@example.com,Houston,Texas,United States,Upper-Middle,Small Business,2023-05-10,3,8053.719999999999,8132.89,395,1
CUST01465,Anthony,Sharma,Male,43,anthony.sharma1465@example.com,San Antonio,Texas,United States,Middle,Consumer,2024-05-18,1,5921.83,6140.05,227,1
CUST01466,Debra,Martinez,Prefer not to say,46,debra.martinez1466@example.com,Jacksonville,Florida,United States,Middle,Consumer,2022-10-27,4,2449.48,2652.59,257,1
CUST01467,Li,Wang,Male,41,li.wang1467@example.com,Worcester,Massachusetts,United States,Lower-Middle,Small Business,2023-12-10,1,925.36,1025.46,683,1
CUST01468,Catherine,Jones,Female,35,catherine.jones1468@example.com,Austin,Texas,United States,Middle,Corporate,2021-10-07,1,65.67,69.24,1703,1
CUST01469,Jonathan,Smith,Other,38,jonathan.smith1469@example.com,Syracuse,New York,United States,Lower-Middle,Consumer,2021-08-22,2,1876.4,1976.5,820,1
CUST01470,Scott,Brown,Other,55,scott.brown1470@example.com,Charlotte,North Carolina,United States,Middle,Consumer,2023-01-11,1,1333.76,1494.23,579,1
CUST01471,Aditya,Campbell,Male,41,aditya.campbell1471@example.com,Dallas,Texas,United States,Lower-Middle,Consumer,2023-02-17,4,5426.3099999999995,6005.27,102,0
CUST01472,Jack,Taylor,Female,36,jack.taylor1472@example.com,Naperville,Illinois,United States,Lower-Middle,Consumer,2020-10-05,1,1875.69,2133.27,225,1
CUST01473,Maria,Nguyen,Female,43,maria.nguyen1473@example.com,Athens,Georgia,United States,Middle,Consumer,2026-01-10,3,6342.33,7147.84,78,0
CUST01474,Matthew,Allen,Other,22,matthew.allen1474@example.com,Buffalo,New York,United States,Upper-Middle,Corporate,2019-10-21,2,3521.08,3613.03,1467,1
CUST01475,Ronald,Wilson,Female,51,ronald.wilson1475@example.com,Flint,Michigan,United States,Lower-Middle,Consumer,2024-01-29,2,3919.74,4466.44,669,1
CUST01476,Heather,Dubois,Female,24,heather.dubois1476@example.com,Toledo,Ohio,United States,Middle,Consumer,2023-02-21,4,2115.0699999999997,2372.4,376,1
CUST01477,Kenneth,Wilson,Female,62,kenneth.wilson1477@example.com,Lansing,Michigan,United States,Lower-Middle,Consumer,2024-02-20,5,16926.83,17594.91,121,0
CUST01478,Hiroshi,Rodriguez,Male,38,hiroshi.rodriguez1478@example.com,Savannah,Georgia,United States,High,Consumer,2024-10-14,5,8934.02,9778.38,119,0
CUST01479,Timothy,Nguyen,Female,18,timothy.nguyen1479@example.com,Flint,Michigan,United States,Middle,Consumer,2022-03-12,2,4289.34,4440.87,696,1
CUST01480,Ananya,Adams,Female,37,ananya.adams1480@example.com,Cleveland,Ohio,United States,Lower-Middle,Consumer,2025-04-26,4,8830.09,9727.84,105,0
CUST01481,Melissa,Mitchell,Male,48,melissa.mitchell1481@example.com,Rochester,New York,United States,Low,Corporate,2025-11-29,3,427.18,472.39,60,0
CUST01482,Raymond,Nelson,Other,28,raymond.nelson1482@example.com,Jacksonville,Florida,United States,Upper-Middle,Home Office,2022-11-26,6,5092.93,5855.09,471,1
CUST01483,Stephen,Rodriguez,Other,29,stephen.rodriguez1483@example.com,Cincinnati,Ohio,United States,Lower-Middle,Consumer,2025-12-08,6,5697.38,6381.05,95,0
CUST01484,Stephen,Scott,Other,62,stephen.scott1484@example.com,Chandler,Arizona,United States,Low,Home Office,2024-12-24,4,11826.7,11840.94,26,0
CUST01485,Rebecca,Reddy,Male,39,rebecca.reddy1485@example.com,Allentown,Pennsylvania,United States,Lower-Middle,Home Office,2025-06-24,3,3181.26,3583.73,64,0
CUST01486,Gary,Garcia,Male,36,gary.garcia1486@example.com,Peoria,Illinois,United States,Lower-Middle,Consumer,2024-03-19,5,15521.66,16271.56,92,0
CUST01487,Dorothy,Roberts,Male,51,dorothy.roberts1487@example.com,Fort Lauderdale,Florida,United States,Lower-Middle,Corporate,2023-12-03,6,5165.05,5602.82,54,0
CUST01488,Meera,Smith,Female,45,meera.smith1488@example.com,Paterson,New Jersey,United States,Lower-Middle,Small Business,2019-12-05,2,1338.94,1391.38,1417,1
CUST01489,Robert,Souza,Male,20,robert.souza1489@example.com,Elizabeth,New Jersey,United States,Lower-Middle,Consumer,2023-05-20,5,7193.68,7310.37,47,0
CUST01490,Amy,Gonzalez,Other,41,amy.gonzalez1490@example.com,Fort Collins,Colorado,United States,Lower-Middle,Consumer,2022-04-15,2,1458.84,1495.13,195,1
CUST01491,Brian,Patel,Female,32,brian.patel1491@example.com,Fort Worth,Texas,United States,Middle,Consumer,2024-10-13,2,693.28,734.99,153,0
CUST01492,Joshua,Zhang,Female,18,joshua.zhang1492@example.com,Atlanta,Georgia,United States,High,Consumer,2023-01-28,3,3562.84,4096.99,206,1
CUST01493,Mark,Miller,Male,39,mark.miller1493@example.com,Denver,Colorado,United States,Lower-Middle,Consumer,2022-10-18,4,7018.51,7718.02,117,0
CUST01494,Janet,Reddy,Male,41,janet.reddy1494@example.com,Orlando,Florida,United States,Lower-Middle,Small Business,2026-01-01,3,1985.01,2272.78,27,0
CUST01495,Melissa,Souza,Female,59,melissa.souza1495@example.com,Los Angeles,California,United States,Upper-Middle,Consumer,2020-03-09,2,4242.62,4282.04,479,1
CUST01496,Michael,Hill,Female,51,michael.hill1496@example.com,Austin,Texas,United States,Middle,Home Office,2020-08-22,1,2195.87,2350.14,326,1
CUST01497,Edward,Wright,Male,49,edward.wright1497@example.com,Tucson,Arizona,United States,Middle,Consumer,2020-10-08,4,1795.32,1951.15,583,1
CUST01498,Kenneth,Jackson,Female,60,kenneth.jackson1498@example.com,Lowell,Massachusetts,United States,Middle,Corporate,2021-06-15,1,1230.08,1294.65,189,1
CUST01499,Anna,Andrade,Female,22,anna.andrade1499@example.com,Fort Lauderdale,Florida,United States,Middle,Small Business,2024-07-18,4,4055.69,4189.5,2,0
CUST01500,Dorothy,Rossi,Female,42,dorothy.rossi1500@example.com,Miami,Florida,United States,Upper-Middle,Corporate,2025-11-21,1,433.1,462.54,187,1
CUST01501,Amanda,Young,Other,27,amanda.young1501@example.com,Spokane,Washington,United States,Low,Small Business,2024-09-16,5,12850.09,14450.18,34,0
CUST01502,Linda,Ramirez,Female,33,linda.ramirez1502@example.com,San Francisco,California,United States,Upper-Middle,Consumer,2021-06-15,7,9150.41,9709.07,243,1
CUST01503,Susan,Baker,Other,23,susan.baker1503@example.com,Fort Lauderdale,Florida,United States,Middle,Consumer,2023-09-25,3,2479.65,2757.65,276,1
CUST01504,Diego,Flores,Other,49,diego.flores1504@example.com,Scottsdale,Arizona,United States,Lower-Middle,Consumer,2022-12-29,2,470.57000000000005,539.23,413,1
CUST01505,Sofia,Taylor,Female,39,sofia.taylor1505@example.com,Tampa,Florida,United States,High,Home Office,2022-10-17,2,4507.51,4840.64,1160,1
CUST01506,Nicholas,Sanchez,Male,41,nicholas.sanchez1506@example.com,Cambridge,Massachusetts,United States,Low,Consumer,2020-04-17,3,12411.939999999999,12942.15,1467,1
CUST01507,Alexander,Flores,Other,51,alexander.flores1507@example.com,Boulder,Colorado,United States,Lower-Middle,Consumer,2024-11-22,1,1434.49,1498.78,331,1
CUST01508,Susan,Anderson,Female,33,susan.anderson1508@example.com,Miami,Florida,United States,Lower-Middle,Consumer,2020-05-16,4,4375.58,4615.18,173,0
CUST01509,Catherine,Andrade,Female,31,catherine.andrade1509@example.com,Augusta,Georgia,United States,Lower-Middle,Corporate,2020-12-04,2,5855.2699999999995,6378.39,919,1
CUST01510,Amanda,Reddy,Female,25,amanda.reddy1510@example.com,Orlando,Florida,United States,Middle,Consumer,2021-10-19,1,304.44,347.79,1002,1
CUST01511,Michael,Chen,Male,44,michael.chen1511@example.com,Naperville,Illinois,United States,Low,Consumer,2025-12-29,0,0.0,0.0,9999,1
CUST01512,Mateo,Gupta,Male,29,mateo.gupta1512@example.com,Tampa,Florida,United States,Middle,Corporate,2020-03-03,5,12263.64,12673.38,1232,1
CUST01513,Eric,Ivanov,Male,42,eric.ivanov1513@example.com,Greensboro,North Carolina,United States,Middle,Corporate,2025-06-03,4,2544.43,2610.51,5,0
CUST01514,Joseph,Lewis,Male,51,joseph.lewis1514@example.com,Houston,Texas,United States,Middle,Consumer,2024-09-09,4,4252.360000000001,4876.18,135,0
CUST01515,Brenda,Gonzalez,Other,34,brenda.gonzalez1515@example.com,Springfield,Illinois,United States,Middle,Consumer,2025-08-16,2,3704.05,3732.61,105,0
CUST01516,Ronald,Gonzalez,Prefer not to say,19,ronald.gonzalez1516@example.com,Tampa,Florida,United States,Middle,Consumer,2021-05-24,2,2601.73,2978.09,102,0
CUST01517,Anthony,Hall,Other,31,anthony.hall1517@example.com,Tacoma,Washington,United States,Middle,Corporate,2021-07-29,2,4559.5,5083.31,1480,1
CUST01518,Richard,White,Female,18,richard.white1518@example.com,Winston-Salem,North Carolina,United States,Upper-Middle,Home Office,2024-06-04,5,3805.39,3940.09,22,0
CUST01519,Janet,Walker,Prefer not to say,18,janet.walker1519@example.com,Rochester,New York,United States,Middle,Consumer,2023-07-27,6,11208.39,11732.94,337,1
CUST01520,Kevin,Zhang,Other,46,kevin.zhang1520@example.com,New York City,New York,United States,Middle,Consumer,2019-06-19,3,4493.66,4509.65,331,1
CUST01521,Daniel,King,Male,54,daniel.king1521@example.com,Newark,New Jersey,United States,Middle,Home Office,2021-02-14,3,7330.719999999999,7976.73,255,1
CUST01522,Katherine,Rivera,Male,20,katherine.rivera1522@example.com,Macon,Georgia,United States,Middle,Consumer,2020-06-11,2,672.33,762.95,1085,1
CUST01523,Joseph,Garcia,Other,49,joseph.garcia1523@example.com,Denver,Colorado,United States,Middle,Consumer,2022-07-05,2,977.0899999999999,985.53,568,1
CUST01524,Sandra,Andrade,Male,40,sandra.andrade1524@example.com,Raleigh,North Carolina,United States,Upper-Middle,Consumer,2022-10-28,1,1031.2,1061.21,386,1
CUST01525,Arjun,Nelson,Other,52,arjun.nelson1525@example.com,Athens,Georgia,United States,Middle,Consumer,2021-03-31,3,5756.55,6298.31,651,1
CUST01526,Catherine,Dubois,Female,50,catherine.dubois1526@example.com,Naperville,Illinois,United States,Low,Consumer,2024-01-10,4,3397.26,3643.94,77,0
CUST01527,Maria,Nelson,Other,51,maria.nelson1527@example.com,Elizabeth,New Jersey,United States,Upper-Middle,Small Business,2020-02-03,3,1722.56,1913.49,559,1
CUST01528,Katherine,Rossi,Other,39,katherine.rossi1528@example.com,Austin,Texas,United States,Middle,Corporate,2026-02-23,7,12227.84,13296.33,16,0
CUST01529,Charles,Kumar,Other,47,charles.kumar1529@example.com,Colorado Springs,Colorado,United States,High,Consumer,2026-02-19,2,1419.49,1456.37,19,0
CUST01530,Patricia,Young,Female,55,patricia.young1530@example.com,Lansing,Michigan,United States,Lower-Middle,Consumer,2024-09-24,3,4596.49,5160.87,38,0
CUST01531,Sofia,Carter,Female,38,sofia.carter1531@example.com,Seattle,Washington,United States,Upper-Middle,Corporate,2020-11-24,2,5214.56,5278.75,747,1
CUST01532,Chen,Wang,Male,44,chen.wang1532@example.com,Elizabeth,New Jersey,United States,Lower-Middle,Corporate,2020-06-10,6,2806.34,3185.38,104,0
CUST01533,Yuki,Nelson,Female,30,yuki.nelson1533@example.com,Akron,Ohio,United States,High,Consumer,2021-12-03,2,879.1899999999999,928.87,730,1
CUST01534,Matthew,Garcia,Other,27,matthew.garcia1534@example.com,Flint,Michigan,United States,Lower-Middle,Corporate,2022-01-15,8,3809.5600000000004,4178.51,61,0
CUST01535,Sharon,Zhang,Female,45,sharon.zhang1535@example.com,Ann Arbor,Michigan,United States,Lower-Middle,Consumer,2023-11-21,3,2252.2,2521.31,307,1
CUST01536,Mateo,Jackson,Other,48,mateo.jackson1536@example.com,Savannah,Georgia,United States,High,Corporate,2020-09-10,2,651.1,667.75,281,1
CUST01537,Gregory,Lee,Prefer not to say,23,gregory.lee1537@example.com,Peoria,Illinois,United States,Lower-Middle,Home Office,2020-12-30,3,5840.350000000001,6060.88,209,1
CUST01538,Mary,Zhang,Female,36,mary.zhang1538@example.com,San Francisco,California,United States,Upper-Middle,Consumer,2025-04-17,2,1230.58,1356.02,19,0
CUST01539,Angela,Flores,Female,25,angela.flores1539@example.com,Sacramento,California,United States,Middle,Consumer,2023-03-12,0,0.0,0.0,9999,1
CUST01540,Steven,Moore,Other,31,steven.moore1540@example.com,Allentown,Pennsylvania,United States,Middle,Home Office,2022-08-25,3,1125.14,1171.61,320,1
CUST01541,Karen,Lopez,Male,18,karen.lopez1541@example.com,Mesa,Arizona,United States,High,Consumer,2022-03-08,1,149.5,153.91,1111,1
CUST01542,Samantha,Hernandez,Male,18,samantha.hernandez1542@example.com,Springfield,Illinois,United States,Middle,Consumer,2019-08-07,9,13177.98,13590.03,646,1
CUST01543,Ananya,Roberts,Male,30,ananya.roberts1543@example.com,Toledo,Ohio,United States,Upper-Middle,Small Business,2026-02-13,4,3040.65,3268.11,91,0
CUST01544,Katherine,Flores,Female,25,katherine.flores1544@example.com,Syracuse,New York,United States,Middle,Consumer,2024-03-08,3,6844.360000000001,7132.14,76,0
CUST01545,Samantha,Moore,Female,43,samantha.moore1545@example.com,Spokane,Washington,United States,Lower-Middle,Corporate,2022-11-24,1,948.97,1002.31,665,1
CUST01546,Joshua,Flores,Other,64,joshua.flores1546@example.com,Austin,Texas,United States,High,Consumer,2025-03-05,4,4524.820000000001,4863.41,122,0
CUST01547,Lisa,Carter,Male,40,lisa.carter1547@example.com,Cambridge,Massachusetts,United States,Lower-Middle,Consumer,2023-05-08,2,4058.48,4115.65,342,1
CUST01548,Kenneth,Kowalski,Female,29,kenneth.kowalski1548@example.com,Trenton,New Jersey,United States,Middle,Consumer,2026-02-23,1,397.76,439.48,49,0
CUST01549,Timothy,Kim,Male,35,timothy.kim1549@example.com,San Jose,California,United States,High,Consumer,2024-03-29,2,2037.36,2178.58,703,1
CUST01550,Julie,Moore,Male,34,julie.moore1550@example.com,Ann Arbor,Michigan,United States,Middle,Consumer,2024-03-21,1,9.02,10.32,738,1
CUST01551,Brandon,Pereira,Female,39,brandon.pereira1551@example.com,Elizabeth,New Jersey,United States,Low,Home Office,2021-02-10,1,87.65,96.16,1290,1
CUST01552,Thomas,Patel,Female,55,thomas.patel1552@example.com,Seattle,Washington,United States,Upper-Middle,Home Office,2021-10-18,3,6950.55,7134.24,766,1
CUST01553,Ryan,Miller,Female,53,ryan.miller1553@example.com,Houston,Texas,United States,Upper-Middle,Corporate,2019-10-23,2,876.2,982.22,567,1
CUST01554,Kevin,Gonzalez,Other,66,kevin.gonzalez1554@example.com,Aurora,Colorado,United States,Middle,Consumer,2022-06-06,4,8525.89,9027.05,77,0
CUST01555,Linda,Thomas,Other,32,linda.thomas1555@example.com,Chandler,Arizona,United States,Middle,Corporate,2022-02-12,2,305.49,343.52,779,1
CUST01556,Frank,Clark,Other,39,frank.clark1556@example.com,Raleigh,North Carolina,United States,Upper-Middle,Consumer,2023-12-31,2,858.19,920.88,217,1
CUST01557,Mark,Martin,Other,44,mark.martin1557@example.com,Naperville,Illinois,United States,High,Consumer,2022-03-23,3,10234.83,11105.03,453,1
CUST01558,Angela,Sanchez,Male,50,angela.sanchez1558@example.com,Houston,Texas,United States,Lower-Middle,Home Office,2026-03-29,4,6028.54,6746.97,66,0
CUST01559,Anna,Gonzalez,Male,24,anna.gonzalez1559@example.com,Orlando,Florida,United States,Middle,Home Office,2020-09-12,6,16496.92,16592.46,253,1
CUST01560,Jeffrey,Sharma,Female,51,jeffrey.sharma1560@example.com,Los Angeles,California,United States,Middle,Small Business,2019-11-20,6,6783.789999999999,6944.44,115,0
CUST01561,Rahul,Walker,Female,40,rahul.walker1561@example.com,Boulder,Colorado,United States,Upper-Middle,Corporate,2023-10-18,3,5378.450000000001,5382.9,198,1
CUST01562,Meera,Thomas,Other,36,meera.thomas1562@example.com,Cleveland,Ohio,United States,Low,Consumer,2020-03-07,6,4750.62,5275.53,131,0
CUST01563,Dennis,Walker,Other,53,dennis.walker1563@example.com,Syracuse,New York,United States,Middle,Consumer,2026-03-25,3,1063.9,1068.54,18,0
CUST01564,Jacob,Nguyen,Other,42,jacob.nguyen1564@example.com,Chicago,Illinois,United States,Middle,Corporate,2025-12-12,5,7547.910000000001,8188.68,5,0
CUST01565,Ronald,Roberts,Female,38,ronald.roberts1565@example.com,Phoenix,Arizona,United States,Middle,Consumer,2024-11-30,6,3262.5699999999997,3722.86,145,0
CUST01566,Patricia,Torres,Other,36,patricia.torres1566@example.com,Atlanta,Georgia,United States,Middle,Corporate,2025-10-02,3,3944.2200000000003,4143.06,112,0
CUST01567,Robert,Chen,Male,18,robert.chen1567@example.com,San Diego,California,United States,Middle,Corporate,2025-04-05,4,2370.9500000000003,2517.06,157,0
CUST01568,Emily,Johnson,Other,35,emily.johnson1568@example.com,Rochester,New York,United States,Upper-Middle,Consumer,2024-04-07,3,2445.46,2726.17,7,0
CUST01569,Brian,Andrade,Male,23,brian.andrade1569@example.com,Akron,Ohio,United States,Lower-Middle,Consumer,2019-09-21,3,6586.68,7113.37,230,1
CUST01570,Samuel,Baker,Female,24,samuel.baker1570@example.com,Savannah,Georgia,United States,Upper-Middle,Corporate,2023-06-20,2,2094.56,2324.98,623,1
CUST01571,Mateo,Sharma,Female,27,mateo.sharma1571@example.com,San Antonio,Texas,United States,High,Corporate,2026-02-16,0,0.0,0.0,9999,1
CUST01572,Lisa,Kowalski,Female,18,lisa.kowalski1572@example.com,Lowell,Massachusetts,United States,Lower-Middle,Consumer,2025-01-29,0,0.0,0.0,9999,1
CUST01573,Samantha,Hall,Female,20,samantha.hall1573@example.com,Flint,Michigan,United States,Low,Consumer,2020-09-04,3,7720.5199999999995,8490.73,1332,1
CUST01574,Jack,Lee,Prefer not to say,24,jack.lee1574@example.com,Miami,Florida,United States,Middle,Consumer,2022-03-26,5,8573.220000000001,9077.69,331,1
CUST01575,Carolyn,Muller,Other,36,carolyn.muller1575@example.com,Pittsburgh,Pennsylvania,United States,Upper-Middle,Consumer,2025-09-27,4,8028.4,8045.1,28,0
CUST01576,Ming,Thompson,Female,42,ming.thompson1576@example.com,Scottsdale,Arizona,United States,High,Consumer,2020-04-12,4,7395.879999999999,8290.54,55,0
CUST01577,Steven,Anderson,Female,35,steven.anderson1577@example.com,Los Angeles,California,United States,Upper-Middle,Corporate,2021-08-07,2,253.8,282.61,1146,1
CUST01578,Isha,Brown,Female,33,isha.brown1578@example.com,Jersey City,New Jersey,United States,Lower-Middle,Consumer,2022-10-04,5,10995.9,11459.18,69,0
CUST01579,Sarah,Sanchez,Female,47,sarah.sanchez1579@example.com,Tampa,Florida,United States,Middle,Consumer,2025-11-18,1,2319.85,2442.57,198,1
CUST01580,Margaret,Lee,Male,43,margaret.lee1580@example.com,Akron,Ohio,United States,Low,Consumer,2020-10-22,1,612.91,642.01,143,0
CUST01581,Gregory,Gonzalez,Male,36,gregory.gonzalez1581@example.com,Miami,Florida,United States,Upper-Middle,Consumer,2021-01-24,0,0.0,0.0,9999,1
CUST01582,Timothy,Pereira,Female,38,timothy.pereira1582@example.com,Denver,Colorado,United States,Lower-Middle,Corporate,2022-02-18,1,5199.42,5513.28,1242,1
CUST01583,Li,Andrade,Male,39,li.andrade1583@example.com,Savannah,Georgia,United States,Middle,Consumer,2025-07-10,3,4439.23,5043.61,270,1
CUST01584,Amanda,Rivera,Male,30,amanda.rivera1584@example.com,Flint,Michigan,United States,Upper-Middle,Consumer,2023-11-06,7,8990.87,10206.3,137,0
CUST01585,Debra,Carter,Other,40,debra.carter1585@example.com,Denver,Colorado,United States,Low,Home Office,2025-01-05,4,5863.77,6730.92,99,0
CUST01586,Joshua,Gonzalez,Male,18,joshua.gonzalez1586@example.com,San Antonio,Texas,United States,Low,Consumer,2023-04-27,5,3429.23,3641.69,292,1
CUST01587,John,Lewis,Female,35,john.lewis1587@example.com,Aurora,Colorado,United States,Middle,Consumer,2025-05-24,4,3475.42,3898.11,80,0
CUST01588,Wei,Lee,Other,23,wei.lee1588@example.com,Chicago,Illinois,United States,Middle,Home Office,2023-05-08,0,0.0,0.0,9999,1
CUST01589,Camila,Kowalski,Other,36,camila.kowalski1589@example.com,Peoria,Illinois,United States,Low,Corporate,2024-06-17,2,4410.15,4681.68,164,0
CUST01590,Joseph,Muller,Other,27,joseph.muller1590@example.com,Trenton,New Jersey,United States,Low,Consumer,2023-02-05,3,7602.4800000000005,8641.29,509,1
CUST01591,Kimberly,Sanchez,Male,35,kimberly.sanchez1591@example.com,Philadelphia,Pennsylvania,United States,Lower-Middle,Home Office,2023-12-01,3,7744.21,8711.76,149,0
CUST01592,Kevin,Davis,Male,30,kevin.davis1592@example.com,Jacksonville,Florida,United States,Upper-Middle,Corporate,2020-12-25,5,8121.54,8414.24,359,1
CUST01593,Christine,Jones,Prefer not to say,48,christine.jones1593@example.com,Philadelphia,Pennsylvania,United States,High,Corporate,2020-06-13,1,335.42,358.69,1690,1
CUST01594,Christine,Hernandez,Female,54,christine.hernandez1594@example.com,Elizabeth,New Jersey,United States,High,Consumer,2019-10-20,3,5574.0,5749.79,2,0
CUST01595,Jennifer,Wilson,Other,18,jennifer.wilson1595@example.com,Sacramento,California,United States,Lower-Middle,Consumer,2023-05-06,2,514.59,550.53,640,1
CUST01596,Jacob,Hill,Male,28,jacob.hill1596@example.com,Worcester,Massachusetts,United States,High,Consumer,2019-12-02,3,3294.9,3669.24,43,0
CUST01597,Victoria,Sanchez,Female,41,victoria.sanchez1597@example.com,Winston-Salem,North Carolina,United States,Middle,Corporate,2023-03-04,4,5250.69,5346.32,33,0
CUST01598,Emma,Rossi,Female,38,emma.rossi1598@example.com,Sacramento,California,United States,Middle,Consumer,2020-03-28,1,1373.04,1407.02,1729,1
CUST01599,Jason,Moore,Male,40,jason.moore1599@example.com,San Antonio,Texas,United States,Upper-Middle,Small Business,2024-12-02,5,4764.45,5353.74,78,0
CUST01600,Melissa,Rivera,Female,18,melissa.rivera1600@example.com,Tampa,Florida,United States,High,Consumer,2023-08-07,4,3760.86,3807.48,68,0
CUST01601,Barbara,Johnson,Other,30,barbara.johnson1601@example.com,Jacksonville,Florida,United States,Upper-Middle,Home Office,2025-05-25,4,3983.0499999999997,4224.18,225,1
CUST01602,Brenda,Garcia,Other,31,brenda.garcia1602@example.com,Boston,Massachusetts,United States,Lower-Middle,Consumer,2020-05-26,2,641.99,732.56,921,1
CUST01603,Linda,Taylor,Female,46,linda.taylor1603@example.com,Savannah,Georgia,United States,Low,Consumer,2026-04-30,3,3087.25,3257.91,19,0
CUST01604,Samuel,Young,Other,41,samuel.young1604@example.com,Springfield,Illinois,United States,Middle,Corporate,2023-09-27,4,1467.0800000000002,1501.93,201,1
CUST01605,Catherine,Martinez,Other,54,catherine.martinez1605@example.com,Austin,Texas,United States,Lower-Middle,Corporate,2023-07-17,2,234.95,261.94,756,1
CUST01606,Rahul,Rivera,Female,41,rahul.rivera1606@example.com,Jersey City,New Jersey,United States,Upper-Middle,Small Business,2022-04-13,5,6490.6900000000005,7367.35,405,1
CUST01607,Tyler,Nguyen,Other,35,tyler.nguyen1607@example.com,Colorado Springs,Colorado,United States,Upper-Middle,Consumer,2021-11-04,2,2251.93,2412.49,940,1
CUST01608,Jonathan,Kowalski,Female,22,jonathan.kowalski1608@example.com,Houston,Texas,United States,High,Corporate,2023-09-18,2,4362.43,4396.5,425,1
CUST01609,Brandon,Dubois,Male,41,brandon.dubois1609@example.com,Chicago,Illinois,United States,High,Home Office,2019-09-18,3,9676.6,10883.12,659,1
CUST01610,Anna,Robinson,Male,48,anna.robinson1610@example.com,Rockford,Illinois,United States,Lower-Middle,Corporate,2021-02-11,2,4212.71,4459.83,73,0
CUST01611,Victoria,Jackson,Other,18,victoria.jackson1611@example.com,San Francisco,California,United States,Middle,Home Office,2024-06-21,2,1373.17,1561.02,171,0
CUST01612,Joseph,Williams,Female,34,joseph.williams1612@example.com,Atlanta,Georgia,United States,Lower-Middle,Consumer,2019-11-10,3,4816.1900000000005,4881.67,719,1
CUST01613,Neha,Hernandez,Other,22,neha.hernandez1613@example.com,San Diego,California,United States,Middle,Consumer,2023-10-20,3,6310.73,6431.04,774,1
CUST01614,Edward,Roberts,Male,37,edward.roberts1614@example.com,Atlanta,Georgia,United States,Lower-Middle,Consumer,2025-06-30,3,1673.6100000000001,1915.96,202,1
CUST01615,Sharon,Souza,Male,45,sharon.souza1615@example.com,San Diego,California,United States,Middle,Consumer,2021-12-31,5,8734.24,9221.87,876,1
CUST01616,Patricia,Baker,Other,32,patricia.baker1616@example.com,Trenton,New Jersey,United States,Lower-Middle,Consumer,2024-11-01,3,4409.49,5007.07,214,1
CUST01617,Heather,Reddy,Other,18,heather.reddy1617@example.com,Fort Collins,Colorado,United States,High,Home Office,2026-05-01,4,5912.47,6482.37,10,0
CUST01618,Ananya,Wilson,Other,47,ananya.wilson1618@example.com,Greensboro,North Carolina,United States,High,Consumer,2023-05-04,5,4063.15,4403.82,18,0
CUST01619,Diego,Souza,Other,43,diego.souza1619@example.com,Athens,Georgia,United States,Upper-Middle,Home Office,2019-08-25,2,683.28,772.4,428,1
CUST01620,Kimberly,Lee,Other,50,kimberly.lee1620@example.com,Toledo,Ohio,United States,High,Consumer,2024-01-28,0,0.0,0.0,9999,1
CUST01621,Li,Johnson,Male,21,li.johnson1621@example.com,Naperville,Illinois,United States,High,Home Office,2026-04-06,2,1759.34,1903.85,49,0
CUST01622,Donna,Baker,Male,23,donna.baker1622@example.com,Lansing,Michigan,United States,Middle,Consumer,2021-10-13,2,2302.12,2567.75,205,1
CUST01623,Catherine,Allen,Male,41,catherine.allen1623@example.com,Lowell,Massachusetts,United States,Lower-Middle,Corporate,2021-12-07,6,3808.02,3899.13,134,0
CUST01624,Dorothy,King,Female,32,dorothy.king1624@example.com,Colorado Springs,Colorado,United States,Middle,Consumer,2024-08-07,2,1664.6100000000001,1892.57,562,1
CUST01625,Cynthia,Jones,Other,31,cynthia.jones1625@example.com,Erie,Pennsylvania,United States,Upper-Middle,Consumer,2025-01-14,6,7004.08,7061.95,21,0
CUST01626,Linda,Hernandez,Other,34,linda.hernandez1626@example.com,Rockford,Illinois,United States,Lower-Middle,Consumer,2026-02-22,2,4603.72,5172.26,61,0
CUST01627,Lisa,King,Female,37,lisa.king1627@example.com,Springfield,Massachusetts,United States,Upper-Middle,Consumer,2026-05-08,0,0.0,0.0,9999,1
CUST01628,Debra,Thompson,Other,35,debra.thompson1628@example.com,Syracuse,New York,United States,Low,Consumer,2024-05-28,5,4171.89,4546.27,163,0
CUST01629,Robert,White,Female,44,robert.white1629@example.com,Everett,Washington,United States,Middle,Consumer,2024-04-21,0,0.0,0.0,9999,1
CUST01630,Raymond,Robinson,Female,43,raymond.robinson1630@example.com,San Diego,California,United States,Low,Home Office,2022-02-21,1,24.08,24.66,1322,1
CUST01631,Karan,Rivera,Other,43,karan.rivera1631@example.com,Charlotte,North Carolina,United States,Lower-Middle,Consumer,2025-05-01,4,5626.32,6121.86,51,0
CUST01632,Shirley,Chen,Male,61,shirley.chen1632@example.com,Fort Worth,Texas,United States,Lower-Middle,Consumer,2020-05-02,3,597.35,684.87,25,0
CUST01633,Melissa,Singh,Female,43,melissa.singh1633@example.com,San Antonio,Texas,United States,Lower-Middle,Consumer,2022-09-27,2,1269.9099999999999,1305.16,118,0
CUST01634,Victoria,Campbell,Other,24,victoria.campbell1634@example.com,Erie,Pennsylvania,United States,Middle,Small Business,2023-11-18,2,5732.75,6322.48,623,1
CUST01635,Donna,Brown,Male,33,donna.brown1635@example.com,Rochester,New York,United States,Lower-Middle,Consumer,2025-06-26,1,376.84,383.61,349,1
CUST01636,Justin,Brown,Male,35,justin.brown1636@example.com,Fort Worth,Texas,United States,Upper-Middle,Consumer,2020-03-18,3,5044.179999999999,5276.44,121,0
CUST01637,Tyler,Silva,Other,25,tyler.silva1637@example.com,Lowell,Massachusetts,United States,Lower-Middle,Consumer,2019-12-22,2,37.35,38.84,118,0
CUST01638,Vikram,Jones,Female,20,vikram.jones1638@example.com,Spokane,Washington,United States,Upper-Middle,Corporate,2020-11-18,3,2786.4700000000003,3088.12,843,1
CUST01639,Elizabeth,Lewis,Other,33,elizabeth.lewis1639@example.com,Flint,Michigan,United States,Middle,Corporate,2024-05-30,6,8939.52,9151.59,89,0
CUST01640,Brenda,Thomas,Male,46,brenda.thomas1640@example.com,Boulder,Colorado,United States,Middle,Corporate,2023-10-01,2,2907.31,3277.77,45,0
CUST01641,Anna,Chen,Prefer not to say,34,anna.chen1641@example.com,Allentown,Pennsylvania,United States,Lower-Middle,Corporate,2024-08-14,2,3374.91,3417.08,209,1
CUST01642,Li,Young,Female,37,li.young1642@example.com,Pittsburgh,Pennsylvania,United States,Lower-Middle,Consumer,2025-07-06,1,48.11,49.11,55,0
CUST01643,Joseph,Walker,Female,43,joseph.walker1643@example.com,Athens,Georgia,United States,Low,Corporate,2020-04-28,2,1956.71,2187.81,1867,1
CUST01644,Elizabeth,Campbell,Other,23,elizabeth.campbell1644@example.com,Bellevue,Washington,United States,Lower-Middle,Home Office,2026-04-08,2,677.34,718.09,30,0
CUST01645,Sandra,Taylor,Male,38,sandra.taylor1645@example.com,Elizabeth,New Jersey,United States,Upper-Middle,Consumer,2024-11-13,6,4368.46,5019.08,76,0
CUST01646,Samantha,Moore,Female,20,samantha.moore1646@example.com,Ann Arbor,Michigan,United States,Lower-Middle,Consumer,2023-05-02,3,10360.15,10725.15,102,0
CUST01647,Timothy,Singh,Other,55,timothy.singh1647@example.com,Raleigh,North Carolina,United States,Middle,Home Office,2020-02-14,1,1907.62,2043.97,688,1
CUST01648,Margaret,White,Male,53,margaret.white1648@example.com,Paterson,New Jersey,United States,Lower-Middle,Consumer,2021-05-04,5,7545.08,8242.62,538,1
CUST01649,Jerry,Muller,Prefer not to say,33,jerry.muller1649@example.com,Phoenix,Arizona,United States,Lower-Middle,Consumer,2021-05-25,3,3076.45,3397.0,614,1
CUST01650,Sharon,Brown,Male,18,sharon.brown1650@example.com,Tucson,Arizona,United States,Lower-Middle,Home Office,2019-10-14,2,579.47,596.45,883,1
CUST01651,Sofia,Roberts,Female,48,sofia.roberts1651@example.com,Paterson,New Jersey,United States,Lower-Middle,Corporate,2024-12-13,1,1125.52,1228.94,564,1
CUST01652,Donald,Nguyen,Female,21,donald.nguyen1652@example.com,Austin,Texas,United States,Middle,Corporate,2021-02-21,0,0.0,0.0,9999,1
CUST01653,Heather,Garcia,Female,47,heather.garcia1653@example.com,Austin,Texas,United States,High,Corporate,2024-12-29,7,6087.58,6307.43,131,0
CUST01654,Diane,Reddy,Other,40,diane.reddy1654@example.com,Peoria,Illinois,United States,Lower-Middle,Consumer,2024-03-21,3,6585.59,7096.06,386,1
CUST01655,Joyce,Silva,Male,34,joyce.silva1655@example.com,Dallas,Texas,United States,Middle,Consumer,2025-06-28,2,12742.86,14052.91,318,1
CUST01656,Samuel,Zhang,Female,46,samuel.zhang1656@example.com,Cincinnati,Ohio,United States,Lower-Middle,Corporate,2021-09-24,2,632.22,691.95,27,0
CUST01657,Emily,Gonzalez,Female,44,emily.gonzalez1657@example.com,Tampa,Florida,United States,Lower-Middle,Corporate,2023-12-30,2,970.31,1051.99,305,1
CUST01658,Hiroshi,Andrade,Female,61,hiroshi.andrade1658@example.com,Flint,Michigan,United States,Lower-Middle,Consumer,2020-10-12,4,8134.93,9331.52,104,0
CUST01659,Julie,Thompson,Other,27,julie.thompson1659@example.com,New York City,New York,United States,Upper-Middle,Corporate,2022-02-24,2,7493.52,8241.96,56,0
CUST01660,Sharon,Costa,Other,33,sharon.costa1660@example.com,Rockford,Illinois,United States,Lower-Middle,Consumer,2021-08-21,1,126.97,136.12,1227,1
CUST01661,Nancy,Thomas,Female,38,nancy.thomas1661@example.com,Naperville,Illinois,United States,Middle,Home Office,2020-03-24,2,2037.77,2336.27,721,1
CUST01662,Andrew,King,Male,40,andrew.king1662@example.com,Detroit,Michigan,United States,Middle,Consumer,2025-01-22,3,6466.35,6541.74,130,0
CUST01663,Anthony,Silva,Male,44,anthony.silva1663@example.com,Worcester,Massachusetts,United States,Middle,Consumer,2019-09-02,6,12154.89,12734.89,326,1
CUST01664,Hiroshi,Pereira,Male,41,hiroshi.pereira1664@example.com,Raleigh,North Carolina,United States,Middle,Home Office,2023-09-18,3,1955.73,2027.95,59,0
CUST01665,Melissa,Clark,Female,18,melissa.clark1665@example.com,Rockford,Illinois,United States,Upper-Middle,Consumer,2021-04-08,1,1700.6,1755.39,1081,1
CUST01666,Vikram,Zhang,Other,36,vikram.zhang1666@example.com,Chicago,Illinois,United States,Upper-Middle,Home Office,2020-10-20,2,6518.02,7133.05,699,1
CUST01667,Jeffrey,Reddy,Male,34,jeffrey.reddy1667@example.com,Augusta,Georgia,United States,Upper-Middle,Small Business,2021-04-27,3,4337.68,4362.33,707,1
CUST01668,Jack,Anderson,Other,18,jack.anderson1668@example.com,Philadelphia,Pennsylvania,United States,Upper-Middle,Corporate,2020-11-13,1,687.32,709.44,272,1
CUST01669,Dorothy,Lee,Female,63,dorothy.lee1669@example.com,Durham,North Carolina,United States,Middle,Corporate,2024-05-03,5,11391.4,11735.61,73,0
CUST01670,Carolyn,Martinez,Male,24,carolyn.martinez1670@example.com,Mesa,Arizona,United States,Middle,Small Business,2023-05-04,1,262.31,290.94,810,1
CUST01671,Priya,Costa,Other,42,priya.costa1671@example.com,Pittsburgh,Pennsylvania,United States,Middle,Home Office,2026-06-11,2,769.87,803.07,31,0
CUST01672,Robert,Johnson,Other,33,robert.johnson1672@example.com,Orlando,Florida,United States,Middle,Small Business,2025-04-01,4,3079.8999999999996,3329.02,72,0
CUST01673,Carolyn,Sanchez,Male,47,carolyn.sanchez1673@example.com,Peoria,Illinois,United States,Middle,Consumer,2020-05-22,3,2497.38,2527.61,540,1
CUST01674,Gary,Torres,Other,53,gary.torres1674@example.com,Buffalo,New York,United States,Upper-Middle,Small Business,2020-11-23,3,3497.5,3884.21,477,1
CUST01675,Meera,Ramirez,Male,45,meera.ramirez1675@example.com,Sacramento,California,United States,Middle,Corporate,2023-01-25,1,1370.97,1465.09,932,1
CUST01676,Maria,Thompson,Other,34,maria.thompson1676@example.com,Sacramento,California,United States,Lower-Middle,Consumer,2023-10-04,3,1329.54,1494.57,543,1
CUST01677,Samantha,Walker,Female,58,samantha.walker1677@example.com,Tacoma,Washington,United States,Middle,Small Business,2025-11-21,2,1836.71,2072.61,153,0
CUST01678,Ming,Hill,Female,40,ming.hill1678@example.com,Colorado Springs,Colorado,United States,Middle,Consumer,2019-10-14,2,1688.96,1752.51,1879,1
CUST01679,Debra,Sharma,Other,30,debra.sharma1679@example.com,Ann Arbor,Michigan,United States,Middle,Consumer,2024-11-01,4,2511.86,2528.62,79,0
CUST01680,Joseph,Torres,Female,54,joseph.torres1680@example.com,Toledo,Ohio,United States,Lower-Middle,Consumer,2020-09-06,1,816.13,893.85,1523,1
CUST01681,Daniel,Kim,Female,22,daniel.kim1681@example.com,Philadelphia,Pennsylvania,United States,Middle,Corporate,2022-06-21,5,6406.3099999999995,6933.96,481,1
CUST01682,Tyler,Rossi,Other,33,tyler.rossi1682@example.com,Fort Collins,Colorado,United States,Middle,Consumer,2021-03-04,6,6307.26,6494.01,12,0
CUST01683,Donna,Wright,Female,22,donna.wright1683@example.com,Raleigh,North Carolina,United States,Low,Home Office,2023-04-04,4,13325.25,14293.97,471,1
CUST01684,Kimberly,Green,Female,32,kimberly.green1684@example.com,Toledo,Ohio,United States,Middle,Consumer,2021-11-06,4,1513.38,1575.67,588,1
CUST01685,Michael,Wright,Female,18,michael.wright1685@example.com,Savannah,Georgia,United States,Middle,Consumer,2019-08-29,3,1017.07,1043.57,42,0
CUST01686,Laura,Kumar,Male,37,laura.kumar1686@example.com,Fort Lauderdale,Florida,United States,Middle,Home Office,2019-10-27,8,7799.289999999999,8086.32,99,0
CUST01687,Joseph,Nelson,Other,52,joseph.nelson1687@example.com,Syracuse,New York,United States,Low,Corporate,2021-01-19,3,3808.81,3966.68,60,0
CUST01688,Arjun,Carter,Female,18,arjun.carter1688@example.com,Austin,Texas,United States,Upper-Middle,Corporate,2023-11-30,5,3266.2799999999997,3621.58,239,1
CUST01689,Samuel,Miller,Female,36,samuel.miller1689@example.com,Raleigh,North Carolina,United States,Middle,Small Business,2021-11-07,5,12146.93,13517.88,77,0
CUST01690,Isha,Souza,Female,22,isha.souza1690@example.com,Cleveland,Ohio,United States,Upper-Middle,Small Business,2019-09-08,7,3834.43,4402.21,463,1
CUST01691,Kevin,Kumar,Other,35,kevin.kumar1691@example.com,Fort Lauderdale,Florida,United States,Lower-Middle,Consumer,2021-10-02,2,3493.37,3659.88,475,1
CUST01692,Karan,Williams,Male,32,karan.williams1692@example.com,Lowell,Massachusetts,United States,Middle,Home Office,2022-10-19,3,829.6999999999999,864.19,68,0
CUST01693,Jennifer,Lee,Male,26,jennifer.lee1693@example.com,Naperville,Illinois,United States,Lower-Middle,Home Office,2025-05-29,3,4625.1900000000005,5093.08,21,0
CUST01694,Ashley,Jones,Female,46,ashley.jones1694@example.com,Chicago,Illinois,United States,Middle,Consumer,2021-12-05,2,147.47,166.77,91,0
CUST01695,Diane,Wright,Male,46,diane.wright1695@example.com,Denver,Colorado,United States,Low,Corporate,2022-03-27,1,7045.34,7894.78,18,0
CUST01696,Jerry,Singh,Other,37,jerry.singh1696@example.com,Los Angeles,California,United States,Upper-Middle,Corporate,2022-12-15,4,8592.74,8995.99,69,0
CUST01697,Karen,Gonzalez,Female,59,karen.gonzalez1697@example.com,Chandler,Arizona,United States,Lower-Middle,Corporate,2021-08-31,5,2183.04,2229.01,76,0
CUST01698,Michelle,Adams,Other,18,michelle.adams1698@example.com,Akron,Ohio,United States,Low,Consumer,2019-06-20,4,1356.15,1405.67,423,1
CUST01699,Margaret,Gonzalez,Female,46,margaret.gonzalez1699@example.com,Rockford,Illinois,United States,Middle,Consumer,2024-07-08,1,110.63,114.63,337,1
CUST01700,Mark,Kumar,Female,54,mark.kumar1700@example.com,Durham,North Carolina,United States,Lower-Middle,Corporate,2025-11-24,2,848.96,903.41,126,0
CUST01701,Shirley,Young,Female,36,shirley.young1701@example.com,Columbus,Ohio,United States,Upper-Middle,Small Business,2026-02-16,2,668.78,710.02,7,0
CUST01702,Jerry,Pereira,Female,23,jerry.pereira1702@example.com,Phoenix,Arizona,United States,Lower-Middle,Small Business,2025-10-21,2,1926.5,1935.88,6,0
CUST01703,Ronald,Robinson,Female,43,ronald.robinson1703@example.com,Augusta,Georgia,United States,Middle,Corporate,2021-06-20,5,7060.74,7683.38,58,0
CUST01704,Kevin,Jackson,Male,30,kevin.jackson1704@example.com,Boston,Massachusetts,United States,Middle,Consumer,2023-04-23,5,7625.01,7770.47,87,0
CUST01705,Diego,Dubois,Male,26,diego.dubois1705@example.com,Grand Rapids,Michigan,United States,Lower-Middle,Corporate,2023-06-23,3,2633.39,2991.85,126,0
CUST01706,Amy,Costa,Male,60,amy.costa1706@example.com,Chandler,Arizona,United States,Low,Consumer,2019-11-19,2,1172.6799999999998,1312.12,160,0
CUST01707,Timothy,Flores,Male,26,timothy.flores1707@example.com,Mesa,Arizona,United States,Low,Corporate,2022-03-08,2,510.46000000000004,512.86,329,1
CUST01708,Katherine,Kumar,Female,37,katherine.kumar1708@example.com,Denver,Colorado,United States,Middle,Home Office,2020-03-27,3,6076.46,6612.81,297,1
CUST01709,Priya,Dubois,Female,37,priya.dubois1709@example.com,Greensboro,North Carolina,United States,High,Consumer,2022-01-18,4,3203.98,3494.38,267,1
CUST01710,Cynthia,Rossi,Other,30,cynthia.rossi1710@example.com,Winston-Salem,North Carolina,United States,High,Consumer,2022-10-25,3,1473.6100000000001,1611.11,367,1
CUST01711,Susan,Gupta,Female,30,susan.gupta1711@example.com,Phoenix,Arizona,United States,Lower-Middle,Consumer,2023-10-23,0,0.0,0.0,9999,1
CUST01712,Anna,Thomas,Female,21,anna.thomas1712@example.com,Buffalo,New York,United States,Upper-Middle,Consumer,2022-10-25,2,1723.9099999999999,1871.52,687,1
CUST01713,Yuki,Gupta,Other,18,yuki.gupta1713@example.com,Savannah,Georgia,United States,Upper-Middle,Consumer,2023-12-14,2,11114.04,11470.3,845,1
CUST01714,Dennis,Singh,Female,34,dennis.singh1714@example.com,Columbus,Ohio,United States,Lower-Middle,Small Business,2021-03-03,2,737.72,809.21,113,0
CUST01715,Heather,Wright,Other,47,heather.wright1715@example.com,Durham,North Carolina,United States,Upper-Middle,Corporate,2022-02-19,1,80.7,91.08,1365,1
CUST01716,Nancy,Jackson,Other,58,nancy.jackson1716@example.com,Rockford,Illinois,United States,Lower-Middle,Corporate,2022-09-27,0,0.0,0.0,9999,1
CUST01717,Raymond,Mitchell,Female,39,raymond.mitchell1717@example.com,Winston-Salem,North Carolina,United States,Middle,Consumer,2024-01-17,6,6958.4800000000005,7255.57,37,0
CUST01718,Kevin,Moore,Other,32,kevin.moore1718@example.com,Syracuse,New York,United States,Upper-Middle,Consumer,2025-11-27,1,576.63,662.94,205,1
CUST01719,Rebecca,Thompson,Male,34,rebecca.thompson1719@example.com,Albany,New York,United States,High,Consumer,2023-04-20,3,453.38,470.09,101,0
CUST01720,Frank,Harris,Other,34,frank.harris1720@example.com,Miami,Florida,United States,Middle,Consumer,2024-09-16,0,0.0,0.0,9999,1
CUST01721,Brandon,Kim,Male,33,brandon.kim1721@example.com,Grand Rapids,Michigan,United States,Middle,Corporate,2024-04-26,4,2233.29,2566.75,90,0
CUST01722,Mark,Hall,Male,41,mark.hall1722@example.com,Seattle,Washington,United States,Lower-Middle,Home Office,2026-01-18,2,180.6,189.92,133,0
CUST01723,Wei,Gupta,Female,59,wei.gupta1723@example.com,Ann Arbor,Michigan,United States,Middle,Consumer,2025-07-23,3,3313.33,3513.5,176,0
CUST01724,Steven,Pereira,Male,21,steven.pereira1724@example.com,Spokane,Washington,United States,Middle,Consumer,2026-02-23,3,4147.09,4724.39,117,0
CUST01725,Betty,Scott,Other,26,betty.scott1725@example.com,Rochester,New York,United States,Lower-Middle,Home Office,2020-02-23,3,11890.37,12467.27,1519,1
CUST01726,Justin,Roberts,Other,31,justin.roberts1726@example.com,Reading,Pennsylvania,United States,Middle,Small Business,2022-12-01,2,473.43,517.81,212,1
CUST01727,Diane,Muller,Male,30,diane.muller1727@example.com,Orlando,Florida,United States,Upper-Middle,Small Business,2025-04-24,4,2883.54,2948.2,43,0
CUST01728,Barbara,Jackson,Female,49,barbara.jackson1728@example.com,Buffalo,New York,United States,Upper-Middle,Consumer,2024-03-17,1,1092.34,1171.21,255,1
CUST01729,Hiroshi,Miller,Female,21,hiroshi.miller1729@example.com,Syracuse,New York,United States,Middle,Consumer,2025-09-02,6,2265.43,2298.38,12,0
CUST01730,Joshua,Kowalski,Male,42,joshua.kowalski1730@example.com,Boston,Massachusetts,United States,Middle,Consumer,2021-11-18,2,1217.4,1333.56,903,1
CUST01731,Deborah,Muller,Other,40,deborah.muller1731@example.com,Allentown,Pennsylvania,United States,Lower-Middle,Consumer,2026-05-12,0,0.0,0.0,9999,1
CUST01732,Scott,Ramirez,Other,18,scott.ramirez1732@example.com,Rochester,New York,United States,Lower-Middle,Consumer,2024-11-14,3,127.94999999999999,144.36,66,0
CUST01733,Jeffrey,Dubois,Other,39,jeffrey.dubois1733@example.com,Mesa,Arizona,United States,Lower-Middle,Home Office,2021-12-22,5,1764.45,1868.89,24,0
CUST01734,Samuel,Hall,Female,60,samuel.hall1734@example.com,New York City,New York,United States,Upper-Middle,Home Office,2024-05-18,1,1282.56,1368.81,244,1
CUST01735,Brian,Gupta,Other,43,brian.gupta1735@example.com,Fort Lauderdale,Florida,United States,Upper-Middle,Small Business,2022-09-05,2,1148.1,1233.86,748,1
CUST01736,Matthew,Carter,Other,35,matthew.carter1736@example.com,Pittsburgh,Pennsylvania,United States,High,Consumer,2023-06-07,6,16070.84,17521.53,167,0
CUST01737,George,Andrade,Other,38,george.andrade1737@example.com,Miami,Florida,United States,Lower-Middle,Consumer,2020-04-21,2,109.52000000000001,112.17,1851,1
CUST01738,Melissa,Allen,Other,32,melissa.allen1738@example.com,Charlotte,North Carolina,United States,Lower-Middle,Corporate,2020-10-24,0,0.0,0.0,9999,1
CUST01739,Rachel,Rossi,Other,34,rachel.rossi1739@example.com,Columbus,Ohio,United States,Upper-Middle,Consumer,2024-10-24,5,7442.33,7458.35,13,0
CUST01740,Linda,Brown,Other,18,linda.brown1740@example.com,Fort Collins,Colorado,United States,Middle,Consumer,2022-03-18,1,688.86,715.93,542,1
CUST01741,Amy,Pereira,Male,39,amy.pereira1741@example.com,Boston,Massachusetts,United States,Middle,Corporate,2025-10-14,7,7998.16,8612.03,22,0
CUST01742,Raymond,Martin,Male,18,raymond.martin1742@example.com,Tucson,Arizona,United States,Low,Home Office,2020-10-04,2,261.33,286.56,1402,1
CUST01743,Jessica,Davis,Female,32,jessica.davis1743@example.com,Atlanta,Georgia,United States,Low,Consumer,2023-09-28,5,4047.25,4188.68,259,1
CUST01744,Meera,Harris,Other,21,meera.harris1744@example.com,Everett,Washington,United States,Low,Home Office,2022-08-09,1,229.42,236.31,694,1
CUST01745,Karan,Green,Other,44,karan.green1745@example.com,Jersey City,New Jersey,United States,Upper-Middle,Consumer,2022-02-07,5,5129.21,5738.9,17,0
CUST01746,Mary,Patel,Male,28,mary.patel1746@example.com,Columbus,Ohio,United States,Lower-Middle,Home Office,2023-11-21,2,852.8299999999999,854.48,608,1
CUST01747,Charles,Wright,Female,24,charles.wright1747@example.com,Dallas,Texas,United States,Low,Corporate,2022-01-13,4,2670.03,3000.25,172,0
CUST01748,Janet,Kowalski,Other,31,janet.kowalski1748@example.com,Cleveland,Ohio,United States,Upper-Middle,Home Office,2021-02-06,2,2712.09,2831.21,13,0
CUST01749,James,Flores,Female,44,james.flores1749@example.com,Rockford,Illinois,United States,Lower-Middle,Consumer,2021-10-21,5,14670.44,16857.53,7,0
CUST01750,Isha,Lopez,Male,39,isha.lopez1750@example.com,Lansing,Michigan,United States,Lower-Middle,Consumer,2020-11-24,2,621.44,628.52,1551,1
CUST01751,Jack,Lopez,Other,39,jack.lopez1751@example.com,Rochester,New York,United States,Middle,Consumer,2021-03-15,2,4725.75,4957.47,836,1
CUST01752,Nancy,Johnson,Female,50,nancy.johnson1752@example.com,Tampa,Florida,United States,Low,Corporate,2023-07-02,2,3644.66,3741.66,187,1
CUST01753,Ashley,Flores,Other,39,ashley.flores1753@example.com,Colorado Springs,Colorado,United States,Upper-Middle,Consumer,2024-05-07,2,697.98,787.25,429,1
CUST01754,Michael,Carter,Male,35,michael.carter1754@example.com,Mesa,Arizona,United States,Lower-Middle,Corporate,2020-03-16,2,915.33,1002.01,312,1
CUST01755,Timothy,Lewis,Female,48,timothy.lewis1755@example.com,Colorado Springs,Colorado,United States,Upper-Middle,Consumer,2024-12-04,1,3508.76,3631.45,108,0
CUST01756,Donna,King,Female,34,donna.king1756@example.com,Scottsdale,Arizona,United States,Low,Consumer,2022-09-19,4,11152.95,12673.38,163,0
CUST01757,George,Hall,Female,43,george.hall1757@example.com,Lowell,Massachusetts,United States,Upper-Middle,Corporate,2022-02-16,3,888.8599999999999,934.8,106,0
CUST01758,Nancy,Jones,Female,51,nancy.jones1758@example.com,Boulder,Colorado,United States,Lower-Middle,Corporate,2019-08-05,3,2538.89,2672.54,853,1
CUST01759,Frank,Reddy,Male,55,frank.reddy1759@example.com,Allentown,Pennsylvania,United States,Lower-Middle,Small Business,2020-10-22,5,2444.54,2572.89,364,1
CUST01760,Emma,Wright,Male,38,emma.wright1760@example.com,Fort Worth,Texas,United States,Lower-Middle,Consumer,2020-10-26,3,1410.27,1579.05,398,1
CUST01761,Robert,Anderson,Female,33,robert.anderson1761@example.com,Raleigh,North Carolina,United States,Lower-Middle,Corporate,2022-11-16,3,4107.43,4401.98,28,0
CUST01762,Melissa,Carter,Male,47,melissa.carter1762@example.com,Everett,Washington,United States,Lower-Middle,Consumer,2021-04-10,4,2491.54,2775.12,518,1
CUST01763,Amanda,Johnson,Female,55,amanda.johnson1763@example.com,Albany,New York,United States,Lower-Middle,Corporate,2025-02-19,5,4062.26,4268.16,89,0
CUST01764,Richard,White,Female,50,richard.white1764@example.com,Trenton,New Jersey,United States,Lower-Middle,Consumer,2022-10-19,5,2983.75,3249.77,7,0
CUST01765,Julie,Williams,Female,39,julie.williams1765@example.com,Macon,Georgia,United States,Middle,Corporate,2025-10-02,3,2295.46,2357.46,127,0
CUST01766,Jack,Patel,Female,53,jack.patel1766@example.com,Savannah,Georgia,United States,Upper-Middle,Corporate,2020-05-04,3,3784.81,3949.1,1214,1
CUST01767,Jacob,Patel,Male,38,jacob.patel1767@example.com,Chicago,Illinois,United States,Upper-Middle,Small Business,2022-01-27,4,7136.74,8040.73,488,1
CUST01768,Shirley,Wilson,Female,33,shirley.wilson1768@example.com,Toledo,Ohio,United States,High,Consumer,2022-06-11,6,7255.36,7361.14,63,0
CUST01769,Patricia,Lee,Female,56,patricia.lee1769@example.com,Raleigh,North Carolina,United States,Upper-Middle,Small Business,2019-07-13,2,511.32000000000005,560.37,123,0
CUST01770,Diego,Andrade,Male,29,diego.andrade1770@example.com,Fort Lauderdale,Florida,United States,Lower-Middle,Consumer,2022-08-28,3,1942.32,2148.34,962,1
CUST01771,Michael,Lopez,Female,18,michael.lopez1771@example.com,Springfield,Illinois,United States,Middle,Consumer,2021-01-10,4,4872.18,5283.62,793,1
CUST01772,James,Jackson,Female,24,james.jackson1772@example.com,Orlando,Florida,United States,Lower-Middle,Consumer,2021-12-02,2,1324.49,1358.62,606,1
CUST01773,Meera,Clark,Other,40,meera.clark1773@example.com,Columbus,Ohio,United States,Lower-Middle,Corporate,2021-12-18,6,6788.37,7390.53,229,1
CUST01774,Karan,Mitchell,Male,49,karan.mitchell1774@example.com,Sacramento,California,United States,Lower-Middle,Consumer,2024-07-20,9,13203.300000000001,13532.75,129,0
CUST01775,Alexander,Sharma,Female,38,alexander.sharma1775@example.com,Tucson,Arizona,United States,Middle,Home Office,2019-07-15,2,559.96,605.7,2141,1
CUST01776,Maria,Young,Female,48,maria.young1776@example.com,Boston,Massachusetts,United States,Lower-Middle,Home Office,2024-03-24,3,1698.5900000000001,1839.68,215,1
CUST01777,Sarah,Patel,Female,44,sarah.patel1777@example.com,Springfield,Massachusetts,United States,Upper-Middle,Corporate,2024-12-29,2,158.21,165.6,3,0
CUST01778,Jason,Sharma,Female,31,jason.sharma1778@example.com,Charlotte,North Carolina,United States,Middle,Corporate,2023-02-03,2,2467.81,2574.66,119,0
CUST01779,Justin,Brown,Male,33,justin.brown1779@example.com,Fort Lauderdale,Florida,United States,Upper-Middle,Consumer,2025-04-08,4,5250.08,5691.05,2,0
CUST01780,Carol,Kowalski,Other,41,carol.kowalski1780@example.com,Denver,Colorado,United States,Middle,Consumer,2026-05-19,5,4543.86,4878.86,7,0
CUST01781,Elizabeth,Robinson,Male,26,elizabeth.robinson1781@example.com,Albany,New York,United States,Low,Consumer,2023-08-19,5,3418.89,3466.01,40,0
CUST01782,Barbara,Baker,Female,18,barbara.baker1782@example.com,Cleveland,Ohio,United States,Lower-Middle,Consumer,2023-03-22,3,3013.37,3256.28,464,1
CUST01783,Carolyn,Rossi,Female,38,carolyn.rossi1783@example.com,San Diego,California,United States,Lower-Middle,Consumer,2021-06-02,5,4671.15,5189.53,47,0
CUST01784,Anna,Wilson,Female,52,anna.wilson1784@example.com,Atlanta,Georgia,United States,Middle,Consumer,2025-04-20,7,6792.650000000001,7036.27,32,0
CUST01785,Aditya,Patel,Male,37,aditya.patel1785@example.com,Boston,Massachusetts,United States,Lower-Middle,Corporate,2019-08-20,3,1570.76,1625.09,1019,1
CUST01786,Deborah,Zhang,Prefer not to say,28,deborah.zhang1786@example.com,Sacramento,California,United States,Middle,Corporate,2022-03-05,0,0.0,0.0,9999,1
CUST01787,Jason,Miller,Female,26,jason.miller1787@example.com,Peoria,Illinois,United States,Upper-Middle,Consumer,2021-12-15,3,1469.2399999999998,1615.53,519,1
CUST01788,Ananya,Wang,Female,23,ananya.wang1788@example.com,Durham,North Carolina,United States,Upper-Middle,Home Office,2021-03-22,1,3121.08,3202.68,161,0
CUST01789,George,Anderson,Female,35,george.anderson1789@example.com,Worcester,Massachusetts,United States,Middle,Consumer,2025-01-15,2,909.0999999999999,1042.6,447,1
CUST01790,Carolyn,Hernandez,Female,26,carolyn.hernandez1790@example.com,New York City,New York,United States,High,Corporate,2023-01-14,4,2077.46,2150.83,383,1
CUST01791,Kimberly,Sanchez,Other,57,kimberly.sanchez1791@example.com,Winston-Salem,North Carolina,United States,Upper-Middle,Consumer,2025-05-21,6,7945.81,8513.91,5,0
CUST01792,Cynthia,Torres,Female,29,cynthia.torres1792@example.com,Los Angeles,California,United States,Middle,Consumer,2022-09-16,3,6226.79,6494.0,34,0
CUST01793,Katherine,Mitchell,Female,41,katherine.mitchell1793@example.com,Peoria,Illinois,United States,Middle,Home Office,2022-11-23,1,3277.73,3494.59,387,1
CUST01794,Patricia,Pereira,Female,36,patricia.pereira1794@example.com,Springfield,Illinois,United States,Middle,Consumer,2024-04-09,5,5428.05,6001.82,54,0
CUST01795,Dorothy,Hill,Other,40,dorothy.hill1795@example.com,Seattle,Washington,United States,Lower-Middle,Corporate,2023-09-15,3,3965.3500000000004,4031.4,427,1
CUST01796,Brenda,Sharma,Male,24,brenda.sharma1796@example.com,Orlando,Florida,United States,Middle,Consumer,2020-05-29,1,617.94,680.8,2254,1
CUST01797,Charles,Ivanov,Female,46,charles.ivanov1797@example.com,Cincinnati,Ohio,United States,High,Corporate,2025-11-24,4,2741.16,3054.7,6,0
CUST01798,Ashley,Andrade,Male,37,ashley.andrade1798@example.com,Lansing,Michigan,United States,Low,Consumer,2022-08-18,3,1270.8,1413.9,375,1
CUST01799,Charles,Gonzalez,Other,41,charles.gonzalez1799@example.com,Akron,Ohio,United States,Low,Small Business,2024-04-25,0,0.0,0.0,9999,1
CUST01800,Dennis,Hill,Male,24,dennis.hill1800@example.com,Toledo,Ohio,United States,Lower-Middle,Corporate,2024-07-09,2,1307.53,1418.0,379,1
CUST01801,Heather,Hernandez,Male,26,heather.hernandez1801@example.com,Fort Collins,Colorado,United States,Upper-Middle,Corporate,2021-02-20,3,5412.61,6140.3,34,0
CUST01802,Joshua,Silva,Other,37,joshua.silva1802@example.com,Raleigh,North Carolina,United States,Upper-Middle,Consumer,2023-03-02,7,11355.92,11921.93,123,0
CUST01803,Amy,Ramirez,Female,36,amy.ramirez1803@example.com,Cambridge,Massachusetts,United States,Upper-Middle,Home Office,2021-09-28,1,3782.89,4238.04,1066,1
CUST01804,Emily,Kowalski,Other,34,emily.kowalski1804@example.com,Seattle,Washington,United States,Middle,Consumer,2020-03-21,2,5559.41,6136.58,60,0
CUST01805,Andrew,Wright,Male,44,andrew.wright1805@example.com,Sacramento,California,United States,Low,Consumer,2022-12-26,1,18.62,19.54,678,1
CUST01806,Thomas,Scott,Other,35,thomas.scott1806@example.com,Peoria,Illinois,United States,Upper-Middle,Corporate,2021-06-08,3,2210.69,2277.87,18,0
CUST01807,Richard,Lewis,Other,40,richard.lewis1807@example.com,Miami,Florida,United States,Lower-Middle,Consumer,2025-10-06,4,9599.55,10904.58,54,0
CUST01808,Andrew,Zhang,Other,21,andrew.zhang1808@example.com,Lansing,Michigan,United States,Middle,Consumer,2020-12-10,2,1264.6899999999998,1449.13,84,0
CUST01809,Amy,Johnson,Female,38,amy.johnson1809@example.com,Allentown,Pennsylvania,United States,Lower-Middle,Consumer,2020-05-14,3,1041.71,1182.68,619,1
CUST01810,Cynthia,Ivanov,Other,51,cynthia.ivanov1810@example.com,Fort Lauderdale,Florida,United States,Lower-Middle,Consumer,2023-08-12,2,1859.51,1999.16,54,0
CUST01811,Stephanie,Jones,Prefer not to say,43,stephanie.jones1811@example.com,Everett,Washington,United States,High,Corporate,2023-06-22,2,1312.78,1366.9,720,1
CUST01812,Stephen,Hall,Other,60,stephen.hall1812@example.com,Dallas,Texas,United States,High,Consumer,2024-11-23,1,700.22,754.69,373,1
CUST01813,Donna,Green,Male,34,donna.green1813@example.com,Athens,Georgia,United States,Lower-Middle,Corporate,2023-04-28,4,2016.5500000000002,2107.91,24,0
CUST01814,Brandon,Rivera,Female,18,brandon.rivera1814@example.com,Lansing,Michigan,United States,High,Consumer,2019-12-03,2,2037.2399999999998,2277.31,1038,1
CUST01815,Andrew,Dubois,Other,18,andrew.dubois1815@example.com,Jacksonville,Florida,United States,Lower-Middle,Corporate,2025-10-15,2,298.9,340.3,25,0
CUST01816,Karan,Thomas,Male,55,karan.thomas1816@example.com,San Antonio,Texas,United States,Lower-Middle,Consumer,2021-02-06,4,4894.610000000001,5365.36,564,1
CUST01817,Donna,Thompson,Other,36,donna.thompson1817@example.com,Colorado Springs,Colorado,United States,High,Corporate,2024-11-21,1,403.89,430.67,345,1
CUST01818,Amanda,Ramirez,Female,39,amanda.ramirez1818@example.com,Akron,Ohio,United States,Lower-Middle,Consumer,2022-12-15,3,11891.7,12711.66,96,0
CUST01819,Susan,Green,Other,33,susan.green1819@example.com,Winston-Salem,North Carolina,United States,Middle,Home Office,2021-02-05,3,4528.45,5137.18,183,1
CUST01820,Gary,Kim,Male,39,gary.kim1820@example.com,Peoria,Illinois,United States,High,Consumer,2019-06-30,4,1923.27,2044.21,365,1
CUST01821,Andrew,Smith,Female,18,andrew.smith1821@example.com,Durham,North Carolina,United States,Middle,Corporate,2023-06-21,5,2067.4,2073.26,81,0
CUST01822,Richard,Roberts,Female,45,richard.roberts1822@example.com,Lansing,Michigan,United States,Middle,Corporate,2022-09-10,3,8714.970000000001,9475.91,741,1
CUST01823,Brandon,Lewis,Other,20,brandon.lewis1823@example.com,Syracuse,New York,United States,Middle,Consumer,2021-07-10,3,1743.26,1934.94,154,0
CUST01824,Larry,Kumar,Other,29,larry.kumar1824@example.com,San Diego,California,United States,Lower-Middle,Corporate,2021-03-30,4,4634.59,5060.85,105,0
CUST01825,Amy,Lopez,Other,34,amy.lopez1825@example.com,Philadelphia,Pennsylvania,United States,Middle,Home Office,2026-02-16,4,3860.87,3913.3,5,0
CUST01826,Deborah,Silva,Male,38,deborah.silva1826@example.com,Colorado Springs,Colorado,United States,Middle,Corporate,2024-01-26,2,8470.64,8688.98,233,1
CUST01827,Donald,Thompson,Female,34,donald.thompson1827@example.com,Savannah,Georgia,United States,Lower-Middle,Consumer,2023-01-27,2,493.37,495.71,590,1
CUST01828,Patricia,Clark,Female,40,patricia.clark1828@example.com,Lansing,Michigan,United States,Lower-Middle,Corporate,2022-11-13,3,2396.16,2743.18,196,1
CUST01829,Donald,Thompson,Other,43,donald.thompson1829@example.com,Macon,Georgia,United States,Lower-Middle,Corporate,2022-11-08,6,7288.9800000000005,8121.96,42,0
CUST01830,Kevin,Lee,Other,49,kevin.lee1830@example.com,Jacksonville,Florida,United States,High,Consumer,2020-03-17,2,4126.139999999999,4462.15,1287,1
CUST01831,Robert,Kumar,Female,36,robert.kumar1831@example.com,Boulder,Colorado,United States,Upper-Middle,Consumer,2023-03-20,4,11868.23,12544.74,26,0
CUST01832,Rebecca,King,Male,21,rebecca.king1832@example.com,Elizabeth,New Jersey,United States,Upper-Middle,Corporate,2019-10-21,3,364.40999999999997,388.26,167,0
CUST01833,Brenda,Brown,Other,39,brenda.brown1833@example.com,Athens,Georgia,United States,Low,Home Office,2023-11-30,3,4233.0,4649.72,482,1
CUST01834,Vikram,Garcia,Other,36,vikram.garcia1834@example.com,Erie,Pennsylvania,United States,High,Corporate,2021-05-19,1,3542.8,3673.82,330,1
CUST01835,Jeffrey,Gupta,Male,24,jeffrey.gupta1835@example.com,Boston,Massachusetts,United States,Lower-Middle,Consumer,2023-03-23,3,1864.48,2044.44,310,1
CUST01836,Neha,Anderson,Female,31,neha.anderson1836@example.com,Tucson,Arizona,United States,Middle,Consumer,2023-09-10,4,3086.95,3133.06,21,0
CUST01837,Li,Young,Male,31,li.young1837@example.com,Cambridge,Massachusetts,United States,Lower-Middle,Consumer,2022-01-24,2,541.24,621.12,106,0
CUST01838,Janet,Martinez,Male,18,janet.martinez1838@example.com,Athens,Georgia,United States,Upper-Middle,Consumer,2025-12-07,3,3368.1800000000003,3588.17,2,0
CUST01839,Janet,Chen,Other,49,janet.chen1839@example.com,Erie,Pennsylvania,United States,Lower-Middle,Consumer,2020-10-18,1,2958.59,3159.46,1031,1
CUST01840,Robert,Moore,Female,18,robert.moore1840@example.com,Syracuse,New York,United States,Low,Home Office,2021-06-21,6,3625.36,4088.93,799,1
CUST01841,Olivia,Campbell,Female,30,olivia.campbell1841@example.com,Mesa,Arizona,United States,High,Consumer,2024-09-27,2,1305.8100000000002,1451.84,100,0
CUST01842,Benjamin,Flores,Other,29,benjamin.flores1842@example.com,Athens,Georgia,United States,Lower-Middle,Corporate,2022-02-12,6,7828.49,8948.13,298,1
CUST01843,Janet,Taylor,Female,45,janet.taylor1843@example.com,Syracuse,New York,United States,Upper-Middle,Consumer,2021-12-01,6,6935.4400000000005,7307.86,211,1
CUST01844,Sandra,Brown,Other,67,sandra.brown1844@example.com,Colorado Springs,Colorado,United States,Lower-Middle,Corporate,2021-06-11,2,2003.05,2189.33,66,0
CUST01845,Kimberly,Campbell,Other,32,kimberly.campbell1845@example.com,Chandler,Arizona,United States,Upper-Middle,Consumer,2024-12-20,4,3770.5299999999997,3912.68,16,0
CUST01846,Jacob,Perez,Other,38,jacob.perez1846@example.com,Pittsburgh,Pennsylvania,United States,Upper-Middle,Consumer,2023-01-24,2,4852.43,4865.19,494,1
CUST01847,Melissa,Carter,Other,39,melissa.carter1847@example.com,Fort Collins,Colorado,United States,Lower-Middle,Consumer,2020-07-05,3,8606.220000000001,9464.91,1615,1
CUST01848,Daniel,Rossi,Male,35,daniel.rossi1848@example.com,Paterson,New Jersey,United States,Middle,Consumer,2020-09-19,6,8141.92,8767.47,73,0
CUST01849,Mark,Flores,Male,42,mark.flores1849@example.com,Orlando,Florida,United States,Lower-Middle,Home Office,2021-02-27,3,3460.31,3805.89,132,0
CUST01850,Priya,Thomas,Female,22,priya.thomas1850@example.com,Spokane,Washington,United States,Middle,Corporate,2024-11-29,3,400.5,446.72,70,0
CUST01851,Benjamin,Johnson,Male,27,benjamin.johnson1851@example.com,Boulder,Colorado,United States,Upper-Middle,Consumer,2025-02-05,2,2369.86,2688.72,365,1
CUST01852,Robert,Patel,Female,34,robert.patel1852@example.com,Seattle,Washington,United States,Middle,Consumer,2023-09-12,4,2068.52,2154.76,615,1
CUST01853,Brenda,Souza,Male,48,brenda.souza1853@example.com,Denver,Colorado,United States,Middle,Consumer,2020-06-03,3,776.82,892.79,66,0
CUST01854,Ashley,Allen,Prefer not to say,46,ashley.allen1854@example.com,Worcester,Massachusetts,United States,Middle,Corporate,2021-09-07,2,1827.69,2074.88,1254,1
CUST01855,Ashley,Robinson,Male,63,ashley.robinson1855@example.com,Scottsdale,Arizona,United States,Low,Corporate,2020-11-07,3,1449.5900000000001,1550.2,1374,1
CUST01856,Emma,Scott,Other,18,emma.scott1856@example.com,Dallas,Texas,United States,Upper-Middle,Consumer,2023-05-23,2,2884.01,3265.89,790,1
CUST01857,Chen,Taylor,Male,49,chen.taylor1857@example.com,Durham,North Carolina,United States,Lower-Middle,Consumer,2023-01-10,5,14622.44,15726.96,339,1
CUST01858,Jerry,Rossi,Other,27,jerry.rossi1858@example.com,Atlanta,Georgia,United States,Upper-Middle,Consumer,2022-11-29,2,1834.61,2051.74,493,1
CUST01859,Priya,Martinez,Male,38,priya.martinez1859@example.com,Jacksonville,Florida,United States,Middle,Consumer,2024-07-17,4,7402.409999999999,8225.65,39,0
CUST01860,Richard,Pereira,Other,29,richard.pereira1860@example.com,Grand Rapids,Michigan,United States,Middle,Corporate,2025-02-08,0,0.0,0.0,9999,1
CUST01861,Samantha,Reddy,Other,31,samantha.reddy1861@example.com,Denver,Colorado,United States,Upper-Middle,Home Office,2023-04-02,4,1017.24,1115.41,164,0
CUST01862,Matthew,Zhang,Female,43,matthew.zhang1862@example.com,San Diego,California,United States,Middle,Consumer,2023-06-27,1,712.57,782.9,1109,1
CUST01863,Daniel,Nelson,Other,48,daniel.nelson1863@example.com,Greensboro,North Carolina,United States,Lower-Middle,Corporate,2020-03-30,3,459.98,487.49,339,1
CUST01864,Kimberly,Souza,Female,18,kimberly.souza1864@example.com,Tampa,Florida,United States,Middle,Consumer,2023-02-03,4,3403.73,3548.18,186,1
CUST01865,Debra,Chen,Female,35,debra.chen1865@example.com,Dallas,Texas,United States,Low,Home Office,2022-07-08,1,660.08,708.49,309,1
CUST01866,Nicholas,Muller,Male,28,nicholas.muller1866@example.com,Savannah,Georgia,United States,Low,Consumer,2024-03-13,1,4547.28,4748.72,272,1
CUST01867,Joshua,Gonzalez,Female,21,joshua.gonzalez1867@example.com,Paterson,New Jersey,United States,Middle,Consumer,2023-07-09,2,1344.12,1476.15,989,1
CUST01868,Lisa,Harris,Male,18,lisa.harris1868@example.com,Boston,Massachusetts,United States,Lower-Middle,Consumer,2023-01-11,2,3627.67,3844.14,567,1
CUST01869,Kenneth,Andrade,Other,27,kenneth.andrade1869@example.com,Atlanta,Georgia,United States,Lower-Middle,Corporate,2020-06-09,6,7225.08,7864.45,79,0
CUST01870,Larry,Martin,Male,52,larry.martin1870@example.com,Pittsburgh,Pennsylvania,United States,Upper-Middle,Home Office,2023-02-06,4,3740.13,3960.58,148,0
CUST01871,Meera,Lee,Female,39,meera.lee1871@example.com,Grand Rapids,Michigan,United States,High,Small Business,2023-08-29,4,3035.38,3187.08,424,1
CUST01872,Samuel,Singh,Male,18,samuel.singh1872@example.com,Springfield,Massachusetts,United States,High,Consumer,2022-03-22,2,647.0799999999999,690.6,501,1
CUST01873,Meera,Hill,Female,31,meera.hill1873@example.com,Pittsburgh,Pennsylvania,United States,Lower-Middle,Consumer,2023-09-06,1,812.83,822.87,93,0
CUST01874,Dennis,Green,Female,31,dennis.green1874@example.com,Augusta,Georgia,United States,Middle,Home Office,2023-10-27,2,3776.57,4067.1,506,1
CUST01875,James,Patel,Female,24,james.patel1875@example.com,Sacramento,California,United States,Middle,Consumer,2024-06-08,2,2441.73,2571.27,398,1
CUST01876,Ryan,Scott,Male,46,ryan.scott1876@example.com,San Francisco,California,United States,Middle,Consumer,2020-06-19,5,6260.28,6451.32,405,1
CUST01877,Vikram,Mitchell,Female,19,vikram.mitchell1877@example.com,San Diego,California,United States,Upper-Middle,Consumer,2024-12-25,1,16.27,17.2,358,1
CUST01878,Stephen,Sanchez,Other,27,stephen.sanchez1878@example.com,Worcester,Massachusetts,United States,Middle,Home Office,2021-11-18,5,4972.21,5556.77,475,1
CUST01879,Susan,Martinez,Female,40,susan.martinez1879@example.com,Orlando,Florida,United States,Upper-Middle,Small Business,2026-01-13,3,1283.1799999999998,1385.01,85,0
CUST01880,Justin,Muller,Other,49,justin.muller1880@example.com,Sacramento,California,United States,High,Corporate,2024-06-22,3,5962.61,6476.63,200,1
CUST01881,Ashley,Scott,Female,32,ashley.scott1881@example.com,Flint,Michigan,United States,Low,Consumer,2022-02-11,3,5470.16,6128.91,62,0
CUST01882,Carol,Scott,Female,34,carol.scott1882@example.com,Durham,North Carolina,United States,High,Consumer,2023-05-12,1,1171.56,1206.67,1067,1
CUST01883,Sarah,Martinez,Male,60,sarah.martinez1883@example.com,Erie,Pennsylvania,United States,Upper-Middle,Corporate,2019-10-28,3,3031.2,3216.77,373,1
CUST01884,Larry,Sanchez,Female,25,larry.sanchez1884@example.com,Charlotte,North Carolina,United States,Lower-Middle,Corporate,2019-12-30,2,3186.5099999999998,3206.82,1560,1
CUST01885,Jerry,King,Female,36,jerry.king1885@example.com,Winston-Salem,North Carolina,United States,Middle,Consumer,2023-06-28,1,745.98,835.77,1064,1
CUST01886,Joyce,Rodriguez,Female,39,joyce.rodriguez1886@example.com,Aurora,Colorado,United States,High,Consumer,2022-04-27,1,1510.21,1658.47,326,1
CUST01887,Yuki,Ramirez,Female,33,yuki.ramirez1887@example.com,Rochester,New York,United States,Lower-Middle,Consumer,2020-03-03,1,128.48,135.88,823,1
CUST01888,Margaret,King,Other,35,margaret.king1888@example.com,Rockford,Illinois,United States,High,Consumer,2020-01-20,2,1315.37,1398.85,1021,1
CUST01889,Rachel,Kumar,Female,51,rachel.kumar1889@example.com,Toledo,Ohio,United States,Upper-Middle,Home Office,2021-08-02,3,3094.92,3545.76,201,1
CUST01890,Linda,Silva,Other,48,linda.silva1890@example.com,Philadelphia,Pennsylvania,United States,Middle,Consumer,2024-04-12,3,914.34,941.29,453,1
CUST01891,Shirley,Adams,Female,34,shirley.adams1891@example.com,Lowell,Massachusetts,United States,Lower-Middle,Consumer,2020-08-26,2,5959.259999999999,6463.2,1810,1
CUST01892,William,Martinez,Other,39,william.martinez1892@example.com,Detroit,Michigan,United States,Upper-Middle,Consumer,2022-08-21,1,2018.21,2304.47,1186,1
CUST01893,Arjun,Silva,Other,42,arjun.silva1893@example.com,Denver,Colorado,United States,High,Corporate,2021-04-01,5,2209.04,2283.49,689,1
CUST01894,Matthew,Martinez,Female,18,matthew.martinez1894@example.com,Cambridge,Massachusetts,United States,Middle,Home Office,2023-09-23,1,2214.8,2273.23,488,1
CUST01895,Diane,Martin,Male,39,diane.martin1895@example.com,Tacoma,Washington,United States,Lower-Middle,Corporate,2023-06-26,2,2397.6,2691.31,342,1
CUST01896,Ryan,Andrade,Male,29,ryan.andrade1896@example.com,Cambridge,Massachusetts,United States,Middle,Consumer,2026-02-16,2,3752.3100000000004,3979.36,34,0
CUST01897,Brandon,Roberts,Male,34,brandon.roberts1897@example.com,Los Angeles,California,United States,Lower-Middle,Consumer,2023-10-24,6,10471.08,10770.19,6,0
CUST01898,Meera,Lewis,Other,48,meera.lewis1898@example.com,Ann Arbor,Michigan,United States,Middle,Corporate,2023-07-23,1,4154.58,4434.64,27,0
CUST01899,Joyce,Rivera,Prefer not to say,38,joyce.rivera1899@example.com,Elizabeth,New Jersey,United States,Lower-Middle,Home Office,2019-07-22,5,4239.21,4869.51,558,1
CUST01900,Anthony,Flores,Male,25,anthony.flores1900@example.com,New York City,New York,United States,Middle,Small Business,2022-11-05,6,19504.510000000002,20314.11,88,0
CUST01901,Jennifer,Taylor,Male,26,jennifer.taylor1901@example.com,Durham,North Carolina,United States,Lower-Middle,Consumer,2023-04-12,0,0.0,0.0,9999,1
CUST01902,Sandra,Clark,Male,52,sandra.clark1902@example.com,Tampa,Florida,United States,Middle,Consumer,2024-11-11,1,5243.43,5826.71,532,1
CUST01903,Camila,Ramirez,Male,33,camila.ramirez1903@example.com,Springfield,Massachusetts,United States,Lower-Middle,Home Office,2021-01-21,5,4402.26,4456.23,193,1
CUST01904,Jeffrey,Thomas,Male,42,jeffrey.thomas1904@example.com,Fort Collins,Colorado,United States,Middle,Corporate,2021-01-23,2,2304.06,2542.63,436,1
CUST01905,Diane,Clark,Female,32,diane.clark1905@example.com,Columbus,Ohio,United States,Middle,Consumer,2026-02-28,2,2934.07,3290.39,42,0
CUST01906,Joyce,Carter,Male,36,joyce.carter1906@example.com,Detroit,Michigan,United States,High,Consumer,2024-10-16,6,10723.72,11446.77,146,0
CUST01907,Samantha,Costa,Male,33,samantha.costa1907@example.com,Dallas,Texas,United States,Lower-Middle,Consumer,2023-01-12,2,190.01,211.78,435,1
CUST01908,Scott,Rivera,Female,32,scott.rivera1908@example.com,Mesa,Arizona,United States,Lower-Middle,Small Business,2020-03-20,2,441.99,496.22,392,1
CUST01909,Arjun,Kowalski,Female,56,arjun.kowalski1909@example.com,Erie,Pennsylvania,United States,Middle,Small Business,2024-12-25,3,1942.7,2062.17,5,0
CUST01910,John,Smith,Female,31,john.smith1910@example.com,Toledo,Ohio,United States,High,Consumer,2023-06-15,2,267.38,292.41,304,1
CUST01911,George,Flores,Female,34,george.flores1911@example.com,Denver,Colorado,United States,High,Corporate,2023-01-04,3,10698.55,10981.39,252,1
CUST01912,Sandra,Hernandez,Female,44,sandra.hernandez1912@example.com,Bellevue,Washington,United States,Low,Small Business,2022-06-13,7,17247.75,19767.67,33,0
CUST01913,Jack,Adams,Male,30,jack.adams1913@example.com,San Francisco,California,United States,Lower-Middle,Consumer,2022-08-07,3,1414.3200000000002,1435.84,541,1
CUST01914,Anna,Martin,Male,25,anna.martin1914@example.com,Albany,New York,United States,Low,Home Office,2025-03-12,7,12422.76,13533.51,70,0
CUST01915,Aditya,Nguyen,Female,44,aditya.nguyen1915@example.com,Reading,Pennsylvania,United States,Upper-Middle,Consumer,2021-10-30,5,5481.070000000001,5882.4,32,0
CUST01916,Daniel,Costa,Female,42,daniel.costa1916@example.com,Buffalo,New York,United States,Upper-Middle,Consumer,2019-08-21,3,1943.0900000000001,2048.82,612,1
CUST01917,Christopher,Brown,Female,30,christopher.brown1917@example.com,Savannah,Georgia,United States,Middle,Consumer,2021-01-31,2,7975.45,8316.14,962,1
CUST01918,Isha,King,Male,35,isha.king1918@example.com,Ann Arbor,Michigan,United States,Upper-Middle,Consumer,2019-12-04,2,1425.02,1552.4,1076,1
CUST01919,Yuki,Muller,Female,33,yuki.muller1919@example.com,San Francisco,California,United States,Low,Consumer,2023-04-07,3,3848.27,4389.64,312,1
CUST01920,Katherine,Andrade,Male,20,katherine.andrade1920@example.com,Buffalo,New York,United States,Low,Home Office,2024-12-08,5,4799.05,5216.48,17,0
CUST01921,Barbara,Singh,Female,41,barbara.singh1921@example.com,Houston,Texas,United States,Middle,Consumer,2020-08-18,0,0.0,0.0,9999,1
CUST01922,Hiroshi,Souza,Other,27,hiroshi.souza1922@example.com,Savannah,Georgia,United States,Upper-Middle,Consumer,2020-12-30,6,6837.79,7071.16,94,0
CUST01923,Amy,Muller,Male,18,amy.muller1923@example.com,Trenton,New Jersey,United States,Lower-Middle,Consumer,2024-11-29,1,1797.31,1914.21,533,1
CUST01924,Christine,Gonzalez,Other,21,christine.gonzalez1924@example.com,Athens,Georgia,United States,Upper-Middle,Corporate,2023-08-19,3,1814.63,1924.81,73,0
CUST01925,Thomas,Lewis,Male,40,thomas.lewis1925@example.com,Raleigh,North Carolina,United States,Lower-Middle,Consumer,2021-04-08,2,3538.92,3844.65,212,1
CUST01926,Richard,Patel,Male,33,richard.patel1926@example.com,Rockford,Illinois,United States,Lower-Middle,Consumer,2022-03-13,3,2954.54,3033.09,472,1
CUST01927,Jack,Hill,Other,40,jack.hill1927@example.com,Erie,Pennsylvania,United States,Middle,Consumer,2025-01-21,4,6819.37,7819.71,22,0
CUST01928,Yuki,Wright,Female,54,yuki.wright1928@example.com,Worcester,Massachusetts,United States,Middle,Corporate,2025-09-26,2,3184.1800000000003,3325.57,32,0
CUST01929,Samantha,Jones,Other,37,samantha.jones1929@example.com,Scottsdale,Arizona,United States,Low,Consumer,2020-09-19,3,3619.65,3625.73,459,1
CUST01930,Lisa,Johnson,Male,40,lisa.johnson1930@example.com,New York City,New York,United States,Lower-Middle,Consumer,2026-04-29,6,7586.04,7818.65,31,0
CUST01931,Larry,Rossi,Male,31,larry.rossi1931@example.com,Augusta,Georgia,United States,Middle,Home Office,2019-09-06,4,4782.56,5142.86,476,1
CUST01932,Larry,Patel,Female,56,larry.patel1932@example.com,Savannah,Georgia,United States,Middle,Consumer,2025-04-14,3,3698.17,4083.57,79,0
CUST01933,Jessica,Scott,Female,42,jessica.scott1933@example.com,Everett,Washington,United States,Lower-Middle,Home Office,2021-07-02,1,3991.13,4424.73,882,1
CUST01934,Steven,Baker,Other,23,steven.baker1934@example.com,Cambridge,Massachusetts,United States,Middle,Consumer,2024-07-21,3,753.74,848.12,113,0
CUST01935,Meera,Baker,Female,41,meera.baker1935@example.com,Lowell,Massachusetts,United States,Low,Consumer,2025-06-04,0,0.0,0.0,9999,1
CUST01936,Rachel,Brown,Male,33,rachel.brown1936@example.com,Raleigh,North Carolina,United States,Lower-Middle,Consumer,2020-10-03,3,9709.92,11030.9,696,1
CUST01937,Joseph,Thomas,Male,53,joseph.thomas1937@example.com,Durham,North Carolina,United States,Upper-Middle,Consumer,2023-10-15,3,3015.45,3044.79,301,1
CUST01938,Sharon,Hernandez,Male,27,sharon.hernandez1938@example.com,Boulder,Colorado,United States,Middle,Small Business,2025-06-09,2,1173.33,1268.19,52,0
CUST01939,Nicholas,Harris,Male,31,nicholas.harris1939@example.com,Buffalo,New York,United States,Lower-Middle,Corporate,2026-03-26,2,3257.48,3516.95,66,0
CUST01940,Eric,Martin,Other,59,eric.martin1940@example.com,Flint,Michigan,United States,Low,Consumer,2023-08-04,1,700.12,786.26,700,1
CUST01941,Jonathan,Robinson,Male,33,jonathan.robinson1941@example.com,Chandler,Arizona,United States,Middle,Consumer,2022-12-04,1,4641.25,5032.83,880,1
CUST01942,Nancy,Lewis,Other,46,nancy.lewis1942@example.com,Colorado Springs,Colorado,United States,High,Corporate,2025-04-05,1,764.04,784.74,77,0
CUST01943,Meera,Sanchez,Female,25,meera.sanchez1943@example.com,Chicago,Illinois,United States,Lower-Middle,Small Business,2020-03-18,2,5545.24,5775.28,451,1
CUST01944,Rebecca,Muller,Male,44,rebecca.muller1944@example.com,Augusta,Georgia,United States,Upper-Middle,Consumer,2020-07-22,3,3317.95,3482.5,572,1
CUST01945,Elizabeth,Allen,Other,34,elizabeth.allen1945@example.com,Chandler,Arizona,United States,Lower-Middle,Small Business,2021-09-26,2,2248.42,2481.14,945,1
CUST01946,Christine,Rodriguez,Male,59,christine.rodriguez1946@example.com,Sacramento,California,United States,Lower-Middle,Home Office,2024-03-18,3,1117.46,1166.96,48,0
CUST01947,Jerry,Young,Other,27,jerry.young1947@example.com,Cleveland,Ohio,United States,Middle,Corporate,2025-11-08,3,2265.15,2369.16,15,0
CUST01948,Ashley,Hall,Female,54,ashley.hall1948@example.com,Dallas,Texas,United States,Lower-Middle,Consumer,2022-04-03,4,2859.33,3021.63,41,0
CUST01949,Heather,Martin,Male,44,heather.martin1949@example.com,Jacksonville,Florida,United States,Middle,Home Office,2024-11-20,1,497.3,541.84,544,1
CUST01950,Mary,Thomas,Other,59,mary.thomas1950@example.com,Durham,North Carolina,United States,Lower-Middle,Corporate,2022-05-31,4,8903.380000000001,9539.77,263,1
CUST01951,Amy,Robinson,Female,42,amy.robinson1951@example.com,Bellevue,Washington,United States,Upper-Middle,Consumer,2021-04-13,3,7773.6,8766.42,437,1
CUST01952,Christine,Zhang,Other,35,christine.zhang1952@example.com,New York City,New York,United States,Lower-Middle,Consumer,2024-07-30,2,576.72,625.83,154,0
CUST01953,Jennifer,Carter,Male,18,jennifer.carter1953@example.com,Aurora,Colorado,United States,Middle,Consumer,2022-04-25,2,4128.67,4532.05,497,1
CUST01954,Nancy,Dubois,Male,24,nancy.dubois1954@example.com,Springfield,Massachusetts,United States,Middle,Consumer,2023-08-11,3,3640.13,3983.57,707,1
CUST01955,Jack,Campbell,Other,44,jack.campbell1955@example.com,Jacksonville,Florida,United States,High,Consumer,2020-07-02,3,5739.34,6364.93,530,1
CUST01956,Benjamin,Wilson,Other,53,benjamin.wilson1956@example.com,Aurora,Colorado,United States,Upper-Middle,Small Business,2023-11-26,6,2760.38,3107.77,164,0
CUST01957,Benjamin,Silva,Other,36,benjamin.silva1957@example.com,Erie,Pennsylvania,United States,Upper-Middle,Small Business,2026-06-14,4,4805.69,5170.95,5,0
CUST01958,David,Johnson,Male,18,david.johnson1958@example.com,San Antonio,Texas,United States,Middle,Consumer,2020-04-04,3,4458.8,4490.18,44,0
CUST01959,Sharon,Wright,Other,52,sharon.wright1959@example.com,San Antonio,Texas,United States,Middle,Corporate,2026-06-15,3,4656.39,4727.92,19,0
CUST01960,Scott,Costa,Male,28,scott.costa1960@example.com,Fort Collins,Colorado,United States,Middle,Corporate,2024-09-18,1,295.46,306.42,541,1
CUST01961,Priya,Gonzalez,Male,31,priya.gonzalez1961@example.com,Detroit,Michigan,United States,High,Consumer,2020-06-01,7,14175.92,16139.42,70,0
CUST01962,Samantha,Singh,Other,44,samantha.singh1962@example.com,Fort Collins,Colorado,United States,Upper-Middle,Consumer,2019-10-04,0,0.0,0.0,9999,1
CUST01963,Victoria,Chen,Other,27,victoria.chen1963@example.com,Fort Collins,Colorado,United States,Upper-Middle,Consumer,2023-05-18,4,4687.51,5170.77,198,1
CUST01964,Stephanie,Reddy,Male,22,stephanie.reddy1964@example.com,Seattle,Washington,United States,Middle,Consumer,2023-06-22,2,4074.78,4177.24,201,1
CUST01965,Kevin,Gonzalez,Male,49,kevin.gonzalez1965@example.com,Peoria,Illinois,United States,Upper-Middle,Home Office,2021-06-18,1,134.41,143.07,381,1
CUST01966,Steven,Rivera,Female,34,steven.rivera1966@example.com,Aurora,Colorado,United States,High,Consumer,2026-04-26,1,1650.06,1864.54,27,0
CUST01967,Laura,Miller,Other,60,laura.miller1967@example.com,Erie,Pennsylvania,United States,High,Consumer,2021-01-06,2,3168.0499999999997,3562.5,316,1
CUST01968,Priya,Lee,Other,41,priya.lee1968@example.com,Fort Lauderdale,Florida,United States,Middle,Corporate,2023-07-11,2,548.48,625.34,44,0
CUST01969,Julie,Hall,Female,46,julie.hall1969@example.com,Worcester,Massachusetts,United States,Upper-Middle,Consumer,2021-12-05,5,8962.72,9489.52,129,0
CUST01970,Christine,Souza,Female,41,christine.souza1970@example.com,Tucson,Arizona,United States,Upper-Middle,Consumer,2022-03-28,4,8744.17,9990.72,750,1
CUST01971,Heather,Lopez,Female,39,heather.lopez1971@example.com,Bellevue,Washington,United States,Middle,Corporate,2020-11-27,4,7901.34,8174.06,316,1
CUST01972,Julie,Carter,Other,42,julie.carter1972@example.com,Tampa,Florida,United States,Middle,Consumer,2024-07-26,2,893.75,951.72,104,0
CUST01973,Jeffrey,Campbell,Male,60,jeffrey.campbell1973@example.com,Worcester,Massachusetts,United States,Lower-Middle,Consumer,2020-07-27,6,4685.74,5229.73,601,1
CUST01974,Samantha,Flores,Other,44,samantha.flores1974@example.com,Elizabeth,New Jersey,United States,Middle,Consumer,2020-12-18,0,0.0,0.0,9999,1
CUST01975,Stephen,Souza,Other,45,stephen.souza1975@example.com,Albany,New York,United States,Middle,Consumer,2021-03-09,4,3490.14,3895.62,685,1
CUST01976,Barbara,Patel,Male,36,barbara.patel1976@example.com,Aurora,Colorado,United States,Upper-Middle,Consumer,2023-02-07,0,0.0,0.0,9999,1
CUST01977,Ronald,Moore,Male,18,ronald.moore1977@example.com,Paterson,New Jersey,United States,Upper-Middle,Corporate,2023-08-15,5,5485.280000000001,6022.04,508,1
CUST01978,Ming,Nguyen,Male,66,ming.nguyen1978@example.com,Flint,Michigan,United States,Lower-Middle,Consumer,2026-04-13,5,10407.66,11729.04,2,0
CUST01979,Neha,Garcia,Male,30,neha.garcia1979@example.com,Fort Lauderdale,Florida,United States,Middle,Consumer,2022-06-12,4,1509.99,1649.75,623,1
CUST01980,Gary,Lewis,Male,32,gary.lewis1980@example.com,Colorado Springs,Colorado,United States,Upper-Middle,Consumer,2020-12-05,2,951.95,1019.64,664,1
CUST01981,Ananya,Ramirez,Female,30,ananya.ramirez1981@example.com,New York City,New York,United States,Lower-Middle,Consumer,2025-08-04,5,5235.21,5331.98,191,1
CUST01982,Christine,Rossi,Female,46,christine.rossi1982@example.com,Fort Collins,Colorado,United States,Middle,Small Business,2024-06-22,3,606.96,612.86,320,1
CUST01983,Matthew,Kumar,Other,33,matthew.kumar1983@example.com,Syracuse,New York,United States,Middle,Corporate,2021-08-30,4,1196.55,1277.78,285,1
CUST01984,Chen,Roberts,Other,48,chen.roberts1984@example.com,Mesa,Arizona,United States,Upper-Middle,Consumer,2023-05-14,3,5782.889999999999,6555.29,419,1
CUST01985,Arjun,King,Female,39,arjun.king1985@example.com,Cincinnati,Ohio,United States,High,Small Business,2023-07-26,4,6853.74,7494.38,214,1
CUST01986,Kenneth,Pereira,Other,43,kenneth.pereira1986@example.com,Philadelphia,Pennsylvania,United States,Lower-Middle,Home Office,2020-11-03,2,2695.3500000000004,2728.95,606,1
CUST01987,Frank,Young,Other,33,frank.young1987@example.com,Lowell,Massachusetts,United States,Lower-Middle,Small Business,2026-04-11,7,9671.48,10452.17,12,0
CUST01988,Victoria,Kowalski,Other,45,victoria.kowalski1988@example.com,Scottsdale,Arizona,United States,Lower-Middle,Home Office,2021-11-19,2,188.53,202.06,200,1
CUST01989,Scott,Robinson,Other,31,scott.robinson1989@example.com,Mesa,Arizona,United States,Upper-Middle,Small Business,2021-01-06,6,15827.86,17782.42,530,1
CUST01990,Neha,Lewis,Other,52,neha.lewis1990@example.com,Augusta,Georgia,United States,Upper-Middle,Consumer,2021-09-28,0,0.0,0.0,9999,1
CUST01991,Jeffrey,Ivanov,Male,34,jeffrey.ivanov1991@example.com,Lansing,Michigan,United States,High,Consumer,2021-11-15,4,2928.05,3110.88,265,1
CUST01992,Stephen,Wang,Female,30,stephen.wang1992@example.com,Charlotte,North Carolina,United States,Middle,Corporate,2021-12-20,5,16008.55,16398.77,305,1
CUST01993,William,Rivera,Other,19,william.rivera1993@example.com,Austin,Texas,United States,Lower-Middle,Home Office,2024-09-10,2,1226.71,1410.49,64,0
CUST01994,Patricia,Dubois,Female,32,patricia.dubois1994@example.com,Cleveland,Ohio,United States,Lower-Middle,Consumer,2021-10-21,5,1418.3400000000001,1584.73,476,1
CUST01995,Brenda,Hill,Other,18,brenda.hill1995@example.com,Pittsburgh,Pennsylvania,United States,Upper-Middle,Consumer,2024-10-05,2,5737.6,5747.56,435,1
CUST01996,Timothy,Jackson,Other,46,timothy.jackson1996@example.com,Lowell,Massachusetts,United States,Middle,Home Office,2023-05-05,3,1144.5900000000001,1311.99,140,0
CUST01997,Christine,Miller,Other,37,christine.miller1997@example.com,Mesa,Arizona,United States,Lower-Middle,Small Business,2022-05-05,4,5323.48,5782.67,551,1
CUST01998,Christine,Rodriguez,Other,37,christine.rodriguez1998@example.com,Greensboro,North Carolina,United States,Lower-Middle,Consumer,2023-10-26,3,2902.82,2950.77,409,1
CUST01999,Katherine,Thompson,Male,27,katherine.thompson1999@example.com,Colorado Springs,Colorado,United States,Middle,Consumer,2020-02-06,2,5478.389999999999,5795.36,2012,1
CUST02000,Jessica,Nelson,Female,48,jessica.nelson2000@example.com,Houston,Texas,United States,Middle,Small Business,2021-01-14,2,3514.6099999999997,3523.34,406,1
CUST02001,Deborah,Kumar,Male,40,deborah.kumar2001@example.com,Toledo,Ohio,United States,Upper-Middle,Consumer,2023-06-11,3,648.37,693.2,330,1
CUST02002,Michelle,Rivera,Female,28,michelle.rivera2002@example.com,Albany,New York,United States,Middle,Consumer,2024-02-22,5,1631.18,1670.31,247,1
CUST02003,Stephanie,Sanchez,Other,30,stephanie.sanchez2003@example.com,Tampa,Florida,United States,Middle,Consumer,2023-01-18,3,2937.76,2962.67,167,0
CUST02004,Julie,Gonzalez,Male,30,julie.gonzalez2004@example.com,Durham,North Carolina,United States,Upper-Middle,Consumer,2019-11-01,3,1494.9699999999998,1676.65,379,1
CUST02005,Stephen,Davis,Male,27,stephen.davis2005@example.com,Tacoma,Washington,United States,Lower-Middle,Small Business,2023-03-12,0,0.0,0.0,9999,1
CUST02006,Eric,Johnson,Female,24,eric.johnson2006@example.com,San Diego,California,United States,Lower-Middle,Home Office,2021-02-08,3,2419.2200000000003,2438.96,35,0
CUST02007,Olivia,Mitchell,Male,36,olivia.mitchell2007@example.com,Denver,Colorado,United States,Lower-Middle,Corporate,2023-02-12,2,588.15,636.21,94,0
CUST02008,Lisa,Souza,Male,23,lisa.souza2008@example.com,Tampa,Florida,United States,Upper-Middle,Small Business,2026-06-11,3,9018.720000000001,10052.13,11,0
CUST02009,Katherine,Mitchell,Female,18,katherine.mitchell2009@example.com,Grand Rapids,Michigan,United States,Upper-Middle,Home Office,2020-04-22,4,5047.52,5678.12,1028,1
CUST02010,Daniel,Kowalski,Male,35,daniel.kowalski2010@example.com,Albany,New York,United States,Middle,Small Business,2023-11-07,2,926.62,1042.55,609,1
CUST02011,Yuki,Thomas,Female,49,yuki.thomas2011@example.com,Springfield,Massachusetts,United States,Lower-Middle,Corporate,2024-09-22,1,1348.74,1433.41,634,1
CUST02012,Justin,Costa,Female,56,justin.costa2012@example.com,New York City,New York,United States,Lower-Middle,Consumer,2024-02-20,2,463.51,473.37,379,1
CUST02013,Christine,Baker,Female,52,christine.baker2013@example.com,Macon,Georgia,United States,Upper-Middle,Small Business,2025-04-11,2,3705.96,3932.43,141,0
CUST02014,Gregory,Rodriguez,Female,52,gregory.rodriguez2014@example.com,Pittsburgh,Pennsylvania,United States,Lower-Middle,Small Business,2021-09-12,1,1185.79,1201.32,961,1
CUST02015,Angela,Harris,Male,45,angela.harris2015@example.com,Cambridge,Massachusetts,United States,Middle,Small Business,2020-09-13,3,5725.99,6389.28,1121,1
CUST02016,Sofia,Rossi,Male,23,sofia.rossi2016@example.com,Lowell,Massachusetts,United States,Upper-Middle,Consumer,2021-08-26,1,218.67,236.68,676,1
CUST02017,Samuel,Adams,Other,22,samuel.adams2017@example.com,Elizabeth,New Jersey,United States,Middle,Consumer,2021-08-25,3,4549.46,5127.93,427,1
CUST02018,Ronald,Pereira,Female,31,ronald.pereira2018@example.com,Spokane,Washington,United States,Lower-Middle,Consumer,2020-12-22,1,306.73,329.5,1481,1
CUST02019,Margaret,Nguyen,Female,37,margaret.nguyen2019@example.com,Bellevue,Washington,United States,Middle,Consumer,2025-03-31,3,5007.16,5598.37,174,0
CUST02020,Patricia,Dubois,Other,37,patricia.dubois2020@example.com,Austin,Texas,United States,Middle,Consumer,2023-03-20,5,1903.5200000000002,1994.8,284,1
CUST02021,Gary,Torres,Other,41,gary.torres2021@example.com,Boston,Massachusetts,United States,Upper-Middle,Consumer,2024-03-28,3,1456.12,1476.97,346,1
CUST02022,Barbara,Flores,Other,37,barbara.flores2022@example.com,Elizabeth,New Jersey,United States,High,Consumer,2020-02-13,1,246.0,275.26,570,1
CUST02023,Rachel,Green,Other,32,rachel.green2023@example.com,Phoenix,Arizona,United States,Low,Small Business,2020-01-03,3,2227.27,2227.66,477,1
CUST02024,Deborah,Harris,Male,43,deborah.harris2024@example.com,Reading,Pennsylvania,United States,Upper-Middle,Corporate,2021-02-16,4,2881.08,3123.84,56,0
CUST02025,Sharon,Silva,Other,70,sharon.silva2025@example.com,Raleigh,North Carolina,United States,Middle,Corporate,2022-04-21,1,825.7,920.34,113,0
CUST02026,Li,Ramirez,Male,53,li.ramirez2026@example.com,San Antonio,Texas,United States,Upper-Middle,Corporate,2022-08-10,2,825.88,853.55,1073,1
CUST02027,Elizabeth,Clark,Other,25,elizabeth.clark2027@example.com,Savannah,Georgia,United States,Middle,Consumer,2021-12-24,2,1024.88,1044.88,748,1
CUST02028,Mateo,Carter,Female,40,mateo.carter2028@example.com,Miami,Florida,United States,Low,Consumer,2024-03-11,3,3314.1099999999997,3457.16,166,0
CUST02029,Rahul,Nelson,Male,33,rahul.nelson2029@example.com,Albany,New York,United States,Middle,Home Office,2020-02-27,4,765.92,792.2,537,1
CUST02030,Jennifer,Martin,Male,38,jennifer.martin2030@example.com,Syracuse,New York,United States,Middle,Consumer,2020-08-26,3,3616.79,3706.62,277,1
CUST02031,Mateo,Gupta,Other,36,mateo.gupta2031@example.com,Everett,Washington,United States,Upper-Middle,Corporate,2020-03-29,1,4455.21,4815.0,764,1
CUST02032,Anthony,Wright,Female,54,anthony.wright2032@example.com,Columbus,Ohio,United States,Upper-Middle,Consumer,2021-10-13,5,7021.17,7562.49,197,1
CUST02033,Isha,Harris,Female,53,isha.harris2033@example.com,Fort Collins,Colorado,United States,Middle,Corporate,2022-11-23,4,9774.85,10661.06,435,1
CUST02034,Ronald,Garcia,Male,36,ronald.garcia2034@example.com,Scottsdale,Arizona,United States,Middle,Consumer,2024-04-03,3,4411.61,4851.27,77,0
CUST02035,Benjamin,Anderson,Female,59,benjamin.anderson2035@example.com,Dallas,Texas,United States,Low,Consumer,2025-03-26,4,4683.87,5284.78,63,0
CUST02036,Nancy,Allen,Female,18,nancy.allen2036@example.com,Bellevue,Washington,United States,Middle,Consumer,2024-11-24,4,4768.889999999999,4946.83,154,0
CUST02037,Olivia,King,Prefer not to say,45,olivia.king2037@example.com,Houston,Texas,United States,Middle,Home Office,2022-11-13,4,5849.77,6720.24,452,1
CUST02038,Margaret,Lopez,Male,36,margaret.lopez2038@example.com,Greensboro,North Carolina,United States,Lower-Middle,Small Business,2019-06-20,2,953.0799999999999,1055.41,865,1
CUST02039,Amy,Rossi,Male,30,amy.rossi2039@example.com,Houston,Texas,United States,Low,Consumer,2019-09-13,4,5421.06,5818.97,1660,1
CUST02040,David,Rodriguez,Other,29,david.rodriguez2040@example.com,Jacksonville,Florida,United States,Middle,Corporate,2022-09-25,4,4465.62,4600.14,616,1
CUST02041,Jeffrey,Garcia,Male,56,jeffrey.garcia2041@example.com,Everett,Washington,United States,Upper-Middle,Corporate,2019-09-11,2,5212.66,5284.24,421,1
CUST02042,Jennifer,Johnson,Female,34,jennifer.johnson2042@example.com,Rochester,New York,United States,High,Consumer,2025-03-09,3,1062.28,1167.78,206,1
CUST02043,Margaret,Davis,Male,30,margaret.davis2043@example.com,Toledo,Ohio,United States,High,Consumer,2024-12-06,5,3640.57,3685.27,59,0
CUST02044,Mark,White,Female,29,mark.white2044@example.com,Spokane,Washington,United States,Middle,Consumer,2021-10-10,2,740.6,827.82,402,1
CUST02045,Wei,Chen,Other,45,wei.chen2045@example.com,Dallas,Texas,United States,Middle,Corporate,2025-12-11,4,1667.16,1791.55,25,0
CUST02046,Charles,Green,Other,47,charles.green2046@example.com,Los Angeles,California,United States,Low,Consumer,2025-05-20,4,4266.49,4665.84,28,0
CUST02047,John,Perez,Female,32,john.perez2047@example.com,Mesa,Arizona,United States,Low,Small Business,2025-05-07,5,3915.9300000000003,4321.07,2,0
CUST02048,Alexander,Robinson,Male,44,alexander.robinson2048@example.com,Sacramento,California,United States,Middle,Home Office,2021-10-01,0,0.0,0.0,9999,1
CUST02049,Joyce,Thomas,Other,33,joyce.thomas2049@example.com,Colorado Springs,Colorado,United States,Low,Consumer,2025-05-31,3,10908.01,12191.79,258,1
CUST02050,John,Muller,Other,29,john.muller2050@example.com,Elizabeth,New Jersey,United States,Middle,Corporate,2026-03-17,2,565.47,649.05,77,0
CUST02051,Deborah,Wang,Other,34,deborah.wang2051@example.com,Jersey City,New Jersey,United States,Middle,Consumer,2022-12-29,2,1176.4099999999999,1315.41,24,0
CUST02052,Benjamin,Zhang,Female,32,benjamin.zhang2052@example.com,Savannah,Georgia,United States,Middle,Consumer,2022-03-07,5,15837.960000000001,18037.81,112,0
CUST02053,Charles,Torres,Female,18,charles.torres2053@example.com,Spokane,Washington,United States,High,Home Office,2023-05-10,1,1389.46,1550.87,485,1
CUST02054,Melissa,Williams,Male,46,melissa.williams2054@example.com,Cincinnati,Ohio,United States,Low,Consumer,2019-07-22,1,220.6,240.13,109,0
CUST02055,Ming,Pereira,Female,32,ming.pereira2055@example.com,Colorado Springs,Colorado,United States,Lower-Middle,Corporate,2021-10-03,3,1857.5,2098.11,941,1
CUST02056,Anthony,Patel,Female,25,anthony.patel2056@example.com,Toledo,Ohio,United States,Upper-Middle,Consumer,2025-05-14,5,4868.3,5525.17,1,0
CUST02057,Deborah,Kim,Female,28,deborah.kim2057@example.com,Allentown,Pennsylvania,United States,Middle,Consumer,2026-06-28,4,6568.09,6636.1,13,0
CUST02058,Eric,Clark,Other,44,eric.clark2058@example.com,Orlando,Florida,United States,Lower-Middle,Consumer,2025-10-16,2,3098.9300000000003,3110.43,97,0
CUST02059,Wei,Campbell,Other,40,wei.campbell2059@example.com,Paterson,New Jersey,United States,Upper-Middle,Home Office,2019-09-14,2,974.23,1088.57,296,1
CUST02060,Melissa,Flores,Male,39,melissa.flores2060@example.com,Jacksonville,Florida,United States,Middle,Consumer,2024-04-20,3,3795.0,4065.85,1,0
CUST02061,Laura,Hill,Female,20,laura.hill2061@example.com,Elizabeth,New Jersey,United States,Low,Consumer,2022-03-16,0,0.0,0.0,9999,1
CUST02062,Emma,Lee,Other,26,emma.lee2062@example.com,Bellevue,Washington,United States,Middle,Small Business,2022-07-28,3,1189.37,1287.79,160,0
CUST02063,Patricia,Clark,Other,47,patricia.clark2063@example.com,Akron,Ohio,United States,Lower-Middle,Small Business,2021-08-25,3,4950.280000000001,5550.85,449,1
CUST02064,Alexander,Martin,Other,49,alexander.martin2064@example.com,Bellevue,Washington,United States,Upper-Middle,Consumer,2022-10-25,5,4760.94,4887.21,225,1
CUST02065,Timothy,Green,Other,40,timothy.green2065@example.com,Savannah,Georgia,United States,Lower-Middle,Small Business,2023-01-03,4,2524.3,2827.02,450,1
CUST02066,Kenneth,Andrade,Other,25,kenneth.andrade2066@example.com,Phoenix,Arizona,United States,Low,Consumer,2021-11-27,1,107.15,121.39,232,1
CUST02067,John,Johnson,Female,37,john.johnson2067@example.com,Newark,New Jersey,United States,Upper-Middle,Consumer,2022-09-09,3,5237.05,5434.67,709,1
CUST02068,Chen,Rivera,Male,40,chen.rivera2068@example.com,Orlando,Florida,United States,Lower-Middle,Consumer,2022-06-06,4,6951.540000000001,7626.36,163,0
CUST02069,Brandon,Green,Female,18,brandon.green2069@example.com,Lansing,Michigan,United States,Lower-Middle,Consumer,2024-12-14,5,7521.049999999999,8569.59,34,0
CUST02070,Joshua,Gonzalez,Male,54,joshua.gonzalez2070@example.com,Lowell,Massachusetts,United States,High,Consumer,2019-08-24,2,1725.47,1895.86,489,1
CUST02071,Rebecca,Thomas,Female,36,rebecca.thomas2071@example.com,Winston-Salem,North Carolina,United States,Lower-Middle,Corporate,2025-05-28,5,2462.85,2539.53,85,0
CUST02072,Amy,Scott,Male,47,amy.scott2072@example.com,Tucson,Arizona,United States,Middle,Consumer,2020-05-20,3,6764.77,7336.85,440,1
CUST02073,Jeffrey,Gonzalez,Male,36,jeffrey.gonzalez2073@example.com,Boston,Massachusetts,United States,Upper-Middle,Consumer,2024-04-08,2,1206.7800000000002,1381.64,133,0
CUST02074,Jacob,Perez,Other,18,jacob.perez2074@example.com,Boston,Massachusetts,United States,Middle,Home Office,2021-02-22,8,7005.57,7960.08,1058,1
CUST02075,Camila,Chen,Male,55,camila.chen2075@example.com,Flint,Michigan,United States,Middle,Consumer,2025-06-17,2,3743.1800000000003,3827.7,15,0
CUST02076,Angela,Hall,Male,18,angela.hall2076@example.com,Trenton,New Jersey,United States,Upper-Middle,Consumer,2023-01-28,1,19.51,20.52,590,1
CUST02077,Sarah,Hill,Male,36,sarah.hill2077@example.com,Bellevue,Washington,United States,Lower-Middle,Small Business,2021-11-08,3,2635.48,2654.75,41,0
CUST02078,Gregory,Sanchez,Female,30,gregory.sanchez2078@example.com,Tacoma,Washington,United States,Upper-Middle,Small Business,2024-04-13,3,10390.84,11140.23,175,0
CUST02079,David,Rivera,Male,27,david.rivera2079@example.com,Lansing,Michigan,United States,Middle,Corporate,2019-08-20,1,495.95,541.92,1239,1
CUST02080,Nancy,Campbell,Male,45,nancy.campbell2080@example.com,Aurora,Colorado,United States,Middle,Small Business,2022-03-17,4,960.1199999999999,975.21,64,0
CUST02081,Chen,Brown,Male,39,chen.brown2081@example.com,Augusta,Georgia,United States,Low,Consumer,2020-06-10,7,13253.18,13749.88,869,1
CUST02082,Michelle,King,Female,34,michelle.king2082@example.com,Athens,Georgia,United States,Low,Corporate,2019-12-28,4,4171.34,4641.58,155,0
CUST02083,Jerry,Zhang,Female,57,jerry.zhang2083@example.com,Seattle,Washington,United States,Middle,Consumer,2020-06-07,2,2150.31,2398.11,618,1
CUST02084,Mateo,Johnson,Male,18,mateo.johnson2084@example.com,Chandler,Arizona,United States,Lower-Middle,Consumer,2019-09-22,6,7978.929999999999,8946.16,370,1
CUST02085,Amy,Carter,Other,40,amy.carter2085@example.com,Columbus,Ohio,United States,Middle,Corporate,2023-01-08,2,3305.8199999999997,3359.23,296,1
CUST02086,Kevin,Campbell,Female,39,kevin.campbell2086@example.com,Lowell,Massachusetts,United States,Middle,Consumer,2024-05-20,1,2319.17,2509.88,314,1
CUST02087,Diego,Hall,Other,35,diego.hall2087@example.com,Mesa,Arizona,United States,Lower-Middle,Consumer,2025-12-09,6,4088.73,4225.26,7,0
CUST02088,David,Wang,Other,33,david.wang2088@example.com,Newark,New Jersey,United States,High,Home Office,2022-09-14,4,5274.130000000001,5969.18,165,0
CUST02089,Hiroshi,Anderson,Male,28,hiroshi.anderson2089@example.com,San Francisco,California,United States,Lower-Middle,Consumer,2024-06-15,4,5411.7,5610.5,193,1
CUST02090,William,Martin,Male,29,william.martin2090@example.com,Grand Rapids,Michigan,United States,Upper-Middle,Consumer,2023-02-10,2,2854.83,3255.5,67,0
CUST02091,Mary,Baker,Male,24,mary.baker2091@example.com,Boulder,Colorado,United States,Lower-Middle,Corporate,2022-07-24,1,2426.67,2722.49,1061,1
CUST02092,Wei,Zhang,Other,33,wei.zhang2092@example.com,Tacoma,Washington,United States,Lower-Middle,Consumer,2020-11-17,1,18.04,19.28,1415,1
CUST02093,Maria,Moore,Male,27,maria.moore2093@example.com,Miami,Florida,United States,Low,Small Business,2020-03-02,3,1161.97,1228.11,660,1
CUST02094,James,Reddy,Male,42,james.reddy2094@example.com,Worcester,Massachusetts,United States,Low,Consumer,2024-05-11,2,2609.64,2721.88,42,0
CUST02095,Dorothy,Andrade,Male,44,dorothy.andrade2095@example.com,Jacksonville,Florida,United States,Upper-Middle,Consumer,2023-10-30,5,5521.87,6283.5,61,0
CUST02096,Maria,White,Other,42,maria.white2096@example.com,Augusta,Georgia,United States,Middle,Home Office,2021-09-22,2,6056.99,6250.35,316,1
CUST02097,Linda,Chen,Male,46,linda.chen2097@example.com,Syracuse,New York,United States,Low,Small Business,2023-12-31,1,2939.99,3213.66,821,1
CUST02098,Kimberly,Jackson,Other,56,kimberly.jackson2098@example.com,Elizabeth,New Jersey,United States,High,Corporate,2025-04-30,4,5613.780000000001,5967.86,42,0
CUST02099,Frank,Martinez,Female,37,frank.martinez2099@example.com,Orlando,Florida,United States,Upper-Middle,Consumer,2019-11-08,2,4613.99,4639.89,18,0
CUST02100,Ronald,Nguyen,Other,25,ronald.nguyen2100@example.com,Lansing,Michigan,United States,Middle,Consumer,2024-03-19,6,6726.889999999999,7188.08,5,0
CUST02101,Steven,Hall,Other,32,steven.hall2101@example.com,Tucson,Arizona,United States,Low,Home Office,2023-11-25,5,4344.63,4806.43,71,0
CUST02102,Alexander,Allen,Male,43,alexander.allen2102@example.com,Springfield,Illinois,United States,Low,Consumer,2023-01-28,4,3801.7699999999995,4243.63,889,1
CUST02103,Chen,Davis,Male,56,chen.davis2103@example.com,Lansing,Michigan,United States,Middle,Home Office,2023-11-26,0,0.0,0.0,9999,1
CUST02104,Laura,Johnson,Female,38,laura.johnson2104@example.com,Phoenix,Arizona,United States,Middle,Small Business,2021-11-10,2,2405.62,2694.6,945,1
CUST02105,George,Rodriguez,Other,29,george.rodriguez2105@example.com,Ann Arbor,Michigan,United States,Upper-Middle,Consumer,2023-10-14,4,2430.39,2516.07,1,0
CUST02106,Dennis,Rossi,Female,31,dennis.rossi2106@example.com,Erie,Pennsylvania,United States,Upper-Middle,Consumer,2025-09-12,5,5940.98,6773.82,7,0
CUST02107,Dennis,Harris,Male,37,dennis.harris2107@example.com,Fort Lauderdale,Florida,United States,Low,Consumer,2020-01-05,2,1906.63,2086.61,418,1
CUST02108,Cynthia,Kim,Female,36,cynthia.kim2108@example.com,Erie,Pennsylvania,United States,Upper-Middle,Consumer,2021-04-29,5,2283.58,2389.52,1,0
CUST02109,Karen,Jackson,Female,43,karen.jackson2109@example.com,Scottsdale,Arizona,United States,High,Home Office,2020-07-01,2,3418.04,3639.98,704,1
CUST02110,Victoria,Green,Female,25,victoria.green2110@example.com,Cleveland,Ohio,United States,Middle,Consumer,2022-02-18,3,6325.3,6873.71,501,1
CUST02111,Rahul,Thompson,Male,53,rahul.thompson2111@example.com,Syracuse,New York,United States,Lower-Middle,Consumer,2024-11-26,4,1698.6000000000001,1752.38,2,0
CUST02112,Amy,Martin,Male,21,amy.martin2112@example.com,Naperville,Illinois,United States,Low,Consumer,2021-01-18,3,1586.7099999999998,1814.99,398,1
CUST02113,Joshua,Scott,Female,41,joshua.scott2113@example.com,Orlando,Florida,United States,Middle,Consumer,2024-12-07,1,209.57,215.24,581,1
CUST02114,Sharon,Lee,Female,32,sharon.lee2114@example.com,Atlanta,Georgia,United States,High,Consumer,2026-02-25,2,717.87,757.48,59,0
CUST02115,Dorothy,Rossi,Male,34,dorothy.rossi2115@example.com,Ann Arbor,Michigan,United States,Lower-Middle,Small Business,2026-05-21,3,659.93,726.88,6,0
CUST02116,Arjun,Ramirez,Male,28,arjun.ramirez2116@example.com,Toledo,Ohio,United States,High,Corporate,2026-05-30,5,6710.66,7279.25,1,0
CUST02117,Carol,Flores,Female,20,carol.flores2117@example.com,Everett,Washington,United States,Middle,Corporate,2019-10-20,4,8404.82,8769.7,1058,1
CUST02118,Eric,Torres,Other,62,eric.torres2118@example.com,Allentown,Pennsylvania,United States,Upper-Middle,Consumer,2021-10-03,6,7163.35,7847.64,130,0
CUST02119,Amy,Rodriguez,Female,19,amy.rodriguez2119@example.com,Sacramento,California,United States,Middle,Consumer,2022-06-22,3,3157.5,3506.88,37,0
CUST02120,Dorothy,Robinson,Other,38,dorothy.robinson2120@example.com,Trenton,New Jersey,United States,High,Small Business,2025-11-11,3,2626.62,2631.49,52,0
CUST02121,Victoria,Scott,Other,23,victoria.scott2121@example.com,Durham,North Carolina,United States,Upper-Middle,Corporate,2022-02-16,0,0.0,0.0,9999,1
CUST02122,Chen,Taylor,Prefer not to say,56,chen.taylor2122@example.com,Reading,Pennsylvania,United States,High,Consumer,2023-06-09,1,1306.44,1306.94,854,1
CUST02123,Justin,Walker,Female,26,justin.walker2123@example.com,Colorado Springs,Colorado,United States,Middle,Home Office,2023-10-21,6,9241.23,9601.98,314,1
CUST02124,Kenneth,Silva,Female,25,kenneth.silva2124@example.com,Newark,New Jersey,United States,Upper-Middle,Corporate,2025-06-06,3,3805.62,4193.32,197,1
CUST02125,David,Andrade,Other,29,david.andrade2125@example.com,Athens,Georgia,United States,High,Small Business,2022-12-27,0,0.0,0.0,9999,1
CUST02126,Jack,Wright,Female,32,jack.wright2126@example.com,San Antonio,Texas,United States,Upper-Middle,Home Office,2023-12-11,5,2137.36,2327.75,49,0
CUST02127,Emily,Jackson,Female,30,emily.jackson2127@example.com,Philadelphia,Pennsylvania,United States,Lower-Middle,Corporate,2020-11-12,5,4753.389999999999,5167.25,39,0
CUST02128,Dorothy,Rivera,Female,23,dorothy.rivera2128@example.com,Boulder,Colorado,United States,Middle,Home Office,2020-05-11,4,6774.74,7018.15,247,1
CUST02129,Kenneth,Dubois,Other,34,kenneth.dubois2129@example.com,Reading,Pennsylvania,United States,Lower-Middle,Home Office,2019-08-18,4,9170.15,10174.5,525,1
CUST02130,Matthew,Thomas,Other,63,matthew.thomas2130@example.com,Chicago,Illinois,United States,Upper-Middle,Consumer,2020-08-27,3,2042.13,2338.29,342,1
CUST02131,Shirley,Torres,Female,37,shirley.torres2131@example.com,Jacksonville,Florida,United States,Upper-Middle,Home Office,2024-09-09,0,0.0,0.0,9999,1
CUST02132,Joshua,King,Female,67,joshua.king2132@example.com,Orlando,Florida,United States,Low,Corporate,2020-12-14,1,168.27,179.14,1194,1
CUST02133,Jerry,Singh,Female,46,jerry.singh2133@example.com,Austin,Texas,United States,Upper-Middle,Small Business,2021-12-02,4,9874.13,10604.98,323,1
CUST02134,Laura,Carter,Other,28,laura.carter2134@example.com,Raleigh,North Carolina,United States,Middle,Consumer,2022-04-07,4,1658.57,1851.38,813,1
CUST02135,Camila,Scott,Male,40,camila.scott2135@example.com,Augusta,Georgia,United States,Upper-Middle,Consumer,2025-12-25,1,1053.74,1160.78,135,0
CUST02136,Christopher,Taylor,Male,32,christopher.taylor2136@example.com,Philadelphia,Pennsylvania,United States,Low,Consumer,2021-11-03,3,278.58,307.14,285,1
CUST02137,Jacob,Mitchell,Other,18,jacob.mitchell2137@example.com,Rochester,New York,United States,Middle,Consumer,2021-12-26,4,5857.17,6182.97,218,1
CUST02138,Sharon,Adams,Female,49,sharon.adams2138@example.com,Cleveland,Ohio,United States,Middle,Home Office,2020-12-28,5,9494.91,10267.95,467,1
CUST02139,Rachel,Torres,Other,34,rachel.torres2139@example.com,Reading,Pennsylvania,United States,Low,Consumer,2026-01-13,7,13545.33,14585.07,90,0
CUST02140,Heather,Taylor,Male,26,heather.taylor2140@example.com,Atlanta,Georgia,United States,Lower-Middle,Consumer,2023-07-17,2,557.31,570.9,276,1
CUST02141,Christopher,Walker,Female,54,christopher.walker2141@example.com,Austin,Texas,United States,Lower-Middle,Consumer,2022-11-14,3,3437.64,3657.48,117,0
CUST02142,Julie,Rodriguez,Other,41,julie.rodriguez2142@example.com,Athens,Georgia,United States,Low,Consumer,2020-08-13,1,87.72,88.83,698,1
CUST02143,Priya,Sharma,Other,18,priya.sharma2143@example.com,Tucson,Arizona,United States,Upper-Middle,Home Office,2022-07-01,5,6518.07,6752.78,143,0
CUST02144,Laura,Lee,Male,18,laura.lee2144@example.com,Austin,Texas,United States,Lower-Middle,Corporate,2025-10-21,3,2950.29,3093.93,32,0
CUST02145,Stephen,Brown,Female,40,stephen.brown2145@example.com,San Francisco,California,United States,Low,Consumer,2024-02-04,4,9308.89,9639.96,31,0
CUST02146,Sandra,Martin,Other,27,sandra.martin2146@example.com,Colorado Springs,Colorado,United States,Lower-Middle,Consumer,2022-11-15,2,314.90999999999997,329.77,146,0
CUST02147,Benjamin,Sharma,Female,20,benjamin.sharma2147@example.com,San Jose,California,United States,Middle,Corporate,2024-06-12,2,216.84999999999997,246.21,59,0
CUST02148,Frank,Singh,Male,39,frank.singh2148@example.com,Charlotte,North Carolina,United States,Lower-Middle,Consumer,2020-07-19,2,1779.3899999999999,1793.26,352,1
CUST02149,Sandra,Dubois,Other,25,sandra.dubois2149@example.com,San Diego,California,United States,Low,Home Office,2022-08-30,1,196.75,202.26,367,1
CUST02150,Nicholas,Perez,Male,41,nicholas.perez2150@example.com,Cleveland,Ohio,United States,Middle,Small Business,2021-12-14,1,747.53,799.32,391,1
CUST02151,Dennis,Torres,Female,60,dennis.torres2151@example.com,Rockford,Illinois,United States,Middle,Consumer,2019-07-13,2,584.01,618.35,265,1
CUST02152,Margaret,Allen,Female,18,margaret.allen2152@example.com,Pittsburgh,Pennsylvania,United States,Upper-Middle,Consumer,2022-09-16,2,1201.2,1354.88,485,1
CUST02153,Samuel,Torres,Female,18,samuel.torres2153@example.com,Atlanta,Georgia,United States,Middle,Corporate,2021-06-22,1,4579.85,4596.07,556,1
CUST02154,Nicholas,Patel,Male,32,nicholas.patel2154@example.com,Orlando,Florida,United States,Low,Home Office,2026-02-03,0,0.0,0.0,9999,1
CUST02155,Dennis,Clark,Other,22,dennis.clark2155@example.com,Fort Lauderdale,Florida,United States,Upper-Middle,Home Office,2024-09-12,3,7383.540000000001,7647.09,139,0
CUST02156,Carolyn,Ramirez,Female,23,carolyn.ramirez2156@example.com,Elizabeth,New Jersey,United States,Middle,Consumer,2024-12-02,4,6982.4800000000005,7689.98,188,1
CUST02157,Debra,Robinson,Male,29,debra.robinson2157@example.com,Ann Arbor,Michigan,United States,Middle,Consumer,2019-10-18,2,3507.8399999999997,3621.97,1986,1
CUST02158,Betty,White,Male,30,betty.white2158@example.com,Aurora,Colorado,United States,Middle,Corporate,2022-01-16,2,723.45,793.99,682,1
CUST02159,Heather,Adams,Other,39,heather.adams2159@example.com,Athens,Georgia,United States,Upper-Middle,Small Business,2023-12-09,3,8345.69,9270.26,63,0
CUST02160,Jacob,Torres,Male,53,jacob.torres2160@example.com,Worcester,Massachusetts,United States,Middle,Home Office,2021-10-21,4,4381.8,4921.12,334,1
CUST02161,Meera,Brown,Male,59,meera.brown2161@example.com,Detroit,Michigan,United States,High,Small Business,2021-07-27,6,8666.12,9034.64,193,1
CUST02162,Joshua,Chen,Male,39,joshua.chen2162@example.com,Akron,Ohio,United States,Low,Consumer,2020-03-09,3,5588.71,5834.94,225,1
CUST02163,Rachel,Harris,Male,24,rachel.harris2163@example.com,Cincinnati,Ohio,United States,Lower-Middle,Corporate,2025-06-07,3,649.01,684.9,25,0
CUST02164,Joshua,Jones,Prefer not to say,23,joshua.jones2164@example.com,Newark,New Jersey,United States,Lower-Middle,Consumer,2025-06-03,3,1573.42,1727.71,29,0
CUST02165,Camila,Clark,Female,41,camila.clark2165@example.com,Houston,Texas,United States,Lower-Middle,Consumer,2023-03-14,1,897.12,971.98,652,1
CUST02166,Heather,Walker,Other,50,heather.walker2166@example.com,Macon,Georgia,United States,Middle,Consumer,2023-04-15,2,1601.78,1643.25,447,1
CUST02167,Frank,Rossi,Male,23,frank.rossi2167@example.com,Dallas,Texas,United States,Low,Corporate,2025-09-11,3,753.52,787.42,58,0
CUST02168,Patricia,Jones,Female,20,patricia.jones2168@example.com,Athens,Georgia,United States,Middle,Small Business,2022-11-17,4,2427.33,2729.65,58,0
CUST02169,Larry,Garcia,Female,35,larry.garcia2169@example.com,Seattle,Washington,United States,Upper-Middle,Corporate,2025-03-02,3,1922.3999999999999,1984.83,89,0
CUST02170,Margaret,Wright,Male,24,margaret.wright2170@example.com,San Diego,California,United States,Lower-Middle,Consumer,2025-10-04,6,16331.14,16549.66,155,0
CUST02171,James,Garcia,Female,21,james.garcia2171@example.com,Boulder,Colorado,United States,Middle,Corporate,2021-01-08,1,1848.73,2059.29,1841,1
CUST02172,Priya,Robinson,Female,47,priya.robinson2172@example.com,Phoenix,Arizona,United States,Middle,Corporate,2019-12-30,2,4387.5199999999995,4446.64,1141,1
CUST02173,Ryan,Muller,Female,31,ryan.muller2173@example.com,Raleigh,North Carolina,United States,Middle,Consumer,2024-11-03,3,3165.56,3439.26,3,0
CUST02174,Emma,Pereira,Other,40,emma.pereira2174@example.com,Rochester,New York,United States,Middle,Consumer,2023-09-22,6,9780.199999999999,10748.78,376,1
CUST02175,Samantha,Patel,Female,42,samantha.patel2175@example.com,Erie,Pennsylvania,United States,Upper-Middle,Consumer,2019-09-24,3,6615.36,7568.9,428,1
CUST02176,Carolyn,Ivanov,Female,56,carolyn.ivanov2176@example.com,Everett,Washington,United States,Middle,Consumer,2022-04-20,2,3227.9700000000003,3635.73,521,1
CUST02177,Scott,Allen,Female,29,scott.allen2177@example.com,Jersey City,New Jersey,United States,High,Corporate,2024-12-11,6,7643.41,7749.08,66,0
CUST02178,Laura,Pereira,Male,38,laura.pereira2178@example.com,Colorado Springs,Colorado,United States,Lower-Middle,Small Business,2020-04-25,1,2018.0,2101.5,2237,1
CUST02179,Debra,Jackson,Other,34,debra.jackson2179@example.com,Ann Arbor,Michigan,United States,Middle,Corporate,2024-01-14,3,3030.49,3412.05,380,1
CUST02180,Karan,Moore,Other,49,karan.moore2180@example.com,Colorado Springs,Colorado,United States,Middle,Home Office,2023-07-01,3,3441.79,3766.87,548,1
CUST02181,Ming,Anderson,Male,40,ming.anderson2181@example.com,Winston-Salem,North Carolina,United States,Middle,Corporate,2019-11-16,5,3514.17,3960.84,250,1
CUST02182,Steven,Perez,Other,48,steven.perez2182@example.com,Tucson,Arizona,United States,Upper-Middle,Consumer,2024-08-27,2,1895.66,2013.59,258,1
CUST02183,Joseph,Adams,Other,44,joseph.adams2183@example.com,Mesa,Arizona,United States,High,Consumer,2023-07-31,3,4352.95,4816.86,650,1
CUST02184,Rahul,Sharma,Prefer not to say,40,rahul.sharma2184@example.com,Fort Lauderdale,Florida,United States,Middle,Consumer,2020-02-03,1,3091.8,3153.85,917,1
CUST02185,Julie,Wilson,Male,31,julie.wilson2185@example.com,Jacksonville,Florida,United States,Upper-Middle,Home Office,2025-05-08,5,5976.990000000001,6390.74,92,0
CUST02186,Matthew,Smith,Male,24,matthew.smith2186@example.com,Elizabeth,New Jersey,United States,Middle,Small Business,2025-11-01,2,3798.15,3851.81,170,0
CUST02187,Janet,Flores,Female,37,janet.flores2187@example.com,Jacksonville,Florida,United States,Upper-Middle,Consumer,2022-12-23,3,3105.46,3284.77,260,1
CUST02188,Richard,Harris,Male,23,richard.harris2188@example.com,Los Angeles,California,United States,Lower-Middle,Consumer,2022-11-08,6,10455.24,11816.82,326,1
CUST02189,Neha,Martinez,Female,40,neha.martinez2189@example.com,Austin,Texas,United States,High,Consumer,2024-10-25,1,1451.3,1611.42,278,1
CUST02190,Amanda,Patel,Female,37,amanda.patel2190@example.com,San Jose,California,United States,Lower-Middle,Consumer,2025-05-08,5,5652.26,5724.46,121,0
CUST02191,Joshua,Gupta,Female,47,joshua.gupta2191@example.com,Flint,Michigan,United States,Middle,Corporate,2021-10-23,2,1714.28,1841.33,1240,1
CUST02192,Carolyn,Dubois,Female,19,carolyn.dubois2192@example.com,Sacramento,California,United States,Middle,Consumer,2023-03-25,2,1441.85,1657.97,204,1
CUST02193,Amy,Roberts,Male,30,amy.roberts2193@example.com,Lowell,Massachusetts,United States,Middle,Corporate,2019-08-18,4,8282.42,9430.38,60,0
CUST02194,Ming,Hall,Male,40,ming.hall2194@example.com,Bellevue,Washington,United States,Middle,Small Business,2023-03-23,2,197.8,199.48,758,1
CUST02195,Jerry,Lopez,Other,22,jerry.lopez2195@example.com,Augusta,Georgia,United States,Low,Consumer,2025-09-27,4,1289.82,1443.81,35,0
CUST02196,Vikram,Gonzalez,Other,66,vikram.gonzalez2196@example.com,Athens,Georgia,United States,Lower-Middle,Corporate,2022-10-01,3,2778.62,2982.69,182,1
CUST02197,Amy,Jones,Other,21,amy.jones2197@example.com,Allentown,Pennsylvania,United States,Upper-Middle,Home Office,2024-08-10,6,13581.51,13857.12,201,1
CUST02198,Betty,Kumar,Other,27,betty.kumar2198@example.com,Houston,Texas,United States,Lower-Middle,Home Office,2021-06-09,1,12.63,12.69,330,1
CUST02199,Tyler,Brown,Female,37,tyler.brown2199@example.com,Elizabeth,New Jersey,United States,Low,Consumer,2020-11-19,0,0.0,0.0,9999,1
CUST02200,Emily,Roberts,Other,48,emily.roberts2200@example.com,Lowell,Massachusetts,United States,Upper-Middle,Consumer,2026-06-07,2,5969.179999999999,6641.2,5,0
CUST02201,Jessica,Costa,Female,38,jessica.costa2201@example.com,Savannah,Georgia,United States,Lower-Middle,Consumer,2026-03-01,4,8655.37,8928.84,18,0
CUST02202,Donna,Nelson,Other,50,donna.nelson2202@example.com,Columbus,Ohio,United States,Lower-Middle,Home Office,2023-04-02,3,835.24,869.83,43,0
CUST02203,Margaret,Rossi,Male,47,margaret.rossi2203@example.com,Savannah,Georgia,United States,Middle,Corporate,2025-01-02,5,2902.91,3252.4,249,1
CUST02204,Samuel,Thompson,Prefer not to say,41,samuel.thompson2204@example.com,Cambridge,Massachusetts,United States,Low,Consumer,2019-09-24,1,245.42,271.89,1235,1
CUST02205,Carol,Ivanov,Other,24,carol.ivanov2205@example.com,Jacksonville,Florida,United States,High,Consumer,2022-11-29,2,9320.279999999999,10242.0,391,1
CUST02206,Nancy,Moore,Other,51,nancy.moore2206@example.com,Syracuse,New York,United States,Low,Consumer,2023-01-16,2,2458.47,2497.14,528,1
CUST02207,Priya,Reddy,Other,42,priya.reddy2207@example.com,San Jose,California,United States,Middle,Consumer,2025-12-27,1,2041.89,2057.88,20,0
CUST02208,Rebecca,Muller,Female,54,rebecca.muller2208@example.com,San Diego,California,United States,Middle,Consumer,2021-11-02,3,4868.33,5059.26,673,1
CUST02209,William,Lopez,Female,38,william.lopez2209@example.com,Naperville,Illinois,United States,Middle,Small Business,2024-05-29,4,982.3,1038.34,137,0
CUST02210,Li,Moore,Male,38,li.moore2210@example.com,Houston,Texas,United States,Low,Consumer,2023-02-24,4,11535.92,11857.95,173,0
CUST02211,Margaret,Wang,Female,31,margaret.wang2211@example.com,Everett,Washington,United States,Middle,Consumer,2021-08-11,1,2868.09,3279.74,1057,1
CUST02212,Priya,White,Male,55,priya.white2212@example.com,Lansing,Michigan,United States,Middle,Consumer,2023-07-16,4,12230.95,12505.24,416,1
CUST02213,Charles,Hill,Male,52,charles.hill2213@example.com,Albany,New York,United States,Middle,Consumer,2023-12-09,9,5363.07,6032.04,178,0
CUST02214,Mary,Anderson,Other,36,mary.anderson2214@example.com,Durham,North Carolina,United States,Middle,Consumer,2024-03-16,0,0.0,0.0,9999,1
CUST02215,Ananya,Moore,Female,35,ananya.moore2215@example.com,Pittsburgh,Pennsylvania,United States,Upper-Middle,Consumer,2026-02-13,6,4663.3,4924.22,9,0
CUST02216,Amy,Rossi,Male,27,amy.rossi2216@example.com,Savannah,Georgia,United States,Lower-Middle,Corporate,2022-02-28,2,4368.66,4733.69,882,1
CUST02217,Debra,Pereira,Male,26,debra.pereira2217@example.com,Denver,Colorado,United States,Middle,Home Office,2020-05-27,4,3344.69,3591.03,95,0
CUST02218,Charles,Rodriguez,Male,45,charles.rodriguez2218@example.com,Macon,Georgia,United States,Middle,Consumer,2023-05-14,4,2226.9500000000003,2397.49,637,1
CUST02219,Julie,Kumar,Male,53,julie.kumar2219@example.com,Aurora,Colorado,United States,Upper-Middle,Consumer,2020-11-21,1,76.67,77.13,1799,1
CUST02220,Julie,Reddy,Female,30,julie.reddy2220@example.com,San Diego,California,United States,Low,Corporate,2021-04-08,3,2024.8,2077.02,682,1
CUST02221,Camila,Mitchell,Other,74,camila.mitchell2221@example.com,Toledo,Ohio,United States,Upper-Middle,Consumer,2022-11-19,1,846.57,923.51,108,0
CUST02222,Li,Taylor,Other,43,li.taylor2222@example.com,Macon,Georgia,United States,Upper-Middle,Corporate,2022-04-30,2,5359.69,5465.88,319,1
CUST02223,Julie,Lee,Other,53,julie.lee2223@example.com,Fort Lauderdale,Florida,United States,Lower-Middle,Home Office,2025-03-07,1,247.91,250.77,314,1
CUST02224,Sharon,Brown,Other,49,sharon.brown2224@example.com,Columbus,Ohio,United States,Low,Home Office,2019-12-23,5,3482.35,3786.92,333,1
CUST02225,Charles,Garcia,Female,41,charles.garcia2225@example.com,Allentown,Pennsylvania,United States,Lower-Middle,Corporate,2022-01-09,1,3336.46,3525.59,518,1
CUST02226,Sofia,Baker,Other,42,sofia.baker2226@example.com,Rockford,Illinois,United States,Lower-Middle,Consumer,2024-08-14,3,7373.24,8096.71,602,1
CUST02227,Amy,Silva,Other,45,amy.silva2227@example.com,Athens,Georgia,United States,Middle,Corporate,2022-02-08,6,9682.2,10245.94,206,1
CUST02228,Alexander,Moore,Male,46,alexander.moore2228@example.com,Augusta,Georgia,United States,Middle,Small Business,2022-11-02,3,714.6099999999999,806.42,55,0
CUST02229,Brenda,Costa,Female,35,brenda.costa2229@example.com,Detroit,Michigan,United States,Middle,Small Business,2022-03-31,3,768.75,839.06,509,1
CUST02230,Wei,Torres,Male,30,wei.torres2230@example.com,Flint,Michigan,United States,Lower-Middle,Small Business,2025-02-22,0,0.0,0.0,9999,1
CUST02231,Li,Walker,Female,48,li.walker2231@example.com,Grand Rapids,Michigan,United States,High,Consumer,2024-04-01,1,35.44,35.62,209,1
CUST02232,Kevin,Costa,Female,36,kevin.costa2232@example.com,Bellevue,Washington,United States,Lower-Middle,Consumer,2022-02-04,2,3605.49,3726.33,218,1
CUST02233,Catherine,Harris,Male,27,catherine.harris2233@example.com,Lowell,Massachusetts,United States,Upper-Middle,Corporate,2022-06-23,3,2791.2200000000003,3076.06,481,1
CUST02234,Matthew,Campbell,Other,60,matthew.campbell2234@example.com,Chandler,Arizona,United States,Lower-Middle,Home Office,2024-10-28,5,3697.99,3771.97,249,1
CUST02235,Samantha,Costa,Other,51,samantha.costa2235@example.com,New York City,New York,United States,Upper-Middle,Consumer,2021-11-12,3,3331.01,3581.25,53,0
CUST02236,Ashley,Clark,Male,31,ashley.clark2236@example.com,Ann Arbor,Michigan,United States,Upper-Middle,Home Office,2020-12-05,4,5522.599999999999,5993.28,240,1
CUST02237,Melissa,Young,Other,31,melissa.young2237@example.com,Toledo,Ohio,United States,Lower-Middle,Corporate,2024-02-24,3,4767.639999999999,5316.31,194,1
CUST02238,Brenda,Baker,Other,47,brenda.baker2238@example.com,Rochester,New York,United States,Low,Consumer,2021-04-19,2,2962.1600000000003,3401.92,410,1
CUST02239,Edward,Sharma,Male,33,edward.sharma2239@example.com,Los Angeles,California,United States,Upper-Middle,Consumer,2019-06-23,4,965.9200000000001,986.28,1433,1
CUST02240,Gary,Zhang,Other,31,gary.zhang2240@example.com,Elizabeth,New Jersey,United States,Upper-Middle,Consumer,2023-12-16,5,3909.4300000000003,4186.41,40,0
CUST02241,Rebecca,Sanchez,Female,36,rebecca.sanchez2241@example.com,Chicago,Illinois,United States,Middle,Consumer,2021-04-15,3,1577.92,1696.13,840,1
CUST02242,Susan,Muller,Female,30,susan.muller2242@example.com,Toledo,Ohio,United States,Lower-Middle,Consumer,2025-09-01,2,6057.860000000001,6147.9,31,0
CUST02243,George,Miller,Female,44,george.miller2243@example.com,Los Angeles,California,United States,Lower-Middle,Consumer,2023-09-02,3,845.43,887.67,186,1
CUST02244,Thomas,Gonzalez,Male,47,thomas.gonzalez2244@example.com,Paterson,New Jersey,United States,Low,Corporate,2024-04-21,3,1163.5400000000002,1330.18,94,0
CUST02245,Linda,Johnson,Other,50,linda.johnson2245@example.com,Austin,Texas,United States,Upper-Middle,Consumer,2020-11-04,1,3339.82,3792.53,656,1
CUST02246,Donald,Robinson,Other,33,donald.robinson2246@example.com,Fort Lauderdale,Florida,United States,Middle,Consumer,2021-05-11,3,6837.46,7226.77,525,1
CUST02247,Emma,Rivera,Male,29,emma.rivera2247@example.com,Colorado Springs,Colorado,United States,Low,Corporate,2020-05-02,3,3584.0699999999997,4080.33,1033,1
CUST02248,Jerry,Lewis,Male,46,jerry.lewis2248@example.com,Albany,New York,United States,Middle,Consumer,2022-02-19,4,5005.860000000001,5273.72,277,1
CUST02249,Christopher,Lopez,Female,43,christopher.lopez2249@example.com,Flint,Michigan,United States,Upper-Middle,Consumer,2023-07-27,4,14039.91,15331.85,148,0
CUST02250,Ashley,Kumar,Female,65,ashley.kumar2250@example.com,Orlando,Florida,United States,Middle,Home Office,2022-07-23,8,6517.599999999999,7355.95,176,0
CUST02251,Sofia,Lewis,Male,46,sofia.lewis2251@example.com,Chicago,Illinois,United States,Lower-Middle,Consumer,2024-08-29,6,6146.42,6309.26,479,1
CUST02252,Samantha,Roberts,Male,45,samantha.roberts2252@example.com,Savannah,Georgia,United States,Lower-Middle,Consumer,2026-03-28,6,6626.9,7332.59,11,0
CUST02253,Raymond,Chen,Other,30,raymond.chen2253@example.com,Savannah,Georgia,United States,Upper-Middle,Home Office,2023-03-17,5,9292.61,10296.62,416,1
CUST02254,Julie,Carter,Female,49,julie.carter2254@example.com,San Jose,California,United States,Lower-Middle,Corporate,2023-12-29,3,3816.14,3941.22,172,0
CUST02255,Sharon,Andrade,Male,20,sharon.andrade2255@example.com,Allentown,Pennsylvania,United States,Middle,Corporate,2021-11-01,4,4799.5,5318.99,226,1
CUST02256,Isha,Chen,Female,36,isha.chen2256@example.com,Grand Rapids,Michigan,United States,Lower-Middle,Consumer,2020-12-09,2,2883.1,3127.76,548,1
CUST02257,Isha,Carter,Male,49,isha.carter2257@example.com,Albany,New York,United States,Lower-Middle,Consumer,2020-05-05,6,6737.95,7008.51,36,0
CUST02258,Emily,Young,Male,18,emily.young2258@example.com,Mesa,Arizona,United States,Middle,Home Office,2020-11-19,3,3489.2200000000003,3791.72,814,1
CUST02259,Patricia,Young,Female,37,patricia.young2259@example.com,Seattle,Washington,United States,Upper-Middle,Consumer,2026-05-11,3,2505.87,2695.24,57,0
CUST02260,Larry,Hall,Male,64,larry.hall2260@example.com,Erie,Pennsylvania,United States,Middle,Corporate,2020-09-18,3,2938.27,3363.42,98,0
CUST02261,Li,Gupta,Female,39,li.gupta2261@example.com,San Antonio,Texas,United States,Lower-Middle,Consumer,2022-10-16,4,5383.77,6131.04,116,0
CUST02262,Li,King,Male,47,li.king2262@example.com,Savannah,Georgia,United States,Lower-Middle,Corporate,2025-12-04,2,738.2,771.47,35,0
CUST02263,Anna,Andrade,Male,26,anna.andrade2263@example.com,Worcester,Massachusetts,United States,High,Consumer,2022-03-08,6,7960.08,8418.51,139,0
CUST02264,Jerry,Robinson,Male,57,jerry.robinson2264@example.com,Dallas,Texas,United States,Middle,Corporate,2024-05-02,5,9752.080000000002,10531.64,127,0
CUST02265,Steven,Hernandez,Female,28,steven.hernandez2265@example.com,Durham,North Carolina,United States,Lower-Middle,Consumer,2020-01-26,4,3063.2799999999997,3482.44,346,1
CUST02266,Sharon,Scott,Male,35,sharon.scott2266@example.com,Colorado Springs,Colorado,United States,Middle,Consumer,2026-02-02,2,2436.23,2526.62,24,0
CUST02267,William,Robinson,Other,47,william.robinson2267@example.com,Denver,Colorado,United States,Low,Corporate,2025-08-03,4,3698.2699999999995,3935.16,47,0
CUST02268,Victoria,Thompson,Female,61,victoria.thompson2268@example.com,Rockford,Illinois,United States,High,Home Office,2022-10-04,2,431.09999999999997,441.09,49,0
CUST02269,Donald,Williams,Other,46,donald.williams2269@example.com,Worcester,Massachusetts,United States,Upper-Middle,Consumer,2020-04-20,4,4412.8,4559.1,212,1
CUST02270,Richard,Wright,Other,48,richard.wright2270@example.com,Colorado Springs,Colorado,United States,Lower-Middle,Consumer,2024-10-16,2,1759.76,1934.96,142,0
CUST02271,Jerry,Mitchell,Male,30,jerry.mitchell2271@example.com,Tucson,Arizona,United States,Middle,Consumer,2023-02-18,4,1806.5900000000001,2017.56,197,1
CUST02272,Victoria,Johnson,Female,18,victoria.johnson2272@example.com,Pittsburgh,Pennsylvania,United States,Middle,Consumer,2024-06-08,6,18944.93,21631.84,70,0
CUST02273,Shirley,Davis,Male,33,shirley.davis2273@example.com,Cleveland,Ohio,United States,Low,Consumer,2024-07-24,3,4733.57,5348.62,193,1
CUST02274,Thomas,Walker,Female,22,thomas.walker2274@example.com,Boulder,Colorado,United States,Middle,Consumer,2024-05-12,2,392.99,442.62,52,0
CUST02275,Ashley,Zhang,Other,45,ashley.zhang2275@example.com,New York City,New York,United States,Lower-Middle,Corporate,2024-02-14,3,2409.1800000000003,2652.98,62,0
CUST02276,Julie,Garcia,Male,30,julie.garcia2276@example.com,San Antonio,Texas,United States,Low,Consumer,2022-05-26,5,5553.87,6279.82,369,1
CUST02277,Arjun,Dubois,Other,74,arjun.dubois2277@example.com,Bellevue,Washington,United States,Middle,Consumer,2026-05-31,2,1085.92,1221.86,35,0
CUST02278,Eric,Kim,Female,34,eric.kim2278@example.com,Everett,Washington,United States,Upper-Middle,Corporate,2020-09-18,5,5130.89,5264.49,685,1
CUST02279,Isha,Patel,Other,42,isha.patel2279@example.com,Springfield,Massachusetts,United States,High,Consumer,2026-04-27,7,13318.94,13938.05,2,0
CUST02280,Meera,Ivanov,Male,36,meera.ivanov2280@example.com,New York City,New York,United States,Low,Small Business,2023-12-29,4,3099.6299999999997,3450.41,40,0
CUST02281,Isha,Hill,Female,47,isha.hill2281@example.com,Fort Worth,Texas,United States,Middle,Consumer,2024-11-24,3,9475.49,10308.53,126,0
CUST02282,Patricia,Green,Male,46,patricia.green2282@example.com,Savannah,Georgia,United States,Lower-Middle,Home Office,2023-05-10,2,990.44,1046.34,154,0
CUST02283,Julie,Jackson,Other,41,julie.jackson2283@example.com,Macon,Georgia,United States,Lower-Middle,Home Office,2019-11-06,6,8252.26,8288.93,22,0
CUST02284,Ronald,Young,Male,49,ronald.young2284@example.com,New York City,New York,United States,High,Consumer,2022-07-20,4,5407.47,6135.56,458,1
CUST02285,Stephanie,Kim,Female,37,stephanie.kim2285@example.com,Scottsdale,Arizona,United States,Upper-Middle,Consumer,2024-05-22,0,0.0,0.0,9999,1
CUST02286,Rebecca,Miller,Other,29,rebecca.miller2286@example.com,Orlando,Florida,United States,High,Consumer,2025-08-30,4,1611.01,1756.56,60,0
CUST02287,Michael,Hall,Other,32,michael.hall2287@example.com,Athens,Georgia,United States,Upper-Middle,Consumer,2021-05-12,6,10874.67,12057.59,924,1
CUST02288,Donna,Rivera,Other,40,donna.rivera2288@example.com,Boulder,Colorado,United States,Middle,Small Business,2023-09-26,4,3047.42,3397.52,296,1
CUST02289,Wei,Rossi,Female,38,wei.rossi2289@example.com,Austin,Texas,United States,Lower-Middle,Small Business,2021-06-09,6,8296.56,8890.17,252,1
CUST02290,Nancy,Johnson,Other,32,nancy.johnson2290@example.com,Dallas,Texas,United States,Upper-Middle,Consumer,2023-05-25,3,2817.1499999999996,3181.78,298,1
CUST02291,Patricia,Silva,Female,28,patricia.silva2291@example.com,Fort Lauderdale,Florida,United States,Low,Consumer,2022-05-12,3,1139.42,1173.15,864,1
CUST02292,Arjun,Zhang,Female,30,arjun.zhang2292@example.com,Reading,Pennsylvania,United States,Lower-Middle,Consumer,2024-02-24,3,2473.75,2740.8,46,0
CUST02293,Anna,Thomas,Female,27,anna.thomas2293@example.com,Paterson,New Jersey,United States,Middle,Consumer,2021-11-11,1,30.31,32.26,918,1
CUST02294,Gregory,Kowalski,Female,55,gregory.kowalski2294@example.com,Dallas,Texas,United States,Lower-Middle,Corporate,2024-10-16,3,2203.58,2342.0,59,0
CUST02295,Jack,Wright,Male,56,jack.wright2295@example.com,Buffalo,New York,United States,Low,Consumer,2019-08-01,4,7316.6,8013.47,169,0
CUST02296,Ronald,Lewis,Female,33,ronald.lewis2296@example.com,Los Angeles,California,United States,Low,Consumer,2026-06-24,2,1875.49,1963.43,7,0
CUST02297,Rebecca,Harris,Female,47,rebecca.harris2297@example.com,Cleveland,Ohio,United States,Middle,Consumer,2019-09-03,4,5172.009999999999,5402.59,38,0
CUST02298,Sofia,Clark,Male,31,sofia.clark2298@example.com,Los Angeles,California,United States,Upper-Middle,Consumer,2020-05-10,4,9846.64,10788.21,470,1
CUST02299,Jacob,Rodriguez,Male,36,jacob.rodriguez2299@example.com,Jacksonville,Florida,United States,High,Consumer,2021-07-31,2,4020.3,4314.8,668,1
CUST02300,David,Zhang,Other,21,david.zhang2300@example.com,Springfield,Massachusetts,United States,Upper-Middle,Consumer,2021-11-19,4,2280.3,2526.47,371,1
CUST02301,Amy,King,Other,25,amy.king2301@example.com,Flint,Michigan,United States,Upper-Middle,Home Office,2025-02-28,4,7144.05,7483.34,60,0
CUST02302,Kevin,Adams,Other,50,kevin.adams2302@example.com,Raleigh,North Carolina,United States,Middle,Corporate,2019-11-14,3,3592.64,3696.04,773,1
CUST02303,Anna,Scott,Male,68,anna.scott2303@example.com,Lowell,Massachusetts,United States,Lower-Middle,Consumer,2024-09-19,3,7031.25,7728.62,47,0
CUST02304,Jacob,Wright,Female,42,jacob.wright2304@example.com,Reading,Pennsylvania,United States,Middle,Corporate,2025-07-26,3,3785.5200000000004,3805.11,180,0
CUST02305,Stephanie,Miller,Female,55,stephanie.miller2305@example.com,Ann Arbor,Michigan,United States,Lower-Middle,Consumer,2022-07-21,1,595.59,634.85,572,1
CUST02306,Mark,Lewis,Female,36,mark.lewis2306@example.com,Jersey City,New Jersey,United States,High,Small Business,2024-01-18,4,7378.06,7493.63,307,1
CUST02307,Frank,Pereira,Female,32,frank.pereira2307@example.com,Durham,North Carolina,United States,Upper-Middle,Consumer,2020-07-10,3,3426.2799999999997,3838.82,514,1
CUST02308,Kevin,Hill,Male,46,kevin.hill2308@example.com,Dallas,Texas,United States,Middle,Small Business,2022-03-01,1,769.13,829.59,102,0
CUST02309,Catherine,Rodriguez,Male,31,catherine.rodriguez2309@example.com,Springfield,Massachusetts,United States,Middle,Home Office,2019-07-27,2,2613.2700000000004,2968.24,15,0
CUST02310,Karen,Singh,Female,48,karen.singh2310@example.com,Atlanta,Georgia,United States,High,Consumer,2024-09-22,4,7356.82,7419.14,49,0
CUST02311,Donald,Dubois,Female,21,donald.dubois2311@example.com,Paterson,New Jersey,United States,Middle,Consumer,2020-08-05,5,10126.77,10796.3,883,1
CUST02312,Karan,Walker,Other,49,karan.walker2312@example.com,Springfield,Illinois,United States,Upper-Middle,Consumer,2025-03-29,5,9928.52,11152.24,89,0
CUST02313,Katherine,Adams,Male,30,katherine.adams2313@example.com,Lansing,Michigan,United States,Lower-Middle,Consumer,2023-10-23,3,6050.21,6582.5,252,1
CUST02314,Diane,Johnson,Female,18,diane.johnson2314@example.com,Syracuse,New York,United States,Middle,Consumer,2024-10-07,6,5311.29,5999.57,3,0
CUST02315,Priya,Martin,Female,51,priya.martin2315@example.com,Los Angeles,California,United States,Lower-Middle,Consumer,2021-01-31,4,4038.75,4094.57,422,1
CUST02316,Isha,Campbell,Other,35,isha.campbell2316@example.com,Tacoma,Washington,United States,Middle,Consumer,2020-04-14,3,5124.34,5552.21,1403,1
CUST02317,Hiroshi,Flores,Male,30,hiroshi.flores2317@example.com,Philadelphia,Pennsylvania,United States,High,Consumer,2025-02-28,2,2155.3199999999997,2456.79,181,1
CUST02318,Jennifer,Smith,Male,24,jennifer.smith2318@example.com,Colorado Springs,Colorado,United States,Upper-Middle,Home Office,2024-05-19,3,1908.4099999999999,1913.26,557,1
CUST02319,Angela,Wilson,Female,53,angela.wilson2319@example.com,Rockford,Illinois,United States,Middle,Consumer,2019-10-06,8,10687.86,11886.49,53,0
CUST02320,Vikram,Torres,Female,30,vikram.torres2320@example.com,New York City,New York,United States,Middle,Consumer,2019-08-04,3,5991.469999999999,6700.43,430,1
CUST02321,Rachel,Silva,Other,23,rachel.silva2321@example.com,San Antonio,Texas,United States,Lower-Middle,Consumer,2023-10-13,2,2572.58,2732.27,12,0
CUST02322,Ronald,Baker,Other,34,ronald.baker2322@example.com,Spokane,Washington,United States,Middle,Consumer,2019-10-17,3,1854.24,1927.91,58,0
CUST02323,Nicholas,Flores,Female,31,nicholas.flores2323@example.com,Peoria,Illinois,United States,Upper-Middle,Consumer,2026-03-21,4,1721.1,1766.82,14,0
CUST02324,Karan,Flores,Male,30,karan.flores2324@example.com,Tacoma,Washington,United States,Lower-Middle,Consumer,2023-02-10,0,0.0,0.0,9999,1
CUST02325,Karen,Jones,Other,50,karen.jones2325@example.com,Houston,Texas,United States,Upper-Middle,Consumer,2022-06-28,5,5094.719999999999,5685.31,543,1
CUST02326,Laura,Taylor,Female,34,laura.taylor2326@example.com,New York City,New York,United States,Upper-Middle,Corporate,2023-01-23,0,0.0,0.0,9999,1
CUST02327,Samantha,Walker,Female,39,samantha.walker2327@example.com,Scottsdale,Arizona,United States,Middle,Small Business,2022-04-10,3,5032.51,5334.62,210,1
CUST02328,Gregory,Hill,Female,52,gregory.hill2328@example.com,Jersey City,New Jersey,United States,Middle,Consumer,2022-06-26,2,3821.07,4198.35,376,1
CUST02329,Ronald,Harris,Male,32,ronald.harris2329@example.com,Philadelphia,Pennsylvania,United States,Low,Home Office,2026-04-29,4,5100.38,5114.74,12,0
CUST02330,Steven,Roberts,Female,34,steven.roberts2330@example.com,Albany,New York,United States,Middle,Consumer,2021-10-02,1,893.52,902.67,1067,1
CUST02331,Maria,Adams,Female,37,maria.adams2331@example.com,Savannah,Georgia,United States,Upper-Middle,Corporate,2024-10-22,4,2007.41,2212.45,213,1
CUST02332,Catherine,Green,Other,42,catherine.green2332@example.com,Elizabeth,New Jersey,United States,Lower-Middle,Home Office,2023-06-06,1,130.11,134.67,894,1
CUST02333,Nancy,Allen,Female,31,nancy.allen2333@example.com,Columbus,Ohio,United States,Upper-Middle,Consumer,2019-10-08,3,481.71,491.41,61,0
CUST02334,Jennifer,Moore,Other,43,jennifer.moore2334@example.com,Fort Lauderdale,Florida,United States,Middle,Consumer,2021-03-17,2,3231.91,3396.25,697,1
CUST02335,Margaret,White,Male,36,margaret.white2335@example.com,Columbus,Ohio,United States,Middle,Corporate,2026-05-03,2,637.55,726.53,1,0
CUST02336,Arjun,Mitchell,Male,55,arjun.mitchell2336@example.com,Philadelphia,Pennsylvania,United States,Middle,Home Office,2025-08-03,4,1543.05,1636.25,33,0
CUST02337,Shirley,Sanchez,Female,35,shirley.sanchez2337@example.com,Orlando,Florida,United States,Middle,Home Office,2025-12-24,2,1754.69,1906.54,120,0
CUST02338,Dennis,Kowalski,Female,48,dennis.kowalski2338@example.com,Rockford,Illinois,United States,Upper-Middle,Small Business,2025-09-09,4,5430.469999999999,5975.09,31,0
CUST02339,Christine,Sanchez,Female,21,christine.sanchez2339@example.com,Columbus,Ohio,United States,High,Corporate,2021-09-23,6,7715.06,8324.41,427,1
CUST02340,Donna,Souza,Male,50,donna.souza2340@example.com,Cambridge,Massachusetts,United States,Lower-Middle,Consumer,2024-11-12,2,4940.14,5540.6,138,0
CUST02341,Justin,Rodriguez,Female,22,justin.rodriguez2341@example.com,Athens,Georgia,United States,High,Corporate,2021-08-19,6,13013.81,14668.82,130,0
CUST02342,Sandra,Green,Male,41,sandra.green2342@example.com,Boulder,Colorado,United States,Middle,Consumer,2019-12-10,2,2761.8,3021.39,1807,1
CUST02343,Samuel,Jones,Other,43,samuel.jones2343@example.com,Colorado Springs,Colorado,United States,High,Consumer,2022-11-26,4,5308.12,5916.7,192,1
CUST02344,Kimberly,Smith,Male,63,kimberly.smith2344@example.com,Raleigh,North Carolina,United States,Lower-Middle,Home Office,2020-04-22,3,3182.24,3518.69,251,1
CUST02345,Donald,Sharma,Male,29,donald.sharma2345@example.com,Sacramento,California,United States,High,Home Office,2022-04-05,2,587.97,600.56,319,1
CUST02346,Emily,Souza,Female,50,emily.souza2346@example.com,Boulder,Colorado,United States,Low,Home Office,2024-08-30,4,2725.38,2930.45,24,0
CUST02347,Jack,Flores,Other,39,jack.flores2347@example.com,Lowell,Massachusetts,United States,Low,Small Business,2025-04-30,4,3989.72,4269.36,14,0
CUST02348,Betty,Souza,Female,35,betty.souza2348@example.com,Everett,Washington,United States,Upper-Middle,Home Office,2025-08-02,1,4277.92,4371.66,197,1
CUST02349,Mateo,Roberts,Male,51,mateo.roberts2349@example.com,Durham,North Carolina,United States,Middle,Consumer,2023-03-24,3,7959.52,8088.99,176,0
CUST02350,Alexander,Gupta,Other,50,alexander.gupta2350@example.com,Austin,Texas,United States,Lower-Middle,Consumer,2020-01-06,4,2479.17,2498.91,206,1
CUST02351,Richard,Taylor,Male,18,richard.taylor2351@example.com,Trenton,New Jersey,United States,Middle,Corporate,2023-12-16,6,9170.72,9265.62,48,0
CUST02352,Rebecca,Lee,Male,33,rebecca.lee2352@example.com,Paterson,New Jersey,United States,Upper-Middle,Consumer,2024-05-19,3,6297.26,6379.03,544,1
CUST02353,Jerry,Torres,Other,33,jerry.torres2353@example.com,Rockford,Illinois,United States,Middle,Consumer,2020-03-15,5,1597.8200000000002,1708.23,174,0
CUST02354,Karen,Thomas,Male,41,karen.thomas2354@example.com,Denver,Colorado,United States,Low,Home Office,2025-04-09,4,4005.56,4125.3,153,0
CUST02355,Jerry,Wright,Female,37,jerry.wright2355@example.com,New York City,New York,United States,Lower-Middle,Consumer,2025-06-12,7,6326.46,7049.43,98,0
CUST02356,Vikram,Souza,Male,29,vikram.souza2356@example.com,Macon,Georgia,United States,Middle,Corporate,2024-05-31,2,171.44,174.56,244,1
CUST02357,Victoria,Hernandez,Female,23,victoria.hernandez2357@example.com,Philadelphia,Pennsylvania,United States,Lower-Middle,Home Office,2023-02-25,3,3759.81,4026.99,488,1
CUST02358,Jonathan,Allen,Other,50,jonathan.allen2358@example.com,Phoenix,Arizona,United States,Upper-Middle,Home Office,2019-10-13,3,4028.7200000000003,4397.26,971,1
CUST02359,Barbara,Rodriguez,Female,50,barbara.rodriguez2359@example.com,Buffalo,New York,United States,Lower-Middle,Home Office,2022-10-20,3,439.62,449.17,48,0
CUST02360,Brenda,Harris,Male,31,brenda.harris2360@example.com,Augusta,Georgia,United States,Lower-Middle,Consumer,2024-02-04,4,4645.44,4768.8,219,1
CUST02361,Julie,Reddy,Female,20,julie.reddy2361@example.com,Fort Worth,Texas,United States,Lower-Middle,Consumer,2020-03-04,2,144.78,149.93,1034,1
CUST02362,Benjamin,Rossi,Other,46,benjamin.rossi2362@example.com,Lowell,Massachusetts,United States,Middle,Small Business,2024-05-31,1,762.08,818.36,341,1
CUST02363,Dennis,Robinson,Other,59,dennis.robinson2363@example.com,Fort Collins,Colorado,United States,Upper-Middle,Consumer,2022-01-14,6,9746.87,10131.21,69,0
CUST02364,Rachel,Mitchell,Male,56,rachel.mitchell2364@example.com,Miami,Florida,United States,Middle,Consumer,2025-12-21,2,4797.31,5505.21,119,0
CUST02365,Amanda,Williams,Other,19,amanda.williams2365@example.com,Tacoma,Washington,United States,Lower-Middle,Corporate,2025-09-05,1,446.85,489.52,161,0
CUST02366,James,Green,Male,29,james.green2366@example.com,Fort Collins,Colorado,United States,Lower-Middle,Consumer,2024-10-21,1,50.34,54.09,597,1
CUST02367,Anna,Anderson,Female,37,anna.anderson2367@example.com,Grand Rapids,Michigan,United States,Middle,Small Business,2020-01-25,5,3566.88,3589.6,459,1
CUST02368,Heather,Baker,Male,29,heather.baker2368@example.com,Fort Worth,Texas,United States,Upper-Middle,Corporate,2025-07-30,3,2596.33,2983.9,39,0
CUST02369,Ashley,Flores,Female,50,ashley.flores2369@example.com,Greensboro,North Carolina,United States,Low,Consumer,2023-01-05,5,9685.99,10422.95,128,0
CUST02370,Diego,Hill,Other,18,diego.hill2370@example.com,Spokane,Washington,United States,Lower-Middle,Consumer,2025-08-08,2,5090.74,5605.74,176,0
CUST02371,Karen,Scott,Male,40,karen.scott2371@example.com,Erie,Pennsylvania,United States,High,Consumer,2023-11-12,5,2529.97,2713.46,480,1
CUST02372,Gary,Flores,Female,50,gary.flores2372@example.com,Mesa,Arizona,United States,Low,Small Business,2023-01-10,2,347.45,393.45,508,1
CUST02373,Dorothy,White,Male,23,dorothy.white2373@example.com,Phoenix,Arizona,United States,High,Corporate,2022-02-08,2,3241.7099999999996,3686.42,26,0
CUST02374,Meera,Gonzalez,Male,39,meera.gonzalez2374@example.com,Philadelphia,Pennsylvania,United States,High,Home Office,2025-10-01,4,3978.99,4302.8,57,0
CUST02375,Kenneth,Thomas,Male,35,kenneth.thomas2375@example.com,Syracuse,New York,United States,Middle,Consumer,2024-05-09,2,1071.46,1194.94,554,1
CUST02376,Michael,Scott,Other,26,michael.scott2376@example.com,Rockford,Illinois,United States,High,Consumer,2026-02-20,6,13640.89,14629.36,68,0
CUST02377,Raymond,Pereira,Other,35,raymond.pereira2377@example.com,Rockford,Illinois,United States,Lower-Middle,Home Office,2021-07-17,5,2579.66,2744.86,548,1
CUST02378,Julie,Garcia,Male,25,julie.garcia2378@example.com,Peoria,Illinois,United States,Middle,Consumer,2024-04-15,2,1802.3400000000001,1891.97,147,0
CUST02379,Michael,Moore,Other,18,michael.moore2379@example.com,Houston,Texas,United States,Low,Home Office,2024-06-18,3,459.15,474.23,17,0
CUST02380,Jennifer,Muller,Female,57,jennifer.muller2380@example.com,Springfield,Massachusetts,United States,Middle,Consumer,2021-03-15,1,188.98,206.19,1700,1
CUST02381,Justin,Young,Male,35,justin.young2381@example.com,Austin,Texas,United States,Lower-Middle,Small Business,2019-08-06,4,6394.219999999999,6861.41,1203,1
CUST02382,Frank,Wilson,Female,35,frank.wilson2382@example.com,Seattle,Washington,United States,Lower-Middle,Corporate,2019-12-25,3,3092.91,3144.7,98,0
CUST02383,Nancy,Silva,Prefer not to say,48,nancy.silva2383@example.com,Jacksonville,Florida,United States,Low,Consumer,2023-11-27,2,497.71,531.39,281,1
CUST02384,Paul,Harris,Male,39,paul.harris2384@example.com,Macon,Georgia,United States,Low,Consumer,2024-11-14,2,1616.56,1720.76,34,0
CUST02385,Gregory,Roberts,Female,29,gregory.roberts2385@example.com,Fort Lauderdale,Florida,United States,Lower-Middle,Consumer,2024-02-06,1,665.97,718.65,725,1
CUST02386,Justin,Kumar,Female,18,justin.kumar2386@example.com,Elizabeth,New Jersey,United States,Lower-Middle,Corporate,2023-07-22,4,2335.63,2405.09,578,1
CUST02387,Yuki,Thomas,Female,55,yuki.thomas2387@example.com,Scottsdale,Arizona,United States,Middle,Consumer,2019-07-06,6,4022.64,4368.27,129,0
CUST02388,Joseph,Patel,Other,18,joseph.patel2388@example.com,Grand Rapids,Michigan,United States,Lower-Middle,Consumer,2023-08-26,6,11960.6,12049.1,233,1
CUST02389,Lisa,Thomas,Male,50,lisa.thomas2389@example.com,Spokane,Washington,United States,Upper-Middle,Consumer,2022-01-03,2,1042.88,1177.06,46,0
CUST02390,Ashley,Garcia,Other,36,ashley.garcia2390@example.com,Phoenix,Arizona,United States,Middle,Small Business,2022-04-16,3,999.4000000000001,1062.36,211,1
CUST02391,Emily,Anderson,Other,45,emily.anderson2391@example.com,Detroit,Michigan,United States,Lower-Middle,Consumer,2022-02-15,6,10465.64,11448.98,655,1
CUST02392,Frank,Johnson,Female,47,frank.johnson2392@example.com,Columbus,Ohio,United States,Lower-Middle,Consumer,2021-04-06,1,243.09,249.82,1818,1
CUST02393,Heather,Thomas,Female,18,heather.thomas2393@example.com,Aurora,Colorado,United States,High,Consumer,2022-12-07,2,2261.0,2441.66,829,1
CUST02394,Anna,Scott,Other,28,anna.scott2394@example.com,Savannah,Georgia,United States,Lower-Middle,Consumer,2022-04-27,3,567.13,571.39,13,0
CUST02395,Matthew,Young,Female,30,matthew.young2395@example.com,Athens,Georgia,United States,Middle,Consumer,2025-01-13,6,4550.3,4858.39,7,0
CUST02396,Sharon,Kim,Male,46,sharon.kim2396@example.com,New York City,New York,United States,Upper-Middle,Consumer,2020-10-22,4,1906.66,2030.25,410,1
CUST02397,Anthony,Kumar,Male,38,anthony.kumar2397@example.com,Austin,Texas,United States,Lower-Middle,Consumer,2020-02-03,3,4154.24,4667.47,30,0
CUST02398,Joyce,Johnson,Male,27,joyce.johnson2398@example.com,Macon,Georgia,United States,Middle,Consumer,2020-08-28,5,8979.099999999999,10324.3,335,1
CUST02399,Rachel,Lewis,Other,40,rachel.lewis2399@example.com,Savannah,Georgia,United States,Upper-Middle,Home Office,2021-11-28,3,2435.98,2783.76,617,1
CUST02400,Deborah,Wright,Male,18,deborah.wright2400@example.com,Albany,New York,United States,Middle,Consumer,2020-10-25,4,1240.0,1323.07,651,1
CUST02401,Tyler,Walker,Female,49,tyler.walker2401@example.com,Bellevue,Washington,United States,Lower-Middle,Small Business,2022-10-23,3,996.6400000000001,1067.1,395,1
CUST02402,Nicholas,Jackson,Other,27,nicholas.jackson2402@example.com,Austin,Texas,United States,Middle,Consumer,2022-04-02,2,37.18,39.48,724,1
CUST02403,Richard,Wright,Female,43,richard.wright2403@example.com,Boulder,Colorado,United States,Upper-Middle,Consumer,2021-11-15,1,207.49,238.61,1445,1
CUST02404,Olivia,Wilson,Female,42,olivia.wilson2404@example.com,Tampa,Florida,United States,Upper-Middle,Home Office,2022-10-01,6,4965.13,5642.25,628,1
CUST02405,Gregory,Andrade,Other,33,gregory.andrade2405@example.com,Jersey City,New Jersey,United States,Middle,Consumer,2019-12-04,2,3095.38,3487.85,246,1
CUST02406,Karen,Williams,Female,44,karen.williams2406@example.com,Reading,Pennsylvania,United States,Middle,Consumer,2026-03-05,2,297.2,337.35,116,0
CUST02407,Matthew,White,Other,29,matthew.white2407@example.com,Austin,Texas,United States,Upper-Middle,Consumer,2022-07-25,4,4153.799999999999,4448.35,51,0
CUST02408,Arjun,Wright,Other,18,arjun.wright2408@example.com,Grand Rapids,Michigan,United States,Middle,Home Office,2022-04-24,2,299.66999999999996,305.42,535,1
CUST02409,Scott,Rivera,Female,42,scott.rivera2409@example.com,San Antonio,Texas,United States,Middle,Home Office,2021-05-18,1,1185.92,1281.66,187,1
CUST02410,Dorothy,Garcia,Female,56,dorothy.garcia2410@example.com,Aurora,Colorado,United States,Middle,Consumer,2020-10-01,5,2737.9700000000003,3082.69,8,0
CUST02411,Kevin,Ivanov,Other,29,kevin.ivanov2411@example.com,Jacksonville,Florida,United States,Low,Consumer,2022-02-16,3,6059.26,6060.91,683,1
CUST02412,Olivia,Moore,Male,19,olivia.moore2412@example.com,Jacksonville,Florida,United States,Lower-Middle,Consumer,2021-09-01,5,3881.5699999999997,4005.5,577,1
CUST02413,Diane,Martinez,Female,42,diane.martinez2413@example.com,Fort Worth,Texas,United States,Upper-Middle,Consumer,2023-05-14,6,5003.54,5084.71,375,1
CUST02414,Betty,Ramirez,Male,20,betty.ramirez2414@example.com,Philadelphia,Pennsylvania,United States,Lower-Middle,Small Business,2024-12-17,6,3143.56,3316.8,1,0
CUST02415,Timothy,Thomas,Female,46,timothy.thomas2415@example.com,Rockford,Illinois,United States,Upper-Middle,Consumer,2019-06-24,2,3923.3099999999995,4301.09,380,1
CUST02416,Mateo,Walker,Male,33,mateo.walker2416@example.com,Detroit,Michigan,United States,Upper-Middle,Home Office,2024-11-19,5,6587.97,7087.85,79,0
CUST02417,Brenda,Walker,Other,49,brenda.walker2417@example.com,Sacramento,California,United States,Lower-Middle,Consumer,2020-02-18,3,2839.41,2983.76,1124,1
CUST02418,Julie,Smith,Male,34,julie.smith2418@example.com,Paterson,New Jersey,United States,Upper-Middle,Home Office,2020-09-30,3,759.01,864.63,820,1
CUST02419,Richard,Lopez,Male,50,richard.lopez2419@example.com,Winston-Salem,North Carolina,United States,High,Consumer,2024-06-08,4,2308.19,2514.0,144,0
CUST02420,Jason,Hall,Female,47,jason.hall2420@example.com,Trenton,New Jersey,United States,Middle,Consumer,2020-06-17,3,8667.51,9191.4,397,1
CUST02421,Diane,Gonzalez,Male,34,diane.gonzalez2421@example.com,Everett,Washington,United States,Middle,Consumer,2022-03-21,1,1239.69,1271.72,627,1
CUST02422,Neha,Lee,Other,24,neha.lee2422@example.com,Miami,Florida,United States,Lower-Middle,Home Office,2020-02-11,4,958.4200000000001,1097.93,801,1
CUST02423,Margaret,Taylor,Male,30,margaret.taylor2423@example.com,Peoria,Illinois,United States,Middle,Consumer,2019-10-26,3,3847.7700000000004,3861.12,1090,1
CUST02424,Sarah,Jones,Female,43,sarah.jones2424@example.com,Dallas,Texas,United States,Middle,Home Office,2021-05-18,2,4764.61,5372.16,329,1
CUST02425,Joshua,Reddy,Male,26,joshua.reddy2425@example.com,New York City,New York,United States,Middle,Consumer,2025-08-02,3,2340.44,2586.59,70,0
CUST02426,Melissa,Jones,Other,29,melissa.jones2426@example.com,Raleigh,North Carolina,United States,Upper-Middle,Consumer,2024-01-22,3,1725.96,1952.7,554,1
CUST02427,David,Lee,Male,48,david.lee2427@example.com,Miami,Florida,United States,Middle,Consumer,2019-10-23,2,857.79,944.28,285,1
CUST02428,Frank,Perez,Other,36,frank.perez2428@example.com,Rockford,Illinois,United States,Middle,Corporate,2019-11-30,2,1020.7,1111.2,296,1
CUST02429,Chen,Nelson,Male,28,chen.nelson2429@example.com,Paterson,New Jersey,United States,Upper-Middle,Corporate,2026-07-01,5,9947.71,11039.77,9,0
CUST02430,Catherine,Ramirez,Male,35,catherine.ramirez2430@example.com,Athens,Georgia,United States,Middle,Home Office,2020-06-07,1,5945.75,6111.83,241,1
CUST02431,Emily,Green,Male,18,emily.green2431@example.com,Rockford,Illinois,United States,High,Home Office,2019-11-22,2,5740.110000000001,6066.77,791,1
CUST02432,Vikram,Williams,Female,41,vikram.williams2432@example.com,Jacksonville,Florida,United States,Middle,Consumer,2019-12-31,2,3112.4,3498.71,281,1
CUST02433,Mateo,Lopez,Male,34,mateo.lopez2433@example.com,Boulder,Colorado,United States,Upper-Middle,Consumer,2024-10-31,3,2420.2,2494.08,179,0
CUST02434,Michael,Robinson,Male,43,michael.robinson2434@example.com,Chandler,Arizona,United States,Middle,Consumer,2022-10-27,3,332.95,370.6,372,1
CUST02435,Samuel,Moore,Male,38,samuel.moore2435@example.com,San Jose,California,United States,Middle,Consumer,2025-10-29,2,1830.94,2101.62,183,1
CUST02436,Thomas,Walker,Other,18,thomas.walker2436@example.com,Newark,New Jersey,United States,Upper-Middle,Consumer,2021-06-29,1,1092.74,1161.52,1249,1
CUST02437,Elizabeth,Walker,Male,33,elizabeth.walker2437@example.com,Winston-Salem,North Carolina,United States,Lower-Middle,Consumer,2024-11-03,2,1193.57,1226.31,59,0
CUST02438,Kimberly,King,Male,37,kimberly.king2438@example.com,Reading,Pennsylvania,United States,Upper-Middle,Consumer,2023-06-29,3,1486.3899999999999,1559.24,199,1
CUST02439,Angela,Clark,Other,37,angela.clark2439@example.com,Buffalo,New York,United States,Middle,Consumer,2020-01-05,1,1097.47,1107.39,46,0
CUST02440,Brandon,Chen,Other,24,brandon.chen2440@example.com,San Antonio,Texas,United States,Middle,Consumer,2024-08-31,4,708.91,729.65,28,0
CUST02441,Jerry,Adams,Other,24,jerry.adams2441@example.com,Savannah,Georgia,United States,Lower-Middle,Home Office,2022-11-05,4,6787.05,6817.17,128,0
CUST02442,Patricia,Jones,Male,53,patricia.jones2442@example.com,Boston,Massachusetts,United States,Upper-Middle,Corporate,2022-06-20,5,5505.96,5775.83,210,1
CUST02443,Aditya,Brown,Male,64,aditya.brown2443@example.com,Austin,Texas,United States,Upper-Middle,Home Office,2022-05-08,3,5133.99,5136.87,270,1
CUST02444,Samantha,Hernandez,Female,39,samantha.hernandez2444@example.com,Dallas,Texas,United States,High,Consumer,2023-01-06,2,1530.72,1601.54,493,1
CUST02445,Victoria,Souza,Male,59,victoria.souza2445@example.com,Tacoma,Washington,United States,Upper-Middle,Corporate,2025-01-12,2,1137.8799999999999,1279.82,381,1
CUST02446,Scott,Brown,Female,28,scott.brown2446@example.com,Tucson,Arizona,United States,Lower-Middle,Corporate,2024-02-20,1,164.39,175.15,534,1
CUST02447,Priya,Kowalski,Female,41,priya.kowalski2447@example.com,Tacoma,Washington,United States,Lower-Middle,Consumer,2022-08-28,4,2871.4700000000003,3209.57,33,0
CUST02448,Rahul,Jackson,Other,50,rahul.jackson2448@example.com,Flint,Michigan,United States,Middle,Consumer,2024-05-10,2,3855.7200000000003,4195.83,353,1
CUST02449,Li,Martinez,Female,38,li.martinez2449@example.com,Buffalo,New York,United States,Middle,Home Office,2022-02-10,2,6917.76,7449.3,205,1
CUST02450,Kenneth,Carter,Other,44,kenneth.carter2450@example.com,Atlanta,Georgia,United States,Middle,Consumer,2025-05-01,3,5261.6900000000005,5511.65,62,0
CUST02451,Katherine,Miller,Male,31,katherine.miller2451@example.com,San Diego,California,United States,Middle,Corporate,2023-02-03,2,6698.089999999999,7679.1,362,1
CUST02452,Barbara,Campbell,Female,44,barbara.campbell2452@example.com,Chandler,Arizona,United States,Middle,Consumer,2022-09-23,4,788.18,816.06,194,1
CUST02453,Olivia,Thomas,Male,48,olivia.thomas2453@example.com,Jacksonville,Florida,United States,Upper-Middle,Consumer,2023-04-12,2,664.09,680.76,618,1
CUST02454,Dorothy,Mitchell,Female,41,dorothy.mitchell2454@example.com,Seattle,Washington,United States,Lower-Middle,Consumer,2024-09-07,1,2643.3,2767.58,365,1
CUST02455,Larry,Carter,Other,58,larry.carter2455@example.com,Phoenix,Arizona,United States,Upper-Middle,Corporate,2022-05-19,5,17173.64,18745.4,32,0
CUST02456,Michael,Kumar,Female,18,michael.kumar2456@example.com,Orlando,Florida,United States,Middle,Corporate,2025-08-07,2,1694.6599999999999,1752.16,220,1
CUST02457,Ryan,Rivera,Other,44,ryan.rivera2457@example.com,Boston,Massachusetts,United States,Upper-Middle,Small Business,2025-11-19,2,5713.04,6147.77,80,0
CUST02458,Meera,Andrade,Male,45,meera.andrade2458@example.com,Buffalo,New York,United States,Low,Home Office,2019-11-28,0,0.0,0.0,9999,1
CUST02459,Mateo,Thomas,Female,20,mateo.thomas2459@example.com,Fort Collins,Colorado,United States,Upper-Middle,Consumer,2025-09-14,2,149.03,152.06,32,0
CUST02460,Stephen,Andrade,Female,39,stephen.andrade2460@example.com,Phoenix,Arizona,United States,Middle,Consumer,2023-02-22,5,1617.37,1823.16,115,0
CUST02461,Meera,Thompson,Female,23,meera.thompson2461@example.com,Greensboro,North Carolina,United States,Upper-Middle,Consumer,2026-06-16,2,459.28999999999996,516.23,1,0
CUST02462,Matthew,Carter,Other,46,matthew.carter2462@example.com,Tucson,Arizona,United States,Middle,Consumer,2025-07-11,1,379.94,427.34,97,0
CUST02463,Ashley,Martin,Male,56,ashley.martin2463@example.com,Seattle,Washington,United States,Middle,Corporate,2021-09-19,2,2014.3400000000001,2138.91,224,1
CUST02464,Donna,Perez,Other,32,donna.perez2464@example.com,Winston-Salem,North Carolina,United States,Middle,Corporate,2025-04-09,2,494.47,536.12,56,0
CUST02465,Timothy,Hill,Male,50,timothy.hill2465@example.com,New York City,New York,United States,Upper-Middle,Home Office,2025-01-09,3,2729.7799999999997,2992.07,227,1
CUST02466,Thomas,Mitchell,Female,35,thomas.mitchell2466@example.com,Chandler,Arizona,United States,Lower-Middle,Consumer,2024-06-09,1,1262.1,1388.92,344,1
CUST02467,Tyler,Allen,Male,44,tyler.allen2467@example.com,San Antonio,Texas,United States,Upper-Middle,Consumer,2022-07-26,0,0.0,0.0,9999,1
CUST02468,Debra,Roberts,Female,25,debra.roberts2468@example.com,Rochester,New York,United States,Upper-Middle,Home Office,2024-10-30,7,6475.42,6665.53,52,0
CUST02469,Jennifer,White,Other,33,jennifer.white2469@example.com,Cleveland,Ohio,United States,Middle,Consumer,2020-03-28,5,3269.04,3276.09,217,1
CUST02470,Alexander,White,Other,39,alexander.white2470@example.com,Springfield,Illinois,United States,Low,Consumer,2024-04-23,3,721.61,789.47,24,0
CUST02471,Edward,Flores,Female,38,edward.flores2471@example.com,Cincinnati,Ohio,United States,Middle,Small Business,2020-07-06,2,2675.15,3014.51,425,1
CUST02472,Eric,Kowalski,Male,35,eric.kowalski2472@example.com,Newark,New Jersey,United States,Upper-Middle,Consumer,2025-12-18,5,6945.92,7394.74,9,0
CUST02473,Stephen,Kowalski,Female,44,stephen.kowalski2473@example.com,Raleigh,North Carolina,United States,Lower-Middle,Small Business,2023-12-25,4,2307.7799999999997,2523.15,43,0
CUST02474,Cynthia,Davis,Male,40,cynthia.davis2474@example.com,Tacoma,Washington,United States,Lower-Middle,Corporate,2023-01-22,3,11674.69,12524.48,486,1
CUST02475,Meera,Nguyen,Male,48,meera.nguyen2475@example.com,Orlando,Florida,United States,Lower-Middle,Home Office,2025-10-02,2,9188.91,10346.36,97,0
CUST02476,Amanda,Harris,Prefer not to say,18,amanda.harris2476@example.com,Boulder,Colorado,United States,Lower-Middle,Consumer,2021-03-27,2,4740.67,5101.89,699,1
CUST02477,Maria,Thomas,Male,44,maria.thomas2477@example.com,Cleveland,Ohio,United States,Upper-Middle,Consumer,2021-08-04,5,6249.31,6493.08,82,0
CUST02478,Raymond,Zhang,Other,56,raymond.zhang2478@example.com,Greensboro,North Carolina,United States,Upper-Middle,Consumer,2022-07-12,5,8521.449999999999,9078.35,122,0
CUST02479,Michael,Sanchez,Male,50,michael.sanchez2479@example.com,Fort Lauderdale,Florida,United States,Middle,Consumer,2022-03-28,5,5757.900000000001,6370.37,159,0
CUST02480,Betty,Moore,Male,36,betty.moore2480@example.com,Cincinnati,Ohio,United States,Low,Consumer,2024-08-26,3,1461.1299999999999,1467.21,200,1
CUST02481,Robert,Martinez,Other,57,robert.martinez2481@example.com,Fort Worth,Texas,United States,Middle,Small Business,2022-02-10,3,4930.84,5450.6,202,1
CUST02482,Deborah,Gonzalez,Female,34,deborah.gonzalez2482@example.com,Macon,Georgia,United States,Upper-Middle,Corporate,2025-02-03,6,6647.8099999999995,6803.17,31,0
CUST02483,Eric,Johnson,Male,33,eric.johnson2483@example.com,San Francisco,California,United States,Upper-Middle,Small Business,2022-01-20,2,2258.19,2407.57,773,1
CUST02484,Patricia,Wilson,Male,36,patricia.wilson2484@example.com,Erie,Pennsylvania,United States,Middle,Home Office,2020-02-22,1,333.52,371.03,713,1
CUST02485,Eric,Johnson,Female,44,eric.johnson2485@example.com,Jacksonville,Florida,United States,Middle,Corporate,2024-11-24,1,413.96,452.37,118,0
CUST02486,Kimberly,Torres,Male,45,kimberly.torres2486@example.com,Boulder,Colorado,United States,High,Small Business,2019-07-30,4,7825.84,8119.71,1264,1
CUST02487,Sofia,Smith,Other,37,sofia.smith2487@example.com,Elizabeth,New Jersey,United States,Lower-Middle,Consumer,2024-12-23,3,3785.6800000000003,4105.4,80,0
CUST02488,Priya,Hall,Male,18,priya.hall2488@example.com,New York City,New York,United States,Lower-Middle,Consumer,2025-04-19,2,1554.26,1652.68,142,0
CUST02489,Jessica,Andrade,Female,28,jessica.andrade2489@example.com,Everett,Washington,United States,Lower-Middle,Consumer,2020-11-06,2,1146.18,1282.3,34,0
CUST02490,Sandra,Sharma,Female,25,sandra.sharma2490@example.com,Greensboro,North Carolina,United States,Upper-Middle,Corporate,2024-12-26,7,7472.84,7803.68,163,0
CUST02491,Julie,Kumar,Other,32,julie.kumar2491@example.com,Orlando,Florida,United States,Lower-Middle,Consumer,2024-02-03,1,294.93,299.17,71,0
CUST02492,Scott,Kowalski,Male,61,scott.kowalski2492@example.com,New York City,New York,United States,Middle,Consumer,2025-02-07,4,1501.69,1579.12,116,0
CUST02493,Rebecca,Martinez,Male,40,rebecca.martinez2493@example.com,Austin,Texas,United States,Middle,Home Office,2020-09-27,5,5278.99,6026.35,199,1
CUST02494,Donna,Taylor,Female,24,donna.taylor2494@example.com,Winston-Salem,North Carolina,United States,High,Consumer,2024-04-29,4,909.22,1025.74,7,0
CUST02495,George,Williams,Male,55,george.williams2495@example.com,Springfield,Massachusetts,United States,Middle,Consumer,2023-08-11,3,4093.97,4634.13,729,1
CUST02496,Sharon,Garcia,Male,18,sharon.garcia2496@example.com,Charlotte,North Carolina,United States,Upper-Middle,Consumer,2024-12-03,1,107.66,113.53,188,1
CUST02497,Karan,Williams,Male,41,karan.williams2497@example.com,San Francisco,California,United States,Middle,Consumer,2019-08-30,3,7645.939999999999,8723.35,749,1
CUST02498,Deborah,Sharma,Male,31,deborah.sharma2498@example.com,Elizabeth,New Jersey,United States,Upper-Middle,Home Office,2025-03-18,2,6209.63,6237.72,14,0
CUST02499,Deborah,Martin,Male,23,deborah.martin2499@example.com,Bellevue,Washington,United States,Lower-Middle,Corporate,2023-12-15,1,206.35,225.53,470,1
CUST02500,Richard,Thompson,Female,40,richard.thompson2500@example.com,Worcester,Massachusetts,United States,Upper-Middle,Consumer,2024-02-07,8,5606.7,6300.53,329,1
CUST02501,Rahul,Reddy,Male,43,rahul.reddy2501@example.com,Winston-Salem,North Carolina,United States,Middle,Consumer,2024-01-29,4,4109.22,4612.43,120,0
CUST02502,Debra,Dubois,Other,48,debra.dubois2502@example.com,Akron,Ohio,United States,High,Corporate,2023-02-11,2,6152.780000000001,6796.48,148,0
CUST02503,Eric,King,Male,31,eric.king2503@example.com,Chicago,Illinois,United States,Lower-Middle,Home Office,2022-05-06,2,5986.9,6459.02,751,1
CUST02504,James,Andrade,Female,37,james.andrade2504@example.com,Savannah,Georgia,United States,Lower-Middle,Consumer,2025-01-01,2,481.39,509.96,67,0
CUST02505,Gregory,Andrade,Male,45,gregory.andrade2505@example.com,Albany,New York,United States,Lower-Middle,Corporate,2024-02-18,3,2066.15,2194.49,228,1
CUST02506,Christine,Thomas,Other,25,christine.thomas2506@example.com,Los Angeles,California,United States,Middle,Corporate,2025-05-30,4,4351.36,4423.75,71,0
CUST02507,John,Miller,Other,35,john.miller2507@example.com,Durham,North Carolina,United States,Middle,Consumer,2023-07-20,5,8646.130000000001,9153.3,120,0
CUST02508,Donna,Torres,Male,40,donna.torres2508@example.com,Grand Rapids,Michigan,United States,Upper-Middle,Consumer,2020-04-12,2,5249.87,5401.29,525,1
CUST02509,Steven,Perez,Other,42,steven.perez2509@example.com,Akron,Ohio,United States,Middle,Small Business,2025-07-03,0,0.0,0.0,9999,1
CUST02510,Rebecca,Carter,Other,34,rebecca.carter2510@example.com,Aurora,Colorado,United States,Middle,Home Office,2024-03-08,1,2317.36,2337.41,848,1
CUST02511,Dennis,Zhang,Female,57,dennis.zhang2511@example.com,Fort Worth,Texas,United States,Lower-Middle,Home Office,2020-11-10,5,4602.4,5265.58,36,0
CUST02512,Samantha,Roberts,Male,28,samantha.roberts2512@example.com,Everett,Washington,United States,Lower-Middle,Corporate,2026-02-06,5,4497.87,5158.88,30,0
CUST02513,Donna,Williams,Female,28,donna.williams2513@example.com,Lowell,Massachusetts,United States,Middle,Home Office,2020-06-05,1,171.16,185.84,1326,1
CUST02514,Meera,Harris,Male,34,meera.harris2514@example.com,Buffalo,New York,United States,Lower-Middle,Home Office,2022-10-01,5,6636.780000000001,7041.45,141,0
CUST02515,Rahul,Lewis,Female,36,rahul.lewis2515@example.com,Springfield,Illinois,United States,Middle,Corporate,2021-09-05,2,1407.12,1613.2,262,1
CUST02516,Diego,Davis,Other,57,diego.davis2516@example.com,Akron,Ohio,United States,Low,Corporate,2026-03-06,5,8495.56,9642.3,24,0
CUST02517,Karen,Sharma,Female,23,karen.sharma2517@example.com,Seattle,Washington,United States,Upper-Middle,Small Business,2021-05-17,2,3120.3,3452.79,8,0
CUST02518,Patricia,Chen,Female,50,patricia.chen2518@example.com,Buffalo,New York,United States,Middle,Small Business,2026-06-14,0,0.0,0.0,9999,1
CUST02519,Sandra,Costa,Female,56,sandra.costa2519@example.com,Grand Rapids,Michigan,United States,Middle,Corporate,2024-11-14,6,10069.39,10306.54,197,1
CUST02520,George,Young,Male,35,george.young2520@example.com,Elizabeth,New Jersey,United States,Middle,Corporate,2019-08-01,4,2758.62,3102.37,100,0
CUST02521,John,Torres,Female,40,john.torres2521@example.com,Denver,Colorado,United States,High,Home Office,2021-03-23,4,1698.23,1826.54,63,0
CUST02522,Jessica,Jackson,Other,31,jessica.jackson2522@example.com,Elizabeth,New Jersey,United States,Middle,Consumer,2020-04-28,3,3162.08,3166.52,72,0
CUST02523,Arjun,Jackson,Female,47,arjun.jackson2523@example.com,Akron,Ohio,United States,Middle,Consumer,2022-03-24,3,6044.25,6470.34,174,0
CUST02524,Catherine,Wright,Female,27,catherine.wright2524@example.com,Fort Worth,Texas,United States,Middle,Consumer,2020-02-21,2,7194.17,7791.94,780,1
CUST02525,Debra,Martinez,Male,18,debra.martinez2525@example.com,Jersey City,New Jersey,United States,Middle,Home Office,2022-07-16,0,0.0,0.0,9999,1
CUST02526,Richard,Jackson,Other,39,richard.jackson2526@example.com,Worcester,Massachusetts,United States,Lower-Middle,Consumer,2023-04-19,8,9228.74,10018.9,63,0
CUST02527,Mateo,Thomas,Female,40,mateo.thomas2527@example.com,Springfield,Illinois,United States,Middle,Consumer,2022-08-26,5,12930.900000000001,14847.27,220,1
CUST02528,Justin,Flores,Female,19,justin.flores2528@example.com,Boulder,Colorado,United States,Middle,Consumer,2021-07-14,1,39.97,41.5,1454,1
CUST02529,Patricia,Perez,Male,43,patricia.perez2529@example.com,Savannah,Georgia,United States,Low,Home Office,2024-07-04,4,7533.53,8063.74,159,0
CUST02530,Sharon,Sharma,Male,43,sharon.sharma2530@example.com,Paterson,New Jersey,United States,High,Consumer,2023-05-17,3,2295.16,2519.95,15,0
CUST02531,Jerry,Roberts,Male,36,jerry.roberts2531@example.com,Raleigh,North Carolina,United States,Low,Consumer,2020-06-11,5,4400.33,4781.54,166,0
CUST02532,Christine,Nelson,Male,33,christine.nelson2532@example.com,Denver,Colorado,United States,High,Consumer,2024-03-01,2,994.1800000000001,1038.64,127,0
CUST02533,Linda,Scott,Other,39,linda.scott2533@example.com,Austin,Texas,United States,Middle,Home Office,2023-09-12,1,1854.15,2060.2,752,1
CUST02534,Dorothy,Miller,Male,21,dorothy.miller2534@example.com,Athens,Georgia,United States,Upper-Middle,Consumer,2025-11-03,5,3990.37,4428.65,64,0
CUST02535,Wei,Chen,Other,37,wei.chen2535@example.com,Bellevue,Washington,United States,Lower-Middle,Corporate,2020-11-30,2,882.95,918.32,116,0
CUST02536,Mark,Scott,Female,28,mark.scott2536@example.com,Chicago,Illinois,United States,Middle,Corporate,2025-11-21,5,7546.72,7714.39,121,0
CUST02537,Ronald,Lee,Male,30,ronald.lee2537@example.com,Sacramento,California,United States,Upper-Middle,Home Office,2020-09-21,2,1204.3700000000001,1291.06,224,1
CUST02538,Timothy,Taylor,Female,19,timothy.taylor2538@example.com,Grand Rapids,Michigan,United States,Low,Home Office,2019-06-20,2,1288.05,1357.7,1886,1
CUST02539,Dennis,Dubois,Female,49,dennis.dubois2539@example.com,Scottsdale,Arizona,United States,High,Small Business,2025-09-14,4,7027.66,7862.6,24,0
CUST02540,Olivia,Rodriguez,Male,31,olivia.rodriguez2540@example.com,Springfield,Massachusetts,United States,Middle,Consumer,2023-01-23,3,3922.97,4356.17,955,1
CUST02541,Brenda,King,Male,35,brenda.king2541@example.com,Dallas,Texas,United States,Lower-Middle,Consumer,2023-01-22,2,2098.23,2267.19,903,1
CUST02542,Camila,Taylor,Female,25,camila.taylor2542@example.com,Trenton,New Jersey,United States,Upper-Middle,Consumer,2023-08-27,1,2677.45,2830.2,10,0
CUST02543,Brian,Patel,Other,18,brian.patel2543@example.com,San Antonio,Texas,United States,High,Consumer,2021-07-22,3,4047.58,4344.2,745,1
CUST02544,Anthony,Perez,Male,68,anthony.perez2544@example.com,Seattle,Washington,United States,Middle,Consumer,2025-10-14,4,787.9,839.18,15,0
CUST02545,Joseph,Lewis,Male,29,joseph.lewis2545@example.com,Cambridge,Massachusetts,United States,Upper-Middle,Small Business,2020-12-09,8,14639.14,15418.32,4,0
CUST02546,Kenneth,Taylor,Other,46,kenneth.taylor2546@example.com,Athens,Georgia,United States,Middle,Consumer,2025-07-12,3,6941.27,7262.93,7,0
CUST02547,Jessica,Harris,Male,20,jessica.harris2547@example.com,Jacksonville,Florida,United States,Upper-Middle,Consumer,2020-05-25,5,9146.42,9306.13,262,1
CUST02548,Michelle,King,Other,37,michelle.king2548@example.com,Detroit,Michigan,United States,High,Home Office,2025-07-13,0,0.0,0.0,9999,1
CUST02549,Dorothy,Miller,Female,29,dorothy.miller2549@example.com,Albany,New York,United States,Middle,Small Business,2025-10-16,3,7086.29,8041.91,41,0
CUST02550,Richard,Reddy,Male,43,richard.reddy2550@example.com,Naperville,Illinois,United States,Lower-Middle,Consumer,2020-11-17,2,2408.55,2414.69,1421,1
CUST02551,Steven,Wilson,Other,40,steven.wilson2551@example.com,Toledo,Ohio,United States,Lower-Middle,Consumer,2020-09-20,2,3581.55,4111.31,399,1
CUST02552,Cynthia,Ivanov,Male,51,cynthia.ivanov2552@example.com,Everett,Washington,United States,High,Consumer,2020-06-22,1,4154.07,4250.01,735,1
CUST02553,Vikram,Lee,Female,42,vikram.lee2553@example.com,Seattle,Washington,United States,Upper-Middle,Corporate,2025-09-30,3,6784.66,7493.98,66,0
CUST02554,Neha,White,Female,22,neha.white2554@example.com,Dallas,Texas,United States,Middle,Small Business,2025-03-06,8,11959.74,12910.84,19,0
CUST02555,Nancy,Pereira,Other,45,nancy.pereira2555@example.com,Erie,Pennsylvania,United States,Middle,Consumer,2023-07-24,0,0.0,0.0,9999,1
CUST02556,Jerry,Gupta,Other,28,jerry.gupta2556@example.com,Colorado Springs,Colorado,United States,Lower-Middle,Consumer,2019-06-19,5,5055.34,5769.91,200,1
CUST02557,Nicholas,Thompson,Female,47,nicholas.thompson2557@example.com,Durham,North Carolina,United States,Low,Consumer,2022-07-12,1,621.65,676.76,529,1
CUST02558,Julie,Wang,Female,18,julie.wang2558@example.com,Phoenix,Arizona,United States,Upper-Middle,Corporate,2025-12-28,4,3984.31,4087.22,139,0
CUST02559,Heather,Gupta,Female,39,heather.gupta2559@example.com,Columbus,Ohio,United States,Middle,Consumer,2020-08-27,6,7530.73,8207.74,8,0
CUST02560,Aditya,Ivanov,Other,32,aditya.ivanov2560@example.com,Jacksonville,Florida,United States,Upper-Middle,Consumer,2021-07-14,0,0.0,0.0,9999,1
CUST02561,Priya,Johnson,Female,47,priya.johnson2561@example.com,Philadelphia,Pennsylvania,United States,Middle,Consumer,2021-11-26,4,2157.05,2227.75,69,0
CUST02562,Isha,Perez,Other,34,isha.perez2562@example.com,Buffalo,New York,United States,Lower-Middle,Corporate,2025-08-11,5,4198.74,4504.59,23,0
CUST02563,Barbara,Sharma,Male,20,barbara.sharma2563@example.com,Tacoma,Washington,United States,Upper-Middle,Consumer,2019-10-19,3,3276.46,3660.55,469,1
CUST02564,Laura,Wilson,Female,56,laura.wilson2564@example.com,Tacoma,Washington,United States,Middle,Corporate,2023-10-05,1,4345.58,4387.43,720,1
CUST02565,Anna,Thompson,Male,39,anna.thompson2565@example.com,Fort Worth,Texas,United States,Lower-Middle,Consumer,2023-03-10,3,11940.88,12797.43,214,1
CUST02566,Ryan,Garcia,Other,22,ryan.garcia2566@example.com,Winston-Salem,North Carolina,United States,Upper-Middle,Consumer,2023-01-30,2,5676.76,5684.05,494,1
CUST02567,Sharon,Pereira,Prefer not to say,26,sharon.pereira2567@example.com,Rockford,Illinois,United States,Upper-Middle,Small Business,2020-07-13,3,2336.31,2663.58,1239,1
CUST02568,Thomas,Jones,Male,43,thomas.jones2568@example.com,Aurora,Colorado,United States,High,Corporate,2021-02-07,5,2723.58,2922.72,1092,1
CUST02569,Sandra,Pereira,Other,35,sandra.pereira2569@example.com,Akron,Ohio,United States,Middle,Consumer,2020-10-17,1,1031.25,1171.22,1316,1
CUST02570,Donna,Taylor,Female,32,donna.taylor2570@example.com,Rockford,Illinois,United States,Upper-Middle,Corporate,2021-06-30,3,8794.44,8836.13,63,0
CUST02571,Emma,Rodriguez,Female,34,emma.rodriguez2571@example.com,Seattle,Washington,United States,Lower-Middle,Corporate,2025-06-06,1,702.81,746.06,132,0
CUST02572,Shirley,Zhang,Other,41,shirley.zhang2572@example.com,Boston,Massachusetts,United States,Middle,Consumer,2019-07-13,4,2193.77,2408.48,1065,1
CUST02573,Mateo,Thompson,Female,28,mateo.thompson2573@example.com,Fort Lauderdale,Florida,United States,Middle,Consumer,2022-03-16,3,2158.6,2237.42,6,0
CUST02574,Jonathan,White,Female,36,jonathan.white2574@example.com,San Jose,California,United States,Lower-Middle,Home Office,2020-11-16,1,418.21,433.53,401,1
CUST02575,Christine,Rodriguez,Female,52,christine.rodriguez2575@example.com,Scottsdale,Arizona,United States,Middle,Consumer,2025-03-16,2,4298.31,4907.53,108,0
CUST02576,Jonathan,Martin,Other,38,jonathan.martin2576@example.com,Boulder,Colorado,United States,High,Consumer,2026-05-25,2,1811.9099999999999,1978.18,12,0
CUST02577,Raymond,Martin,Female,37,raymond.martin2577@example.com,Colorado Springs,Colorado,United States,Middle,Consumer,2023-08-05,4,1031.98,1096.15,275,1
CUST02578,Dennis,Jones,Female,40,dennis.jones2578@example.com,Lowell,Massachusetts,United States,Middle,Consumer,2019-12-06,2,3225.1,3540.01,174,0
CUST02579,Rachel,White,Female,37,rachel.white2579@example.com,Spokane,Washington,United States,Low,Consumer,2020-06-24,3,3781.6200000000003,3956.47,1015,1
CUST02580,Patricia,Campbell,Female,41,patricia.campbell2580@example.com,Cambridge,Massachusetts,United States,Upper-Middle,Consumer,2025-08-01,2,6940.53,7959.3,26,0
CUST02581,Ryan,Jones,Prefer not to say,35,ryan.jones2581@example.com,Los Angeles,California,United States,Lower-Middle,Home Office,2020-12-15,4,4034.1400000000003,4262.95,71,0
CUST02582,Daniel,Baker,Female,50,daniel.baker2582@example.com,Aurora,Colorado,United States,Lower-Middle,Small Business,2024-06-23,2,2048.81,2101.78,40,0
CUST02583,Ronald,Zhang,Male,54,ronald.zhang2583@example.com,Lansing,Michigan,United States,Lower-Middle,Home Office,2022-05-19,4,4953.860000000001,5343.14,199,1
CUST02584,Christine,Nguyen,Other,49,christine.nguyen2584@example.com,Buffalo,New York,United States,High,Corporate,2020-12-06,1,378.09,427.91,1028,1
CUST02585,Diane,Wright,Male,31,diane.wright2585@example.com,Cambridge,Massachusetts,United States,Upper-Middle,Consumer,2022-12-02,3,4496.29,4726.48,98,0
CUST02586,Chen,Wilson,Male,43,chen.wilson2586@example.com,Erie,Pennsylvania,United States,Lower-Middle,Corporate,2023-10-30,1,895.43,992.87,91,0
CUST02587,Sofia,Adams,Female,47,sofia.adams2587@example.com,Syracuse,New York,United States,Upper-Middle,Small Business,2019-11-07,2,790.62,806.1,391,1
CUST02588,Daniel,Baker,Other,39,daniel.baker2588@example.com,Cleveland,Ohio,United States,Lower-Middle,Small Business,2025-07-07,2,1463.53,1562.08,5,0
CUST02589,Mark,Lewis,Other,54,mark.lewis2589@example.com,Reading,Pennsylvania,United States,Upper-Middle,Consumer,2020-06-18,2,594.3299999999999,605.46,853,1
CUST02590,Mark,Kowalski,Other,20,mark.kowalski2590@example.com,Fort Worth,Texas,United States,Middle,Consumer,2025-12-12,5,766.77,799.96,14,0
CUST02591,Rachel,Dubois,Female,18,rachel.dubois2591@example.com,Durham,North Carolina,United States,High,Corporate,2026-04-19,2,3440.34,3757.24,1,0
CUST02592,John,Adams,Other,42,john.adams2592@example.com,Cambridge,Massachusetts,United States,Lower-Middle,Consumer,2026-01-10,5,4702.549999999999,4845.35,11,0
CUST02593,James,Harris,Male,18,james.harris2593@example.com,Rockford,Illinois,United States,Upper-Middle,Home Office,2025-10-17,1,61.18,65.49,189,1
CUST02594,Neha,Martinez,Female,36,neha.martinez2594@example.com,Newark,New Jersey,United States,Middle,Consumer,2025-08-06,1,152.57,168.85,225,1
CUST02595,Margaret,Costa,Other,22,margaret.costa2595@example.com,Aurora,Colorado,United States,Lower-Middle,Home Office,2026-02-09,2,890.31,906.8,7,0
CUST02596,Barbara,Campbell,Female,45,barbara.campbell2596@example.com,Jacksonville,Florida,United States,Low,Consumer,2024-09-30,3,4597.22,4641.18,9,0
CUST02597,Susan,Adams,Male,18,susan.adams2597@example.com,Aurora,Colorado,United States,Lower-Middle,Corporate,2025-12-12,5,2564.56,2722.52,65,0
CUST02598,George,Ramirez,Female,42,george.ramirez2598@example.com,Fort Collins,Colorado,United States,Upper-Middle,Small Business,2025-03-17,6,6901.31,7229.5,75,0
CUST02599,Richard,Walker,Female,29,richard.walker2599@example.com,Cambridge,Massachusetts,United States,Upper-Middle,Consumer,2023-07-24,3,434.56000000000006,490.52,553,1
CUST02600,Brandon,Wright,Other,42,brandon.wright2600@example.com,Colorado Springs,Colorado,United States,Upper-Middle,Home Office,2025-11-14,3,4981.35,5647.55,82,0
CUST02601,Andrew,Lopez,Male,24,andrew.lopez2601@example.com,San Diego,California,United States,Middle,Corporate,2021-03-18,2,1334.02,1346.61,604,1
CUST02602,Jessica,Andrade,Male,45,jessica.andrade2602@example.com,Macon,Georgia,United States,Middle,Home Office,2023-06-28,2,1259.75,1312.39,238,1
CUST02603,Julie,Rossi,Female,39,julie.rossi2603@example.com,San Diego,California,United States,Lower-Middle,Home Office,2024-01-04,4,6214.32,6486.9,70,0
CUST02604,Eric,Hall,Male,30,eric.hall2604@example.com,Cleveland,Ohio,United States,High,Corporate,2020-09-16,3,2463.2400000000002,2695.25,195,1
CUST02605,Li,Gupta,Female,33,li.gupta2605@example.com,Columbus,Ohio,United States,Upper-Middle,Corporate,2023-01-04,2,1820.06,1855.46,906,1
CUST02606,Rebecca,Wang,Female,48,rebecca.wang2606@example.com,Greensboro,North Carolina,United States,Lower-Middle,Consumer,2026-05-06,4,3281.3900000000003,3560.56,28,0
CUST02607,Gary,Baker,Other,59,gary.baker2607@example.com,Durham,North Carolina,United States,Upper-Middle,Consumer,2024-08-23,4,1928.3200000000002,1993.35,85,0
CUST02608,Debra,Baker,Female,33,debra.baker2608@example.com,Chandler,Arizona,United States,High,Home Office,2024-12-19,1,1269.35,1319.36,130,0
CUST02609,Kenneth,Torres,Male,36,kenneth.torres2609@example.com,Syracuse,New York,United States,Lower-Middle,Corporate,2023-07-07,5,12065.369999999999,13557.49,266,1
CUST02610,Jessica,Hernandez,Female,35,jessica.hernandez2610@example.com,Cambridge,Massachusetts,United States,Low,Small Business,2020-05-12,3,3433.0699999999997,3613.82,182,1
CUST02611,James,Garcia,Female,70,james.garcia2611@example.com,San Francisco,California,United States,Middle,Consumer,2024-05-07,1,3725.29,4074.62,570,1
CUST02612,Rachel,Robinson,Male,33,rachel.robinson2612@example.com,Dallas,Texas,United States,Middle,Home Office,2025-07-22,2,1146.8600000000001,1317.0,86,0
CUST02613,Neha,Anderson,Female,37,neha.anderson2613@example.com,Springfield,Massachusetts,United States,Low,Consumer,2024-07-27,1,116.49,132.62,568,1
CUST02614,Carol,Rossi,Male,36,carol.rossi2614@example.com,San Jose,California,United States,Middle,Consumer,2024-04-11,5,6853.91,7319.19,69,0
CUST02615,Diane,White,Female,47,diane.white2615@example.com,Seattle,Washington,United States,Lower-Middle,Home Office,2024-02-20,4,7886.95,8201.35,104,0
CUST02616,Eric,Roberts,Other,30,eric.roberts2616@example.com,Akron,Ohio,United States,High,Consumer,2019-08-15,3,283.14,292.79,1708,1
CUST02617,Gary,Lewis,Other,27,gary.lewis2617@example.com,Toledo,Ohio,United States,Upper-Middle,Corporate,2020-09-09,1,220.48,241.58,1108,1
CUST02618,Donna,Kumar,Male,38,donna.kumar2618@example.com,New York City,New York,United States,Middle,Consumer,2020-04-10,0,0.0,0.0,9999,1
CUST02619,Diane,Perez,Female,33,diane.perez2619@example.com,Trenton,New Jersey,United States,Lower-Middle,Small Business,2025-01-23,2,2734.4900000000002,2906.02,473,1
CUST02620,Eric,Ramirez,Other,46,eric.ramirez2620@example.com,Worcester,Massachusetts,United States,Middle,Home Office,2024-12-17,4,2265.28,2429.69,295,1
CUST02621,Diane,Moore,Male,34,diane.moore2621@example.com,Miami,Florida,United States,Lower-Middle,Consumer,2023-03-14,3,1568.9,1753.83,226,1
CUST02622,Isha,Smith,Other,27,isha.smith2622@example.com,Tacoma,Washington,United States,Low,Consumer,2026-03-18,3,2884.48,3230.71,26,0
CUST02623,Mary,Lopez,Female,30,mary.lopez2623@example.com,Raleigh,North Carolina,United States,Lower-Middle,Consumer,2026-04-21,5,5881.45,6460.82,18,0
CUST02624,Raymond,Kim,Other,24,raymond.kim2624@example.com,Philadelphia,Pennsylvania,United States,Lower-Middle,Consumer,2019-08-23,5,5916.48,6297.34,800,1
CUST02625,Anna,Lopez,Male,25,anna.lopez2625@example.com,Bellevue,Washington,United States,Upper-Middle,Home Office,2022-12-22,5,4869.55,5278.85,283,1
CUST02626,Jacob,Kim,Other,53,jacob.kim2626@example.com,Allentown,Pennsylvania,United States,High,Corporate,2020-03-12,2,4657.42,5025.71,544,1
CUST02627,Paul,Rossi,Male,22,paul.rossi2627@example.com,Albany,New York,United States,Upper-Middle,Small Business,2020-09-26,2,1819.6999999999998,2030.99,1544,1
CUST02628,Dorothy,Jackson,Other,59,dorothy.jackson2628@example.com,Detroit,Michigan,United States,Upper-Middle,Home Office,2021-12-01,1,3353.35,3423.62,1158,1
CUST02629,Diane,Zhang,Male,53,diane.zhang2629@example.com,Akron,Ohio,United States,Upper-Middle,Consumer,2023-08-20,1,116.05,122.48,144,0
CUST02630,Emma,White,Male,21,emma.white2630@example.com,Scottsdale,Arizona,United States,Middle,Consumer,2020-07-27,4,3917.4000000000005,4373.58,289,1
CUST02631,Ryan,Ramirez,Other,48,ryan.ramirez2631@example.com,Jacksonville,Florida,United States,Upper-Middle,Small Business,2020-02-28,3,4057.27,4395.75,357,1
CUST02632,Samuel,White,Female,28,samuel.white2632@example.com,Denver,Colorado,United States,Lower-Middle,Consumer,2020-06-09,2,6336.36,6471.44,453,1
CUST02633,Olivia,Ramirez,Male,18,olivia.ramirez2633@example.com,Scottsdale,Arizona,United States,High,Corporate,2024-01-21,2,1421.6599999999999,1435.27,415,1
CUST02634,Arjun,Adams,Male,39,arjun.adams2634@example.com,Everett,Washington,United States,Middle,Consumer,2024-06-17,1,4666.99,5141.56,187,1
CUST02635,Emma,Jackson,Female,38,emma.jackson2635@example.com,Orlando,Florida,United States,Middle,Corporate,2025-05-16,3,6403.71,6547.61,330,1
CUST02636,Ashley,Pereira,Other,51,ashley.pereira2636@example.com,Tampa,Florida,United States,High,Consumer,2019-10-20,2,569.88,636.19,92,0
CUST02637,Jessica,Dubois,Other,55,jessica.dubois2637@example.com,Scottsdale,Arizona,United States,Upper-Middle,Consumer,2021-04-19,3,3291.23,3569.9,695,1
CUST02638,Christopher,Sharma,Male,72,christopher.sharma2638@example.com,Springfield,Illinois,United States,Middle,Consumer,2022-03-12,1,138.41,140.42,1443,1
CUST02639,Steven,Ivanov,Male,29,steven.ivanov2639@example.com,Detroit,Michigan,United States,Upper-Middle,Corporate,2019-10-30,2,404.16999999999996,451.09,244,1
CUST02640,Karan,Chen,Other,29,karan.chen2640@example.com,San Francisco,California,United States,Lower-Middle,Consumer,2021-01-19,6,9538.54,9825.25,2,0
CUST02641,Linda,Nelson,Female,46,linda.nelson2641@example.com,Fort Lauderdale,Florida,United States,Upper-Middle,Small Business,2026-04-06,3,5891.25,6133.62,31,0
CUST02642,Heather,Anderson,Other,56,heather.anderson2642@example.com,Jacksonville,Florida,United States,Upper-Middle,Consumer,2025-10-10,1,2894.54,3300.96,118,0
CUST02643,Samantha,Costa,Male,21,samantha.costa2643@example.com,Orlando,Florida,United States,Low,Corporate,2020-04-04,4,3364.02,3425.9,230,1
CUST02644,Richard,Moore,Female,45,richard.moore2644@example.com,Springfield,Massachusetts,United States,Upper-Middle,Corporate,2023-03-13,3,3724.61,3962.11,247,1
CUST02645,Michael,Harris,Male,29,michael.harris2645@example.com,New York City,New York,United States,Lower-Middle,Corporate,2023-07-09,2,3179.82,3373.43,625,1
CUST02646,Scott,Kim,Other,33,scott.kim2646@example.com,Winston-Salem,North Carolina,United States,Upper-Middle,Consumer,2024-12-24,3,4275.99,4582.7,203,1
CUST02647,Alexander,Clark,Other,18,alexander.clark2647@example.com,Mesa,Arizona,United States,Middle,Consumer,2023-03-22,3,728.44,751.61,170,0
CUST02648,Benjamin,Souza,Male,38,benjamin.souza2648@example.com,Columbus,Ohio,United States,Lower-Middle,Consumer,2020-04-16,3,3857.1400000000003,3998.3,626,1
CUST02649,Joshua,Walker,Other,38,joshua.walker2649@example.com,Paterson,New Jersey,United States,Low,Corporate,2022-09-30,5,9394.76,10679.65,472,1
CUST02650,Priya,Adams,Male,18,priya.adams2650@example.com,San Antonio,Texas,United States,Lower-Middle,Home Office,2020-06-09,9,10976.77,11563.94,61,0
CUST02651,Anthony,Lopez,Other,39,anthony.lopez2651@example.com,San Francisco,California,United States,Middle,Home Office,2025-07-23,0,0.0,0.0,9999,1
CUST02652,Jack,Hall,Male,49,jack.hall2652@example.com,Seattle,Washington,United States,Lower-Middle,Consumer,2020-03-03,5,6442.84,6885.81,98,0
CUST02653,Samuel,Silva,Other,29,samuel.silva2653@example.com,Miami,Florida,United States,Upper-Middle,Small Business,2024-09-12,3,2269.92,2274.87,219,1
CUST02654,Larry,Singh,Male,36,larry.singh2654@example.com,Atlanta,Georgia,United States,Middle,Consumer,2025-04-04,3,1285.31,1320.19,78,0
CUST02655,Scott,Anderson,Male,56,scott.anderson2655@example.com,Albany,New York,United States,Middle,Corporate,2022-07-19,1,1322.85,1490.84,452,1
CUST02656,Joseph,Clark,Other,21,joseph.clark2656@example.com,New York City,New York,United States,High,Small Business,2019-12-04,2,2819.6200000000003,3200.78,1565,1
CUST02657,Timothy,Kim,Male,26,timothy.kim2657@example.com,Worcester,Massachusetts,United States,Lower-Middle,Home Office,2021-08-10,3,4599.86,5237.39,431,1
CUST02658,Carolyn,Lopez,Female,34,carolyn.lopez2658@example.com,Houston,Texas,United States,Middle,Consumer,2024-01-04,3,5587.619999999999,6128.53,122,0
CUST02659,Lisa,Garcia,Other,48,lisa.garcia2659@example.com,Fort Worth,Texas,United States,Low,Consumer,2022-10-11,0,0.0,0.0,9999,1
CUST02660,Carol,Andrade,Male,52,carol.andrade2660@example.com,Cambridge,Massachusetts,United States,Lower-Middle,Corporate,2019-06-28,3,2816.62,3124.79,1301,1
CUST02661,Jack,Ramirez,Other,59,jack.ramirez2661@example.com,San Diego,California,United States,Lower-Middle,Consumer,2023-11-28,5,2760.3599999999997,2828.42,27,0
CUST02662,Anthony,Souza,Female,47,anthony.souza2662@example.com,San Francisco,California,United States,Middle,Corporate,2023-10-04,0,0.0,0.0,9999,1
CUST02663,Joshua,Costa,Female,59,joshua.costa2663@example.com,Dallas,Texas,United States,Lower-Middle,Consumer,2026-01-10,0,0.0,0.0,9999,1
CUST02664,John,Sharma,Male,40,john.sharma2664@example.com,Everett,Washington,United States,High,Home Office,2022-07-16,5,6685.43,7446.09,49,0
CUST02665,Larry,Adams,Other,47,larry.adams2665@example.com,Buffalo,New York,United States,Lower-Middle,Consumer,2019-09-21,5,2808.92,3204.67,494,1
CUST02666,Isha,Harris,Female,59,isha.harris2666@example.com,Mesa,Arizona,United States,Upper-Middle,Home Office,2019-08-25,4,2805.79,2883.27,55,0
CUST02667,William,Smith,Other,51,william.smith2667@example.com,Worcester,Massachusetts,United States,Middle,Corporate,2019-07-10,1,494.96,511.0,182,1
CUST02668,Thomas,Ivanov,Male,34,thomas.ivanov2668@example.com,Denver,Colorado,United States,Lower-Middle,Consumer,2026-03-12,5,7971.7,9086.35,12,0
CUST02669,Charles,Scott,Female,48,charles.scott2669@example.com,Jacksonville,Florida,United States,Middle,Consumer,2022-09-19,2,1425.3400000000001,1438.03,622,1
CUST02670,Deborah,Flores,Male,18,deborah.flores2670@example.com,Worcester,Massachusetts,United States,Upper-Middle,Consumer,2023-03-11,2,853.76,910.35,540,1
CUST02671,Elizabeth,Martin,Female,36,elizabeth.martin2671@example.com,San Francisco,California,United States,High,Consumer,2023-01-27,4,3576.81,3824.78,294,1
CUST02672,George,Lee,Other,24,george.lee2672@example.com,Savannah,Georgia,United States,Middle,Consumer,2024-04-13,7,6209.57,6502.75,7,0
CUST02673,Katherine,Davis,Female,47,katherine.davis2673@example.com,Atlanta,Georgia,United States,Middle,Corporate,2024-01-14,5,5606.950000000001,5845.15,442,1
CUST02674,Timothy,Robinson,Female,34,timothy.robinson2674@example.com,Buffalo,New York,United States,Middle,Small Business,2020-11-04,2,1178.6,1306.29,718,1
CUST02675,Susan,Baker,Male,50,susan.baker2675@example.com,Allentown,Pennsylvania,United States,Upper-Middle,Corporate,2023-02-14,6,6699.44,7577.53,338,1
CUST02676,Rachel,Smith,Male,18,rachel.smith2676@example.com,Tampa,Florida,United States,Lower-Middle,Consumer,2024-12-14,5,5183.849999999999,5392.34,132,0
CUST02677,Christine,Campbell,Female,46,christine.campbell2677@example.com,Paterson,New Jersey,United States,Middle,Home Office,2024-03-04,1,298.45,324.16,311,1
CUST02678,Laura,Mitchell,Other,28,laura.mitchell2678@example.com,Cincinnati,Ohio,United States,Low,Consumer,2022-06-12,4,3060.8399999999997,3134.82,406,1
CUST02679,Carolyn,Hall,Female,39,carolyn.hall2679@example.com,Allentown,Pennsylvania,United States,Upper-Middle,Small Business,2024-02-21,2,427.5,429.41,49,0
CUST02680,Steven,Rossi,Male,36,steven.rossi2680@example.com,Denver,Colorado,United States,Upper-Middle,Consumer,2020-05-13,1,243.78,245.82,851,1
CUST02681,Sharon,Smith,Other,36,sharon.smith2681@example.com,Houston,Texas,United States,Low,Consumer,2026-04-09,4,2251.28,2422.86,21,0
CUST02682,Victoria,Silva,Male,25,victoria.silva2682@example.com,Houston,Texas,United States,Low,Small Business,2020-09-03,2,1022.55,1075.14,102,0
CUST02683,Priya,Kumar,Male,38,priya.kumar2683@example.com,Raleigh,North Carolina,United States,Middle,Consumer,2021-06-15,2,1718.16,1939.83,262,1
CUST02684,Diego,Lopez,Female,32,diego.lopez2684@example.com,Savannah,Georgia,United States,Middle,Consumer,2022-08-15,5,6633.93,7016.46,29,0
CUST02685,Anna,Gonzalez,Female,43,anna.gonzalez2685@example.com,Springfield,Massachusetts,United States,Lower-Middle,Corporate,2021-03-06,0,0.0,0.0,9999,1
CUST02686,Wei,Wilson,Female,31,wei.wilson2686@example.com,Philadelphia,Pennsylvania,United States,Low,Consumer,2021-03-22,3,6087.68,6631.84,959,1
CUST02687,Timothy,Wang,Male,46,timothy.wang2687@example.com,Dallas,Texas,United States,Middle,Consumer,2020-12-08,0,0.0,0.0,9999,1
CUST02688,David,Miller,Female,38,david.miller2688@example.com,Aurora,Colorado,United States,High,Small Business,2023-11-20,5,4855.83,4975.9,172,0
CUST02689,Angela,Hill,Male,45,angela.hill2689@example.com,Jacksonville,Florida,United States,Lower-Middle,Consumer,2023-08-08,7,11640.52,12197.72,261,1
CUST02690,John,Reddy,Other,45,john.reddy2690@example.com,Rochester,New York,United States,Upper-Middle,Corporate,2024-03-05,6,9884.91,10470.49,349,1
CUST02691,Laura,Gupta,Other,40,laura.gupta2691@example.com,Scottsdale,Arizona,United States,Lower-Middle,Consumer,2020-02-22,4,3781.8,4107.2,141,0
CUST02692,Jessica,Smith,Other,60,jessica.smith2692@example.com,Pittsburgh,Pennsylvania,United States,Upper-Middle,Home Office,2024-01-26,3,1152.62,1234.68,13,0
CUST02693,Scott,Patel,Female,18,scott.patel2693@example.com,Albany,New York,United States,Upper-Middle,Home Office,2023-01-30,2,1222.1,1266.24,133,0
CUST02694,Sharon,Martin,Other,36,sharon.martin2694@example.com,Austin,Texas,United States,Low,Consumer,2026-01-07,4,5893.150000000001,5973.82,6,0
CUST02695,Sarah,Muller,Male,33,sarah.muller2695@example.com,Los Angeles,California,United States,High,Consumer,2025-01-17,2,2796.17,3064.15,277,1
CUST02696,Jason,Gonzalez,Other,20,jason.gonzalez2696@example.com,Naperville,Illinois,United States,Middle,Home Office,2021-10-29,2,414.92,469.13,612,1
CUST02697,Priya,Anderson,Other,27,priya.anderson2697@example.com,Sacramento,California,United States,Middle,Consumer,2022-01-23,1,1545.61,1604.97,373,1
CUST02698,Li,Allen,Other,38,li.allen2698@example.com,Los Angeles,California,United States,Middle,Corporate,2023-05-03,1,332.82,334.03,816,1
CUST02699,Jonathan,Rodriguez,Other,53,jonathan.rodriguez2699@example.com,Boulder,Colorado,United States,Upper-Middle,Corporate,2022-07-25,1,311.23,333.57,935,1
CUST02700,Paul,Smith,Other,27,paul.smith2700@example.com,Pittsburgh,Pennsylvania,United States,High,Consumer,2022-08-25,0,0.0,0.0,9999,1
CUST02701,Victoria,Thompson,Other,36,victoria.thompson2701@example.com,San Diego,California,United States,Middle,Consumer,2022-11-14,4,13942.89,14451.36,99,0
CUST02702,Justin,Hill,Female,29,justin.hill2702@example.com,Everett,Washington,United States,High,Consumer,2020-02-14,4,6673.55,7207.45,961,1
CUST02703,Scott,Andrade,Other,31,scott.andrade2703@example.com,Savannah,Georgia,United States,Low,Consumer,2021-03-20,3,6815.79,7030.61,61,0
CUST02704,Jeffrey,Thomas,Female,23,jeffrey.thomas2704@example.com,Fort Collins,Colorado,United States,Middle,Corporate,2021-04-26,4,1329.76,1459.42,754,1
CUST02705,Susan,Kumar,Male,47,susan.kumar2705@example.com,Paterson,New Jersey,United States,Lower-Middle,Consumer,2023-12-04,3,3817.7,4375.94,291,1
CUST02706,Michael,Dubois,Female,27,michael.dubois2706@example.com,Macon,Georgia,United States,Lower-Middle,Home Office,2023-04-23,1,472.93,519.51,97,0
CUST02707,Jerry,Adams,Male,42,jerry.adams2707@example.com,Cleveland,Ohio,United States,Upper-Middle,Small Business,2024-05-11,1,450.24,471.01,203,1
CUST02708,Gregory,Nguyen,Male,39,gregory.nguyen2708@example.com,Flint,Michigan,United States,High,Consumer,2024-11-12,7,2338.49,2647.66,21,0
CUST02709,Mary,Rodriguez,Male,33,mary.rodriguez2709@example.com,Mesa,Arizona,United States,Upper-Middle,Home Office,2019-09-16,3,4044.5299999999997,4554.61,578,1
CUST02710,Catherine,Moore,Female,51,catherine.moore2710@example.com,San Francisco,California,United States,Low,Consumer,2025-07-11,3,8246.49,8770.02,197,1
CUST02711,Chen,Pereira,Male,55,chen.pereira2711@example.com,Colorado Springs,Colorado,United States,Low,Consumer,2022-01-03,1,236.28,266.56,852,1
CUST02712,Christopher,Brown,Male,50,christopher.brown2712@example.com,Tacoma,Washington,United States,Upper-Middle,Small Business,2020-12-31,3,297.46,323.03,471,1
CUST02713,Jonathan,Hernandez,Other,29,jonathan.hernandez2713@example.com,Tampa,Florida,United States,Upper-Middle,Corporate,2020-11-05,0,0.0,0.0,9999,1
CUST02714,Nicholas,Kowalski,Female,61,nicholas.kowalski2714@example.com,Elizabeth,New Jersey,United States,High,Home Office,2025-07-27,1,862.81,939.44,26,0
CUST02715,David,Chen,Other,34,david.chen2715@example.com,San Jose,California,United States,Middle,Small Business,2021-12-29,5,3900.0800000000004,4158.04,88,0
CUST02716,Mateo,Silva,Other,33,mateo.silva2716@example.com,Los Angeles,California,United States,High,Home Office,2024-03-31,6,5865.26,6617.4,40,0
CUST02717,Joshua,Souza,Male,42,joshua.souza2717@example.com,Buffalo,New York,United States,Middle,Home Office,2020-07-14,4,12052.16,13132.48,223,1
CUST02718,Amanda,Costa,Other,40,amanda.costa2718@example.com,Raleigh,North Carolina,United States,High,Small Business,2026-02-02,7,11075.83,11204.37,16,0
CUST02719,Melissa,Chen,Other,37,melissa.chen2719@example.com,Newark,New Jersey,United States,Lower-Middle,Home Office,2022-05-18,3,7476.91,8031.95,235,1
CUST02720,Kimberly,Pereira,Female,45,kimberly.pereira2720@example.com,Sacramento,California,United States,Lower-Middle,Corporate,2025-08-01,1,1733.84,1850.59,85,0
CUST02721,Vikram,White,Female,25,vikram.white2721@example.com,Colorado Springs,Colorado,United States,Middle,Consumer,2025-07-31,5,2113.84,2357.61,57,0
CUST02722,Stephanie,Lopez,Male,51,stephanie.lopez2722@example.com,Boston,Massachusetts,United States,Middle,Consumer,2026-04-12,4,7153.72,8209.96,16,0
CUST02723,Rahul,Wright,Other,38,rahul.wright2723@example.com,Worcester,Massachusetts,United States,Middle,Corporate,2026-03-01,3,2477.34,2631.18,71,0
CUST02724,Shirley,Martin,Other,49,shirley.martin2724@example.com,Athens,Georgia,United States,High,Corporate,2024-11-04,4,4297.16,4684.92,50,0
CUST02725,Karan,Rossi,Female,30,karan.rossi2725@example.com,Seattle,Washington,United States,Low,Consumer,2022-09-06,7,6349.38,7096.38,475,1
CUST02726,Raymond,Thomas,Other,22,raymond.thomas2726@example.com,Chicago,Illinois,United States,Middle,Consumer,2022-12-01,3,6617.97,7429.7,391,1
CUST02727,Jennifer,Ivanov,Other,50,jennifer.ivanov2727@example.com,Elizabeth,New Jersey,United States,Lower-Middle,Consumer,2025-02-26,3,7414.58,7974.63,26,0
CUST02728,Carolyn,Lewis,Female,42,carolyn.lewis2728@example.com,Erie,Pennsylvania,United States,Lower-Middle,Small Business,2024-07-30,3,5823.62,6292.87,96,0
CUST02729,Samantha,Sharma,Other,30,samantha.sharma2729@example.com,Rochester,New York,United States,Low,Corporate,2021-07-18,1,485.49,502.92,504,1
CUST02730,Rebecca,Torres,Female,25,rebecca.torres2730@example.com,Boulder,Colorado,United States,Middle,Consumer,2026-04-13,3,5685.280000000001,6527.9,64,0
CUST02731,Kimberly,Gupta,Female,26,kimberly.gupta2731@example.com,San Diego,California,United States,Middle,Consumer,2020-11-04,2,1793.0,1853.45,680,1
CUST02732,Jeffrey,Johnson,Female,54,jeffrey.johnson2732@example.com,Syracuse,New York,United States,Lower-Middle,Consumer,2024-06-16,2,1240.4299999999998,1295.93,147,0
CUST02733,Camila,Rivera,Other,40,camila.rivera2733@example.com,Grand Rapids,Michigan,United States,Middle,Consumer,2021-07-31,2,902.39,955.92,197,1
CUST02734,Thomas,Smith,Male,41,thomas.smith2734@example.com,Winston-Salem,North Carolina,United States,Lower-Middle,Consumer,2025-05-08,3,1389.96,1462.28,112,0
CUST02735,Frank,Kowalski,Male,43,frank.kowalski2735@example.com,Fort Lauderdale,Florida,United States,Upper-Middle,Consumer,2021-12-07,2,813.23,883.09,747,1
CUST02736,Kimberly,Sharma,Other,18,kimberly.sharma2736@example.com,Savannah,Georgia,United States,Middle,Corporate,2024-08-21,3,1130.3400000000001,1289.19,2,0
CUST02737,Jason,Williams,Male,45,jason.williams2737@example.com,Detroit,Michigan,United States,Lower-Middle,Consumer,2019-11-07,1,1343.25,1356.47,600,1
CUST02738,Vikram,Anderson,Female,40,vikram.anderson2738@example.com,Grand Rapids,Michigan,United States,Middle,Small Business,2019-10-08,2,582.74,614.25,1643,1
CUST02739,Benjamin,Lee,Other,64,benjamin.lee2739@example.com,Colorado Springs,Colorado,United States,Middle,Consumer,2020-04-03,0,0.0,0.0,9999,1
CUST02740,Amy,Kumar,Female,27,amy.kumar2740@example.com,Newark,New Jersey,United States,Lower-Middle,Consumer,2024-10-02,2,7279.219999999999,7779.0,77,0
CUST02741,Sofia,Allen,Other,67,sofia.allen2741@example.com,Reading,Pennsylvania,United States,Low,Consumer,2025-12-20,2,451.51,479.58,4,0
CUST02742,Vikram,Williams,Female,53,vikram.williams2742@example.com,Jersey City,New Jersey,United States,High,Consumer,2022-09-01,2,5153.53,5292.17,439,1
CUST02743,Joshua,Ivanov,Male,24,joshua.ivanov2743@example.com,Rochester,New York,United States,Middle,Consumer,2023-02-23,1,1597.0,1835.41,677,1
CUST02744,Samuel,Jones,Other,33,samuel.jones2744@example.com,Colorado Springs,Colorado,United States,Lower-Middle,Consumer,2020-01-27,2,887.8700000000001,925.76,166,0
CUST02745,Olivia,Singh,Female,42,olivia.singh2745@example.com,Columbus,Ohio,United States,Upper-Middle,Consumer,2022-09-13,1,5375.57,6040.78,1403,1
CUST02746,Li,Rodriguez,Male,34,li.rodriguez2746@example.com,Lowell,Massachusetts,United States,Upper-Middle,Corporate,2022-04-14,2,2106.66,2210.63,389,1
CUST02747,Larry,Pereira,Other,21,larry.pereira2747@example.com,Seattle,Washington,United States,Middle,Small Business,2022-12-03,1,198.64,199.0,1104,1
CUST02748,James,Patel,Male,22,james.patel2748@example.com,Macon,Georgia,United States,Low,Consumer,2026-02-16,4,1242.69,1270.92,20,0
CUST02749,Paul,Kumar,Male,58,paul.kumar2749@example.com,Charlotte,North Carolina,United States,Upper-Middle,Corporate,2024-04-10,2,2834.78,3043.12,282,1
CUST02750,Sofia,Sharma,Female,27,sofia.sharma2750@example.com,Bellevue,Washington,United States,Middle,Corporate,2021-09-21,4,5977.5199999999995,6440.8,137,0
CUST02751,Brenda,Young,Female,31,brenda.young2751@example.com,Chandler,Arizona,United States,Middle,Consumer,2021-12-23,3,7411.74,7655.49,453,1
CUST02752,Michelle,Kowalski,Female,51,michelle.kowalski2752@example.com,Akron,Ohio,United States,Middle,Home Office,2025-10-06,4,5593.04,5800.17,157,0
CUST02753,Dorothy,Baker,Female,24,dorothy.baker2753@example.com,Ann Arbor,Michigan,United States,Upper-Middle,Consumer,2020-02-11,4,1878.9099999999999,2092.48,58,0
CUST02754,Jessica,Moore,Other,52,jessica.moore2754@example.com,Chandler,Arizona,United States,Lower-Middle,Home Office,2022-07-09,2,11093.03,11744.24,698,1
CUST02755,Tyler,Rossi,Other,32,tyler.rossi2755@example.com,Pittsburgh,Pennsylvania,United States,High,Home Office,2022-02-24,9,4361.49,4982.29,217,1
CUST02756,Jennifer,Hall,Female,67,jennifer.hall2756@example.com,Houston,Texas,United States,Low,Corporate,2024-02-01,1,108.39,116.54,610,1
CUST02757,Linda,Robinson,Other,38,linda.robinson2757@example.com,Boulder,Colorado,United States,Upper-Middle,Corporate,2023-12-21,5,6385.57,6742.62,104,0
CUST02758,Ronald,Clark,Male,24,ronald.clark2758@example.com,Cincinnati,Ohio,United States,Middle,Corporate,2024-08-25,2,2948.35,3140.73,122,0
CUST02759,Thomas,Gonzalez,Female,34,thomas.gonzalez2759@example.com,Winston-Salem,North Carolina,United States,Lower-Middle,Corporate,2019-08-14,2,1719.3500000000001,1942.02,357,1
CUST02760,Edward,Dubois,Male,65,edward.dubois2760@example.com,Los Angeles,California,United States,Middle,Corporate,2022-11-27,4,9701.9,9843.6,372,1
CUST02761,Joshua,Moore,Other,36,joshua.moore2761@example.com,Rockford,Illinois,United States,Lower-Middle,Consumer,2021-04-25,1,29.05,31.73,753,1
CUST02762,Sofia,Carter,Other,44,sofia.carter2762@example.com,Cincinnati,Ohio,United States,Upper-Middle,Corporate,2022-12-24,2,934.54,1015.47,776,1
CUST02763,Sharon,Ivanov,Female,43,sharon.ivanov2763@example.com,Columbus,Ohio,United States,Upper-Middle,Consumer,2024-09-24,1,130.84,148.41,518,1
CUST02764,Mary,Flores,Female,18,mary.flores2764@example.com,Erie,Pennsylvania,United States,Middle,Consumer,2024-12-22,4,10875.449999999999,11589.16,308,1
CUST02765,Brenda,Brown,Female,28,brenda.brown2765@example.com,Lansing,Michigan,United States,Upper-Middle,Small Business,2026-06-03,2,3400.04,3800.79,14,0
CUST02766,Matthew,Kowalski,Male,18,matthew.kowalski2766@example.com,Lowell,Massachusetts,United States,Middle,Consumer,2025-05-19,2,1995.06,2215.1,379,1
CUST02767,Victoria,Mitchell,Female,32,victoria.mitchell2767@example.com,Peoria,Illinois,United States,Upper-Middle,Home Office,2024-11-01,3,2014.1699999999998,2222.91,140,0
CUST02768,Lisa,Singh,Male,47,lisa.singh2768@example.com,Allentown,Pennsylvania,United States,Lower-Middle,Corporate,2022-04-14,4,2287.62,2431.63,318,1
CUST02769,Scott,Hall,Male,31,scott.hall2769@example.com,Miami,Florida,United States,Middle,Corporate,2019-09-08,5,6386.7,7315.87,1382,1
CUST02770,Christopher,White,Male,35,christopher.white2770@example.com,Dallas,Texas,United States,Lower-Middle,Small Business,2019-11-17,1,3742.96,4052.28,1438,1
CUST02771,Arjun,Wang,Other,47,arjun.wang2771@example.com,Toledo,Ohio,United States,Middle,Consumer,2025-03-06,5,3671.31,3700.72,50,0
CUST02772,Sarah,Green,Female,50,sarah.green2772@example.com,Detroit,Michigan,United States,Low,Consumer,2020-07-31,4,2600.91,2789.06,15,0
CUST02773,Emily,Gonzalez,Other,18,emily.gonzalez2773@example.com,Austin,Texas,United States,Upper-Middle,Consumer,2020-05-01,4,8586.130000000001,9324.8,276,1
CUST02774,Arjun,Costa,Male,40,arjun.costa2774@example.com,Bellevue,Washington,United States,Low,Small Business,2021-04-24,2,2933.88,3148.64,1223,1
CUST02775,Brenda,Johnson,Other,34,brenda.johnson2775@example.com,San Antonio,Texas,United States,Middle,Consumer,2022-12-27,0,0.0,0.0,9999,1
CUST02776,Raymond,Ivanov,Male,34,raymond.ivanov2776@example.com,Raleigh,North Carolina,United States,Upper-Middle,Consumer,2020-01-17,3,2367.19,2656.72,288,1
CUST02777,Katherine,Rivera,Female,30,katherine.rivera2777@example.com,Atlanta,Georgia,United States,Middle,Small Business,2025-05-23,2,5818.5599999999995,5941.84,55,0
CUST02778,Timothy,King,Other,57,timothy.king2778@example.com,Colorado Springs,Colorado,United States,Upper-Middle,Consumer,2025-11-29,1,64.62,71.79,8,0
CUST02779,Jack,Anderson,Male,26,jack.anderson2779@example.com,Jersey City,New Jersey,United States,Lower-Middle,Consumer,2023-02-10,1,153.03,154.28,322,1
CUST02780,Diane,Rossi,Female,23,diane.rossi2780@example.com,Pittsburgh,Pennsylvania,United States,Lower-Middle,Corporate,2024-09-04,3,1481.86,1666.07,117,0
CUST02781,Deborah,Souza,Other,37,deborah.souza2781@example.com,Sacramento,California,United States,Middle,Home Office,2022-03-12,3,8683.66,8948.01,252,1
CUST02782,Nancy,Mitchell,Male,46,nancy.mitchell2782@example.com,Rockford,Illinois,United States,Lower-Middle,Consumer,2023-03-31,4,8461.75,8913.37,158,0
CUST02783,Stephen,Robinson,Female,32,stephen.robinson2783@example.com,Durham,North Carolina,United States,Middle,Home Office,2021-03-13,4,1203.6,1373.53,358,1
CUST02784,Paul,Miller,Female,41,paul.miller2784@example.com,Sacramento,California,United States,Lower-Middle,Consumer,2023-11-18,4,7105.4800000000005,7728.8,80,0
CUST02785,Samuel,Kim,Male,41,samuel.kim2785@example.com,Pittsburgh,Pennsylvania,United States,Upper-Middle,Consumer,2020-11-15,2,3917.51,4076.74,1166,1
CUST02786,Sarah,Harris,Female,63,sarah.harris2786@example.com,Albany,New York,United States,Upper-Middle,Corporate,2023-11-18,1,565.68,597.04,566,1
CUST02787,Diane,Dubois,Other,65,diane.dubois2787@example.com,Everett,Washington,United States,Upper-Middle,Consumer,2022-05-02,1,232.21,259.93,312,1
CUST02788,Jeffrey,Sharma,Male,45,jeffrey.sharma2788@example.com,Worcester,Massachusetts,United States,Middle,Corporate,2019-09-23,2,1510.75,1566.34,222,1
CUST02789,Carolyn,Perez,Male,40,carolyn.perez2789@example.com,Savannah,Georgia,United States,Lower-Middle,Home Office,2023-01-06,6,11680.38,12522.43,259,1
CUST02790,Brenda,Carter,Male,27,brenda.carter2790@example.com,Spokane,Washington,United States,Upper-Middle,Consumer,2026-02-21,1,2885.03,3042.39,34,0
CUST02791,Mary,Pereira,Other,45,mary.pereira2791@example.com,Los Angeles,California,United States,Upper-Middle,Small Business,2020-10-22,1,724.63,763.26,1470,1
CUST02792,Neha,Garcia,Other,26,neha.garcia2792@example.com,Naperville,Illinois,United States,Middle,Consumer,2025-05-13,2,702.88,728.17,206,1
CUST02793,Scott,Robinson,Other,37,scott.robinson2793@example.com,Reading,Pennsylvania,United States,Upper-Middle,Consumer,2021-09-05,2,2725.48,2759.08,580,1
CUST02794,Hiroshi,Robinson,Female,28,hiroshi.robinson2794@example.com,Pittsburgh,Pennsylvania,United States,Low,Home Office,2021-10-14,6,7341.0599999999995,7573.45,416,1
CUST02795,Aditya,Wilson,Other,32,aditya.wilson2795@example.com,Charlotte,North Carolina,United States,Upper-Middle,Consumer,2021-03-05,3,1697.35,1787.86,1051,1
CUST02796,Shirley,Torres,Female,18,shirley.torres2796@example.com,Charlotte,North Carolina,United States,Lower-Middle,Consumer,2022-10-10,3,7261.26,7369.92,49,0
CUST02797,Steven,Allen,Female,32,steven.allen2797@example.com,Trenton,New Jersey,United States,Lower-Middle,Consumer,2026-05-31,6,10963.220000000001,12607.51,4,0
CUST02798,Brenda,Clark,Female,38,brenda.clark2798@example.com,Boulder,Colorado,United States,Middle,Consumer,2023-05-31,3,2372.42,2490.62,110,0
CUST02799,Brandon,Ramirez,Male,53,brandon.ramirez2799@example.com,Macon,Georgia,United States,Low,Corporate,2022-09-03,2,2096.2,2200.46,466,1
CUST02800,Julie,Adams,Male,33,julie.adams2800@example.com,Fort Lauderdale,Florida,United States,Lower-Middle,Consumer,2020-04-01,2,6180.08,7015.93,746,1
CUST02801,Shirley,Silva,Other,43,shirley.silva2801@example.com,Tacoma,Washington,United States,Upper-Middle,Home Office,2025-11-05,2,795.04,814.06,183,1
CUST02802,Olivia,Gupta,Other,32,olivia.gupta2802@example.com,Flint,Michigan,United States,Upper-Middle,Home Office,2026-03-12,4,9035.75,9160.41,20,0
CUST02803,Jerry,Davis,Female,55,jerry.davis2803@example.com,Naperville,Illinois,United States,Middle,Consumer,2020-04-28,4,2626.94,2757.07,972,1
CUST02804,Jacob,Wilson,Other,31,jacob.wilson2804@example.com,Peoria,Illinois,United States,Lower-Middle,Consumer,2021-07-18,2,806.04,913.68,848,1
CUST02805,Robert,Lopez,Other,18,robert.lopez2805@example.com,Boulder,Colorado,United States,Upper-Middle,Consumer,2021-04-22,2,409.6,433.84,88,0
CUST02806,Steven,Thompson,Male,53,steven.thompson2806@example.com,Springfield,Illinois,United States,Upper-Middle,Corporate,2025-04-06,5,1436.22,1550.74,244,1
CUST02807,Justin,Wang,Male,32,justin.wang2807@example.com,Syracuse,New York,United States,Lower-Middle,Home Office,2020-11-27,5,5644.64,6486.95,127,0
CUST02808,Karen,Anderson,Female,48,karen.anderson2808@example.com,Everett,Washington,United States,Low,Small Business,2025-01-25,3,1926.04,2035.12,154,0
CUST02809,Christopher,Clark,Other,55,christopher.clark2809@example.com,Syracuse,New York,United States,High,Corporate,2026-05-25,4,2166.27,2424.3,3,0
CUST02810,Stephen,Ramirez,Male,41,stephen.ramirez2810@example.com,Buffalo,New York,United States,Low,Consumer,2025-12-04,2,2150.54,2371.97,190,1
CUST02811,Lisa,Robinson,Male,44,lisa.robinson2811@example.com,New York City,New York,United States,Low,Consumer,2025-06-16,7,3111.0,3540.23,92,0
CUST02812,Cynthia,Reddy,Male,42,cynthia.reddy2812@example.com,Columbus,Ohio,United States,High,Consumer,2025-06-03,4,2698.3,2906.07,29,0
CUST02813,Debra,Rossi,Male,50,debra.rossi2813@example.com,Scottsdale,Arizona,United States,Low,Consumer,2023-07-13,1,3131.68,3518.46,798,1
CUST02814,Donna,Harris,Male,31,donna.harris2814@example.com,Erie,Pennsylvania,United States,Lower-Middle,Small Business,2023-05-05,1,714.89,753.43,1061,1
CUST02815,Donald,Nguyen,Other,43,donald.nguyen2815@example.com,Trenton,New Jersey,United States,Lower-Middle,Small Business,2023-03-24,3,7155.46,7790.61,13,0
CUST02816,Justin,Silva,Female,18,justin.silva2816@example.com,Boston,Massachusetts,United States,Lower-Middle,Home Office,2022-11-01,5,8077.51,8131.3,241,1
CUST02817,Joyce,Moore,Female,24,joyce.moore2817@example.com,Tampa,Florida,United States,Middle,Small Business,2022-07-19,2,1310.46,1400.43,1259,1
CUST02818,Kenneth,Gonzalez,Male,58,kenneth.gonzalez2818@example.com,Los Angeles,California,United States,Upper-Middle,Small Business,2022-04-08,2,1128.24,1205.9,810,1
CUST02819,Ryan,Patel,Male,36,ryan.patel2819@example.com,Jersey City,New Jersey,United States,Middle,Home Office,2026-01-23,3,3360.88,3801.0,69,0
CUST02820,Diego,Nelson,Female,23,diego.nelson2820@example.com,Chandler,Arizona,United States,Middle,Consumer,2023-07-27,3,2053.64,2102.3,354,1
CUST02821,John,Garcia,Other,56,john.garcia2821@example.com,Toledo,Ohio,United States,Middle,Consumer,2020-06-20,6,2864.7799999999997,2899.58,30,0
CUST02822,Elizabeth,Johnson,Female,46,elizabeth.johnson2822@example.com,Paterson,New Jersey,United States,Lower-Middle,Consumer,2024-04-28,0,0.0,0.0,9999,1
CUST02823,Barbara,Lewis,Female,29,barbara.lewis2823@example.com,Chicago,Illinois,United States,Middle,Consumer,2026-03-31,3,12087.23,12930.34,37,0
CUST02824,Christine,Wright,Female,18,christine.wright2824@example.com,Lowell,Massachusetts,United States,Low,Corporate,2022-07-15,0,0.0,0.0,9999,1
CUST02825,Melissa,Harris,Other,22,melissa.harris2825@example.com,Toledo,Ohio,United States,Lower-Middle,Corporate,2022-09-11,1,6134.5,6237.74,999,1
CUST02826,Edward,Souza,Other,40,edward.souza2826@example.com,Chandler,Arizona,United States,Middle,Consumer,2025-03-14,1,122.11,140.33,410,1
CUST02827,Scott,Zhang,Other,48,scott.zhang2827@example.com,Boston,Massachusetts,United States,Lower-Middle,Consumer,2023-12-14,3,3718.4100000000003,4042.02,63,0
CUST02828,Stephen,Costa,Male,49,stephen.costa2828@example.com,Elizabeth,New Jersey,United States,Middle,Small Business,2025-08-24,1,2026.39,2070.38,174,0
CUST02829,Catherine,Dubois,Male,18,catherine.dubois2829@example.com,Lowell,Massachusetts,United States,Middle,Consumer,2021-04-18,0,0.0,0.0,9999,1
CUST02830,Justin,Gupta,Female,18,justin.gupta2830@example.com,Rochester,New York,United States,Upper-Middle,Corporate,2022-07-30,1,5260.42,6012.16,712,1
CUST02831,Hiroshi,Carter,Male,44,hiroshi.carter2831@example.com,San Jose,California,United States,Lower-Middle,Small Business,2023-07-04,4,6545.43,6768.51,208,1
CUST02832,Thomas,Reddy,Female,30,thomas.reddy2832@example.com,Trenton,New Jersey,United States,Upper-Middle,Corporate,2024-06-18,1,256.48,269.72,280,1
CUST02833,Larry,White,Female,33,larry.white2833@example.com,Columbus,Ohio,United States,High,Corporate,2021-09-04,1,5142.83,5768.02,1434,1
CUST02834,James,Mitchell,Male,47,james.mitchell2834@example.com,Jersey City,New Jersey,United States,Upper-Middle,Consumer,2022-07-04,5,4323.05,4818.78,427,1
CUST02835,Nicholas,Green,Female,25,nicholas.green2835@example.com,San Antonio,Texas,United States,Middle,Corporate,2023-04-06,1,1709.94,1788.02,1008,1
CUST02836,Gregory,Moore,Female,35,gregory.moore2836@example.com,Augusta,Georgia,United States,Middle,Home Office,2023-10-22,4,5523.01,5571.65,166,0
CUST02837,Richard,Pereira,Male,42,richard.pereira2837@example.com,Everett,Washington,United States,Lower-Middle,Corporate,2021-10-05,2,5023.35,5651.31,580,1
CUST02838,Justin,Patel,Female,36,justin.patel2838@example.com,Albany,New York,United States,Lower-Middle,Consumer,2025-06-05,1,4441.64,4828.35,403,1
CUST02839,Diego,Rossi,Other,43,diego.rossi2839@example.com,Reading,Pennsylvania,United States,Low,Consumer,2022-03-12,3,1262.8,1303.07,1186,1
CUST02840,Maria,King,Female,37,maria.king2840@example.com,Mesa,Arizona,United States,High,Consumer,2026-06-28,2,5776.85,5823.75,17,0
CUST02841,Emma,Hall,Female,33,emma.hall2841@example.com,Tacoma,Washington,United States,Middle,Home Office,2022-01-21,1,1804.92,1903.29,515,1
CUST02842,Kenneth,Reddy,Male,24,kenneth.reddy2842@example.com,Lowell,Massachusetts,United States,Low,Corporate,2024-02-05,5,9875.85,10000.28,108,0
CUST02843,Thomas,Campbell,Other,20,thomas.campbell2843@example.com,Atlanta,Georgia,United States,Middle,Small Business,2022-03-07,1,825.7,854.66,328,1
CUST02844,Michael,Rodriguez,Male,50,michael.rodriguez2844@example.com,Bellevue,Washington,United States,High,Home Office,2023-03-02,3,3923.8199999999997,4368.63,523,1
CUST02845,Timothy,Scott,Male,31,timothy.scott2845@example.com,Sacramento,California,United States,Lower-Middle,Consumer,2025-06-13,5,5108.89,5163.54,10,0
CUST02846,Karan,Muller,Male,19,karan.muller2846@example.com,Syracuse,New York,United States,High,Corporate,2020-02-19,2,852.78,866.1,231,1
CUST02847,Yuki,Scott,Male,26,yuki.scott2847@example.com,Los Angeles,California,United States,Middle,Corporate,2024-06-11,2,8545.92,9505.9,433,1
CUST02848,Li,Costa,Other,28,li.costa2848@example.com,Buffalo,New York,United States,Lower-Middle,Consumer,2025-11-16,5,5678.05,6465.67,24,0
CUST02849,Barbara,Moore,Female,35,barbara.moore2849@example.com,Columbus,Ohio,United States,High,Consumer,2022-04-28,4,3574.75,3930.17,1063,1
CUST02850,Camila,Mitchell,Male,21,camila.mitchell2850@example.com,Sacramento,California,United States,Low,Consumer,2020-05-05,6,7040.360000000001,8051.72,793,1
CUST02851,Stephen,Davis,Other,23,stephen.davis2851@example.com,Houston,Texas,United States,Middle,Consumer,2024-01-08,3,759.9699999999999,857.61,2,0
CUST02852,Daniel,Kim,Other,47,daniel.kim2852@example.com,Newark,New Jersey,United States,Low,Consumer,2024-12-03,2,229.89000000000001,239.7,95,0
CUST02853,David,Garcia,Male,33,david.garcia2853@example.com,Mesa,Arizona,United States,High,Home Office,2024-02-24,4,1649.5700000000002,1814.46,701,1
CUST02854,Jeffrey,Miller,Male,35,jeffrey.miller2854@example.com,Boulder,Colorado,United States,Lower-Middle,Consumer,2020-07-13,3,222.05,229.47,447,1
CUST02855,Elizabeth,Reddy,Other,39,elizabeth.reddy2855@example.com,Ann Arbor,Michigan,United States,Low,Small Business,2019-12-27,3,5032.0599999999995,5382.57,1159,1
CUST02856,Steven,Lopez,Other,40,steven.lopez2856@example.com,Elizabeth,New Jersey,United States,Upper-Middle,Corporate,2023-11-20,3,678.47,699.75,65,0
CUST02857,Dorothy,Nguyen,Other,49,dorothy.nguyen2857@example.com,Orlando,Florida,United States,Middle,Consumer,2019-12-30,4,4016.29,4415.6,478,1
CUST02858,Stephen,Ramirez,Female,39,stephen.ramirez2858@example.com,Fort Collins,Colorado,United States,Lower-Middle,Consumer,2025-06-20,3,4424.82,4850.88,84,0
CUST02859,Amy,Anderson,Other,41,amy.anderson2859@example.com,Columbus,Ohio,United States,Upper-Middle,Consumer,2023-08-08,2,651.81,718.34,61,0
CUST02860,Charles,Muller,Other,22,charles.muller2860@example.com,Tampa,Florida,United States,Low,Small Business,2026-02-28,5,5350.15,6007.52,12,0
CUST02861,Heather,Martinez,Female,36,heather.martinez2861@example.com,San Diego,California,United States,Low,Consumer,2022-05-08,4,6053.58,6134.38,282,1
CUST02862,Stephen,Patel,Male,25,stephen.patel2862@example.com,Orlando,Florida,United States,Middle,Consumer,2022-10-04,3,154.53,167.74,288,1
CUST02863,Ming,Campbell,Other,41,ming.campbell2863@example.com,Augusta,Georgia,United States,Upper-Middle,Home Office,2020-11-17,3,3548.05,3858.12,1200,1
CUST02864,Carol,Martin,Male,28,carol.martin2864@example.com,Akron,Ohio,United States,Middle,Consumer,2021-05-27,5,5429.35,6095.58,42,0
CUST02865,Jonathan,Reddy,Female,21,jonathan.reddy2865@example.com,Sacramento,California,United States,Lower-Middle,Consumer,2024-07-02,4,2816.92,3029.89,214,1
CUST02866,Raymond,Allen,Other,40,raymond.allen2866@example.com,Trenton,New Jersey,United States,Middle,Consumer,2023-01-03,1,1054.79,1139.21,690,1
CUST02867,Daniel,Green,Female,38,daniel.green2867@example.com,Worcester,Massachusetts,United States,High,Home Office,2025-03-21,3,543.64,551.98,113,0
CUST02868,Debra,Hill,Other,42,debra.hill2868@example.com,Cleveland,Ohio,United States,Low,Consumer,2025-08-28,4,554.25,560.43,2,0
CUST02869,Laura,Chen,Other,43,laura.chen2869@example.com,Trenton,New Jersey,United States,Low,Consumer,2024-01-31,4,5792.99,6613.8,336,1
CUST02870,Brandon,Nelson,Female,27,brandon.nelson2870@example.com,Philadelphia,Pennsylvania,United States,High,Consumer,2021-10-15,2,2373.36,2437.22,692,1
CUST02871,Olivia,White,Other,25,olivia.white2871@example.com,Phoenix,Arizona,United States,Low,Small Business,2025-11-30,1,183.23,199.85,53,0
CUST02872,Chen,Adams,Female,29,chen.adams2872@example.com,Houston,Texas,United States,Middle,Consumer,2024-12-16,0,0.0,0.0,9999,1
CUST02873,Patricia,Wilson,Male,34,patricia.wilson2873@example.com,Jersey City,New Jersey,United States,High,Small Business,2021-09-16,1,5582.56,6149.51,493,1
CUST02874,Cynthia,Kowalski,Other,38,cynthia.kowalski2874@example.com,Columbus,Ohio,United States,High,Consumer,2024-11-15,3,2898.43,3286.03,502,1
CUST02875,Kevin,Nguyen,Other,32,kevin.nguyen2875@example.com,Scottsdale,Arizona,United States,Middle,Corporate,2026-01-04,3,3731.02,4045.19,5,0
CUST02876,Daniel,Perez,Female,39,daniel.perez2876@example.com,Seattle,Washington,United States,Upper-Middle,Consumer,2024-11-02,4,16714.92,16724.88,133,0
CUST02877,Sandra,Green,Other,49,sandra.green2877@example.com,Aurora,Colorado,United States,High,Corporate,2023-08-13,5,4927.5199999999995,5271.55,3,0
CUST02878,James,Hernandez,Male,52,james.hernandez2878@example.com,Spokane,Washington,United States,Middle,Consumer,2020-05-27,2,969.0,1088.76,1006,1
CUST02879,Priya,Rivera,Male,23,priya.rivera2879@example.com,Denver,Colorado,United States,Lower-Middle,Consumer,2025-08-24,3,5927.45,6546.16,85,0
CUST02880,Ananya,Miller,Male,52,ananya.miller2880@example.com,Austin,Texas,United States,Lower-Middle,Home Office,2019-11-17,1,269.25,294.83,633,1
CUST02881,Camila,White,Other,51,camila.white2881@example.com,Trenton,New Jersey,United States,Middle,Corporate,2024-01-26,3,11801.380000000001,11928.41,119,0
CUST02882,Jeffrey,Baker,Female,43,jeffrey.baker2882@example.com,Sacramento,California,United States,Low,Home Office,2021-01-01,3,2242.5099999999998,2407.21,182,1
CUST02883,Richard,Chen,Male,62,richard.chen2883@example.com,Tucson,Arizona,United States,Middle,Corporate,2025-03-20,3,3154.5699999999997,3217.0,69,0
CUST02884,Camila,Rivera,Other,48,camila.rivera2884@example.com,Chandler,Arizona,United States,Middle,Consumer,2024-02-13,0,0.0,0.0,9999,1
CUST02885,Sandra,Rodriguez,Female,42,sandra.rodriguez2885@example.com,Los Angeles,California,United States,Lower-Middle,Corporate,2025-08-05,1,810.02,857.63,187,1
CUST02886,Betty,Hill,Male,24,betty.hill2886@example.com,Boston,Massachusetts,United States,Middle,Corporate,2025-12-13,0,0.0,0.0,9999,1
CUST02887,James,Scott,Male,39,james.scott2887@example.com,Pittsburgh,Pennsylvania,United States,Upper-Middle,Consumer,2024-01-06,1,364.35,366.37,688,1
CUST02888,Shirley,Torres,Other,33,shirley.torres2888@example.com,Houston,Texas,United States,Lower-Middle,Corporate,2023-02-15,2,2121.4700000000003,2205.86,77,0
CUST02889,Richard,Lewis,Other,33,richard.lewis2889@example.com,Tacoma,Washington,United States,Middle,Consumer,2020-04-10,4,4704.58,4940.03,827,1
CUST02890,Jonathan,Rivera,Female,32,jonathan.rivera2890@example.com,Pittsburgh,Pennsylvania,United States,Middle,Consumer,2022-09-07,1,242.64,267.33,1172,1
CUST02891,Jennifer,Campbell,Male,32,jennifer.campbell2891@example.com,Columbus,Ohio,United States,Low,Small Business,2024-03-28,3,5391.06,5922.17,158,0
CUST02892,Olivia,Johnson,Female,33,olivia.johnson2892@example.com,Seattle,Washington,United States,Middle,Small Business,2023-02-09,1,39.86,41.6,743,1
CUST02893,Li,Davis,Female,37,li.davis2893@example.com,Fort Worth,Texas,United States,Upper-Middle,Consumer,2022-07-04,1,1180.18,1263.16,583,1
CUST02894,Jennifer,Walker,Female,18,jennifer.walker2894@example.com,Macon,Georgia,United States,Middle,Consumer,2024-05-29,5,8702.8,9552.84,54,0
CUST02895,Yuki,Ramirez,Other,34,yuki.ramirez2895@example.com,Spokane,Washington,United States,Upper-Middle,Consumer,2023-10-10,3,581.12,587.7,49,0
CUST02896,Frank,Mitchell,Male,40,frank.mitchell2896@example.com,Colorado Springs,Colorado,United States,Low,Consumer,2026-02-03,2,1408.6399999999999,1489.71,4,0
CUST02897,Edward,Lee,Male,52,edward.lee2897@example.com,Allentown,Pennsylvania,United States,Lower-Middle,Corporate,2025-05-03,2,439.56,483.19,107,0
CUST02898,Vikram,Johnson,Male,45,vikram.johnson2898@example.com,San Antonio,Texas,United States,High,Consumer,2023-07-06,1,4451.15,4613.38,34,0
CUST02899,Thomas,Sharma,Male,21,thomas.sharma2899@example.com,Rochester,New York,United States,Middle,Consumer,2022-04-26,5,5004.42,5239.26,153,0
CUST02900,Samantha,Davis,Prefer not to say,21,samantha.davis2900@example.com,Spokane,Washington,United States,Middle,Corporate,2020-01-06,2,4035.7799999999997,4171.31,1237,1
CUST02901,Tyler,Martin,Female,21,tyler.martin2901@example.com,Orlando,Florida,United States,Lower-Middle,Consumer,2025-12-04,3,1095.97,1238.11,5,0
CUST02902,Mary,Jones,Other,57,mary.jones2902@example.com,Detroit,Michigan,United States,Upper-Middle,Consumer,2019-11-18,4,2830.48,2882.13,636,1
CUST02903,Carolyn,Garcia,Prefer not to say,28,carolyn.garcia2903@example.com,Pittsburgh,Pennsylvania,United States,Low,Home Office,2024-12-02,7,4607.4,5207.84,114,0
CUST02904,Jonathan,Kumar,Male,43,jonathan.kumar2904@example.com,Durham,North Carolina,United States,Low,Home Office,2024-05-03,5,4135.71,4419.9,183,1
CUST02905,Joseph,Lopez,Female,48,joseph.lopez2905@example.com,Toledo,Ohio,United States,Lower-Middle,Consumer,2025-07-17,1,188.58,195.16,204,1
CUST02906,Mateo,Smith,Female,37,mateo.smith2906@example.com,Naperville,Illinois,United States,Lower-Middle,Home Office,2025-05-02,6,14184.75,16051.83,147,0
CUST02907,Olivia,Pereira,Other,18,olivia.pereira2907@example.com,Augusta,Georgia,United States,Upper-Middle,Consumer,2021-01-18,4,9437.32,10775.5,74,0
CUST02908,Justin,Gupta,Female,49,justin.gupta2908@example.com,Springfield,Illinois,United States,Low,Small Business,2023-08-13,2,359.02,411.55,93,0
CUST02909,Donald,Singh,Prefer not to say,32,donald.singh2909@example.com,Spokane,Washington,United States,Upper-Middle,Home Office,2024-06-05,2,3992.76,4030.97,226,1
CUST02910,Charles,Zhang,Other,48,charles.zhang2910@example.com,Allentown,Pennsylvania,United States,Lower-Middle,Consumer,2023-01-29,4,2143.32,2430.12,478,1
CUST02911,Cynthia,Brown,Prefer not to say,22,cynthia.brown2911@example.com,Chandler,Arizona,United States,Lower-Middle,Small Business,2020-04-11,2,1882.73,1945.72,453,1
CUST02912,Joseph,Lopez,Male,32,joseph.lopez2912@example.com,Springfield,Massachusetts,United States,Lower-Middle,Home Office,2022-07-25,1,560.85,570.83,1391,1
CUST02913,James,White,Other,35,james.white2913@example.com,Jacksonville,Florida,United States,High,Consumer,2022-05-26,5,14690.38,15708.21,28,0
CUST02914,Priya,Perez,Other,39,priya.perez2914@example.com,Austin,Texas,United States,Upper-Middle,Consumer,2026-01-03,1,1764.48,1825.75,80,0
CUST02915,Li,Dubois,Prefer not to say,22,li.dubois2915@example.com,Phoenix,Arizona,United States,Middle,Corporate,2022-11-27,4,9033.77,9312.54,106,0
CUST02916,Sharon,Wilson,Other,52,sharon.wilson2916@example.com,Boston,Massachusetts,United States,Middle,Consumer,2024-08-07,2,1485.56,1528.49,253,1
CUST02917,Kevin,Hernandez,Female,34,kevin.hernandez2917@example.com,Chandler,Arizona,United States,Middle,Consumer,2023-03-22,2,802.1,869.52,885,1
CUST02918,Amy,Perez,Female,46,amy.perez2918@example.com,Phoenix,Arizona,United States,Middle,Consumer,2022-04-21,1,1430.44,1554.27,1549,1
CUST02919,Michael,Baker,Female,21,michael.baker2919@example.com,Jersey City,New Jersey,United States,Middle,Home Office,2023-09-25,1,205.78,219.44,340,1
CUST02920,Scott,Ramirez,Female,24,scott.ramirez2920@example.com,Fort Worth,Texas,United States,Middle,Consumer,2023-08-25,3,4466.9800000000005,4506.78,9,0
CUST02921,Li,Rossi,Other,44,li.rossi2921@example.com,Jersey City,New Jersey,United States,Lower-Middle,Small Business,2021-11-26,3,4377.77,4543.12,970,1
CUST02922,Michelle,Miller,Other,18,michelle.miller2922@example.com,Seattle,Washington,United States,Lower-Middle,Corporate,2020-02-29,2,337.11,371.4,1668,1
CUST02923,Jacob,Lee,Male,38,jacob.lee2923@example.com,Los Angeles,California,United States,Middle,Corporate,2021-06-27,8,7705.25,8810.59,7,0
CUST02924,Brenda,Taylor,Male,18,brenda.taylor2924@example.com,Spokane,Washington,United States,Middle,Consumer,2020-06-15,2,5537.8099999999995,5969.17,1851,1
CUST02925,Steven,Lopez,Female,52,steven.lopez2925@example.com,Naperville,Illinois,United States,High,Corporate,2023-11-27,5,6071.86,6399.57,154,0
CUST02926,Jack,Taylor,Other,22,jack.taylor2926@example.com,Elizabeth,New Jersey,United States,Lower-Middle,Consumer,2026-06-01,1,5014.52,5684.9,28,0
CUST02927,George,Sanchez,Other,33,george.sanchez2927@example.com,Phoenix,Arizona,United States,Lower-Middle,Corporate,2024-08-18,2,91.63,99.52,107,0
CUST02928,Mary,Taylor,Male,42,mary.taylor2928@example.com,San Francisco,California,United States,Lower-Middle,Corporate,2020-11-13,7,7233.72,8299.93,304,1
CUST02929,Karen,Lewis,Male,43,karen.lewis2929@example.com,Colorado Springs,Colorado,United States,Upper-Middle,Consumer,2023-02-19,2,678.49,687.16,684,1
CUST02930,Karan,Taylor,Male,42,karan.taylor2930@example.com,Phoenix,Arizona,United States,Middle,Consumer,2020-11-27,7,17195.01,17862.29,73,0
CUST02931,Chen,Taylor,Female,38,chen.taylor2931@example.com,Charlotte,North Carolina,United States,Lower-Middle,Consumer,2024-05-26,1,41.8,47.73,114,0
CUST02932,Steven,Sharma,Other,39,steven.sharma2932@example.com,Miami,Florida,United States,High,Consumer,2025-06-25,4,897.06,1007.72,55,0
CUST02933,Raymond,Robinson,Female,36,raymond.robinson2933@example.com,Paterson,New Jersey,United States,Middle,Consumer,2019-09-12,3,3691.71,4061.1,1606,1
CUST02934,Samantha,Gonzalez,Male,27,samantha.gonzalez2934@example.com,Flint,Michigan,United States,Lower-Middle,Consumer,2021-01-12,4,2766.6,2835.4,400,1
CUST02935,John,Lee,Female,35,john.lee2935@example.com,Detroit,Michigan,United States,Middle,Home Office,2022-03-30,4,7758.9,8546.55,188,1
CUST02936,Dennis,Martinez,Female,28,dennis.martinez2936@example.com,Augusta,Georgia,United States,Upper-Middle,Consumer,2025-11-14,1,1379.28,1382.88,221,1
CUST02937,Diego,Lee,Male,54,diego.lee2937@example.com,Flint,Michigan,United States,Lower-Middle,Home Office,2023-11-05,4,3962.36,4226.33,29,0
CUST02938,Kimberly,Young,Female,18,kimberly.young2938@example.com,Boulder,Colorado,United States,Low,Consumer,2023-04-13,5,6834.860000000001,7551.5,591,1
CUST02939,Christopher,Martin,Male,29,christopher.martin2939@example.com,Detroit,Michigan,United States,High,Consumer,2020-04-07,4,3731.93,4166.75,142,0
CUST02940,Mary,Kowalski,Female,32,mary.kowalski2940@example.com,San Diego,California,United States,Middle,Consumer,2026-06-04,1,3381.96,3796.12,13,0
CUST02941,Isha,Singh,Female,24,isha.singh2941@example.com,Fort Collins,Colorado,United States,High,Home Office,2021-09-30,7,12118.77,13441.76,614,1
CUST02942,Jennifer,Roberts,Male,45,jennifer.roberts2942@example.com,Jacksonville,Florida,United States,Low,Consumer,2021-05-14,4,11913.79,13537.21,443,1
CUST02943,Ronald,Campbell,Female,43,ronald.campbell2943@example.com,Philadelphia,Pennsylvania,United States,Middle,Home Office,2023-06-16,1,713.75,763.86,83,0
CUST02944,Victoria,Allen,Female,45,victoria.allen2944@example.com,Chicago,Illinois,United States,High,Consumer,2021-08-18,3,597.69,633.92,338,1
CUST02945,Margaret,Flores,Other,27,margaret.flores2945@example.com,Grand Rapids,Michigan,United States,Lower-Middle,Consumer,2020-04-18,3,1542.94,1762.97,104,0
CUST02946,Mary,Hill,Female,18,mary.hill2946@example.com,Everett,Washington,United States,Lower-Middle,Consumer,2022-03-11,1,188.97,198.13,515,1
CUST02947,Karan,Perez,Female,36,karan.perez2947@example.com,Cleveland,Ohio,United States,Upper-Middle,Consumer,2023-07-26,2,1259.6,1284.35,561,1
CUST02948,Donna,Jackson,Female,30,donna.jackson2948@example.com,Springfield,Illinois,United States,Middle,Small Business,2022-01-08,2,11102.94,11436.4,395,1
CUST02949,Diane,Baker,Other,19,diane.baker2949@example.com,Everett,Washington,United States,Lower-Middle,Corporate,2022-10-19,8,3076.68,3395.55,213,1
CUST02950,Richard,Silva,Other,37,richard.silva2950@example.com,Boulder,Colorado,United States,Upper-Middle,Consumer,2021-03-21,1,101.82,116.49,42,0
CUST02951,Diane,Ivanov,Male,45,diane.ivanov2951@example.com,Flint,Michigan,United States,Upper-Middle,Small Business,2023-11-19,1,5042.88,5074.49,104,0
CUST02952,Charles,Walker,Other,18,charles.walker2952@example.com,Mesa,Arizona,United States,Low,Corporate,2020-01-14,2,5931.95,5941.81,159,0
CUST02953,Alexander,Carter,Male,36,alexander.carter2953@example.com,Springfield,Illinois,United States,Middle,Home Office,2025-11-21,3,1670.19,1912.01,9,0
CUST02954,Yuki,Moore,Female,21,yuki.moore2954@example.com,Mesa,Arizona,United States,High,Consumer,2020-06-02,2,1195.64,1274.58,153,0
CUST02955,George,Davis,Male,38,george.davis2955@example.com,Reading,Pennsylvania,United States,Lower-Middle,Consumer,2024-03-21,3,4096.860000000001,4520.48,433,1
CUST02956,Margaret,Jones,Male,47,margaret.jones2956@example.com,Worcester,Massachusetts,United States,Low,Home Office,2026-01-16,4,3746.94,3942.17,17,0
CUST02957,Karan,Andrade,Male,62,karan.andrade2957@example.com,Athens,Georgia,United States,Middle,Corporate,2020-06-16,1,445.05,452.96,1646,1
CUST02958,Melissa,Kim,Other,54,melissa.kim2958@example.com,Cambridge,Massachusetts,United States,Middle,Consumer,2025-03-26,0,0.0,0.0,9999,1
CUST02959,Kevin,Zhang,Other,46,kevin.zhang2959@example.com,Akron,Ohio,United States,Upper-Middle,Home Office,2020-03-17,1,794.64,832.2,2214,1
CUST02960,Paul,Nelson,Male,36,paul.nelson2960@example.com,Tampa,Florida,United States,Middle,Corporate,2021-05-09,4,6678.02,7345.52,75,0
CUST02961,Meera,Wright,Other,43,meera.wright2961@example.com,Toledo,Ohio,United States,Middle,Consumer,2021-07-24,2,1086.44,1189.05,1482,1
CUST02962,Ananya,Rodriguez,Female,42,ananya.rodriguez2962@example.com,Cleveland,Ohio,United States,Lower-Middle,Consumer,2025-04-20,3,3870.7,4266.41,54,0
CUST02963,Andrew,Mitchell,Other,59,andrew.mitchell2963@example.com,San Jose,California,United States,High,Corporate,2022-08-29,0,0.0,0.0,9999,1
CUST02964,Mateo,Flores,Female,29,mateo.flores2964@example.com,Charlotte,North Carolina,United States,Lower-Middle,Consumer,2025-03-04,2,3156.12,3423.64,257,1
CUST02965,Charles,Adams,Other,50,charles.adams2965@example.com,Springfield,Massachusetts,United States,Middle,Consumer,2020-03-24,1,2663.63,2940.27,1574,1
CUST02966,Laura,White,Male,43,laura.white2966@example.com,Dallas,Texas,United States,Middle,Small Business,2022-10-20,4,3214.11,3342.61,246,1
CUST02967,Sarah,Walker,Male,18,sarah.walker2967@example.com,Reading,Pennsylvania,United States,Lower-Middle,Consumer,2021-08-08,4,1175.26,1270.51,226,1
CUST02968,Camila,Torres,Other,29,camila.torres2968@example.com,San Diego,California,United States,Middle,Consumer,2024-06-02,0,0.0,0.0,9999,1
CUST02969,Priya,Lee,Female,61,priya.lee2969@example.com,Columbus,Ohio,United States,Upper-Middle,Home Office,2026-05-21,3,3229.07,3552.16,12,0
CUST02970,Betty,Davis,Female,44,betty.davis2970@example.com,Macon,Georgia,United States,Lower-Middle,Home Office,2025-08-30,5,5266.389999999999,5270.14,25,0
CUST02971,Mark,Wilson,Male,24,mark.wilson2971@example.com,Newark,New Jersey,United States,Middle,Corporate,2026-02-19,4,11821.69,12125.09,20,0
CUST02972,Jessica,Ivanov,Male,32,jessica.ivanov2972@example.com,Durham,North Carolina,United States,Lower-Middle,Consumer,2025-06-05,2,1879.56,2031.09,127,0
CUST02973,Melissa,Wang,Female,20,melissa.wang2973@example.com,Fort Worth,Texas,United States,Lower-Middle,Consumer,2023-11-19,6,5736.3,6114.8,462,1
CUST02974,Rahul,Scott,Female,37,rahul.scott2974@example.com,Tucson,Arizona,United States,Upper-Middle,Consumer,2024-08-23,3,2704.1400000000003,3066.94,23,0
CUST02975,Ryan,King,Male,42,ryan.king2975@example.com,Peoria,Illinois,United States,Lower-Middle,Consumer,2024-05-03,1,2325.15,2531.07,131,0
CUST02976,Christopher,Brown,Female,28,christopher.brown2976@example.com,Chandler,Arizona,United States,Upper-Middle,Home Office,2023-07-13,5,1126.43,1161.01,327,1
CUST02977,Neha,Jackson,Female,25,neha.jackson2977@example.com,Jacksonville,Florida,United States,Middle,Corporate,2020-04-05,2,2310.25,2409.67,16,0
CUST02978,Stephanie,Adams,Male,30,stephanie.adams2978@example.com,Cleveland,Ohio,United States,Middle,Consumer,2025-09-08,6,7308.5,8371.06,40,0
CUST02979,Li,Davis,Other,38,li.davis2979@example.com,Seattle,Washington,United States,Upper-Middle,Home Office,2020-07-07,3,2027.5,2281.79,536,1
CUST02980,Rahul,Chen,Male,21,rahul.chen2980@example.com,Elizabeth,New Jersey,United States,Low,Small Business,2023-01-29,3,1267.6799999999998,1339.45,507,1
CUST02981,Dorothy,Costa,Male,34,dorothy.costa2981@example.com,Seattle,Washington,United States,Low,Consumer,2024-07-22,1,1313.49,1507.8,195,1
CUST02982,Meera,Thompson,Male,40,meera.thompson2982@example.com,Tucson,Arizona,United States,Lower-Middle,Consumer,2023-11-26,3,2650.4,3015.33,41,0
CUST02983,Catherine,Harris,Male,51,catherine.harris2983@example.com,San Antonio,Texas,United States,Middle,Consumer,2024-04-27,2,2146.1400000000003,2225.83,330,1
CUST02984,Larry,Thomas,Female,31,larry.thomas2984@example.com,Worcester,Massachusetts,United States,Middle,Corporate,2022-07-19,3,2992.04,3193.04,78,0
CUST02985,Barbara,Ivanov,Male,24,barbara.ivanov2985@example.com,New York City,New York,United States,Lower-Middle,Consumer,2022-09-02,2,7266.03,7733.62,609,1
CUST02986,Brian,Hall,Other,49,brian.hall2986@example.com,Tucson,Arizona,United States,Upper-Middle,Consumer,2022-05-20,2,514.31,517.96,645,1
CUST02987,Heather,Brown,Other,31,heather.brown2987@example.com,Grand Rapids,Michigan,United States,Upper-Middle,Home Office,2020-06-22,0,0.0,0.0,9999,1
CUST02988,Victoria,Young,Other,19,victoria.young2988@example.com,Pittsburgh,Pennsylvania,United States,Middle,Corporate,2024-03-09,2,484.46000000000004,537.05,1,0
CUST02989,Neha,Ramirez,Male,35,neha.ramirez2989@example.com,Jersey City,New Jersey,United States,Lower-Middle,Corporate,2021-02-01,7,5114.66,5138.8,44,0
CUST02990,Joyce,Chen,Male,20,joyce.chen2990@example.com,Fort Lauderdale,Florida,United States,Upper-Middle,Corporate,2025-07-12,3,1419.52,1532.88,32,0
CUST02991,Daniel,Smith,Female,18,daniel.smith2991@example.com,Naperville,Illinois,United States,Middle,Home Office,2025-11-11,3,3884.87,4372.21,205,1
CUST02992,Victoria,Lewis,Male,46,victoria.lewis2992@example.com,Springfield,Massachusetts,United States,Lower-Middle,Consumer,2024-01-07,5,3376.17,3639.21,159,0
CUST02993,Barbara,Kowalski,Female,38,barbara.kowalski2993@example.com,Philadelphia,Pennsylvania,United States,Middle,Small Business,2019-11-17,3,1880.05,1881.48,473,1
CUST02994,Emma,Zhang,Male,44,emma.zhang2994@example.com,San Jose,California,United States,Middle,Consumer,2025-11-01,3,4577.43,5009.88,82,0
CUST02995,Jessica,Kowalski,Male,69,jessica.kowalski2995@example.com,Worcester,Massachusetts,United States,Middle,Consumer,2026-04-12,3,4747.74,5280.94,48,0
CUST02996,Angela,Thomas,Male,29,angela.thomas2996@example.com,Albany,New York,United States,Middle,Home Office,2025-05-08,2,3710.12,4095.95,65,0
CUST02997,Neha,Lewis,Other,28,neha.lewis2997@example.com,Elizabeth,New Jersey,United States,Middle,Small Business,2022-05-05,3,2262.7700000000004,2537.14,794,1
CUST02998,Maria,Lopez,Other,31,maria.lopez2998@example.com,Fort Collins,Colorado,United States,Upper-Middle,Corporate,2020-12-04,6,4603.06,4763.88,385,1
CUST02999,Mateo,King,Female,52,mateo.king2999@example.com,Durham,North Carolina,United States,Middle,Consumer,2021-04-16,1,3389.23,3427.95,1123,1
CUST03000,Julie,King,Male,37,julie.king3000@example.com,Buffalo,New York,United States,High,Small Business,2020-01-07,2,5705.7300000000005,6548.22,868,1
CUST03001,Janet,Martin,Other,46,janet.martin3001@example.com,Buffalo,New York,United States,Middle,Corporate,2025-12-29,3,11572.76,12329.14,38,0
CUST03002,Julie,Nguyen,Female,31,julie.nguyen3002@example.com,Springfield,Illinois,United States,Middle,Corporate,2022-12-14,4,7326.9,7614.19,707,1
CUST03003,Diane,Martin,Male,37,diane.martin3003@example.com,Tucson,Arizona,United States,Upper-Middle,Consumer,2021-12-03,5,2697.45,2722.87,55,0
CUST03004,Linda,Carter,Female,70,linda.carter3004@example.com,Syracuse,New York,United States,Lower-Middle,Corporate,2020-10-10,3,484.46,514.44,169,0
CUST03005,Chen,Roberts,Male,29,chen.roberts3005@example.com,Jacksonville,Florida,United States,Low,Corporate,2021-08-23,2,4274.5599999999995,4569.84,614,1
CUST03006,Brenda,Davis,Other,42,brenda.davis3006@example.com,Peoria,Illinois,United States,Upper-Middle,Consumer,2020-10-19,4,4752.49,5048.47,548,1
CUST03007,Neha,Walker,Other,46,neha.walker3007@example.com,Sacramento,California,United States,Lower-Middle,Home Office,2022-08-24,3,1649.29,1693.68,77,0
CUST03008,Michelle,Thomas,Female,40,michelle.thomas3008@example.com,Everett,Washington,United States,Lower-Middle,Home Office,2024-11-15,5,4616.46,4673.55,170,0
CUST03009,Elizabeth,Lewis,Male,21,elizabeth.lewis3009@example.com,Cambridge,Massachusetts,United States,Middle,Consumer,2022-01-10,2,1553.6999999999998,1725.51,628,1
CUST03010,Victoria,Torres,Male,59,victoria.torres3010@example.com,Bellevue,Washington,United States,Middle,Corporate,2026-03-20,2,915.41,983.05,107,0
CUST03011,Catherine,Campbell,Female,45,catherine.campbell3011@example.com,Columbus,Ohio,United States,Upper-Middle,Home Office,2022-02-06,3,2753.48,3063.3,166,0
CUST03012,Jennifer,Campbell,Other,35,jennifer.campbell3012@example.com,Allentown,Pennsylvania,United States,Low,Consumer,2026-02-27,5,6287.2,6709.5,78,0
CUST03013,Debra,Rodriguez,Female,27,debra.rodriguez3013@example.com,Philadelphia,Pennsylvania,United States,High,Consumer,2025-04-28,1,1798.52,1884.16,233,1
CUST03014,Elizabeth,Baker,Female,24,elizabeth.baker3014@example.com,Erie,Pennsylvania,United States,Low,Small Business,2025-07-05,4,7246.5,8320.28,117,0
CUST03015,Barbara,Carter,Other,28,barbara.carter3015@example.com,Grand Rapids,Michigan,United States,Lower-Middle,Consumer,2022-10-25,1,180.61,188.46,470,1
CUST03016,Amanda,White,Male,22,amanda.white3016@example.com,Sacramento,California,United States,Upper-Middle,Consumer,2024-12-03,1,473.6,523.79,199,1
CUST03017,Nancy,Reddy,Male,55,nancy.reddy3017@example.com,New York City,New York,United States,Middle,Corporate,2019-08-20,3,558.26,621.66,516,1
CUST03018,Richard,Moore,Male,43,richard.moore3018@example.com,Phoenix,Arizona,United States,Lower-Middle,Small Business,2022-09-17,4,4742.96,5156.75,146,0
CUST03019,Larry,Young,Other,44,larry.young3019@example.com,Cambridge,Massachusetts,United States,Middle,Consumer,2019-10-05,4,4358.48,4673.83,15,0
CUST03020,Rachel,Zhang,Other,27,rachel.zhang3020@example.com,Columbus,Ohio,United States,High,Consumer,2021-09-20,3,5583.14,6351.74,218,1
CUST03021,Elizabeth,Perez,Female,18,elizabeth.perez3021@example.com,Toledo,Ohio,United States,Lower-Middle,Home Office,2022-09-25,4,2738.11,2867.18,384,1
CUST03022,Joyce,White,Other,33,joyce.white3022@example.com,Albany,New York,United States,Middle,Home Office,2021-11-19,4,5224.1,5615.34,81,0
CUST03023,Ryan,Baker,Other,22,ryan.baker3023@example.com,Chandler,Arizona,United States,Middle,Consumer,2025-12-26,4,8340.22,9313.19,51,0
CUST03024,Jonathan,Singh,Other,28,jonathan.singh3024@example.com,Pittsburgh,Pennsylvania,United States,High,Small Business,2026-06-27,6,6210.51,6276.86,1,0
CUST03025,Alexander,Flores,Other,35,alexander.flores3025@example.com,Miami,Florida,United States,Low,Home Office,2022-12-18,2,906.75,941.35,960,1
CUST03026,Kevin,Flores,Other,53,kevin.flores3026@example.com,Miami,Florida,United States,Middle,Home Office,2021-08-09,1,949.84,1025.95,478,1
CUST03027,Benjamin,Nelson,Male,44,benjamin.nelson3027@example.com,Buffalo,New York,United States,Lower-Middle,Consumer,2021-08-15,5,665.2,762.2,42,0
CUST03028,Justin,Rodriguez,Female,40,justin.rodriguez3028@example.com,Philadelphia,Pennsylvania,United States,Middle,Consumer,2024-05-12,1,1091.46,1105.09,323,1
CUST03029,Andrew,Zhang,Female,44,andrew.zhang3029@example.com,Springfield,Massachusetts,United States,Low,Consumer,2024-02-28,4,5442.030000000001,6197.69,151,0
CUST03030,Sarah,Singh,Female,29,sarah.singh3030@example.com,Greensboro,North Carolina,United States,Lower-Middle,Consumer,2020-12-13,3,3084.3599999999997,3379.64,426,1
CUST03031,Jerry,Reddy,Prefer not to say,34,jerry.reddy3031@example.com,Athens,Georgia,United States,Lower-Middle,Consumer,2023-08-30,0,0.0,0.0,9999,1
CUST03032,Laura,Flores,Female,51,laura.flores3032@example.com,Newark,New Jersey,United States,Upper-Middle,Consumer,2020-12-03,3,4703.46,4830.99,51,0
CUST03033,Brian,Gupta,Female,29,brian.gupta3033@example.com,Phoenix,Arizona,United States,Upper-Middle,Consumer,2022-01-29,0,0.0,0.0,9999,1
CUST03034,Timothy,Young,Other,45,timothy.young3034@example.com,Allentown,Pennsylvania,United States,Lower-Middle,Consumer,2021-08-29,2,398.20000000000005,430.26,391,1
CUST03035,Justin,Roberts,Female,47,justin.roberts3035@example.com,Rockford,Illinois,United States,Middle,Small Business,2023-01-22,2,1715.24,1727.8,591,1
CUST03036,Jeffrey,Hernandez,Other,35,jeffrey.hernandez3036@example.com,Fort Worth,Texas,United States,Middle,Corporate,2023-01-23,4,3775.08,4258.06,374,1
CUST03037,Edward,Lewis,Male,28,edward.lewis3037@example.com,Pittsburgh,Pennsylvania,United States,Middle,Corporate,2026-05-22,0,0.0,0.0,9999,1
CUST03038,Heather,Johnson,Female,60,heather.johnson3038@example.com,Rochester,New York,United States,Lower-Middle,Consumer,2023-06-27,3,2100.4,2134.61,333,1
CUST03039,Cynthia,Kumar,Female,46,cynthia.kumar3039@example.com,Spokane,Washington,United States,Lower-Middle,Small Business,2022-02-18,5,4088.1000000000004,4685.27,67,0
CUST03040,Meera,Green,Other,27,meera.green3040@example.com,Ann Arbor,Michigan,United States,Middle,Corporate,2022-06-18,5,3866.5499999999997,3926.68,491,1
CUST03041,Olivia,Nelson,Female,34,olivia.nelson3041@example.com,Lansing,Michigan,United States,High,Consumer,2021-12-18,3,2904.4799999999996,3101.44,850,1
CUST03042,Sharon,Young,Female,26,sharon.young3042@example.com,Naperville,Illinois,United States,Upper-Middle,Small Business,2020-10-30,2,6572.6900000000005,7477.0,89,0
CUST03043,Donna,Lewis,Male,26,donna.lewis3043@example.com,Naperville,Illinois,United States,Upper-Middle,Consumer,2025-09-03,2,2095.39,2346.87,256,1
CUST03044,Jessica,Sharma,Other,43,jessica.sharma3044@example.com,Flint,Michigan,United States,Lower-Middle,Corporate,2020-06-12,0,0.0,0.0,9999,1
CUST03045,Vikram,King,Female,37,vikram.king3045@example.com,Rockford,Illinois,United States,Lower-Middle,Corporate,2023-07-26,2,929.1899999999999,988.39,634,1
CUST03046,Paul,Kumar,Other,50,paul.kumar3046@example.com,Chicago,Illinois,United States,Upper-Middle,Home Office,2026-04-19,3,1007.77,1023.75,41,0
CUST03047,Frank,Perez,Male,39,frank.perez3047@example.com,Buffalo,New York,United States,Middle,Consumer,2025-10-19,3,3354.99,3400.18,149,0
CUST03048,Thomas,Rossi,Other,27,thomas.rossi3048@example.com,Tucson,Arizona,United States,Middle,Consumer,2023-08-15,2,692.53,773.6,220,1
CUST03049,Joyce,Costa,Male,37,joyce.costa3049@example.com,Ann Arbor,Michigan,United States,Lower-Middle,Consumer,2021-04-27,2,1363.94,1422.65,56,0
CUST03050,Mary,Wang,Other,18,mary.wang3050@example.com,New York City,New York,United States,Lower-Middle,Home Office,2025-08-20,6,2413.37,2452.49,209,1
CUST03051,Jerry,Garcia,Female,52,jerry.garcia3051@example.com,Augusta,Georgia,United States,Upper-Middle,Consumer,2021-02-07,2,9059.67,10080.73,536,1
CUST03052,Matthew,Torres,Female,38,matthew.torres3052@example.com,Bellevue,Washington,United States,Lower-Middle,Home Office,2023-02-26,1,5166.58,5834.28,1060,1
CUST03053,Thomas,Taylor,Male,50,thomas.taylor3053@example.com,San Francisco,California,United States,Low,Consumer,2024-01-06,5,6051.26,6817.47,129,0
CUST03054,Sharon,Hill,Male,50,sharon.hill3054@example.com,Columbus,Ohio,United States,Upper-Middle,Consumer,2020-01-22,2,2993.8599999999997,3428.42,1202,1
CUST03055,Michael,Brown,Male,46,michael.brown3055@example.com,Rochester,New York,United States,Lower-Middle,Consumer,2025-05-09,2,1152.96,1193.64,174,0
CUST03056,Jack,Kim,Female,18,jack.kim3056@example.com,Erie,Pennsylvania,United States,Middle,Corporate,2021-11-25,4,8914.72,9766.34,101,0
CUST03057,Matthew,Nelson,Other,19,matthew.nelson3057@example.com,Ann Arbor,Michigan,United States,Middle,Consumer,2020-12-12,2,1276.66,1381.03,188,1
CUST03058,James,Reddy,Other,38,james.reddy3058@example.com,Boston,Massachusetts,United States,Middle,Small Business,2022-12-20,4,2713.32,2748.42,51,0
CUST03059,Kimberly,Campbell,Male,38,kimberly.campbell3059@example.com,Durham,North Carolina,United States,Lower-Middle,Consumer,2024-12-05,3,2484.2,2530.6,242,1
CUST03060,Deborah,Lewis,Male,25,deborah.lewis3060@example.com,Houston,Texas,United States,High,Corporate,2020-12-18,1,3243.57,3340.46,1699,1
CUST03061,Michael,Clark,Male,29,michael.clark3061@example.com,Springfield,Illinois,United States,Upper-Middle,Consumer,2026-02-15,4,6421.2300000000005,7169.12,74,0
CUST03062,Gregory,Moore,Male,41,gregory.moore3062@example.com,San Francisco,California,United States,Lower-Middle,Consumer,2023-09-18,0,0.0,0.0,9999,1
CUST03063,Kimberly,Kumar,Male,34,kimberly.kumar3063@example.com,Miami,Florida,United States,Lower-Middle,Corporate,2024-01-05,2,538.0,599.68,17,0
CUST03064,Raymond,Singh,Other,29,raymond.singh3064@example.com,Greensboro,North Carolina,United States,Upper-Middle,Consumer,2019-07-01,4,2002.74,2130.39,25,0
CUST03065,Priya,Green,Other,44,priya.green3065@example.com,Tucson,Arizona,United States,Upper-Middle,Consumer,2026-05-05,0,0.0,0.0,9999,1
CUST03066,Samantha,Miller,Other,37,samantha.miller3066@example.com,New York City,New York,United States,Middle,Consumer,2022-10-02,3,3732.29,4014.89,880,1
CUST03067,Yuki,Torres,Female,30,yuki.torres3067@example.com,San Antonio,Texas,United States,Lower-Middle,Consumer,2025-07-09,4,7975.42,8520.0,1,0
CUST03068,Anthony,Green,Male,46,anthony.green3068@example.com,San Francisco,California,United States,Middle,Home Office,2023-04-07,2,146.49,151.54,240,1
CUST03069,George,Miller,Other,18,george.miller3069@example.com,Buffalo,New York,United States,Middle,Consumer,2026-01-28,3,3645.76,3934.77,28,0
CUST03070,Ronald,Baker,Female,23,ronald.baker3070@example.com,Albany,New York,United States,Upper-Middle,Home Office,2022-03-30,3,566.06,570.88,468,1
CUST03071,Jerry,Lee,Male,35,jerry.lee3071@example.com,Orlando,Florida,United States,Middle,Consumer,2020-04-29,2,3787.67,4136.24,1511,1
CUST03072,Priya,Robinson,Male,33,priya.robinson3072@example.com,San Francisco,California,United States,Lower-Middle,Consumer,2022-05-17,1,458.29,518.37,1100,1
CUST03073,Susan,Ramirez,Male,32,susan.ramirez3073@example.com,Miami,Florida,United States,Low,Consumer,2025-12-23,7,7059.5599999999995,7658.7,13,0
CUST03074,Timothy,Kim,Other,23,timothy.kim3074@example.com,Atlanta,Georgia,United States,Middle,Corporate,2022-05-09,1,1270.92,1432.91,632,1
CUST03075,Jason,Zhang,Female,27,jason.zhang3075@example.com,Philadelphia,Pennsylvania,United States,Upper-Middle,Consumer,2026-04-06,3,2228.02,2267.2,12,0
CUST03076,Jacob,Hall,Male,48,jacob.hall3076@example.com,Springfield,Massachusetts,United States,Upper-Middle,Consumer,2025-09-23,2,850.46,926.25,23,0
CUST03077,Emily,Mitchell,Male,36,emily.mitchell3077@example.com,Miami,Florida,United States,High,Consumer,2020-10-22,1,1087.9,1103.86,1750,1
CUST03078,Sandra,King,Male,39,sandra.king3078@example.com,Fort Collins,Colorado,United States,Lower-Middle,Consumer,2021-11-21,3,2643.9399999999996,2975.91,977,1
CUST03079,Raymond,Taylor,Other,30,raymond.taylor3079@example.com,San Francisco,California,United States,Lower-Middle,Consumer,2022-03-11,5,4007.37,4133.54,185,1
CUST03080,Arjun,Williams,Other,39,arjun.williams3080@example.com,San Antonio,Texas,United States,Lower-Middle,Consumer,2022-01-31,5,6543.27,6707.21,119,0
CUST03081,Arjun,Taylor,Female,27,arjun.taylor3081@example.com,Chicago,Illinois,United States,Low,Home Office,2024-05-07,5,917.77,948.71,125,0
CUST03082,Heather,Kumar,Other,31,heather.kumar3082@example.com,Trenton,New Jersey,United States,Upper-Middle,Consumer,2026-01-06,5,7100.66,8050.45,16,0
CUST03083,Tyler,Wilson,Other,35,tyler.wilson3083@example.com,Fort Collins,Colorado,United States,Middle,Consumer,2020-11-01,1,4.51,4.72,493,1
CUST03084,Neha,King,Other,40,neha.king3084@example.com,Columbus,Ohio,United States,Upper-Middle,Corporate,2021-05-21,0,0.0,0.0,9999,1
CUST03085,Aditya,White,Male,37,aditya.white3085@example.com,Trenton,New Jersey,United States,Middle,Corporate,2024-09-30,3,1107.01,1231.83,232,1
CUST03086,Sandra,Souza,Male,30,sandra.souza3086@example.com,Fort Collins,Colorado,United States,Upper-Middle,Consumer,2019-10-19,3,995.1,1081.44,889,1
CUST03087,Charles,Baker,Male,42,charles.baker3087@example.com,Charlotte,North Carolina,United States,Lower-Middle,Corporate,2022-01-21,4,1695.87,1945.21,447,1
CUST03088,Arjun,Baker,Other,22,arjun.baker3088@example.com,Toledo,Ohio,United States,Lower-Middle,Consumer,2023-04-27,1,1122.02,1217.4,1090,1
CUST03089,Shirley,Jackson,Male,60,shirley.jackson3089@example.com,Jacksonville,Florida,United States,Middle,Consumer,2022-02-18,3,6134.23,6283.56,991,1
CUST03090,Joyce,Martinez,Male,37,joyce.martinez3090@example.com,Worcester,Massachusetts,United States,Lower-Middle,Consumer,2023-02-23,2,758.29,821.48,747,1
CUST03091,Michael,Thomas,Other,34,michael.thomas3091@example.com,Greensboro,North Carolina,United States,Low,Corporate,2020-12-13,2,7605.58,8489.76,881,1
CUST03092,Janet,Singh,Male,22,janet.singh3092@example.com,Lowell,Massachusetts,United States,Middle,Home Office,2026-06-05,2,2741.3199999999997,3019.54,13,0
CUST03093,Chen,Martinez,Female,44,chen.martinez3093@example.com,Atlanta,Georgia,United States,Lower-Middle,Consumer,2023-11-14,4,2748.3599999999997,2916.59,98,0
CUST03094,Debra,Lewis,Female,36,debra.lewis3094@example.com,Grand Rapids,Michigan,United States,Lower-Middle,Small Business,2020-04-29,2,5472.8,6259.22,1022,1
CUST03095,Brandon,Allen,Male,41,brandon.allen3095@example.com,Mesa,Arizona,United States,Middle,Corporate,2025-08-30,3,1909.6100000000001,1948.35,39,0
CUST03096,Hiroshi,Anderson,Male,35,hiroshi.anderson3096@example.com,Atlanta,Georgia,United States,Lower-Middle,Small Business,2021-07-21,4,2685.66,3085.65,208,1
CUST03097,Deborah,Allen,Other,22,deborah.allen3097@example.com,Orlando,Florida,United States,Middle,Consumer,2025-12-31,5,3558.9900000000002,3892.56,105,0
CUST03098,George,Nguyen,Male,35,george.nguyen3098@example.com,Buffalo,New York,United States,Middle,Consumer,2026-06-02,3,4387.379999999999,4914.81,18,0
CUST03099,Dorothy,King,Male,45,dorothy.king3099@example.com,Lansing,Michigan,United States,High,Corporate,2020-09-09,2,540.95,584.76,238,1
CUST03100,James,Pereira,Male,57,james.pereira3100@example.com,Colorado Springs,Colorado,United States,High,Consumer,2026-06-08,1,85.35,94.26,38,0
CUST03101,Jeffrey,Williams,Other,43,jeffrey.williams3101@example.com,Rockford,Illinois,United States,Middle,Corporate,2021-02-07,5,13246.55,14863.85,311,1
CUST03102,Mateo,Nelson,Female,21,mateo.nelson3102@example.com,San Diego,California,United States,Low,Consumer,2019-06-29,3,6245.64,6306.04,132,0
CUST03103,Aditya,Mitchell,Other,37,aditya.mitchell3103@example.com,Lansing,Michigan,United States,Middle,Consumer,2024-05-29,2,3004.0,3403.01,110,0
CUST03104,Joyce,Green,Female,25,joyce.green3104@example.com,Jacksonville,Florida,United States,Lower-Middle,Corporate,2024-05-26,0,0.0,0.0,9999,1
CUST03105,Lisa,Sharma,Male,50,lisa.sharma3105@example.com,Cleveland,Ohio,United States,High,Corporate,2023-03-10,2,941.95,1027.88,122,0
CUST03106,Kenneth,Singh,Male,44,kenneth.singh3106@example.com,Tampa,Florida,United States,Middle,Consumer,2021-11-13,3,5012.67,5396.65,978,1
CUST03107,Kenneth,Perez,Other,25,kenneth.perez3107@example.com,Rochester,New York,United States,Lower-Middle,Consumer,2023-09-29,6,7097.08,7924.76,118,0
CUST03108,Yuki,Patel,Male,30,yuki.patel3108@example.com,Reading,Pennsylvania,United States,Lower-Middle,Corporate,2021-07-01,4,6462.8,7432.11,927,1
CUST03109,Patricia,Mitchell,Male,41,patricia.mitchell3109@example.com,Grand Rapids,Michigan,United States,Middle,Consumer,2024-06-08,1,2587.68,2651.93,201,1
CUST03110,Dorothy,Kumar,Male,38,dorothy.kumar3110@example.com,Miami,Florida,United States,Middle,Consumer,2021-06-11,5,3829.73,4372.04,573,1
CUST03111,Gregory,Patel,Male,65,gregory.patel3111@example.com,Jacksonville,Florida,United States,Middle,Corporate,2022-02-22,2,316.46000000000004,333.1,952,1
CUST03112,Karen,Kumar,Other,48,karen.kumar3112@example.com,Syracuse,New York,United States,Lower-Middle,Home Office,2020-12-20,7,12272.23,13905.49,323,1
CUST03113,Lisa,Garcia,Male,18,lisa.garcia3113@example.com,Toledo,Ohio,United States,Lower-Middle,Consumer,2020-01-19,3,2607.87,2887.45,878,1
CUST03114,Nicholas,Brown,Female,24,nicholas.brown3114@example.com,Everett,Washington,United States,Low,Consumer,2025-08-02,3,1912.54,1998.66,10,0
CUST03115,Susan,Lewis,Male,42,susan.lewis3115@example.com,Everett,Washington,United States,Low,Corporate,2025-10-21,2,1288.38,1350.75,208,1
CUST03116,Meera,Lewis,Male,52,meera.lewis3116@example.com,Tucson,Arizona,United States,Upper-Middle,Consumer,2022-08-08,3,2119.85,2235.25,267,1
CUST03117,Karan,Martin,Male,52,karan.martin3117@example.com,Dallas,Texas,United States,Middle,Consumer,2025-03-19,0,0.0,0.0,9999,1
CUST03118,Catherine,Anderson,Other,28,catherine.anderson3118@example.com,Mesa,Arizona,United States,Lower-Middle,Consumer,2021-05-01,4,2329.38,2457.31,319,1
CUST03119,Rebecca,Souza,Female,47,rebecca.souza3119@example.com,Athens,Georgia,United States,Upper-Middle,Consumer,2023-02-27,4,5914.7699999999995,6466.33,2,0
CUST03120,Samantha,Anderson,Female,31,samantha.anderson3120@example.com,Durham,North Carolina,United States,Middle,Consumer,2024-10-06,5,5643.55,6107.53,66,0
CUST03121,Michelle,Flores,Other,30,michelle.flores3121@example.com,Worcester,Massachusetts,United States,Low,Home Office,2024-11-20,2,75.31,78.62,14,0
CUST03122,Daniel,Kowalski,Female,47,daniel.kowalski3122@example.com,Paterson,New Jersey,United States,Middle,Consumer,2021-05-11,5,5535.98,5750.47,514,1
CUST03123,Vikram,Green,Other,40,vikram.green3123@example.com,Durham,North Carolina,United States,High,Corporate,2024-06-29,3,4574.68,5155.55,44,0
CUST03124,Andrew,Patel,Other,18,andrew.patel3124@example.com,Mesa,Arizona,United States,Lower-Middle,Consumer,2023-09-18,2,538.19,541.69,363,1
CUST03125,Thomas,Ramirez,Male,22,thomas.ramirez3125@example.com,Springfield,Illinois,United States,Middle,Corporate,2024-06-04,1,1035.31,1187.59,748,1
CUST03126,Sharon,Jackson,Male,31,sharon.jackson3126@example.com,New York City,New York,United States,Lower-Middle,Consumer,2021-01-06,3,2070.2,2109.54,38,0
CUST03127,William,Garcia,Other,26,william.garcia3127@example.com,Springfield,Illinois,United States,Lower-Middle,Consumer,2021-07-28,1,761.75,832.24,1246,1
CUST03128,Joseph,Torres,Other,25,joseph.torres3128@example.com,Scottsdale,Arizona,United States,High,Corporate,2022-11-14,5,16080.75,17835.26,2,0
CUST03129,Aditya,Anderson,Other,31,aditya.anderson3129@example.com,San Antonio,Texas,United States,Middle,Home Office,2020-01-10,6,7074.25,7312.77,821,1
CUST03130,Timothy,Scott,Male,72,timothy.scott3130@example.com,Flint,Michigan,United States,Middle,Consumer,2020-06-07,4,11249.26,11259.84,1143,1
CUST03131,Margaret,Anderson,Male,30,margaret.anderson3131@example.com,Chandler,Arizona,United States,Low,Home Office,2023-03-06,4,4103.87,4217.74,188,1
CUST03132,Jason,Kumar,Other,37,jason.kumar3132@example.com,San Francisco,California,United States,Low,Consumer,2024-08-04,2,2955.44,3080.52,95,0
CUST03133,Camila,Sanchez,Other,56,camila.sanchez3133@example.com,Tucson,Arizona,United States,Lower-Middle,Consumer,2024-04-09,3,3867.0899999999997,4062.66,674,1
CUST03134,Matthew,Gonzalez,Other,63,matthew.gonzalez3134@example.com,San Diego,California,United States,Low,Home Office,2023-08-09,5,1929.8999999999999,2114.77,1,0
CUST03135,Paul,Young,Male,41,paul.young3135@example.com,Elizabeth,New Jersey,United States,Middle,Consumer,2023-05-02,3,5047.02,5763.19,138,0
CUST03136,Amanda,Lee,Other,41,amanda.lee3136@example.com,Paterson,New Jersey,United States,Lower-Middle,Home Office,2019-09-30,0,0.0,0.0,9999,1
CUST03137,Joyce,Davis,Female,41,joyce.davis3137@example.com,Sacramento,California,United States,Middle,Consumer,2021-01-16,4,1094.02,1185.69,363,1
CUST03138,Neha,Zhang,Male,39,neha.zhang3138@example.com,Cambridge,Massachusetts,United States,Upper-Middle,Consumer,2019-08-22,3,7944.16,7959.89,687,1
CUST03139,Stephen,Clark,Other,38,stephen.clark3139@example.com,Elizabeth,New Jersey,United States,Upper-Middle,Corporate,2021-05-29,3,6566.62,7513.46,1112,1
CUST03140,Ming,Clark,Female,47,ming.clark3140@example.com,Jacksonville,Florida,United States,High,Consumer,2019-07-26,4,10221.94,10259.11,262,1
CUST03141,Carol,Anderson,Female,38,carol.anderson3141@example.com,Elizabeth,New Jersey,United States,Lower-Middle,Consumer,2019-08-14,1,1315.17,1437.49,2254,1
CUST03142,Ashley,Reddy,Male,37,ashley.reddy3142@example.com,Durham,North Carolina,United States,Low,Consumer,2022-10-18,3,2095.3399999999997,2382.09,880,1
CUST03143,Karen,Kowalski,Male,28,karen.kowalski3143@example.com,Worcester,Massachusetts,United States,High,Corporate,2020-11-29,1,76.96,83.66,345,1
CUST03144,Karen,Gonzalez,Other,23,karen.gonzalez3144@example.com,Everett,Washington,United States,Upper-Middle,Consumer,2026-04-01,5,7858.37,8306.27,21,0
CUST03145,Hiroshi,White,Other,29,hiroshi.white3145@example.com,Macon,Georgia,United States,Upper-Middle,Consumer,2023-01-15,2,2096.58,2292.2,306,1
CUST03146,Dorothy,Williams,Female,34,dorothy.williams3146@example.com,Toledo,Ohio,United States,Middle,Corporate,2022-08-08,1,3509.42,3909.22,1102,1
CUST03147,Jason,Mitchell,Prefer not to say,33,jason.mitchell3147@example.com,Boulder,Colorado,United States,Lower-Middle,Corporate,2024-05-01,6,10730.52,11403.2,135,0
CUST03148,Camila,Souza,Other,28,camila.souza3148@example.com,Charlotte,North Carolina,United States,Upper-Middle,Consumer,2020-03-11,2,2823.69,3081.28,1783,1
CUST03149,Elizabeth,Taylor,Female,57,elizabeth.taylor3149@example.com,Macon,Georgia,United States,High,Consumer,2024-11-03,4,7060.76,7799.87,167,0
CUST03150,Sofia,Kowalski,Female,42,sofia.kowalski3150@example.com,Phoenix,Arizona,United States,High,Consumer,2025-08-24,2,4926.47,5141.17,56,0
CUST03151,Meera,Souza,Other,27,meera.souza3151@example.com,Spokane,Washington,United States,Middle,Consumer,2025-04-22,5,3184.16,3302.97,108,0
CUST03152,Gary,Thompson,Other,45,gary.thompson3152@example.com,Phoenix,Arizona,United States,Upper-Middle,Consumer,2020-03-15,3,2908.44,3337.01,554,1
CUST03153,Ronald,Carter,Other,23,ronald.carter3153@example.com,Erie,Pennsylvania,United States,Middle,Consumer,2026-04-13,5,8369.12,9041.78,13,0
CUST03154,Wei,Rivera,Male,22,wei.rivera3154@example.com,Detroit,Michigan,United States,Lower-Middle,Consumer,2019-10-05,3,2050.08,2123.7,70,0
CUST03155,Christine,Kowalski,Male,22,christine.kowalski3155@example.com,Flint,Michigan,United States,Lower-Middle,Consumer,2024-11-13,5,13407.52,14651.37,101,0
CUST03156,Paul,Reddy,Female,30,paul.reddy3156@example.com,Seattle,Washington,United States,Upper-Middle,Home Office,2021-04-22,3,724.7,791.53,484,1
CUST03157,Samantha,Williams,Other,34,samantha.williams3157@example.com,Augusta,Georgia,United States,Middle,Home Office,2020-04-04,5,6667.780000000001,7608.54,2,0
CUST03158,Timothy,Gupta,Male,36,timothy.gupta3158@example.com,Ann Arbor,Michigan,United States,Upper-Middle,Corporate,2021-07-04,0,0.0,0.0,9999,1
CUST03159,Ronald,Dubois,Male,42,ronald.dubois3159@example.com,San Jose,California,United States,Middle,Corporate,2021-09-17,2,3780.0199999999995,4321.84,1385,1
CUST03160,Michelle,Ivanov,Female,47,michelle.ivanov3160@example.com,Rockford,Illinois,United States,Middle,Home Office,2020-10-31,2,2397.07,2604.86,542,1
CUST03161,Andrew,Patel,Other,18,andrew.patel3161@example.com,Chicago,Illinois,United States,Lower-Middle,Corporate,2024-12-27,2,558.6,566.31,503,1
CUST03162,Shirley,Hill,Female,44,shirley.hill3162@example.com,San Antonio,Texas,United States,Lower-Middle,Home Office,2025-07-02,3,4193.57,4561.07,93,0
CUST03163,Anna,Baker,Other,41,anna.baker3163@example.com,Jacksonville,Florida,United States,Middle,Home Office,2025-12-15,1,556.24,584.85,109,0
CUST03164,Susan,Carter,Other,50,susan.carter3164@example.com,Rockford,Illinois,United States,Low,Consumer,2024-06-21,3,6407.049999999999,7035.62,207,1
CUST03165,Mary,Perez,Female,51,mary.perez3165@example.com,Everett,Washington,United States,Upper-Middle,Consumer,2024-09-05,3,2443.37,2601.02,148,0
CUST03166,Nancy,Thomas,Male,58,nancy.thomas3166@example.com,Denver,Colorado,United States,Middle,Small Business,2024-01-19,2,1339.01,1439.33,243,1
CUST03167,Jennifer,Sharma,Other,30,jennifer.sharma3167@example.com,Cincinnati,Ohio,United States,Middle,Consumer,2019-12-05,4,1195.19,1345.35,1095,1
CUST03168,Isha,Pereira,Other,46,isha.pereira3168@example.com,Rochester,New York,United States,Upper-Middle,Consumer,2025-04-03,4,1604.77,1792.78,150,0
CUST03169,Susan,Lewis,Other,30,susan.lewis3169@example.com,San Jose,California,United States,Middle,Consumer,2023-09-26,6,6653.66,7069.64,43,0
CUST03170,Gregory,Garcia,Female,56,gregory.garcia3170@example.com,Erie,Pennsylvania,United States,Middle,Consumer,2023-07-23,2,611.31,617.7,767,1
CUST03171,Donald,Muller,Other,30,donald.muller3171@example.com,Chicago,Illinois,United States,Lower-Middle,Small Business,2020-07-11,1,2261.69,2302.34,982,1
CUST03172,Donald,Johnson,Female,62,donald.johnson3172@example.com,Albany,New York,United States,High,Consumer,2023-11-04,1,532.86,605.6,435,1
CUST03173,Betty,Garcia,Other,44,betty.garcia3173@example.com,Tacoma,Washington,United States,Middle,Corporate,2023-07-05,0,0.0,0.0,9999,1
CUST03174,Susan,Rivera,Male,26,susan.rivera3174@example.com,Spokane,Washington,United States,High,Small Business,2024-06-29,4,8737.039999999999,9161.28,18,0
CUST03175,Deborah,Nguyen,Female,18,deborah.nguyen3175@example.com,Fort Worth,Texas,United States,Upper-Middle,Consumer,2020-04-19,0,0.0,0.0,9999,1
CUST03176,Jeffrey,Pereira,Female,28,jeffrey.pereira3176@example.com,Tacoma,Washington,United States,Middle,Consumer,2021-01-12,1,193.14,217.5,1642,1
CUST03177,Jerry,Rossi,Other,29,jerry.rossi3177@example.com,Newark,New Jersey,United States,Lower-Middle,Consumer,2021-02-23,7,7600.8,8613.67,86,0
CUST03178,Rebecca,Jones,Other,56,rebecca.jones3178@example.com,Los Angeles,California,United States,Upper-Middle,Consumer,2020-07-16,4,1034.51,1060.66,178,0
CUST03179,Yuki,Thomas,Female,18,yuki.thomas3179@example.com,San Francisco,California,United States,High,Consumer,2024-12-09,2,768.3199999999999,817.61,41,0
CUST03180,Steven,Taylor,Male,53,steven.taylor3180@example.com,Flint,Michigan,United States,Middle,Consumer,2024-08-15,2,4105.650000000001,4376.95,295,1
CUST03181,Carol,Gupta,Female,41,carol.gupta3181@example.com,Greensboro,North Carolina,United States,Lower-Middle,Small Business,2023-07-23,5,4225.17,4610.59,219,1
CUST03182,Edward,Jackson,Male,24,edward.jackson3182@example.com,Worcester,Massachusetts,United States,Lower-Middle,Consumer,2020-05-28,3,475.44,506.62,420,1
CUST03183,Katherine,Reddy,Male,18,katherine.reddy3183@example.com,Fort Collins,Colorado,United States,Lower-Middle,Consumer,2020-12-09,2,113.82,125.24,1036,1
CUST03184,Daniel,White,Male,51,daniel.white3184@example.com,Colorado Springs,Colorado,United States,Middle,Consumer,2020-11-08,3,6680.75,7653.7,205,1
CUST03185,Betty,Nguyen,Female,27,betty.nguyen3185@example.com,Atlanta,Georgia,United States,Middle,Consumer,2021-01-26,2,464.01,486.72,1097,1
CUST03186,Deborah,Hill,Other,38,deborah.hill3186@example.com,Durham,North Carolina,United States,Upper-Middle,Consumer,2025-07-04,1,897.35,991.32,347,1
CUST03187,Mark,Reddy,Male,58,mark.reddy3187@example.com,Pittsburgh,Pennsylvania,United States,Upper-Middle,Home Office,2025-01-21,2,1192.02,1339.5,72,0
CUST03188,Brenda,Lewis,Female,53,brenda.lewis3188@example.com,Philadelphia,Pennsylvania,United States,Upper-Middle,Small Business,2024-05-09,1,42.4,43.15,563,1
CUST03189,Andrew,Nelson,Male,23,andrew.nelson3189@example.com,Mesa,Arizona,United States,Lower-Middle,Corporate,2023-07-31,0,0.0,0.0,9999,1
CUST03190,Aditya,Davis,Female,44,aditya.davis3190@example.com,San Francisco,California,United States,Lower-Middle,Consumer,2021-05-23,5,5647.389999999999,6169.42,514,1
CUST03191,Barbara,Rodriguez,Male,37,barbara.rodriguez3191@example.com,Paterson,New Jersey,United States,High,Corporate,2022-01-09,6,8631.980000000001,9017.95,525,1
CUST03192,Benjamin,Kim,Female,27,benjamin.kim3192@example.com,Savannah,Georgia,United States,Upper-Middle,Consumer,2020-11-26,2,3238.98,3424.13,1780,1
CUST03193,Jonathan,Young,Other,41,jonathan.young3193@example.com,Ann Arbor,Michigan,United States,Lower-Middle,Corporate,2021-06-27,2,5075.0,5192.11,719,1
CUST03194,Emma,Adams,Other,22,emma.adams3194@example.com,Buffalo,New York,United States,Middle,Consumer,2024-12-24,9,13027.470000000001,14803.45,47,0
CUST03195,Isha,Hall,Male,29,isha.hall3195@example.com,Rochester,New York,United States,Middle,Small Business,2025-12-11,1,1231.68,1367.68,232,1
CUST03196,Dorothy,Dubois,Male,29,dorothy.dubois3196@example.com,Reading,Pennsylvania,United States,Middle,Consumer,2023-06-12,6,9650.41,10194.8,33,0
CUST03197,Sofia,Miller,Female,52,sofia.miller3197@example.com,Charlotte,North Carolina,United States,Lower-Middle,Consumer,2020-12-17,3,1669.53,1702.59,221,1
CUST03198,Laura,Zhang,Female,52,laura.zhang3198@example.com,Naperville,Illinois,United States,Lower-Middle,Consumer,2022-03-27,1,1459.15,1532.37,1565,1
CUST03199,Betty,Rivera,Female,28,betty.rivera3199@example.com,Worcester,Massachusetts,United States,Middle,Consumer,2020-03-08,3,7148.43,7720.03,209,1
CUST03200,Dennis,Nguyen,Male,18,dennis.nguyen3200@example.com,San Antonio,Texas,United States,Middle,Consumer,2023-12-16,2,2148.86,2408.57,540,1
CUST03201,Ananya,Zhang,Female,21,ananya.zhang3201@example.com,Tampa,Florida,United States,Upper-Middle,Corporate,2020-10-26,5,8247.48,8814.84,1059,1
CUST03202,Robert,Nelson,Other,28,robert.nelson3202@example.com,Jacksonville,Florida,United States,Middle,Consumer,2023-11-22,4,1836.02,1873.7,77,0
CUST03203,Jessica,Andrade,Male,30,jessica.andrade3203@example.com,Jacksonville,Florida,United States,Upper-Middle,Consumer,2020-10-23,3,4062.2200000000003,4476.22,468,1
CUST03204,Margaret,Walker,Other,21,margaret.walker3204@example.com,Boulder,Colorado,United States,High,Consumer,2020-07-19,3,4197.0599999999995,4292.55,263,1
CUST03205,Robert,Silva,Other,18,robert.silva3205@example.com,Macon,Georgia,United States,Upper-Middle,Home Office,2025-10-12,0,0.0,0.0,9999,1
CUST03206,Stephen,Rodriguez,Female,24,stephen.rodriguez3206@example.com,Pittsburgh,Pennsylvania,United States,Middle,Consumer,2021-05-25,4,2892.83,3271.58,801,1
CUST03207,Andrew,Reddy,Other,53,andrew.reddy3207@example.com,Rochester,New York,United States,Low,Consumer,2025-01-20,1,3697.57,4229.79,550,1
CUST03208,Jeffrey,Flores,Other,34,jeffrey.flores3208@example.com,Cincinnati,Ohio,United States,Lower-Middle,Consumer,2024-08-30,1,284.8,318.92,363,1
CUST03209,Mark,Rossi,Male,34,mark.rossi3209@example.com,Lowell,Massachusetts,United States,Lower-Middle,Corporate,2024-07-11,3,5117.66,5792.58,50,0
CUST03210,Susan,Rivera,Male,39,susan.rivera3210@example.com,Toledo,Ohio,United States,Lower-Middle,Home Office,2019-08-04,3,3768.25,3951.63,468,1
CUST03211,Gary,Lopez,Prefer not to say,42,gary.lopez3211@example.com,Scottsdale,Arizona,United States,Middle,Consumer,2022-01-11,0,0.0,0.0,9999,1
CUST03212,Christopher,Sharma,Female,30,christopher.sharma3212@example.com,Detroit,Michigan,United States,Lower-Middle,Home Office,2019-12-01,3,2566.2400000000002,2629.31,440,1
CUST03213,Sarah,Allen,Other,53,sarah.allen3213@example.com,Paterson,New Jersey,United States,Upper-Middle,Consumer,2020-01-11,1,3488.36,3527.49,1470,1
CUST03214,Chen,Baker,Other,42,chen.baker3214@example.com,San Jose,California,United States,Middle,Home Office,2019-12-15,1,717.84,766.06,1537,1
CUST03215,Janet,Jones,Other,66,janet.jones3215@example.com,Houston,Texas,United States,Middle,Consumer,2022-02-18,1,118.06,133.69,235,1
CUST03216,Sandra,Williams,Other,36,sandra.williams3216@example.com,Raleigh,North Carolina,United States,Upper-Middle,Consumer,2025-04-11,1,1270.42,1394.38,127,0
CUST03217,Maria,Hernandez,Female,42,maria.hernandez3217@example.com,Winston-Salem,North Carolina,United States,Middle,Consumer,2019-11-03,6,7050.8099999999995,7284.63,222,1
CUST03218,Andrew,Perez,Female,41,andrew.perez3218@example.com,Tacoma,Washington,United States,Lower-Middle,Small Business,2022-09-17,2,595.71,627.3,18,0
CUST03219,Tyler,Costa,Other,35,tyler.costa3219@example.com,Rockford,Illinois,United States,Middle,Consumer,2026-02-08,2,2220.66,2403.8,45,0
CUST03220,Melissa,Chen,Female,18,melissa.chen3220@example.com,Syracuse,New York,United States,Upper-Middle,Home Office,2020-09-27,5,5560.150000000001,5882.69,101,0
CUST03221,Kevin,Hall,Male,47,kevin.hall3221@example.com,Lowell,Massachusetts,United States,High,Corporate,2022-02-27,4,2402.51,2733.4,599,1
CUST03222,Isha,Miller,Male,50,isha.miller3222@example.com,Buffalo,New York,United States,Middle,Corporate,2019-07-01,2,655.78,748.92,1862,1
CUST03223,Jack,Souza,Male,25,jack.souza3223@example.com,Detroit,Michigan,United States,Lower-Middle,Consumer,2022-09-03,3,4617.94,4637.25,638,1
CUST03224,Benjamin,Wang,Female,18,benjamin.wang3224@example.com,Newark,New Jersey,United States,Low,Consumer,2025-09-03,2,2199.99,2453.57,66,0
CUST03225,Samantha,Andrade,Female,39,samantha.andrade3225@example.com,Naperville,Illinois,United States,Upper-Middle,Home Office,2026-03-25,4,557.8199999999999,637.35,28,0
CUST03226,Priya,Clark,Male,21,priya.clark3226@example.com,Toledo,Ohio,United States,Middle,Consumer,2022-08-18,3,4979.67,5388.0,80,0
CUST03227,Anna,Wilson,Other,25,anna.wilson3227@example.com,Dallas,Texas,United States,Lower-Middle,Consumer,2026-04-12,2,3051.5,3078.39,88,0
CUST03228,Eric,Kowalski,Other,27,eric.kowalski3228@example.com,Erie,Pennsylvania,United States,Lower-Middle,Consumer,2019-11-15,2,449.32000000000005,453.99,1070,1
CUST03229,Ashley,Dubois,Male,18,ashley.dubois3229@example.com,Boulder,Colorado,United States,Lower-Middle,Small Business,2025-02-02,4,4480.9800000000005,4621.63,14,0
CUST03230,Larry,Johnson,Other,35,larry.johnson3230@example.com,Newark,New Jersey,United States,Upper-Middle,Corporate,2019-12-09,1,796.09,879.25,1977,1
CUST03231,Aditya,Perez,Female,29,aditya.perez3231@example.com,Denver,Colorado,United States,Middle,Consumer,2022-04-24,5,6048.240000000001,6219.33,456,1
CUST03232,Kenneth,Jackson,Female,29,kenneth.jackson3232@example.com,Greensboro,North Carolina,United States,Middle,Consumer,2019-11-22,3,7069.47,7635.72,401,1
CUST03233,Priya,Mitchell,Other,20,priya.mitchell3233@example.com,Austin,Texas,United States,Middle,Home Office,2025-12-25,1,3908.71,4199.26,185,1
CUST03234,Julie,Kim,Other,51,julie.kim3234@example.com,Phoenix,Arizona,United States,Lower-Middle,Consumer,2023-12-21,1,537.84,570.92,645,1
CUST03235,Ronald,Williams,Male,48,ronald.williams3235@example.com,Phoenix,Arizona,United States,Middle,Home Office,2023-08-01,2,1656.62,1825.27,15,0
CUST03236,David,Johnson,Male,46,david.johnson3236@example.com,Fort Lauderdale,Florida,United States,Upper-Middle,Small Business,2022-09-04,3,4320.24,4553.93,370,1
CUST03237,Michelle,Moore,Female,44,michelle.moore3237@example.com,Tacoma,Washington,United States,Lower-Middle,Corporate,2019-07-31,3,2204.9300000000003,2459.98,224,1
CUST03238,Jennifer,Davis,Female,52,jennifer.davis3238@example.com,Chandler,Arizona,United States,Upper-Middle,Home Office,2025-03-29,1,245.68,258.24,281,1
CUST03239,Meera,Kowalski,Male,43,meera.kowalski3239@example.com,Phoenix,Arizona,United States,Lower-Middle,Consumer,2022-10-31,2,2366.98,2490.49,458,1
CUST03240,Sarah,Hill,Male,41,sarah.hill3240@example.com,Jacksonville,Florida,United States,Middle,Small Business,2022-10-05,1,121.1,126.98,1045,1
CUST03241,Camila,Andrade,Female,34,camila.andrade3241@example.com,Savannah,Georgia,United States,Upper-Middle,Consumer,2024-06-20,2,2328.09,2556.77,64,0
CUST03242,Jeffrey,Hernandez,Other,23,jeffrey.hernandez3242@example.com,Tampa,Florida,United States,Upper-Middle,Consumer,2019-08-09,3,5562.16,5725.15,134,0
CUST03243,Ashley,Clark,Other,59,ashley.clark3243@example.com,Pittsburgh,Pennsylvania,United States,Low,Consumer,2024-08-19,1,875.84,961.6,511,1
CUST03244,Kevin,Pereira,Male,30,kevin.pereira3244@example.com,Erie,Pennsylvania,United States,Middle,Small Business,2021-10-11,1,562.8,570.95,644,1
CUST03245,Laura,Young,Female,57,laura.young3245@example.com,Austin,Texas,United States,Upper-Middle,Consumer,2025-03-06,4,5107.84,5561.79,49,0
CUST03246,Angela,White,Male,20,angela.white3246@example.com,Allentown,Pennsylvania,United States,Lower-Middle,Consumer,2026-01-14,6,5654.43,6103.93,53,0
CUST03247,Ronald,Garcia,Other,33,ronald.garcia3247@example.com,Spokane,Washington,United States,High,Consumer,2026-01-23,2,1040.1399999999999,1180.29,12,0
CUST03248,Lisa,Zhang,Other,24,lisa.zhang3248@example.com,San Francisco,California,United States,Middle,Small Business,2019-10-17,4,4564.719999999999,4952.45,10,0
CUST03249,Samuel,Carter,Female,30,samuel.carter3249@example.com,Columbus,Ohio,United States,High,Consumer,2025-11-19,3,473.86,474.72,32,0
CUST03250,Anna,Hernandez,Female,26,anna.hernandez3250@example.com,Cincinnati,Ohio,United States,Low,Corporate,2022-03-11,3,6420.08,6868.63,590,1
CUST03251,Timothy,Martinez,Other,31,timothy.martinez3251@example.com,Los Angeles,California,United States,High,Consumer,2022-06-15,2,1836.66,1870.47,853,1
CUST03252,Dorothy,Clark,Other,38,dorothy.clark3252@example.com,Reading,Pennsylvania,United States,High,Consumer,2023-05-09,4,4123.76,4304.16,2,0
CUST03253,Kimberly,Garcia,Male,36,kimberly.garcia3253@example.com,Philadelphia,Pennsylvania,United States,Lower-Middle,Corporate,2026-03-04,5,11969.83,12331.0,18,0
CUST03254,James,Moore,Male,44,james.moore3254@example.com,Savannah,Georgia,United States,Lower-Middle,Consumer,2022-11-19,3,5688.03,6540.48,532,1
CUST03255,Anthony,Gupta,Male,18,anthony.gupta3255@example.com,Syracuse,New York,United States,Lower-Middle,Consumer,2021-09-22,1,1776.0,1978.16,113,0
CUST03256,Paul,Zhang,Other,34,paul.zhang3256@example.com,Fort Worth,Texas,United States,Lower-Middle,Consumer,2022-07-16,1,361.99,366.69,530,1
CUST03257,Betty,Williams,Other,40,betty.williams3257@example.com,Lansing,Michigan,United States,Upper-Middle,Consumer,2020-04-11,5,3699.52,4119.62,494,1
CUST03258,Stephanie,King,Other,36,stephanie.king3258@example.com,Chandler,Arizona,United States,High,Small Business,2025-12-28,2,573.5699999999999,611.19,82,0
CUST03259,Olivia,Thompson,Other,40,olivia.thompson3259@example.com,Syracuse,New York,United States,Upper-Middle,Consumer,2020-08-18,2,4160.45,4674.75,772,1
CUST03260,Christine,Silva,Female,18,christine.silva3260@example.com,Augusta,Georgia,United States,Upper-Middle,Consumer,2022-06-11,4,3586.84,3687.73,1232,1
CUST03261,Meera,Walker,Other,32,meera.walker3261@example.com,Aurora,Colorado,United States,Upper-Middle,Consumer,2025-12-02,6,8112.77,9069.86,22,0
CUST03262,Karan,Dubois,Female,30,karan.dubois3262@example.com,San Antonio,Texas,United States,Upper-Middle,Consumer,2019-12-27,4,6384.69,6555.24,859,1
CUST03263,Jason,Thomas,Female,36,jason.thomas3263@example.com,Boston,Massachusetts,United States,Upper-Middle,Home Office,2022-06-24,3,1373.25,1525.28,390,1
CUST03264,Tyler,Jones,Male,39,tyler.jones3264@example.com,Tampa,Florida,United States,Middle,Home Office,2025-02-05,4,6713.5599999999995,7492.49,199,1
CUST03265,Chen,Rodriguez,Male,18,chen.rodriguez3265@example.com,Greensboro,North Carolina,United States,Middle,Consumer,2022-12-27,4,3092.03,3272.28,15,0
CUST03266,Dennis,Rivera,Other,30,dennis.rivera3266@example.com,Raleigh,North Carolina,United States,Lower-Middle,Consumer,2019-12-09,2,1319.33,1373.13,438,1
CUST03267,Jerry,Muller,Female,40,jerry.muller3267@example.com,Atlanta,Georgia,United States,Low,Corporate,2020-04-22,3,8048.11,8691.21,990,1
CUST03268,Scott,Johnson,Female,24,scott.johnson3268@example.com,Detroit,Michigan,United States,Lower-Middle,Home Office,2022-11-27,4,7681.139999999999,8157.39,83,0
CUST03269,Wei,Singh,Other,52,wei.singh3269@example.com,San Francisco,California,United States,Lower-Middle,Consumer,2023-10-08,0,0.0,0.0,9999,1
CUST03270,Kimberly,Perez,Male,33,kimberly.perez3270@example.com,San Diego,California,United States,Middle,Consumer,2020-02-24,2,2119.0,2360.12,1061,1
CUST03271,Wei,Robinson,Other,41,wei.robinson3271@example.com,Newark,New Jersey,United States,Low,Corporate,2023-05-04,4,6126.2,6982.23,584,1
CUST03272,Laura,Kim,Female,52,laura.kim3272@example.com,New York City,New York,United States,Upper-Middle,Consumer,2026-06-15,3,4086.28,4312.44,8,0
CUST03273,Linda,Ivanov,Other,41,linda.ivanov3273@example.com,Chandler,Arizona,United States,Lower-Middle,Corporate,2022-07-16,1,1669.52,1690.28,470,1
CUST03274,Christopher,Wright,Other,34,christopher.wright3274@example.com,Pittsburgh,Pennsylvania,United States,Middle,Consumer,2021-11-26,1,778.09,850.99,1593,1
CUST03275,Jacob,Flores,Male,26,jacob.flores3275@example.com,Dallas,Texas,United States,Upper-Middle,Consumer,2020-01-25,3,20054.04,22887.84,962,1
CUST03276,Cynthia,Brown,Female,43,cynthia.brown3276@example.com,Flint,Michigan,United States,Lower-Middle,Consumer,2022-03-20,6,6761.08,6820.72,607,1
CUST03277,Steven,Kumar,Male,38,steven.kumar3277@example.com,Orlando,Florida,United States,Middle,Small Business,2021-10-22,4,4237.49,4474.08,660,1
CUST03278,Isha,Hill,Male,27,isha.hill3278@example.com,Worcester,Massachusetts,United States,Lower-Middle,Consumer,2020-07-04,1,2483.61,2628.39,2142,1
CUST03279,Yuki,Ramirez,Male,55,yuki.ramirez3279@example.com,Albany,New York,United States,Lower-Middle,Home Office,2023-06-20,3,3618.83,3645.57,68,0
CUST03280,Michael,Jones,Female,26,michael.jones3280@example.com,Tampa,Florida,United States,Middle,Consumer,2026-01-08,5,11496.57,12587.32,9,0
CUST03281,Edward,Ramirez,Male,29,edward.ramirez3281@example.com,Sacramento,California,United States,Lower-Middle,Consumer,2019-08-11,0,0.0,0.0,9999,1
CUST03282,Janet,Perez,Male,43,janet.perez3282@example.com,San Francisco,California,United States,Low,Consumer,2023-11-20,4,5849.110000000001,6066.05,76,0
CUST03283,Priya,Walker,Other,44,priya.walker3283@example.com,Toledo,Ohio,United States,Lower-Middle,Corporate,2025-07-27,3,8068.37,8881.19,22,0
CUST03284,Margaret,Kumar,Male,21,margaret.kumar3284@example.com,Winston-Salem,North Carolina,United States,Low,Consumer,2022-05-29,0,0.0,0.0,9999,1
CUST03285,Scott,Green,Male,39,scott.green3285@example.com,Los Angeles,California,United States,Middle,Consumer,2021-01-20,2,381.81000000000006,403.24,95,0
CUST03286,Arjun,Johnson,Male,38,arjun.johnson3286@example.com,Sacramento,California,United States,Middle,Consumer,2019-11-23,3,1875.1999999999998,1991.58,1552,1
CUST03287,Julie,Jones,Male,39,julie.jones3287@example.com,Bellevue,Washington,United States,Lower-Middle,Consumer,2021-02-20,2,1358.96,1528.7,1404,1
CUST03288,Jonathan,Carter,Other,24,jonathan.carter3288@example.com,Detroit,Michigan,United States,Middle,Home Office,2025-12-05,0,0.0,0.0,9999,1
CUST03289,Samuel,Roberts,Male,23,samuel.roberts3289@example.com,Savannah,Georgia,United States,Lower-Middle,Home Office,2025-07-16,3,4492.55,4759.55,28,0
CUST03290,Steven,Green,Other,19,steven.green3290@example.com,Aurora,Colorado,United States,Middle,Consumer,2024-10-01,2,1610.57,1808.82,211,1
CUST03291,Gary,Anderson,Other,33,gary.anderson3291@example.com,Grand Rapids,Michigan,United States,Upper-Middle,Small Business,2020-06-26,4,9986.6,11167.22,279,1
CUST03292,Amy,Smith,Female,36,amy.smith3292@example.com,Augusta,Georgia,United States,Lower-Middle,Consumer,2021-06-10,0,0.0,0.0,9999,1
CUST03293,Charles,Lewis,Female,57,charles.lewis3293@example.com,Springfield,Massachusetts,United States,Upper-Middle,Small Business,2020-12-14,2,868.19,892.68,621,1
CUST03294,Thomas,White,Male,67,thomas.white3294@example.com,Pittsburgh,Pennsylvania,United States,Middle,Consumer,2020-02-16,3,4587.8099999999995,5242.9,86,0
CUST03295,Carol,White,Female,22,carol.white3295@example.com,Fort Lauderdale,Florida,United States,Upper-Middle,Consumer,2022-04-15,5,11674.93,12122.81,349,1
CUST03296,Jack,Williams,Female,38,jack.williams3296@example.com,Ann Arbor,Michigan,United States,Upper-Middle,Consumer,2022-12-06,1,374.83,405.68,559,1
CUST03297,Isha,Muller,Female,37,isha.muller3297@example.com,Jersey City,New Jersey,United States,Middle,Consumer,2019-09-30,1,641.14,645.26,108,0
CUST03298,Lisa,Singh,Female,38,lisa.singh3298@example.com,Tacoma,Washington,United States,Low,Small Business,2025-03-27,3,3807.65,4236.33,236,1
CUST03299,Amy,Kumar,Other,40,amy.kumar3299@example.com,San Antonio,Texas,United States,Upper-Middle,Corporate,2026-04-14,1,2414.38,2573.45,14,0
CUST03300,Patricia,Moore,Other,31,patricia.moore3300@example.com,Naperville,Illinois,United States,Middle,Consumer,2020-08-15,2,6880.23,7194.59,838,1
CUST03301,Joseph,Carter,Male,39,joseph.carter3301@example.com,San Francisco,California,United States,Lower-Middle,Corporate,2021-06-21,2,251.68,275.64,992,1
CUST03302,Kenneth,Souza,Male,39,kenneth.souza3302@example.com,Detroit,Michigan,United States,Upper-Middle,Consumer,2021-12-27,0,0.0,0.0,9999,1
CUST03303,Stephanie,Torres,Other,32,stephanie.torres3303@example.com,Chandler,Arizona,United States,Upper-Middle,Consumer,2020-12-30,1,1508.55,1700.08,1597,1
CUST03304,Stephen,Gupta,Other,43,stephen.gupta3304@example.com,Lowell,Massachusetts,United States,Middle,Consumer,2024-06-19,1,210.34,212.09,473,1
CUST03305,Edward,Davis,Other,50,edward.davis3305@example.com,Newark,New Jersey,United States,Middle,Consumer,2023-11-24,4,5182.639999999999,5440.4,21,0
CUST03306,Kimberly,Brown,Female,31,kimberly.brown3306@example.com,Raleigh,North Carolina,United States,Upper-Middle,Corporate,2022-01-27,5,4278.58,4494.31,390,1
CUST03307,Barbara,Anderson,Female,41,barbara.anderson3307@example.com,Detroit,Michigan,United States,Lower-Middle,Home Office,2022-02-20,5,2438.15,2773.58,291,1
CUST03308,Thomas,Hernandez,Male,31,thomas.hernandez3308@example.com,Cincinnati,Ohio,United States,Low,Corporate,2024-03-23,2,531.46,580.33,513,1
CUST03309,Heather,Andrade,Female,19,heather.andrade3309@example.com,Jersey City,New Jersey,United States,Middle,Corporate,2024-02-11,3,1745.5900000000001,1954.97,154,0
CUST03310,Thomas,Sanchez,Male,18,thomas.sanchez3310@example.com,Springfield,Massachusetts,United States,Lower-Middle,Consumer,2024-02-26,5,3067.7799999999997,3366.77,58,0
CUST03311,Sharon,Wright,Other,53,sharon.wright3311@example.com,Atlanta,Georgia,United States,Lower-Middle,Consumer,2024-11-06,2,988.4599999999999,1099.1,348,1
CUST03312,Eric,Kumar,Female,26,eric.kumar3312@example.com,Allentown,Pennsylvania,United States,Lower-Middle,Corporate,2021-06-18,3,10074.599999999999,11278.14,271,1
CUST03313,Mary,Perez,Male,30,mary.perez3313@example.com,Dallas,Texas,United States,Upper-Middle,Consumer,2025-03-04,2,1056.91,1155.27,159,0
CUST03314,Diego,Jackson,Female,45,diego.jackson3314@example.com,Denver,Colorado,United States,High,Consumer,2026-05-24,1,1498.38,1574.68,43,0
CUST03315,Anthony,Ramirez,Male,47,anthony.ramirez3315@example.com,Los Angeles,California,United States,Low,Consumer,2020-08-30,3,501.87,539.16,867,1
CUST03316,Ashley,Nguyen,Female,24,ashley.nguyen3316@example.com,Scottsdale,Arizona,United States,Lower-Middle,Consumer,2024-11-04,2,3325.74,3716.4,306,1
CUST03317,James,Smith,Other,62,james.smith3317@example.com,Winston-Salem,North Carolina,United States,Upper-Middle,Corporate,2021-07-18,3,821.99,842.65,1223,1
CUST03318,Barbara,Thomas,Female,29,barbara.thomas3318@example.com,Chicago,Illinois,United States,Upper-Middle,Consumer,2022-08-22,5,4117.6900000000005,4368.06,120,0
CUST03319,Meera,Lopez,Other,36,meera.lopez3319@example.com,Akron,Ohio,United States,Middle,Home Office,2021-06-28,2,3494.02,3522.42,868,1
CUST03320,Sarah,Ivanov,Other,21,sarah.ivanov3320@example.com,Jacksonville,Florida,United States,Upper-Middle,Corporate,2025-03-27,5,1001.4399999999999,1080.83,53,0
CUST03321,Diego,Zhang,Male,26,diego.zhang3321@example.com,Chandler,Arizona,United States,Middle,Consumer,2024-07-21,5,6374.55,6835.96,138,0
CUST03322,Jack,Baker,Male,52,jack.baker3322@example.com,Rockford,Illinois,United States,High,Home Office,2021-12-11,2,401.72,449.22,656,1
CUST03323,Emma,Gupta,Female,31,emma.gupta3323@example.com,Augusta,Georgia,United States,Lower-Middle,Consumer,2021-03-16,1,1144.68,1260.27,1150,1
CUST03324,Sofia,Silva,Male,30,sofia.silva3324@example.com,Springfield,Illinois,United States,Middle,Home Office,2024-02-07,3,1518.4199999999998,1622.97,177,0
CUST03325,Heather,Young,Male,33,heather.young3325@example.com,Atlanta,Georgia,United States,Middle,Consumer,2021-07-19,2,2246.77,2424.85,792,1
CUST03326,Barbara,Mitchell,Female,40,barbara.mitchell3326@example.com,Mesa,Arizona,United States,Middle,Home Office,2024-07-15,4,4390.13,4476.38,347,1
CUST03327,Ananya,Flores,Male,46,ananya.flores3327@example.com,New York City,New York,United States,Middle,Home Office,2021-08-20,3,6244.259999999999,6998.43,328,1
CUST03328,Gregory,Johnson,Male,50,gregory.johnson3328@example.com,Austin,Texas,United States,Lower-Middle,Consumer,2022-07-03,4,2654.19,2678.78,46,0
CUST03329,Timothy,Kumar,Female,58,timothy.kumar3329@example.com,Sacramento,California,United States,Middle,Corporate,2022-10-21,3,5593.7699999999995,5855.57,68,0
CUST03330,Katherine,Allen,Other,58,katherine.allen3330@example.com,Rockford,Illinois,United States,Lower-Middle,Consumer,2024-08-03,1,487.42,552.6,56,0
CUST03331,Jeffrey,Jackson,Male,18,jeffrey.jackson3331@example.com,Phoenix,Arizona,United States,Low,Consumer,2024-07-10,5,4784.97,5418.05,326,1
CUST03332,Ming,Williams,Other,34,ming.williams3332@example.com,Worcester,Massachusetts,United States,Upper-Middle,Small Business,2025-08-28,5,8603.69,8929.48,37,0
CUST03333,Janet,Kowalski,Other,39,janet.kowalski3333@example.com,Buffalo,New York,United States,Lower-Middle,Consumer,2023-02-04,2,3229.86,3697.41,113,0
CUST03334,Mateo,Torres,Female,34,mateo.torres3334@example.com,San Francisco,California,United States,Lower-Middle,Consumer,2021-09-13,5,17695.36,20237.08,581,1
CUST03335,Shirley,Rodriguez,Other,40,shirley.rodriguez3335@example.com,Augusta,Georgia,United States,Lower-Middle,Consumer,2020-08-12,6,10480.189999999999,11981.24,723,1
CUST03336,Sandra,Rivera,Female,52,sandra.rivera3336@example.com,Spokane,Washington,United States,Lower-Middle,Small Business,2023-12-18,1,544.57,545.83,69,0
CUST03337,Mark,Hall,Male,37,mark.hall3337@example.com,Atlanta,Georgia,United States,Lower-Middle,Consumer,2021-03-24,3,1332.54,1421.94,232,1
CUST03338,Richard,Moore,Male,22,richard.moore3338@example.com,Durham,North Carolina,United States,Middle,Corporate,2023-08-12,5,10501.34,10967.78,279,1
CUST03339,Diego,Rodriguez,Other,25,diego.rodriguez3339@example.com,Spokane,Washington,United States,High,Consumer,2019-08-11,1,198.98,200.01,1818,1
CUST03340,John,Torres,Male,31,john.torres3340@example.com,Bellevue,Washington,United States,Upper-Middle,Consumer,2021-02-04,4,6159.79,6455.14,594,1
CUST03341,Scott,Thompson,Female,44,scott.thompson3341@example.com,Miami,Florida,United States,Middle,Consumer,2023-05-19,4,4633.42,5225.54,304,1
CUST03342,David,Taylor,Other,31,david.taylor3342@example.com,Raleigh,North Carolina,United States,Lower-Middle,Consumer,2020-09-16,1,297.79,311.43,437,1
CUST03343,Barbara,Thompson,Other,41,barbara.thompson3343@example.com,Orlando,Florida,United States,Upper-Middle,Small Business,2025-08-14,2,2816.5,3003.39,115,0
CUST03344,Jason,Rodriguez,Male,40,jason.rodriguez3344@example.com,Philadelphia,Pennsylvania,United States,Low,Small Business,2023-09-19,1,17.61,19.35,375,1
CUST03345,Brenda,Mitchell,Other,33,brenda.mitchell3345@example.com,Sacramento,California,United States,Middle,Home Office,2025-12-25,3,2920.72,2925.85,37,0
CUST03346,Mark,King,Other,53,mark.king3346@example.com,Peoria,Illinois,United States,Low,Home Office,2026-04-01,3,3593.3599999999997,3823.09,7,0
CUST03347,Samuel,Thompson,Female,41,samuel.thompson3347@example.com,Jersey City,New Jersey,United States,Middle,Consumer,2022-08-23,2,6708.57,7661.95,1025,1
CUST03348,Benjamin,Hill,Male,48,benjamin.hill3348@example.com,Columbus,Ohio,United States,Middle,Consumer,2021-11-08,3,1378.8899999999999,1403.4,186,1
CUST03349,James,Campbell,Other,35,james.campbell3349@example.com,Savannah,Georgia,United States,Lower-Middle,Home Office,2019-10-12,5,5914.1900000000005,6648.35,868,1
CUST03350,Kimberly,Walker,Female,21,kimberly.walker3350@example.com,Reading,Pennsylvania,United States,Low,Small Business,2025-06-21,4,3452.05,3775.6,7,0
CUST03351,Brenda,Perez,Male,18,brenda.perez3351@example.com,Rochester,New York,United States,Upper-Middle,Consumer,2026-02-18,3,564.9100000000001,648.91,38,0
CUST03352,Ryan,White,Male,30,ryan.white3352@example.com,Toledo,Ohio,United States,Middle,Home Office,2024-08-11,1,3146.18,3177.71,673,1
CUST03353,Maria,Roberts,Other,48,maria.roberts3353@example.com,Trenton,New Jersey,United States,Upper-Middle,Small Business,2023-10-18,4,3393.65,3857.42,62,0
CUST03354,Meera,Taylor,Other,42,meera.taylor3354@example.com,Chicago,Illinois,United States,Upper-Middle,Home Office,2019-09-17,3,2694.62,2972.26,1994,1
CUST03355,Timothy,Pereira,Female,39,timothy.pereira3355@example.com,Macon,Georgia,United States,Upper-Middle,Consumer,2019-08-18,3,1117.75,1171.72,1108,1
CUST03356,Cynthia,Hernandez,Other,37,cynthia.hernandez3356@example.com,Spokane,Washington,United States,Low,Consumer,2020-12-01,2,2138.34,2311.29,1133,1
CUST03357,Mary,Jones,Other,18,mary.jones3357@example.com,Columbus,Ohio,United States,Lower-Middle,Corporate,2019-07-27,2,2000.4299999999998,2138.15,251,1
CUST03358,Joshua,Jackson,Female,31,joshua.jackson3358@example.com,Buffalo,New York,United States,Upper-Middle,Home Office,2019-12-19,3,854.3599999999999,955.62,1651,1
CUST03359,Michelle,Miller,Other,50,michelle.miller3359@example.com,Peoria,Illinois,United States,Upper-Middle,Consumer,2022-08-20,6,6447.97,6743.98,272,1
CUST03360,Joseph,Martin,Other,18,joseph.martin3360@example.com,Austin,Texas,United States,Middle,Consumer,2023-06-09,3,2990.1000000000004,3089.74,125,0
CUST03361,Diane,Rivera,Female,34,diane.rivera3361@example.com,Rochester,New York,United States,Middle,Consumer,2022-02-16,2,1120.12,1283.39,990,1
CUST03362,Stephanie,Scott,Other,41,stephanie.scott3362@example.com,Springfield,Massachusetts,United States,Upper-Middle,Home Office,2020-01-24,3,4847.360000000001,5057.39,975,1
CUST03363,Richard,Ivanov,Other,40,richard.ivanov3363@example.com,Worcester,Massachusetts,United States,Middle,Consumer,2025-01-30,1,97.38,110.39,459,1
CUST03364,Cynthia,Young,Prefer not to say,18,cynthia.young3364@example.com,Sacramento,California,United States,Lower-Middle,Consumer,2026-01-18,6,3441.4300000000003,3814.74,15,0
CUST03365,Carolyn,Torres,Male,33,carolyn.torres3365@example.com,Winston-Salem,North Carolina,United States,Upper-Middle,Consumer,2021-12-17,2,2888.98,2984.69,620,1
CUST03366,Emily,Singh,Female,38,emily.singh3366@example.com,Charlotte,North Carolina,United States,Middle,Home Office,2024-11-14,4,7849.4400000000005,7909.87,22,0
CUST03367,John,Hall,Male,27,john.hall3367@example.com,Denver,Colorado,United States,High,Consumer,2021-06-19,1,6573.72,7171.3,19,0
CUST03368,Christopher,Mitchell,Other,25,christopher.mitchell3368@example.com,Springfield,Illinois,United States,Upper-Middle,Consumer,2021-02-25,2,414.25,473.19,49,0
CUST03369,Heather,White,Male,43,heather.white3369@example.com,Miami,Florida,United States,Upper-Middle,Consumer,2024-09-09,4,5259.0599999999995,5791.09,23,0
CUST03370,Christine,Andrade,Male,33,christine.andrade3370@example.com,Columbus,Ohio,United States,Middle,Consumer,2024-04-01,2,897.9399999999999,899.19,409,1
CUST03371,Jack,Kowalski,Male,32,jack.kowalski3371@example.com,Columbus,Ohio,United States,Lower-Middle,Consumer,2020-03-16,2,123.91,126.26,1982,1
CUST03372,Frank,Sanchez,Female,32,frank.sanchez3372@example.com,Fort Worth,Texas,United States,Middle,Corporate,2024-04-07,3,7188.639999999999,7686.08,432,1
CUST03373,Scott,Miller,Female,21,scott.miller3373@example.com,Houston,Texas,United States,Low,Consumer,2024-10-01,1,227.08,255.46,166,0
CUST03374,Joshua,Muller,Male,39,joshua.muller3374@example.com,Denver,Colorado,United States,Lower-Middle,Corporate,2019-11-26,1,614.36,671.21,2383,1
CUST03375,Dennis,Gonzalez,Other,48,dennis.gonzalez3375@example.com,Lansing,Michigan,United States,Middle,Consumer,2023-10-01,3,2973.78,3401.15,387,1
CUST03376,Dennis,Wilson,Male,58,dennis.wilson3376@example.com,Paterson,New Jersey,United States,Upper-Middle,Small Business,2021-07-24,4,2489.16,2810.67,334,1
CUST03377,Alexander,Miller,Female,36,alexander.miller3377@example.com,Chandler,Arizona,United States,Low,Corporate,2025-02-24,0,0.0,0.0,9999,1
CUST03378,Karan,Kim,Female,41,karan.kim3378@example.com,Boulder,Colorado,United States,Upper-Middle,Small Business,2020-01-25,5,9546.4,10167.53,1052,1
CUST03379,Debra,Thomas,Female,31,debra.thomas3379@example.com,Dallas,Texas,United States,Lower-Middle,Consumer,2025-10-06,2,334.57,337.34,162,0
CUST03380,Nancy,Thomas,Male,43,nancy.thomas3380@example.com,Sacramento,California,United States,Middle,Corporate,2020-08-14,2,5417.2300000000005,5765.03,567,1
CUST03381,Isha,Chen,Female,25,isha.chen3381@example.com,Charlotte,North Carolina,United States,Lower-Middle,Consumer,2024-12-31,4,1493.38,1574.55,133,0
CUST03382,Jerry,Davis,Female,34,jerry.davis3382@example.com,Tucson,Arizona,United States,Lower-Middle,Consumer,2022-08-12,3,642.56,658.75,401,1
CUST03383,Jason,Brown,Male,22,jason.brown3383@example.com,Winston-Salem,North Carolina,United States,Upper-Middle,Consumer,2024-12-27,2,3714.39,4249.61,137,0
CUST03384,Vikram,Martin,Other,45,vikram.martin3384@example.com,Buffalo,New York,United States,Middle,Home Office,2021-05-01,2,8889.119999999999,9424.55,426,1
CUST03385,Benjamin,Roberts,Female,20,benjamin.roberts3385@example.com,Peoria,Illinois,United States,Upper-Middle,Consumer,2020-02-11,1,1190.24,1361.55,2143,1
CUST03386,Angela,Baker,Prefer not to say,33,angela.baker3386@example.com,Colorado Springs,Colorado,United States,Low,Home Office,2025-06-11,5,7146.34,7407.39,22,0
CUST03387,Stephen,Wilson,Male,55,stephen.wilson3387@example.com,Newark,New Jersey,United States,Upper-Middle,Consumer,2023-08-27,1,1421.21,1586.58,880,1
CUST03388,Carolyn,Campbell,Female,53,carolyn.campbell3388@example.com,Springfield,Massachusetts,United States,Upper-Middle,Consumer,2024-06-06,5,6164.7300000000005,6435.3,29,0
CUST03389,Mary,Perez,Other,53,mary.perez3389@example.com,Tacoma,Washington,United States,Upper-Middle,Consumer,2020-10-29,5,4180.32,4730.4,716,1
CUST03390,Joyce,Moore,Male,35,joyce.moore3390@example.com,Jacksonville,Florida,United States,Lower-Middle,Home Office,2019-08-18,2,464.39,480.48,563,1
CUST03391,Ronald,Jones,Other,27,ronald.jones3391@example.com,Cambridge,Massachusetts,United States,Middle,Consumer,2022-03-02,4,2467.6,2604.18,262,1
CUST03392,Amanda,Zhang,Other,56,amanda.zhang3392@example.com,Peoria,Illinois,United States,Middle,Consumer,2024-07-02,2,263.91999999999996,273.22,434,1
CUST03393,Jeffrey,Rivera,Other,27,jeffrey.rivera3393@example.com,San Antonio,Texas,United States,Middle,Consumer,2024-08-09,2,2839.45,3116.85,361,1
CUST03394,Karan,Campbell,Male,31,karan.campbell3394@example.com,Tucson,Arizona,United States,Lower-Middle,Corporate,2023-06-19,1,759.79,794.94,735,1
CUST03395,Isha,Kumar,Male,18,isha.kumar3395@example.com,Trenton,New Jersey,United States,Middle,Consumer,2025-03-16,5,1995.37,2156.35,77,0
CUST03396,Mateo,Johnson,Female,41,mateo.johnson3396@example.com,Orlando,Florida,United States,Low,Small Business,2024-03-16,5,8337.82,8406.05,20,0
CUST03397,Rahul,Costa,Male,32,rahul.costa3397@example.com,Springfield,Massachusetts,United States,Lower-Middle,Consumer,2025-11-12,4,4402.11,4522.78,7,0
CUST03398,Dennis,Anderson,Male,36,dennis.anderson3398@example.com,Flint,Michigan,United States,Middle,Consumer,2023-05-15,7,9363.439999999999,10305.96,126,0
CUST03399,Meera,Nguyen,Male,44,meera.nguyen3399@example.com,Charlotte,North Carolina,United States,Low,Consumer,2023-02-04,3,4279.42,4597.78,223,1
CUST03400,Susan,Gupta,Male,34,susan.gupta3400@example.com,Detroit,Michigan,United States,Lower-Middle,Consumer,2021-11-13,2,4900.91,5222.26,594,1
CUST03401,Charles,Gonzalez,Female,38,charles.gonzalez3401@example.com,Philadelphia,Pennsylvania,United States,Middle,Consumer,2024-10-30,6,13498.16,14493.66,42,0
CUST03402,Ananya,Roberts,Female,43,ananya.roberts3402@example.com,Mesa,Arizona,United States,Upper-Middle,Consumer,2026-01-26,1,2268.38,2322.15,63,0
CUST03403,Gregory,Nelson,Other,37,gregory.nelson3403@example.com,Tampa,Florida,United States,Low,Consumer,2022-07-10,6,9330.27,9982.95,210,1
CUST03404,John,Thomas,Female,50,john.thomas3404@example.com,Trenton,New Jersey,United States,Middle,Home Office,2023-06-29,1,4985.98,4997.42,14,0
CUST03405,Karen,Dubois,Female,33,karen.dubois3405@example.com,Winston-Salem,North Carolina,United States,Upper-Middle,Consumer,2024-05-04,1,3796.64,4316.49,239,1
CUST03406,Amy,Young,Female,29,amy.young3406@example.com,Durham,North Carolina,United States,Upper-Middle,Small Business,2021-05-28,2,1904.71,2077.72,292,1
CUST03407,Joseph,Moore,Female,45,joseph.moore3407@example.com,Charlotte,North Carolina,United States,High,Consumer,2024-08-21,1,10.98,12.33,373,1
CUST03408,Richard,Moore,Female,39,richard.moore3408@example.com,Fort Lauderdale,Florida,United States,Upper-Middle,Consumer,2024-11-01,1,2164.33,2323.98,246,1
CUST03409,Richard,Baker,Male,38,richard.baker3409@example.com,Allentown,Pennsylvania,United States,Middle,Small Business,2021-11-22,1,4337.35,4832.03,97,0
CUST03410,Jennifer,Kim,Other,45,jennifer.kim3410@example.com,Buffalo,New York,United States,Middle,Consumer,2022-04-27,1,627.68,698.51,1241,1
CUST03411,Victoria,Nguyen,Female,30,victoria.nguyen3411@example.com,Cincinnati,Ohio,United States,Middle,Consumer,2024-09-20,3,2529.74,2633.41,311,1
CUST03412,Charles,Jones,Female,39,charles.jones3412@example.com,Philadelphia,Pennsylvania,United States,Lower-Middle,Consumer,2025-06-16,1,1551.67,1780.1,143,0
CUST03413,Linda,Kowalski,Female,24,linda.kowalski3413@example.com,Atlanta,Georgia,United States,Middle,Consumer,2026-02-23,4,7163.16,8199.18,16,0
CUST03414,Samuel,Rossi,Female,39,samuel.rossi3414@example.com,Raleigh,North Carolina,United States,Middle,Consumer,2024-05-01,0,0.0,0.0,9999,1
CUST03415,Richard,Dubois,Male,43,richard.dubois3415@example.com,Allentown,Pennsylvania,United States,Middle,Home Office,2022-07-23,4,4633.44,4857.11,220,1
CUST03416,Yuki,Chen,Female,36,yuki.chen3416@example.com,Chicago,Illinois,United States,Middle,Consumer,2024-10-22,5,5363.99,6023.65,90,0
CUST03417,Ryan,White,Male,51,ryan.white3417@example.com,Columbus,Ohio,United States,Middle,Consumer,2023-08-30,2,1989.13,2073.46,134,0
CUST03418,Joyce,Sharma,Female,59,joyce.sharma3418@example.com,Everett,Washington,United States,High,Home Office,2019-11-23,1,248.62,250.68,785,1
CUST03419,Lisa,Costa,Male,27,lisa.costa3419@example.com,Aurora,Colorado,United States,Middle,Consumer,2026-05-06,3,5561.18,5910.8,45,0
CUST03420,Sarah,Johnson,Other,37,sarah.johnson3420@example.com,Athens,Georgia,United States,Lower-Middle,Consumer,2020-04-23,3,1989.6,2277.11,204,1
CUST03421,William,Clark,Other,42,william.clark3421@example.com,Pittsburgh,Pennsylvania,United States,Middle,Small Business,2025-05-18,4,3416.33,3886.72,59,0
CUST03422,Amy,Singh,Female,34,amy.singh3422@example.com,Tucson,Arizona,United States,Middle,Consumer,2021-01-25,4,1925.58,2208.62,741,1
CUST03423,Eric,Reddy,Female,54,eric.reddy3423@example.com,Chandler,Arizona,United States,Middle,Consumer,2024-11-07,3,5647.05,5784.23,228,1
CUST03424,Gregory,Brown,Other,39,gregory.brown3424@example.com,Springfield,Massachusetts,United States,High,Consumer,2019-08-11,2,2516.83,2588.78,1340,1
CUST03425,Ronald,Robinson,Other,42,ronald.robinson3425@example.com,New York City,New York,United States,Lower-Middle,Consumer,2022-08-01,2,970.97,1010.08,379,1
CUST03426,Donald,King,Male,27,donald.king3426@example.com,San Diego,California,United States,Middle,Small Business,2026-05-30,3,2950.37,3023.77,10,0
CUST03427,Scott,Jackson,Other,28,scott.jackson3427@example.com,Savannah,Georgia,United States,Middle,Consumer,2020-06-23,1,32.67,33.32,1255,1
CUST03428,Chen,Adams,Female,43,chen.adams3428@example.com,Lansing,Michigan,United States,High,Home Office,2024-07-31,2,4805.6900000000005,5317.11,170,0
CUST03429,Kenneth,Harris,Female,44,kenneth.harris3429@example.com,Tacoma,Washington,United States,Middle,Corporate,2022-11-28,5,9658.21,10203.83,387,1
CUST03430,Shirley,Kim,Female,27,shirley.kim3430@example.com,Augusta,Georgia,United States,Lower-Middle,Consumer,2023-08-10,2,6502.76,6802.94,120,0
CUST03431,Elizabeth,Brown,Female,57,elizabeth.brown3431@example.com,Fort Lauderdale,Florida,United States,Lower-Middle,Consumer,2025-07-18,1,2010.64,2085.81,287,1
CUST03432,Anthony,Patel,Female,41,anthony.patel3432@example.com,Tucson,Arizona,United States,Upper-Middle,Consumer,2022-03-28,2,1081.69,1092.29,870,1
CUST03433,Maria,Thompson,Female,37,maria.thompson3433@example.com,Buffalo,New York,United States,Lower-Middle,Home Office,2025-01-03,1,2535.0,2675.48,109,0
CUST03434,Vikram,Kim,Other,35,vikram.kim3434@example.com,Aurora,Colorado,United States,Upper-Middle,Consumer,2020-09-06,1,52.66,53.19,321,1
CUST03435,Jessica,Dubois,Male,25,jessica.dubois3435@example.com,San Antonio,Texas,United States,Low,Consumer,2020-04-20,1,86.15,89.69,1007,1
CUST03436,Christine,Pereira,Female,32,christine.pereira3436@example.com,Philadelphia,Pennsylvania,United States,Lower-Middle,Corporate,2021-10-26,3,9704.359999999999,10143.28,42,0
CUST03437,Larry,Robinson,Male,75,larry.robinson3437@example.com,San Diego,California,United States,High,Home Office,2026-03-30,1,194.51,214.46,8,0
CUST03438,Samantha,Johnson,Male,42,samantha.johnson3438@example.com,Fort Lauderdale,Florida,United States,Lower-Middle,Home Office,2020-03-17,1,430.09,476.97,213,1
CUST03439,Dennis,Kumar,Male,33,dennis.kumar3439@example.com,Flint,Michigan,United States,Low,Small Business,2023-06-21,5,3448.25,3700.46,592,1
CUST03440,Paul,White,Female,44,paul.white3440@example.com,Bellevue,Washington,United States,Middle,Consumer,2022-09-29,4,6634.96,7598.78,9,0
CUST03441,Jason,Pereira,Female,55,jason.pereira3441@example.com,Los Angeles,California,United States,Middle,Home Office,2025-02-10,7,20461.17,21094.43,63,0
CUST03442,John,Ramirez,Female,33,john.ramirez3442@example.com,Boston,Massachusetts,United States,High,Consumer,2021-11-05,2,731.3199999999999,759.71,393,1
CUST03443,Tyler,Garcia,Other,54,tyler.garcia3443@example.com,Trenton,New Jersey,United States,Low,Consumer,2022-02-17,2,1243.1799999999998,1383.98,1238,1
CUST03444,Samantha,Sanchez,Female,48,samantha.sanchez3444@example.com,Orlando,Florida,United States,Upper-Middle,Consumer,2025-06-13,3,2065.45,2277.78,274,1
CUST03445,Sofia,Scott,Male,59,sofia.scott3445@example.com,Akron,Ohio,United States,Upper-Middle,Home Office,2022-05-28,1,1552.91,1722.45,707,1
CUST03446,Jeffrey,Lee,Female,33,jeffrey.lee3446@example.com,Ann Arbor,Michigan,United States,Middle,Consumer,2025-06-13,4,8535.21,9743.4,154,0
CUST03447,Stephen,Smith,Other,34,stephen.smith3447@example.com,Raleigh,North Carolina,United States,Low,Consumer,2023-02-12,5,7762.610000000001,8648.62,401,1
CUST03448,Mateo,Adams,Male,29,mateo.adams3448@example.com,Chicago,Illinois,United States,Upper-Middle,Corporate,2022-06-24,4,7259.2,8273.09,349,1
CUST03449,Christine,Adams,Male,28,christine.adams3449@example.com,Fort Worth,Texas,United States,Upper-Middle,Consumer,2021-12-12,1,889.48,953.09,1167,1
CUST03450,Cynthia,Lee,Male,68,cynthia.lee3450@example.com,Cambridge,Massachusetts,United States,Middle,Consumer,2019-11-07,5,10218.63,11737.61,426,1
CUST03451,Hiroshi,Thomas,Male,34,hiroshi.thomas3451@example.com,Fort Collins,Colorado,United States,Lower-Middle,Consumer,2019-10-25,4,1106.88,1199.57,221,1
CUST03452,Joyce,Gupta,Female,48,joyce.gupta3452@example.com,San Francisco,California,United States,Upper-Middle,Consumer,2021-10-04,0,0.0,0.0,9999,1
CUST03453,Rachel,Nelson,Female,27,rachel.nelson3453@example.com,Colorado Springs,Colorado,United States,Upper-Middle,Corporate,2023-06-13,0,0.0,0.0,9999,1
CUST03454,Joshua,Rivera,Female,44,joshua.rivera3454@example.com,Fort Lauderdale,Florida,United States,Lower-Middle,Corporate,2023-01-02,7,10171.52,11038.98,413,1
CUST03455,Justin,Mitchell,Other,28,justin.mitchell3455@example.com,Sacramento,California,United States,Low,Home Office,2023-08-03,3,4825.05,5296.47,318,1
CUST03456,Sharon,Hill,Female,57,sharon.hill3456@example.com,Denver,Colorado,United States,Upper-Middle,Small Business,2023-08-10,2,1298.6299999999999,1489.04,384,1
CUST03457,Julie,Kumar,Male,18,julie.kumar3457@example.com,Denver,Colorado,United States,Low,Consumer,2025-08-17,4,5710.01,5963.38,89,0
CUST03458,Raymond,Wilson,Other,33,raymond.wilson3458@example.com,Grand Rapids,Michigan,United States,Low,Consumer,2022-09-05,4,7628.87,8503.11,701,1
CUST03459,Elizabeth,Mitchell,Male,46,elizabeth.mitchell3459@example.com,Springfield,Massachusetts,United States,Middle,Consumer,2021-03-09,2,368.64,417.67,890,1
CUST03460,Jonathan,Jones,Male,35,jonathan.jones3460@example.com,Grand Rapids,Michigan,United States,Upper-Middle,Consumer,2020-08-29,3,1897.4,2023.01,438,1
CUST03461,Matthew,Young,Male,24,matthew.young3461@example.com,Orlando,Florida,United States,High,Consumer,2025-03-10,5,4016.53,4197.19,16,0
CUST03462,William,Garcia,Other,39,william.garcia3462@example.com,Rochester,New York,United States,Upper-Middle,Consumer,2021-06-13,4,9650.810000000001,11069.55,258,1
CUST03463,Linda,Anderson,Female,24,linda.anderson3463@example.com,Grand Rapids,Michigan,United States,Lower-Middle,Home Office,2024-03-26,1,53.18,60.41,297,1
CUST03464,Alexander,Jones,Other,39,alexander.jones3464@example.com,Jacksonville,Florida,United States,Middle,Corporate,2021-03-25,3,2359.35,2562.93,568,1
CUST03465,Stephen,Torres,Other,32,stephen.torres3465@example.com,Tucson,Arizona,United States,Lower-Middle,Home Office,2026-01-29,3,5644.83,5857.74,31,0
CUST03466,Matthew,Lee,Female,28,matthew.lee3466@example.com,Springfield,Illinois,United States,High,Corporate,2025-08-21,5,3770.39,4139.43,20,0
CUST03467,Thomas,Smith,Male,18,thomas.smith3467@example.com,Lowell,Massachusetts,United States,Lower-Middle,Corporate,2020-03-05,4,4287.41,4779.77,1385,1
CUST03468,Brenda,Robinson,Female,38,brenda.robinson3468@example.com,Dallas,Texas,United States,Upper-Middle,Consumer,2019-09-06,2,555.28,590.04,309,1
CUST03469,Ming,Davis,Other,46,ming.davis3469@example.com,Augusta,Georgia,United States,Middle,Small Business,2025-04-20,3,2395.6499999999996,2702.77,84,0
CUST03470,Christine,Moore,Male,44,christine.moore3470@example.com,Los Angeles,California,United States,Lower-Middle,Consumer,2026-06-09,4,3206.58,3502.34,6,0
CUST03471,Margaret,Martinez,Female,43,margaret.martinez3471@example.com,Athens,Georgia,United States,Middle,Consumer,2025-05-24,4,8779.33,9404.92,34,0
CUST03472,William,Johnson,Other,25,william.johnson3472@example.com,Cleveland,Ohio,United States,Upper-Middle,Consumer,2025-11-12,2,2229.7,2377.5,85,0
CUST03473,Barbara,Clark,Female,45,barbara.clark3473@example.com,Paterson,New Jersey,United States,Middle,Home Office,2019-12-30,2,1712.3,1763.26,1965,1
CUST03474,Justin,Taylor,Female,47,justin.taylor3474@example.com,Albany,New York,United States,Low,Consumer,2019-11-04,4,9399.24,10662.56,451,1
CUST03475,Jacob,Mitchell,Male,33,jacob.mitchell3475@example.com,Jacksonville,Florida,United States,High,Home Office,2021-10-06,3,3742.07,4301.16,434,1
CUST03476,Emily,Muller,Other,41,emily.muller3476@example.com,Pittsburgh,Pennsylvania,United States,Upper-Middle,Corporate,2022-11-23,7,6681.05,6889.65,120,0
CUST03477,Stephanie,Allen,Male,33,stephanie.allen3477@example.com,Columbus,Ohio,United States,Upper-Middle,Home Office,2020-09-27,3,642.45,676.09,902,1
CUST03478,Jason,Thomas,Male,35,jason.thomas3478@example.com,Savannah,Georgia,United States,Low,Corporate,2021-11-29,3,4669.75,4985.14,751,1
CUST03479,Catherine,Souza,Female,54,catherine.souza3479@example.com,Trenton,New Jersey,United States,Upper-Middle,Consumer,2021-03-17,2,4325.0199999999995,4650.84,76,0
CUST03480,Matthew,Perez,Male,51,matthew.perez3480@example.com,Phoenix,Arizona,United States,Middle,Consumer,2024-07-30,1,131.97,146.06,415,1
CUST03481,Kevin,Rivera,Male,30,kevin.rivera3481@example.com,San Diego,California,United States,Lower-Middle,Corporate,2021-03-30,2,555.86,573.16,1316,1
CUST03482,Sarah,Gonzalez,Female,25,sarah.gonzalez3482@example.com,Detroit,Michigan,United States,Lower-Middle,Home Office,2020-05-11,4,2457.25,2496.98,321,1
CUST03483,Anna,Chen,Female,49,anna.chen3483@example.com,Macon,Georgia,United States,Middle,Consumer,2024-12-22,3,8370.859999999999,9179.38,72,0
CUST03484,Scott,Taylor,Male,28,scott.taylor3484@example.com,Allentown,Pennsylvania,United States,Lower-Middle,Consumer,2024-07-23,1,152.72,169.06,660,1
CUST03485,Jonathan,Walker,Other,50,jonathan.walker3485@example.com,Mesa,Arizona,United States,Upper-Middle,Consumer,2023-06-27,5,3967.85,4243.18,382,1
CUST03486,Camila,Pereira,Other,53,camila.pereira3486@example.com,Boston,Massachusetts,United States,Lower-Middle,Small Business,2025-09-14,3,3112.51,3556.24,75,0
CUST03487,James,Hill,Female,49,james.hill3487@example.com,Lowell,Massachusetts,United States,Middle,Consumer,2020-03-19,1,806.76,827.61,1482,1
CUST03488,Benjamin,Carter,Male,23,benjamin.carter3488@example.com,Boulder,Colorado,United States,High,Home Office,2020-09-13,5,1405.3,1531.91,94,0
CUST03489,Julie,Perez,Other,43,julie.perez3489@example.com,Flint,Michigan,United States,Middle,Consumer,2024-08-02,3,7577.139999999999,8386.14,87,0
CUST03490,Wei,Davis,Female,43,wei.davis3490@example.com,Rochester,New York,United States,Upper-Middle,Corporate,2020-02-22,5,9287.2,10338.07,188,1
CUST03491,Sharon,Scott,Female,38,sharon.scott3491@example.com,San Jose,California,United States,Middle,Home Office,2021-12-10,2,2077.2,2141.69,906,1
CUST03492,Amanda,Andrade,Other,36,amanda.andrade3492@example.com,Raleigh,North Carolina,United States,Middle,Small Business,2022-08-12,5,1533.54,1598.31,3,0
CUST03493,Dorothy,Reddy,Male,54,dorothy.reddy3493@example.com,Scottsdale,Arizona,United States,Middle,Consumer,2023-01-16,6,4537.03,5110.34,115,0
CUST03494,Diane,Silva,Female,23,diane.silva3494@example.com,Peoria,Illinois,United States,Lower-Middle,Corporate,2023-08-14,3,8656.76,9064.57,161,0
CUST03495,Nancy,Campbell,Other,46,nancy.campbell3495@example.com,Springfield,Illinois,United States,Upper-Middle,Corporate,2020-06-28,3,5117.74,5704.5,1341,1
CUST03496,David,Sharma,Male,46,david.sharma3496@example.com,Syracuse,New York,United States,Lower-Middle,Home Office,2024-04-27,3,1164.35,1247.44,204,1
CUST03497,Mary,Wilson,Female,45,mary.wilson3497@example.com,Raleigh,North Carolina,United States,Upper-Middle,Corporate,2023-10-29,3,6242.32,7123.37,122,0
CUST03498,Benjamin,Patel,Female,18,benjamin.patel3498@example.com,Rochester,New York,United States,Lower-Middle,Consumer,2021-08-06,3,5181.99,5855.12,812,1
CUST03499,Justin,Allen,Other,58,justin.allen3499@example.com,Jersey City,New Jersey,United States,Low,Home Office,2022-06-15,1,998.13,1105.77,457,1
CUST03500,Nancy,Lee,Male,45,nancy.lee3500@example.com,Tampa,Florida,United States,Lower-Middle,Corporate,2019-07-03,4,5561.76,6248.21,608,1
CUST03501,Katherine,Johnson,Other,25,katherine.johnson3501@example.com,Boston,Massachusetts,United States,Upper-Middle,Consumer,2022-09-13,3,1088.46,1171.72,617,1
CUST03502,Nancy,Chen,Female,32,nancy.chen3502@example.com,San Francisco,California,United States,Middle,Consumer,2021-11-14,6,9973.539999999999,10751.17,130,0
CUST03503,Vikram,Baker,Other,57,vikram.baker3503@example.com,Denver,Colorado,United States,Middle,Consumer,2021-12-20,4,4264.26,4626.33,86,0
CUST03504,William,Rossi,Other,35,william.rossi3504@example.com,Aurora,Colorado,United States,Low,Corporate,2022-02-13,2,1167.52,1213.59,886,1
CUST03505,Christine,Martinez,Prefer not to say,34,christine.martinez3505@example.com,Los Angeles,California,United States,Middle,Consumer,2019-10-23,4,4366.11,4576.48,598,1
CUST03506,Jerry,Sanchez,Male,35,jerry.sanchez3506@example.com,Winston-Salem,North Carolina,United States,Lower-Middle,Consumer,2019-11-08,3,4723.0,5113.72,191,1
CUST03507,Cynthia,Lopez,Male,36,cynthia.lopez3507@example.com,Fort Worth,Texas,United States,Middle,Consumer,2025-05-31,5,6559.18,6886.09,44,0
CUST03508,Jennifer,Singh,Male,38,jennifer.singh3508@example.com,San Jose,California,United States,Middle,Corporate,2023-04-30,4,3956.14,4397.9,36,0
CUST03509,Dorothy,Patel,Male,27,dorothy.patel3509@example.com,Peoria,Illinois,United States,High,Corporate,2020-09-24,2,2346.24,2539.54,12,0
CUST03510,Vikram,Davis,Male,51,vikram.davis3510@example.com,Athens,Georgia,United States,Middle,Consumer,2022-10-23,0,0.0,0.0,9999,1
CUST03511,Eric,Rivera,Other,46,eric.rivera3511@example.com,Los Angeles,California,United States,Lower-Middle,Consumer,2021-10-09,3,3531.68,3749.65,171,0
CUST03512,Margaret,Wright,Female,43,margaret.wright3512@example.com,Columbus,Ohio,United States,Upper-Middle,Corporate,2021-01-28,5,7925.36,8297.76,353,1
CUST03513,Meera,Lewis,Male,18,meera.lewis3513@example.com,Seattle,Washington,United States,High,Home Office,2025-12-15,4,5079.92,5617.32,132,0
CUST03514,Victoria,Kumar,Other,27,victoria.kumar3514@example.com,Houston,Texas,United States,High,Corporate,2019-10-11,1,68.17,72.08,235,1
CUST03515,Andrew,Lopez,Male,54,andrew.lopez3515@example.com,Cincinnati,Ohio,United States,High,Corporate,2022-11-26,3,3010.62,3161.7,40,0
CUST03516,Deborah,Hall,Male,39,deborah.hall3516@example.com,Naperville,Illinois,United States,High,Consumer,2024-12-01,3,6912.639999999999,7461.32,39,0
CUST03517,Daniel,Kim,Other,33,daniel.kim3517@example.com,Athens,Georgia,United States,Middle,Small Business,2020-03-21,2,4389.37,4422.7,72,0
CUST03518,Hiroshi,Jones,Female,23,hiroshi.jones3518@example.com,Cleveland,Ohio,United States,Middle,Consumer,2021-02-15,3,6845.14,6984.29,206,1
CUST03519,Jennifer,Scott,Male,26,jennifer.scott3519@example.com,Paterson,New Jersey,United States,Middle,Home Office,2024-04-16,2,567.86,587.25,319,1
CUST03520,Richard,Silva,Male,42,richard.silva3520@example.com,Greensboro,North Carolina,United States,High,Home Office,2025-04-28,1,481.95,496.27,228,1
CUST03521,Gary,Harris,Other,50,gary.harris3521@example.com,Rochester,New York,United States,Lower-Middle,Home Office,2022-01-31,1,64.96,70.7,987,1
CUST03522,Andrew,Lewis,Female,36,andrew.lewis3522@example.com,Augusta,Georgia,United States,Upper-Middle,Consumer,2024-12-22,5,4962.77,5461.02,130,0
CUST03523,Gary,Perez,Female,34,gary.perez3523@example.com,Tampa,Florida,United States,Middle,Consumer,2021-06-09,2,629.39,641.28,579,1
CUST03524,Margaret,Kowalski,Other,38,margaret.kowalski3524@example.com,Fort Collins,Colorado,United States,Lower-Middle,Corporate,2021-05-02,5,8349.59,9441.4,139,0
CUST03525,Mary,Perez,Other,48,mary.perez3525@example.com,Allentown,Pennsylvania,United States,Middle,Consumer,2023-02-25,1,1127.09,1291.48,591,1
CUST03526,Isha,Moore,Other,37,isha.moore3526@example.com,Akron,Ohio,United States,Low,Corporate,2020-11-30,2,1871.6100000000001,1980.4,11,0
CUST03527,Daniel,Sanchez,Other,38,daniel.sanchez3527@example.com,Greensboro,North Carolina,United States,Upper-Middle,Consumer,2026-03-15,4,4450.2300000000005,4811.04,2,0
CUST03528,Mary,Smith,Male,53,mary.smith3528@example.com,Ann Arbor,Michigan,United States,Middle,Consumer,2026-04-27,2,1271.0400000000002,1306.14,47,0
CUST03529,Yuki,Green,Male,58,yuki.green3529@example.com,Augusta,Georgia,United States,Low,Corporate,2025-08-09,4,2582.35,2864.96,101,0
CUST03530,Donald,Adams,Other,37,donald.adams3530@example.com,Lowell,Massachusetts,United States,Low,Home Office,2025-01-25,2,4537.8099999999995,4863.98,464,1
CUST03531,Samantha,Lewis,Male,19,samantha.lewis3531@example.com,Macon,Georgia,United States,Lower-Middle,Consumer,2025-02-13,4,5163.14,5296.17,58,0
CUST03532,Michelle,Dubois,Other,35,michelle.dubois3532@example.com,Fort Collins,Colorado,United States,Low,Consumer,2022-10-29,4,3329.7400000000002,3391.44,329,1
CUST03533,Shirley,Costa,Male,31,shirley.costa3533@example.com,Naperville,Illinois,United States,Middle,Consumer,2022-07-10,1,906.62,953.37,47,0
CUST03534,Edward,Hernandez,Other,29,edward.hernandez3534@example.com,Greensboro,North Carolina,United States,High,Consumer,2019-08-08,2,2394.55,2533.75,1238,1
CUST03535,Rebecca,Allen,Female,46,rebecca.allen3535@example.com,Paterson,New Jersey,United States,Lower-Middle,Home Office,2020-08-30,2,1215.09,1288.71,726,1
CUST03536,Julie,Robinson,Male,18,julie.robinson3536@example.com,Akron,Ohio,United States,Middle,Consumer,2021-12-22,4,4681.02,4744.33,704,1
CUST03537,Janet,Lopez,Other,46,janet.lopez3537@example.com,Durham,North Carolina,United States,Upper-Middle,Corporate,2025-01-09,4,4495.6900000000005,5057.89,128,0
CUST03538,Diego,Davis,Female,18,diego.davis3538@example.com,Albany,New York,United States,High,Consumer,2021-07-25,6,12631.44,13191.27,193,1
CUST03539,Isha,Anderson,Female,28,isha.anderson3539@example.com,San Jose,California,United States,Lower-Middle,Corporate,2023-11-25,4,12319.06,13640.9,101,0
CUST03540,Samuel,Roberts,Male,44,samuel.roberts3540@example.com,San Diego,California,United States,Middle,Home Office,2025-11-28,4,1250.49,1251.42,30,0
CUST03541,Jason,Jones,Male,53,jason.jones3541@example.com,Philadelphia,Pennsylvania,United States,Upper-Middle,Consumer,2021-03-03,1,167.2,167.49,1391,1
CUST03542,Sofia,Gupta,Male,35,sofia.gupta3542@example.com,Flint,Michigan,United States,Lower-Middle,Consumer,2021-05-19,2,68.64,71.69,487,1
CUST03543,Rachel,Chen,Male,48,rachel.chen3543@example.com,Spokane,Washington,United States,Upper-Middle,Consumer,2026-01-22,3,2128.97,2398.07,39,0
CUST03544,Priya,Thomas,Male,29,priya.thomas3544@example.com,Raleigh,North Carolina,United States,Upper-Middle,Consumer,2026-06-06,1,75.51,86.21,15,0
CUST03545,Yuki,Muller,Other,34,yuki.muller3545@example.com,Elizabeth,New Jersey,United States,Lower-Middle,Consumer,2026-06-26,2,1781.99,1950.99,3,0
CUST03546,John,Silva,Other,31,john.silva3546@example.com,Macon,Georgia,United States,Middle,Consumer,2025-01-23,0,0.0,0.0,9999,1
CUST03547,Shirley,Nelson,Male,22,shirley.nelson3547@example.com,Everett,Washington,United States,Middle,Home Office,2021-08-08,0,0.0,0.0,9999,1
CUST03548,Larry,Singh,Other,37,larry.singh3548@example.com,Tampa,Florida,United States,Upper-Middle,Corporate,2020-12-04,2,1052.55,1065.23,44,0
CUST03549,Janet,Kowalski,Female,39,janet.kowalski3549@example.com,Cambridge,Massachusetts,United States,Low,Home Office,2019-10-21,4,6851.21,7810.74,1312,1
CUST03550,Arjun,Adams,Other,46,arjun.adams3550@example.com,Denver,Colorado,United States,Middle,Corporate,2023-06-26,7,7180.99,7939.37,324,1
CUST03551,Sarah,Thomas,Male,42,sarah.thomas3551@example.com,Scottsdale,Arizona,United States,Lower-Middle,Home Office,2023-12-07,7,13106.740000000002,14659.41,118,0
CUST03552,Jason,Martinez,Other,49,jason.martinez3552@example.com,Greensboro,North Carolina,United States,Upper-Middle,Consumer,2025-05-03,1,2239.26,2375.72,106,0
CUST03553,Ronald,Clark,Male,42,ronald.clark3553@example.com,New York City,New York,United States,Middle,Consumer,2019-11-03,4,8347.48,9532.22,1053,1
CUST03554,Camila,Johnson,Other,34,camila.johnson3554@example.com,Savannah,Georgia,United States,Middle,Home Office,2023-10-09,3,4255.64,4549.22,1,0
CUST03555,Nicholas,Hernandez,Other,37,nicholas.hernandez3555@example.com,Everett,Washington,United States,High,Consumer,2021-12-17,3,5523.360000000001,6335.39,159,0
CUST03556,Stephen,Martin,Male,33,stephen.martin3556@example.com,Cincinnati,Ohio,United States,Upper-Middle,Consumer,2023-09-22,2,2866.11,2905.97,977,1
CUST03557,Barbara,Zhang,Other,44,barbara.zhang3557@example.com,Phoenix,Arizona,United States,Middle,Home Office,2019-11-13,3,5946.02,6362.08,256,1
CUST03558,Christine,King,Other,28,christine.king3558@example.com,Albany,New York,United States,Lower-Middle,Consumer,2026-06-16,1,28.18,30.7,29,0
CUST03559,Raymond,Souza,Male,26,raymond.souza3559@example.com,Spokane,Washington,United States,Middle,Consumer,2019-12-04,2,4204.82,4319.95,97,0
CUST03560,Dorothy,Hill,Prefer not to say,23,dorothy.hill3560@example.com,Everett,Washington,United States,Middle,Consumer,2023-09-09,1,251.85,266.18,891,1
CUST03561,Amanda,Singh,Female,39,amanda.singh3561@example.com,Atlanta,Georgia,United States,Middle,Consumer,2026-01-12,1,288.34,328.5,128,0
CUST03562,Carol,Souza,Male,50,carol.souza3562@example.com,Savannah,Georgia,United States,Middle,Small Business,2026-03-12,2,1377.5700000000002,1474.29,44,0
CUST03563,Eric,Lee,Other,40,eric.lee3563@example.com,Springfield,Illinois,United States,High,Corporate,2021-09-13,4,5190.33,5652.74,66,0
CUST03564,Emily,Young,Other,49,emily.young3564@example.com,Boston,Massachusetts,United States,Lower-Middle,Home Office,2022-01-12,1,462.25,473.45,750,1
CUST03565,Carolyn,Martinez,Male,45,carolyn.martinez3565@example.com,Macon,Georgia,United States,Middle,Consumer,2024-02-06,5,5247.12,5747.49,7,0
CUST03566,Mateo,Smith,Other,28,mateo.smith3566@example.com,Toledo,Ohio,United States,Lower-Middle,Consumer,2023-04-13,7,4520.49,4993.69,122,0
CUST03567,Joseph,Baker,Other,41,joseph.baker3567@example.com,Elizabeth,New Jersey,United States,Upper-Middle,Home Office,2022-05-31,4,1088.76,1158.41,1002,1
CUST03568,Sofia,Miller,Other,34,sofia.miller3568@example.com,San Antonio,Texas,United States,Upper-Middle,Home Office,2024-06-30,6,2956.5299999999997,3218.34,37,0
CUST03569,Samantha,Jackson,Male,26,samantha.jackson3569@example.com,Elizabeth,New Jersey,United States,Lower-Middle,Consumer,2019-10-15,2,1584.48,1600.85,48,0
CUST03570,Laura,Garcia,Male,51,laura.garcia3570@example.com,San Antonio,Texas,United States,High,Small Business,2023-05-21,1,320.45,320.81,733,1
CUST03571,Timothy,Hill,Male,33,timothy.hill3571@example.com,Sacramento,California,United States,Lower-Middle,Consumer,2020-07-16,3,2160.91,2268.65,17,0
CUST03572,Jonathan,Jones,Female,27,jonathan.jones3572@example.com,Charlotte,North Carolina,United States,Lower-Middle,Consumer,2020-01-12,2,3401.02,3855.88,656,1
CUST03573,Nancy,Singh,Other,47,nancy.singh3573@example.com,Raleigh,North Carolina,United States,Upper-Middle,Consumer,2023-06-06,4,2695.7700000000004,2734.71,133,0
CUST03574,Joshua,Andrade,Other,27,joshua.andrade3574@example.com,Philadelphia,Pennsylvania,United States,Upper-Middle,Consumer,2024-01-30,4,14099.539999999999,14791.23,627,1
CUST03575,Anna,Kowalski,Female,31,anna.kowalski3575@example.com,Everett,Washington,United States,High,Consumer,2026-04-01,4,9419.84,10647.56,21,0
CUST03576,Rachel,Kim,Male,26,rachel.kim3576@example.com,Tacoma,Washington,United States,Low,Consumer,2024-08-23,4,1682.56,1905.38,199,1
CUST03577,Jason,Anderson,Female,37,jason.anderson3577@example.com,Chandler,Arizona,United States,Upper-Middle,Consumer,2021-11-01,3,8957.61,10061.64,1015,1
CUST03578,Amy,Patel,Male,32,amy.patel3578@example.com,Cleveland,Ohio,United States,Middle,Consumer,2023-04-09,3,3243.3100000000004,3663.35,245,1
CUST03579,Isha,Williams,Male,38,isha.williams3579@example.com,Fort Lauderdale,Florida,United States,Middle,Corporate,2026-05-13,3,3385.66,3496.38,16,0
CUST03580,Arjun,Thompson,Male,39,arjun.thompson3580@example.com,Paterson,New Jersey,United States,Middle,Home Office,2023-10-18,2,2725.23,2918.81,841,1
CUST03581,Emily,Wright,Other,33,emily.wright3581@example.com,Tampa,Florida,United States,Middle,Corporate,2025-07-28,2,3479.94,3793.61,133,0
CUST03582,Rachel,Allen,Other,48,rachel.allen3582@example.com,Reading,Pennsylvania,United States,Upper-Middle,Consumer,2021-12-16,1,1207.98,1370.32,1395,1
CUST03583,James,Hernandez,Other,28,james.hernandez3583@example.com,New York City,New York,United States,Upper-Middle,Home Office,2023-11-04,3,3859.67,4217.66,392,1
CUST03584,Camila,Jackson,Other,31,camila.jackson3584@example.com,Springfield,Illinois,United States,Upper-Middle,Consumer,2022-08-15,4,3901.3199999999997,3947.88,190,1
CUST03585,Katherine,Williams,Male,47,katherine.williams3585@example.com,Detroit,Michigan,United States,High,Consumer,2022-03-11,2,1008.38,1035.29,462,1
CUST03586,Ashley,Johnson,Female,35,ashley.johnson3586@example.com,Syracuse,New York,United States,Middle,Consumer,2020-12-26,2,1467.2,1541.76,1676,1
CUST03587,Rahul,Davis,Female,18,rahul.davis3587@example.com,Fort Lauderdale,Florida,United States,Middle,Consumer,2026-05-18,4,2921.05,2978.1,24,0
CUST03588,Thomas,Nguyen,Female,18,thomas.nguyen3588@example.com,Jacksonville,Florida,United States,Lower-Middle,Home Office,2024-05-04,3,919.1300000000001,1050.02,168,0
CUST03589,Janet,Flores,Female,29,janet.flores3589@example.com,San Diego,California,United States,Lower-Middle,Home Office,2021-12-19,2,2954.73,3088.08,885,1
CUST03590,Steven,Kowalski,Other,48,steven.kowalski3590@example.com,Boston,Massachusetts,United States,Middle,Consumer,2025-09-04,2,2627.1600000000003,2888.97,66,0
CUST03591,Melissa,Scott,Male,37,melissa.scott3591@example.com,Seattle,Washington,United States,Upper-Middle,Home Office,2023-01-13,2,2535.69,2741.59,473,1
CUST03592,Paul,Silva,Male,22,paul.silva3592@example.com,Raleigh,North Carolina,United States,Middle,Corporate,2019-12-04,5,9076.93,10308.8,173,0
CUST03593,Laura,Ivanov,Female,36,laura.ivanov3593@example.com,Fort Lauderdale,Florida,United States,Lower-Middle,Corporate,2019-10-06,3,3685.12,3936.35,27,0
CUST03594,Timothy,Martin,Male,42,timothy.martin3594@example.com,Orlando,Florida,United States,Middle,Consumer,2022-08-15,2,3804.61,3813.45,655,1
CUST03595,Ananya,Kim,Other,31,ananya.kim3595@example.com,Flint,Michigan,United States,Middle,Corporate,2022-03-03,4,2194.74,2385.49,8,0
CUST03596,Thomas,Mitchell,Other,20,thomas.mitchell3596@example.com,Ann Arbor,Michigan,United States,Upper-Middle,Small Business,2026-06-15,2,481.51,483.38,22,0
CUST03597,Meera,Thompson,Female,36,meera.thompson3597@example.com,New York City,New York,United States,Lower-Middle,Consumer,2020-04-24,4,3994.62,4329.54,102,0
CUST03598,Lisa,Perez,Other,54,lisa.perez3598@example.com,Akron,Ohio,United States,Lower-Middle,Consumer,2026-03-15,4,1614.51,1699.5,8,0
CUST03599,Ronald,Martinez,Other,20,ronald.martinez3599@example.com,Macon,Georgia,United States,Middle,Consumer,2024-06-25,1,5879.26,5932.65,552,1
CUST03600,Brian,Carter,Other,30,brian.carter3600@example.com,Flint,Michigan,United States,Middle,Consumer,2023-12-13,4,523.84,539.0,75,0
CUST03601,Sofia,Young,Other,50,sofia.young3601@example.com,Tampa,Florida,United States,Upper-Middle,Home Office,2020-11-03,2,1542.17,1650.19,684,1
CUST03602,Stephanie,Silva,Female,40,stephanie.silva3602@example.com,Athens,Georgia,United States,Middle,Consumer,2022-01-02,3,6662.2300000000005,7357.43,373,1
CUST03603,Tyler,Reddy,Male,33,tyler.reddy3603@example.com,San Diego,California,United States,Lower-Middle,Consumer,2022-07-01,2,1768.13,1857.52,621,1
CUST03604,Michael,Costa,Other,24,michael.costa3604@example.com,Aurora,Colorado,United States,Upper-Middle,Consumer,2019-09-06,3,1632.71,1642.7,282,1
CUST03605,Margaret,Andrade,Other,49,margaret.andrade3605@example.com,Tucson,Arizona,United States,Low,Small Business,2025-11-22,7,15463.189999999999,15649.67,71,0
CUST03606,Stephanie,Johnson,Male,25,stephanie.johnson3606@example.com,Los Angeles,California,United States,Lower-Middle,Consumer,2022-09-13,3,2431.48,2624.54,494,1
CUST03607,Catherine,Kim,Male,24,catherine.kim3607@example.com,Paterson,New Jersey,United States,Upper-Middle,Corporate,2021-03-24,3,3034.0600000000004,3415.69,382,1
CUST03608,Diego,Rodriguez,Other,48,diego.rodriguez3608@example.com,Springfield,Massachusetts,United States,Middle,Consumer,2025-03-04,0,0.0,0.0,9999,1
CUST03609,Robert,Torres,Male,37,robert.torres3609@example.com,Chandler,Arizona,United States,Lower-Middle,Consumer,2020-09-16,5,10740.199999999999,11149.07,442,1
CUST03610,Anthony,Costa,Female,51,anthony.costa3610@example.com,Lowell,Massachusetts,United States,Lower-Middle,Small Business,2022-03-30,1,356.48,406.06,1523,1
CUST03611,Isha,Pereira,Male,39,isha.pereira3611@example.com,Savannah,Georgia,United States,Middle,Consumer,2026-04-05,2,951.72,1057.96,18,0
CUST03612,Rachel,Adams,Female,25,rachel.adams3612@example.com,Fort Collins,Colorado,United States,Lower-Middle,Home Office,2019-11-17,2,3397.65,3819.46,392,1
CUST03613,Diego,Moore,Female,33,diego.moore3613@example.com,Chicago,Illinois,United States,Middle,Corporate,2020-08-23,0,0.0,0.0,9999,1
CUST03614,Karen,Davis,Male,26,karen.davis3614@example.com,Raleigh,North Carolina,United States,Lower-Middle,Consumer,2020-08-10,4,3494.63,3540.64,131,0
CUST03615,Olivia,Dubois,Other,37,olivia.dubois3615@example.com,Toledo,Ohio,United States,High,Consumer,2021-10-26,4,3014.74,3388.66,115,0
CUST03616,Diego,King,Female,48,diego.king3616@example.com,Winston-Salem,North Carolina,United States,Lower-Middle,Small Business,2020-08-05,4,7127.26,7873.51,249,1
CUST03617,Diego,Pereira,Other,68,diego.pereira3617@example.com,Newark,New Jersey,United States,High,Consumer,2025-10-06,2,2126.38,2285.02,202,1
CUST03618,Brenda,Taylor,Male,37,brenda.taylor3618@example.com,Newark,New Jersey,United States,Middle,Consumer,2024-08-18,3,3715.93,3768.21,153,0
CUST03619,Debra,Smith,Female,29,debra.smith3619@example.com,Macon,Georgia,United States,Middle,Small Business,2020-10-01,1,40.51,43.43,909,1
CUST03620,Sharon,Nelson,Other,41,sharon.nelson3620@example.com,Savannah,Georgia,United States,High,Corporate,2020-08-22,6,12874.08,14375.35,248,1
CUST03621,Joyce,Nguyen,Female,36,joyce.nguyen3621@example.com,Denver,Colorado,United States,Lower-Middle,Small Business,2024-07-13,6,6656.51,7211.46,65,0
CUST03622,Angela,Allen,Female,28,angela.allen3622@example.com,Dallas,Texas,United States,Lower-Middle,Consumer,2025-12-15,2,4532.02,4885.42,128,0
CUST03623,Matthew,Rossi,Female,18,matthew.rossi3623@example.com,Everett,Washington,United States,Upper-Middle,Consumer,2021-10-11,3,2430.85,2493.17,870,1
CUST03624,Michael,Ivanov,Prefer not to say,43,michael.ivanov3624@example.com,Athens,Georgia,United States,Lower-Middle,Consumer,2024-04-20,9,10250.51,10537.82,36,0
CUST03625,Gary,Hall,Female,28,gary.hall3625@example.com,San Francisco,California,United States,Low,Corporate,2021-10-06,4,3579.23,3704.56,62,0
CUST03626,Catherine,Thompson,Other,31,catherine.thompson3626@example.com,San Francisco,California,United States,Lower-Middle,Corporate,2021-03-13,4,1147.01,1261.47,42,0
CUST03627,Vikram,Martinez,Other,50,vikram.martinez3627@example.com,Grand Rapids,Michigan,United States,Middle,Consumer,2023-11-08,1,368.62,403.29,837,1
CUST03628,Jennifer,Harris,Female,19,jennifer.harris3628@example.com,Springfield,Illinois,United States,Upper-Middle,Consumer,2021-05-16,3,5978.38,6489.92,8,0
CUST03629,Karan,Wang,Other,46,karan.wang3629@example.com,Rockford,Illinois,United States,Low,Consumer,2022-09-07,5,3403.08,3651.94,82,0
CUST03630,Sharon,Brown,Female,37,sharon.brown3630@example.com,Macon,Georgia,United States,Upper-Middle,Home Office,2020-01-18,7,12197.04,13602.67,78,0
CUST03631,Kenneth,Rodriguez,Other,31,kenneth.rodriguez3631@example.com,Newark,New Jersey,United States,Upper-Middle,Consumer,2022-10-05,0,0.0,0.0,9999,1
CUST03632,Elizabeth,Martinez,Other,40,elizabeth.martinez3632@example.com,Cambridge,Massachusetts,United States,Low,Small Business,2023-01-16,3,2011.54,2221.71,402,1
CUST03633,Stephen,Rivera,Other,34,stephen.rivera3633@example.com,San Antonio,Texas,United States,Lower-Middle,Corporate,2025-04-17,3,9218.0,10258.1,130,0
CUST03634,Aditya,Souza,Male,37,aditya.souza3634@example.com,Ann Arbor,Michigan,United States,Lower-Middle,Consumer,2019-06-26,5,3560.77,3978.2,219,1
CUST03635,Steven,Jones,Other,42,steven.jones3635@example.com,Detroit,Michigan,United States,Upper-Middle,Consumer,2020-02-10,4,4929.84,4978.63,32,0
CUST03636,Brian,Hall,Other,42,brian.hall3636@example.com,Charlotte,North Carolina,United States,Upper-Middle,Consumer,2022-06-30,4,5541.450000000001,5735.39,762,1
CUST03637,Hiroshi,Wang,Other,31,hiroshi.wang3637@example.com,Naperville,Illinois,United States,Upper-Middle,Consumer,2022-06-21,2,145.82999999999998,149.26,325,1
CUST03638,George,Young,Female,47,george.young3638@example.com,Detroit,Michigan,United States,Low,Consumer,2024-03-08,1,514.14,548.06,618,1
CUST03639,Amy,Smith,Male,32,amy.smith3639@example.com,San Diego,California,United States,Middle,Home Office,2021-01-11,2,4604.72,5106.03,1523,1
CUST03640,Arjun,Johnson,Female,64,arjun.johnson3640@example.com,Mesa,Arizona,United States,Upper-Middle,Consumer,2019-07-23,6,7848.16,8734.82,552,1
CUST03641,Emily,Williams,Other,53,emily.williams3641@example.com,Worcester,Massachusetts,United States,High,Corporate,2021-10-22,4,4872.4800000000005,5148.04,59,0
CUST03642,Karen,Thompson,Male,29,karen.thompson3642@example.com,Fort Worth,Texas,United States,Middle,Corporate,2023-09-09,4,3035.32,3390.95,386,1
CUST03643,Ronald,Lee,Male,44,ronald.lee3643@example.com,Boston,Massachusetts,United States,Middle,Small Business,2022-02-13,6,5549.46,5807.39,9,0
CUST03644,Jonathan,Patel,Other,30,jonathan.patel3644@example.com,Tacoma,Washington,United States,High,Corporate,2025-03-12,2,2331.39,2394.8,312,1
CUST03645,Catherine,Chen,Male,27,catherine.chen3645@example.com,Winston-Salem,North Carolina,United States,Lower-Middle,Consumer,2022-10-08,3,4672.33,4735.36,833,1
CUST03646,Scott,Baker,Female,43,scott.baker3646@example.com,San Antonio,Texas,United States,Middle,Corporate,2020-03-30,1,134.77,149.91,813,1
CUST03647,Anthony,Clark,Female,23,anthony.clark3647@example.com,Tucson,Arizona,United States,Upper-Middle,Consumer,2024-11-30,2,584.3100000000001,645.75,109,0
CUST03648,Linda,Harris,Female,33,linda.harris3648@example.com,Lansing,Michigan,United States,Lower-Middle,Consumer,2021-09-18,3,4468.04,4943.03,481,1
CUST03649,Li,Kowalski,Female,18,li.kowalski3649@example.com,Newark,New Jersey,United States,Middle,Consumer,2022-07-20,5,9919.39,11225.7,39,0
CUST03650,Scott,Rossi,Male,48,scott.rossi3650@example.com,San Jose,California,United States,Low,Corporate,2026-03-14,6,14322.22,15220.16,3,0
CUST03651,Jessica,Lopez,Male,50,jessica.lopez3651@example.com,Durham,North Carolina,United States,Low,Consumer,2020-07-11,3,2911.45,3219.58,123,0
CUST03652,Meera,Jackson,Female,35,meera.jackson3652@example.com,Cambridge,Massachusetts,United States,Lower-Middle,Consumer,2022-01-22,3,4490.46,5163.96,883,1
CUST03653,Emily,Baker,Female,50,emily.baker3653@example.com,Charlotte,North Carolina,United States,Lower-Middle,Consumer,2021-06-01,2,1480.55,1573.41,193,1
CUST03654,Lisa,Thomas,Other,34,lisa.thomas3654@example.com,Fort Worth,Texas,United States,Middle,Consumer,2023-09-25,1,663.77,700.3,181,1
CUST03655,Ryan,Lee,Female,40,ryan.lee3655@example.com,New York City,New York,United States,Lower-Middle,Small Business,2019-07-11,2,3460.31,3962.41,961,1
CUST03656,Carolyn,Smith,Female,38,carolyn.smith3656@example.com,Athens,Georgia,United States,Middle,Consumer,2023-08-21,1,118.66,135.28,885,1
CUST03657,Jacob,Davis,Other,18,jacob.davis3657@example.com,Boulder,Colorado,United States,Upper-Middle,Home Office,2023-07-30,4,15341.96,15865.22,313,1
CUST03658,Sofia,Sanchez,Male,27,sofia.sanchez3658@example.com,San Antonio,Texas,United States,Lower-Middle,Corporate,2022-01-17,2,306.90999999999997,347.55,99,0
CUST03659,Neha,Baker,Other,27,neha.baker3659@example.com,Tucson,Arizona,United States,Lower-Middle,Home Office,2023-10-24,2,418.03999999999996,464.8,523,1
CUST03660,Angela,Roberts,Female,52,angela.roberts3660@example.com,Cleveland,Ohio,United States,Lower-Middle,Consumer,2023-12-23,4,2228.56,2555.76,44,0
CUST03661,Jerry,Carter,Female,50,jerry.carter3661@example.com,Newark,New Jersey,United States,Lower-Middle,Consumer,2023-11-18,4,8732.68,9974.72,343,1
CUST03662,Dennis,Roberts,Female,28,dennis.roberts3662@example.com,Fort Worth,Texas,United States,Low,Consumer,2026-01-01,3,7539.389999999999,8077.98,15,0
CUST03663,Rahul,Wang,Female,35,rahul.wang3663@example.com,San Francisco,California,United States,Middle,Consumer,2025-05-25,1,253.77,258.09,299,1
CUST03664,Mateo,Miller,Male,30,mateo.miller3664@example.com,Cleveland,Ohio,United States,Middle,Consumer,2021-05-12,1,406.92,442.0,1544,1
CUST03665,Vikram,Johnson,Male,20,vikram.johnson3665@example.com,Philadelphia,Pennsylvania,United States,Upper-Middle,Home Office,2021-10-10,5,7296.46,7955.35,221,1
CUST03666,Barbara,Gupta,Other,22,barbara.gupta3666@example.com,Chicago,Illinois,United States,Middle,Consumer,2019-12-25,3,275.97,311.71,848,1
CUST03667,Aditya,Ramirez,Other,35,aditya.ramirez3667@example.com,Detroit,Michigan,United States,Lower-Middle,Consumer,2020-05-16,2,2854.88,2872.0,310,1
CUST03668,Ananya,Walker,Male,34,ananya.walker3668@example.com,Seattle,Washington,United States,Middle,Consumer,2021-02-08,5,4184.96,4705.16,234,1
CUST03669,Kimberly,Baker,Female,57,kimberly.baker3669@example.com,Buffalo,New York,United States,Upper-Middle,Corporate,2022-08-26,2,6028.48,6248.72,43,0
CUST03670,Frank,Campbell,Other,32,frank.campbell3670@example.com,Miami,Florida,United States,Middle,Consumer,2021-01-09,5,9107.86,10278.72,1035,1
CUST03671,Ronald,Garcia,Other,51,ronald.garcia3671@example.com,San Jose,California,United States,Middle,Consumer,2022-05-21,7,6838.04,7433.38,278,1
CUST03672,Aditya,Kim,Female,44,aditya.kim3672@example.com,Erie,Pennsylvania,United States,Middle,Consumer,2024-11-16,3,4013.69,4251.77,142,0
CUST03673,Paul,Moore,Female,24,paul.moore3673@example.com,San Diego,California,United States,Upper-Middle,Small Business,2022-12-06,2,943.12,1079.93,148,0
CUST03674,Andrew,Torres,Male,31,andrew.torres3674@example.com,Trenton,New Jersey,United States,Middle,Consumer,2019-07-13,2,6804.25,7599.9,502,1
CUST03675,John,Thomas,Other,28,john.thomas3675@example.com,Chandler,Arizona,United States,Middle,Corporate,2025-09-11,4,4120.5599999999995,4278.4,55,0
CUST03676,Eric,Ramirez,Female,32,eric.ramirez3676@example.com,Naperville,Illinois,United States,Middle,Consumer,2021-01-02,2,3370.54,3375.62,1055,1
CUST03677,Aditya,Perez,Male,44,aditya.perez3677@example.com,Ann Arbor,Michigan,United States,Lower-Middle,Corporate,2019-12-14,7,12208.01,13740.33,535,1
CUST03678,Michael,Green,Female,18,michael.green3678@example.com,Scottsdale,Arizona,United States,Low,Small Business,2024-10-14,1,359.4,401.15,55,0
CUST03679,Timothy,Wilson,Male,46,timothy.wilson3679@example.com,Cambridge,Massachusetts,United States,Lower-Middle,Consumer,2021-05-08,2,5031.5,5677.13,123,0
CUST03680,Laura,Johnson,Other,32,laura.johnson3680@example.com,Peoria,Illinois,United States,Lower-Middle,Consumer,2022-10-10,2,2117.35,2389.5,551,1
CUST03681,Sofia,Patel,Male,46,sofia.patel3681@example.com,San Francisco,California,United States,Middle,Small Business,2021-04-01,1,659.93,677.49,833,1
CUST03682,George,Kowalski,Male,42,george.kowalski3682@example.com,Philadelphia,Pennsylvania,United States,Middle,Consumer,2021-06-18,3,2082.35,2090.09,528,1
CUST03683,James,Rodriguez,Other,18,james.rodriguez3683@example.com,Savannah,Georgia,United States,Upper-Middle,Small Business,2022-04-29,1,44.06,45.29,1139,1
CUST03684,Jason,Ivanov,Female,45,jason.ivanov3684@example.com,Boston,Massachusetts,United States,Middle,Consumer,2022-03-02,1,2310.81,2577.62,547,1
CUST03685,Jeffrey,Davis,Male,32,jeffrey.davis3685@example.com,Pittsburgh,Pennsylvania,United States,Lower-Middle,Consumer,2023-02-05,5,3446.0200000000004,3834.1,503,1
CUST03686,Ashley,Adams,Other,41,ashley.adams3686@example.com,Peoria,Illinois,United States,Lower-Middle,Corporate,2021-02-10,5,3384.56,3543.58,686,1
CUST03687,Kimberly,Campbell,Other,43,kimberly.campbell3687@example.com,Miami,Florida,United States,Upper-Middle,Corporate,2021-11-25,3,4107.59,4248.91,102,0
CUST03688,Sofia,Kim,Female,44,sofia.kim3688@example.com,Detroit,Michigan,United States,Upper-Middle,Consumer,2024-07-01,2,469.14000000000004,500.95,11,0
CUST03689,Camila,Hernandez,Other,38,camila.hernandez3689@example.com,Lowell,Massachusetts,United States,Middle,Consumer,2024-11-13,7,6119.13,6801.66,75,0
CUST03690,Dennis,Hill,Other,26,dennis.hill3690@example.com,Fort Collins,Colorado,United States,Lower-Middle,Consumer,2022-03-31,2,9328.04,9855.09,150,0
CUST03691,Yuki,Thomas,Male,37,yuki.thomas3691@example.com,Raleigh,North Carolina,United States,Upper-Middle,Corporate,2022-08-10,3,1485.94,1575.12,389,1
CUST03692,Gary,King,Female,42,gary.king3692@example.com,Everett,Washington,United States,Middle,Small Business,2026-05-07,1,1929.56,1981.19,26,0
CUST03693,Melissa,Kim,Male,40,melissa.kim3693@example.com,San Francisco,California,United States,High,Corporate,2023-10-24,6,3116.7,3441.13,59,0
CUST03694,Karan,Muller,Other,48,karan.muller3694@example.com,Boston,Massachusetts,United States,Lower-Middle,Home Office,2022-04-24,2,728.7,757.28,445,1
CUST03695,Ananya,Gonzalez,Male,42,ananya.gonzalez3695@example.com,Grand Rapids,Michigan,United States,Low,Consumer,2020-07-19,4,5938.49,6129.81,66,0
CUST03696,Angela,Walker,Male,38,angela.walker3696@example.com,Orlando,Florida,United States,Middle,Corporate,2019-07-22,3,1195.15,1296.87,29,0
CUST03697,Jacob,Ramirez,Male,22,jacob.ramirez3697@example.com,Worcester,Massachusetts,United States,Middle,Home Office,2019-08-23,0,0.0,0.0,9999,1
CUST03698,Donna,King,Other,33,donna.king3698@example.com,San Francisco,California,United States,High,Consumer,2025-06-12,3,6899.51,7244.35,70,0
CUST03699,Jerry,Lee,Female,31,jerry.lee3699@example.com,Fort Collins,Colorado,United States,Middle,Home Office,2024-09-16,5,6073.999999999999,6481.92,173,0
CUST03700,Samuel,White,Female,18,samuel.white3700@example.com,Springfield,Illinois,United States,Middle,Consumer,2019-06-20,5,4889.009999999999,5300.05,565,1
CUST03701,Camila,Lee,Female,20,camila.lee3701@example.com,Fort Lauderdale,Florida,United States,Middle,Consumer,2023-07-06,3,1668.37,1719.57,125,0
CUST03702,Donald,White,Male,27,donald.white3702@example.com,San Jose,California,United States,Lower-Middle,Small Business,2021-04-17,4,4274.59,4845.78,74,0
CUST03703,William,Gupta,Male,44,william.gupta3703@example.com,Grand Rapids,Michigan,United States,Upper-Middle,Consumer,2025-02-04,0,0.0,0.0,9999,1
CUST03704,Emily,Nguyen,Female,32,emily.nguyen3704@example.com,Buffalo,New York,United States,Middle,Consumer,2021-02-12,1,797.1,807.41,1995,1
CUST03705,Justin,Andrade,Male,46,justin.andrade3705@example.com,Syracuse,New York,United States,Upper-Middle,Consumer,2024-02-28,4,13808.950000000003,15770.63,206,1
CUST03706,Rahul,Adams,Female,28,rahul.adams3706@example.com,Denver,Colorado,United States,Upper-Middle,Corporate,2024-06-17,0,0.0,0.0,9999,1
CUST03707,Thomas,Roberts,Female,47,thomas.roberts3707@example.com,Sacramento,California,United States,Middle,Corporate,2026-06-24,4,5043.47,5105.57,24,0
CUST03708,Brandon,Rodriguez,Male,38,brandon.rodriguez3708@example.com,Fort Lauderdale,Florida,United States,Lower-Middle,Consumer,2021-02-19,3,1698.57,1940.76,1416,1
CUST03709,Vikram,Sharma,Male,35,vikram.sharma3709@example.com,Springfield,Massachusetts,United States,Lower-Middle,Consumer,2024-02-21,2,5784.24,6359.2,95,0
CUST03710,Tyler,Reddy,Male,23,tyler.reddy3710@example.com,Spokane,Washington,United States,Middle,Consumer,2020-10-19,3,5203.82,5800.21,1492,1
CUST03711,Betty,Clark,Other,37,betty.clark3711@example.com,San Antonio,Texas,United States,Middle,Small Business,2021-10-06,4,3238.35,3370.52,204,1
CUST03712,Ronald,Patel,Other,44,ronald.patel3712@example.com,Trenton,New Jersey,United States,Middle,Small Business,2020-01-23,5,7556.04,8279.95,76,0
CUST03713,Jeffrey,Smith,Female,44,jeffrey.smith3713@example.com,Fort Lauderdale,Florida,United States,Low,Consumer,2022-11-17,0,0.0,0.0,9999,1
CUST03714,Robert,Nelson,Male,18,robert.nelson3714@example.com,Ann Arbor,Michigan,United States,Middle,Home Office,2020-04-25,1,493.35,497.17,2056,1
CUST03715,Sarah,Torres,Other,18,sarah.torres3715@example.com,Houston,Texas,United States,Middle,Corporate,2024-12-07,4,6365.34,6902.86,41,0
CUST03716,Jack,Miller,Female,50,jack.miller3716@example.com,Albany,New York,United States,Low,Corporate,2022-01-31,5,15104.05,16311.37,3,0
CUST03717,Sharon,Muller,Other,58,sharon.muller3717@example.com,Springfield,Massachusetts,United States,Lower-Middle,Consumer,2021-06-26,3,4048.5,4082.65,1386,1
CUST03718,Sarah,Mitchell,Female,22,sarah.mitchell3718@example.com,Detroit,Michigan,United States,Upper-Middle,Consumer,2020-12-10,0,0.0,0.0,9999,1
CUST03719,Jennifer,Young,Male,33,jennifer.young3719@example.com,Scottsdale,Arizona,United States,Upper-Middle,Corporate,2022-01-18,5,7249.84,8154.8,365,1
CUST03720,Amanda,Patel,Female,31,amanda.patel3720@example.com,Trenton,New Jersey,United States,Upper-Middle,Consumer,2020-12-15,3,1804.5300000000002,1960.78,88,0
CUST03721,Laura,Wright,Female,68,laura.wright3721@example.com,Reading,Pennsylvania,United States,Middle,Consumer,2024-11-02,3,7130.620000000001,7402.79,382,1
CUST03722,Anna,Ramirez,Other,41,anna.ramirez3722@example.com,Flint,Michigan,United States,Middle,Corporate,2022-06-25,4,6190.400000000001,6248.27,482,1
CUST03723,Jonathan,Scott,Male,36,jonathan.scott3723@example.com,Boulder,Colorado,United States,Lower-Middle,Small Business,2024-10-03,1,350.36,358.7,613,1
CUST03724,Shirley,Gupta,Other,24,shirley.gupta3724@example.com,San Jose,California,United States,Middle,Consumer,2019-08-31,2,483.83,505.32,107,0
CUST03725,Kenneth,Johnson,Other,36,kenneth.johnson3725@example.com,Aurora,Colorado,United States,Upper-Middle,Corporate,2024-09-26,3,5756.139999999999,6529.45,335,1
CUST03726,Charles,Singh,Female,33,charles.singh3726@example.com,Cambridge,Massachusetts,United States,Lower-Middle,Consumer,2022-05-14,0,0.0,0.0,9999,1
CUST03727,Mark,Allen,Male,34,mark.allen3727@example.com,Paterson,New Jersey,United States,Lower-Middle,Consumer,2024-05-03,3,5031.67,5256.97,211,1
CUST03728,Emma,Souza,Other,18,emma.souza3728@example.com,Boston,Massachusetts,United States,Upper-Middle,Consumer,2024-06-20,5,8043.4400000000005,8293.61,345,1
CUST03729,Christine,Torres,Male,35,christine.torres3729@example.com,Durham,North Carolina,United States,Lower-Middle,Consumer,2024-09-22,7,7499.04,8471.28,152,0
CUST03730,Elizabeth,White,Female,60,elizabeth.white3730@example.com,Bellevue,Washington,United States,Upper-Middle,Small Business,2025-11-01,5,8958.84,9046.06,65,0
CUST03731,Ming,Lee,Other,28,ming.lee3731@example.com,Buffalo,New York,United States,High,Corporate,2025-04-28,1,457.8,495.58,91,0
CUST03732,Joshua,Ivanov,Other,36,joshua.ivanov3732@example.com,Springfield,Illinois,United States,Lower-Middle,Consumer,2026-06-19,1,3293.79,3448.45,17,0
CUST03733,Cynthia,Kowalski,Male,52,cynthia.kowalski3733@example.com,Scottsdale,Arizona,United States,Upper-Middle,Home Office,2021-08-14,3,5496.58,5551.83,251,1
CUST03734,Eric,Jackson,Male,27,eric.jackson3734@example.com,Jersey City,New Jersey,United States,Middle,Corporate,2024-08-24,5,6585.89,7545.05,229,1
CUST03735,Samuel,Rossi,Other,37,samuel.rossi3735@example.com,San Diego,California,United States,Middle,Home Office,2023-10-03,4,5591.030000000001,5810.3,296,1
CUST03736,William,Roberts,Female,34,william.roberts3736@example.com,Charlotte,North Carolina,United States,Middle,Small Business,2021-08-31,5,5384.26,5766.79,256,1
CUST03737,Margaret,Allen,Female,44,margaret.allen3737@example.com,Ann Arbor,Michigan,United States,Lower-Middle,Corporate,2024-05-22,2,463.15,488.81,146,0
CUST03738,Larry,Souza,Female,42,larry.souza3738@example.com,Aurora,Colorado,United States,Low,Corporate,2019-12-13,3,5199.93,5448.5,646,1
CUST03739,Nicholas,Gupta,Other,46,nicholas.gupta3739@example.com,Bellevue,Washington,United States,Lower-Middle,Home Office,2025-09-13,6,14294.15,14745.38,35,0
CUST03740,Deborah,Harris,Male,37,deborah.harris3740@example.com,Elizabeth,New Jersey,United States,High,Home Office,2022-08-26,1,435.1,493.94,915,1
CUST03741,Meera,Chen,Female,42,meera.chen3741@example.com,Buffalo,New York,United States,Upper-Middle,Consumer,2025-04-11,4,1981.79,2272.76,9,0
CUST03742,Jonathan,Davis,Female,37,jonathan.davis3742@example.com,Grand Rapids,Michigan,United States,Low,Consumer,2021-07-03,3,3271.43,3573.75,89,0
CUST03743,James,Gonzalez,Female,52,james.gonzalez3743@example.com,Cincinnati,Ohio,United States,High,Corporate,2022-03-12,1,36.92,41.85,350,1
CUST03744,Alexander,Kowalski,Female,33,alexander.kowalski3744@example.com,Cincinnati,Ohio,United States,Middle,Small Business,2025-03-30,2,1496.47,1593.62,102,0
CUST03745,Stephanie,Adams,Female,49,stephanie.adams3745@example.com,Allentown,Pennsylvania,United States,Middle,Small Business,2022-03-12,2,695.99,700.0,1195,1
CUST03746,Daniel,Allen,Female,46,daniel.allen3746@example.com,Athens,Georgia,United States,Low,Consumer,2024-12-24,4,5643.389999999999,6063.12,104,0
CUST03747,Eric,Wang,Female,34,eric.wang3747@example.com,Reading,Pennsylvania,United States,Upper-Middle,Home Office,2019-11-28,5,5884.83,6081.4,203,1
CUST03748,Donna,Davis,Female,45,donna.davis3748@example.com,Philadelphia,Pennsylvania,United States,Middle,Consumer,2019-11-21,5,2164.09,2458.96,659,1
CUST03749,Susan,Martin,Female,22,susan.martin3749@example.com,Rochester,New York,United States,Lower-Middle,Home Office,2021-05-11,3,2750.03,3090.55,107,0
CUST03750,Justin,Muller,Male,47,justin.muller3750@example.com,Trenton,New Jersey,United States,Lower-Middle,Home Office,2024-01-30,6,3011.31,3052.78,60,0
CUST03751,Margaret,Sanchez,Other,39,margaret.sanchez3751@example.com,Greensboro,North Carolina,United States,High,Consumer,2019-09-28,0,0.0,0.0,9999,1
CUST03752,Tyler,Robinson,Female,39,tyler.robinson3752@example.com,Aurora,Colorado,United States,Upper-Middle,Corporate,2022-01-21,3,1388.8300000000002,1439.45,1250,1
CUST03753,Laura,Williams,Male,26,laura.williams3753@example.com,Jacksonville,Florida,United States,Low,Corporate,2023-01-13,6,12860.46,14587.45,20,0
CUST03754,Ananya,Wright,Other,35,ananya.wright3754@example.com,Buffalo,New York,United States,Middle,Consumer,2023-03-31,2,351.21999999999997,376.11,557,1
CUST03755,Jennifer,Nelson,Other,51,jennifer.nelson3755@example.com,Phoenix,Arizona,United States,Middle,Consumer,2025-03-12,1,5644.05,6457.35,426,1
CUST03756,Patricia,Scott,Male,38,patricia.scott3756@example.com,Phoenix,Arizona,United States,Lower-Middle,Corporate,2021-10-20,7,5036.62,5039.3,586,1
CUST03757,Samantha,Reddy,Other,32,samantha.reddy3757@example.com,Seattle,Washington,United States,Middle,Consumer,2023-12-14,7,2520.84,2863.13,26,0
CUST03758,Karan,Dubois,Female,49,karan.dubois3758@example.com,Rochester,New York,United States,High,Corporate,2026-03-01,2,1446.0,1547.51,30,0
CUST03759,Joseph,Clark,Other,33,joseph.clark3759@example.com,Erie,Pennsylvania,United States,Lower-Middle,Consumer,2025-07-20,0,0.0,0.0,9999,1
CUST03760,Kenneth,Garcia,Female,55,kenneth.garcia3760@example.com,Savannah,Georgia,United States,Upper-Middle,Consumer,2019-06-29,2,1017.6200000000001,1059.11,1115,1
CUST03761,Janet,Dubois,Male,54,janet.dubois3761@example.com,Rockford,Illinois,United States,Middle,Consumer,2021-10-06,2,2487.95,2737.13,215,1
CUST03762,Benjamin,Lewis,Other,52,benjamin.lewis3762@example.com,Ann Arbor,Michigan,United States,Low,Consumer,2023-08-25,0,0.0,0.0,9999,1
CUST03763,Vikram,Garcia,Male,31,vikram.garcia3763@example.com,Albany,New York,United States,Lower-Middle,Corporate,2021-12-16,5,10677.11,12032.17,300,1
CUST03764,Paul,Jackson,Male,66,paul.jackson3764@example.com,Seattle,Washington,United States,High,Consumer,2021-09-24,1,417.2,419.56,1687,1
CUST03765,Eric,Moore,Female,34,eric.moore3765@example.com,Reading,Pennsylvania,United States,Middle,Home Office,2020-04-23,1,4217.3,4614.0,1881,1
CUST03766,Cynthia,Harris,Male,43,cynthia.harris3766@example.com,Aurora,Colorado,United States,Low,Consumer,2024-07-30,2,5269.0599999999995,5960.68,575,1
CUST03767,Dennis,Chen,Female,38,dennis.chen3767@example.com,Bellevue,Washington,United States,Lower-Middle,Consumer,2019-09-25,2,5540.51,5811.85,1022,1
CUST03768,George,Campbell,Male,45,george.campbell3768@example.com,Austin,Texas,United States,Middle,Consumer,2019-06-25,2,793.18,799.4,199,1
CUST03769,Paul,Costa,Male,27,paul.costa3769@example.com,Tucson,Arizona,United States,Low,Consumer,2023-08-01,3,1823.8600000000001,2014.25,305,1
CUST03770,Heather,Taylor,Female,53,heather.taylor3770@example.com,Boulder,Colorado,United States,Upper-Middle,Consumer,2019-10-03,0,0.0,0.0,9999,1
CUST03771,Ronald,Silva,Male,41,ronald.silva3771@example.com,Springfield,Massachusetts,United States,Middle,Consumer,2023-11-03,2,1552.18,1736.36,2,0
CUST03772,Rachel,Lewis,Male,50,rachel.lewis3772@example.com,Albany,New York,United States,Upper-Middle,Consumer,2026-06-02,2,2784.42,2946.51,52,0
CUST03773,Emma,Carter,Female,39,emma.carter3773@example.com,Chandler,Arizona,United States,Lower-Middle,Consumer,2022-06-04,5,4364.049999999999,4525.14,170,0
CUST03774,Jacob,Nguyen,Male,36,jacob.nguyen3774@example.com,Elizabeth,New Jersey,United States,Low,Small Business,2021-05-26,3,560.34,583.63,238,1
CUST03775,Matthew,Smith,Male,39,matthew.smith3775@example.com,Toledo,Ohio,United States,Upper-Middle,Consumer,2023-09-28,3,8051.120000000001,8382.33,293,1
CUST03776,Rachel,Lopez,Other,45,rachel.lopez3776@example.com,Philadelphia,Pennsylvania,United States,High,Home Office,2025-11-24,3,836.9399999999999,904.71,89,0
CUST03777,Barbara,Kim,Male,32,barbara.kim3777@example.com,Winston-Salem,North Carolina,United States,Lower-Middle,Consumer,2021-02-19,2,5345.52,5405.13,81,0
CUST03778,Edward,Campbell,Other,21,edward.campbell3778@example.com,Aurora,Colorado,United States,Lower-Middle,Corporate,2020-07-09,3,929.4200000000001,1018.77,849,1
CUST03779,Justin,Williams,Male,31,justin.williams3779@example.com,Paterson,New Jersey,United States,Lower-Middle,Consumer,2024-05-15,2,1246.75,1386.72,97,0
CUST03780,Charles,Lewis,Male,18,charles.lewis3780@example.com,Bellevue,Washington,United States,Middle,Consumer,2026-04-14,2,870.95,898.49,12,0
CUST03781,Samantha,Brown,Male,24,samantha.brown3781@example.com,Buffalo,New York,United States,Middle,Home Office,2022-06-07,10,23173.8,26274.68,59,0
CUST03782,Linda,Jones,Female,42,linda.jones3782@example.com,Scottsdale,Arizona,United States,Upper-Middle,Home Office,2022-01-18,6,7655.77,8538.71,40,0
CUST03783,Raymond,Pereira,Male,37,raymond.pereira3783@example.com,Bellevue,Washington,United States,Middle,Corporate,2023-03-22,4,5102.81,5807.13,639,1
CUST03784,Ananya,Kim,Female,46,ananya.kim3784@example.com,Macon,Georgia,United States,Upper-Middle,Consumer,2021-10-17,2,2469.58,2505.48,1322,1
CUST03785,Priya,Chen,Female,35,priya.chen3785@example.com,Toledo,Ohio,United States,Lower-Middle,Corporate,2023-04-24,1,128.99,130.66,1139,1
CUST03786,Elizabeth,Pereira,Other,38,elizabeth.pereira3786@example.com,Winston-Salem,North Carolina,United States,Low,Consumer,2025-09-05,3,6659.53,7459.87,22,0
CUST03787,Anthony,Kim,Female,35,anthony.kim3787@example.com,Charlotte,North Carolina,United States,Middle,Consumer,2023-12-31,1,763.12,849.56,431,1
CUST03788,Scott,Davis,Female,40,scott.davis3788@example.com,Winston-Salem,North Carolina,United States,Middle,Small Business,2023-12-24,1,175.64,188.59,424,1
CUST03789,Jerry,Roberts,Other,30,jerry.roberts3789@example.com,Albany,New York,United States,Lower-Middle,Consumer,2023-09-30,7,15890.45,18025.58,317,1
CUST03790,Nicholas,Chen,Other,18,nicholas.chen3790@example.com,Cleveland,Ohio,United States,Low,Consumer,2024-04-19,2,2400.04,2545.3,604,1
CUST03791,John,Rossi,Male,51,john.rossi3791@example.com,Columbus,Ohio,United States,Lower-Middle,Consumer,2025-06-24,5,5617.76,5751.36,37,0
CUST03792,Susan,White,Male,32,susan.white3792@example.com,Fort Worth,Texas,United States,Middle,Consumer,2024-06-05,4,6216.009999999999,6517.3,216,1
CUST03793,Barbara,Pereira,Other,37,barbara.pereira3793@example.com,Dallas,Texas,United States,Middle,Consumer,2021-07-22,2,4752.0,5113.51,825,1
CUST03794,Rachel,Roberts,Other,57,rachel.roberts3794@example.com,Denver,Colorado,United States,Upper-Middle,Home Office,2022-07-26,6,6292.66,6705.46,93,0
CUST03795,Patricia,Dubois,Female,45,patricia.dubois3795@example.com,Sacramento,California,United States,Upper-Middle,Home Office,2021-07-25,5,3944.14,4162.58,98,0
CUST03796,Katherine,Jones,Male,38,katherine.jones3796@example.com,Denver,Colorado,United States,Middle,Consumer,2025-03-22,3,2973.24,3026.38,53,0
CUST03797,Jacob,Jackson,Male,45,jacob.jackson3797@example.com,Flint,Michigan,United States,Middle,Corporate,2023-01-11,3,1439.49,1531.9,313,1
CUST03798,Sandra,Lewis,Other,21,sandra.lewis3798@example.com,Rockford,Illinois,United States,High,Consumer,2023-08-24,3,4371.6,4582.4,262,1
CUST03799,Joshua,Zhang,Male,66,joshua.zhang3799@example.com,Newark,New Jersey,United States,Upper-Middle,Consumer,2020-10-05,4,2328.08,2472.02,621,1
CUST03800,Angela,Adams,Other,43,angela.adams3800@example.com,Macon,Georgia,United States,Middle,Consumer,2024-04-11,4,5227.05,5826.77,16,0
CUST03801,Jack,Lewis,Prefer not to say,20,jack.lewis3801@example.com,Tampa,Florida,United States,Middle,Consumer,2025-12-31,3,2916.73,2946.48,31,0
CUST03802,Arjun,Dubois,Other,51,arjun.dubois3802@example.com,Savannah,Georgia,United States,Lower-Middle,Consumer,2020-11-23,6,4162.9400000000005,4619.65,164,0
CUST03803,Ananya,Ramirez,Female,37,ananya.ramirez3803@example.com,Austin,Texas,United States,Lower-Middle,Consumer,2022-06-22,2,1631.61,1649.96,454,1
CUST03804,Karan,Green,Female,46,karan.green3804@example.com,Atlanta,Georgia,United States,Lower-Middle,Consumer,2019-09-22,5,15684.92,15813.59,990,1
CUST03805,Jacob,Lewis,Other,32,jacob.lewis3805@example.com,Durham,North Carolina,United States,Upper-Middle,Consumer,2020-05-03,2,3727.92,4130.25,767,1
CUST03806,Michelle,Mitchell,Male,41,michelle.mitchell3806@example.com,Winston-Salem,North Carolina,United States,Lower-Middle,Consumer,2022-11-20,6,2877.66,2910.91,171,0
CUST03807,William,Flores,Male,29,william.flores3807@example.com,Paterson,New Jersey,United States,Middle,Corporate,2025-12-11,3,4220.27,4362.07,12,0
CUST03808,Julie,Martin,Other,62,julie.martin3808@example.com,Jersey City,New Jersey,United States,Upper-Middle,Home Office,2020-02-16,5,1428.38,1547.33,132,0
CUST03809,Margaret,Patel,Male,42,margaret.patel3809@example.com,Greensboro,North Carolina,United States,Lower-Middle,Home Office,2020-03-14,3,4293.71,4514.75,28,0
CUST03810,Rahul,Souza,Other,40,rahul.souza3810@example.com,Detroit,Michigan,United States,Low,Corporate,2022-07-18,1,983.1,1035.57,1147,1
CUST03811,Ming,Wang,Other,28,ming.wang3811@example.com,Lansing,Michigan,United States,Low,Home Office,2022-04-10,2,402.7,460.08,534,1
CUST03812,Sandra,Hill,Female,37,sandra.hill3812@example.com,Springfield,Massachusetts,United States,Middle,Consumer,2023-03-25,3,4371.67,4808.82,908,1
CUST03813,Timothy,Muller,Male,42,timothy.muller3813@example.com,Ann Arbor,Michigan,United States,High,Small Business,2023-05-18,5,8027.97,9215.09,8,0
CUST03814,Rahul,Gupta,Female,33,rahul.gupta3814@example.com,Scottsdale,Arizona,United States,Upper-Middle,Consumer,2021-09-04,5,5845.780000000001,6026.25,54,0
CUST03815,Betty,Moore,Female,52,betty.moore3815@example.com,Ann Arbor,Michigan,United States,Lower-Middle,Consumer,2020-03-01,1,54.64,56.57,743,1
CUST03816,Catherine,Clark,Female,18,catherine.clark3816@example.com,Denver,Colorado,United States,Middle,Consumer,2019-10-13,5,12380.54,13092.7,348,1
CUST03817,Laura,Lee,Other,18,laura.lee3817@example.com,Grand Rapids,Michigan,United States,Middle,Consumer,2020-05-01,0,0.0,0.0,9999,1
CUST03818,Ronald,Clark,Male,49,ronald.clark3818@example.com,Phoenix,Arizona,United States,Middle,Consumer,2020-02-05,1,783.39,801.78,591,1
CUST03819,Stephen,Mitchell,Other,55,stephen.mitchell3819@example.com,Trenton,New Jersey,United States,Lower-Middle,Home Office,2020-10-18,4,5340.48,5826.26,557,1
CUST03820,Sandra,Thompson,Female,32,sandra.thompson3820@example.com,Chicago,Illinois,United States,Upper-Middle,Corporate,2024-09-15,1,462.21,489.77,546,1
CUST03821,William,Hall,Other,29,william.hall3821@example.com,Tacoma,Washington,United States,Lower-Middle,Consumer,2022-06-22,3,1211.13,1377.93,146,0
CUST03822,Deborah,Brown,Female,41,deborah.brown3822@example.com,Savannah,Georgia,United States,Lower-Middle,Consumer,2026-06-05,4,3410.9700000000003,3719.69,21,0
CUST03823,Amy,Allen,Other,18,amy.allen3823@example.com,Cleveland,Ohio,United States,Lower-Middle,Corporate,2024-03-06,4,939.27,940.02,31,0
CUST03824,Larry,Rivera,Other,42,larry.rivera3824@example.com,Durham,North Carolina,United States,Low,Corporate,2020-10-10,2,1098.3999999999999,1184.67,279,1
CUST03825,Paul,Anderson,Female,35,paul.anderson3825@example.com,Columbus,Ohio,United States,Low,Consumer,2022-01-19,8,10873.77,10951.04,22,0
CUST03826,Christopher,Perez,Other,32,christopher.perez3826@example.com,Fort Worth,Texas,United States,Low,Corporate,2023-08-09,1,820.5,910.13,280,1
CUST03827,Elizabeth,Torres,Male,18,elizabeth.torres3827@example.com,Newark,New Jersey,United States,Upper-Middle,Consumer,2021-07-05,3,5580.44,6154.69,1064,1
CUST03828,Emily,Rossi,Other,62,emily.rossi3828@example.com,Columbus,Ohio,United States,Middle,Home Office,2019-07-14,4,9786.92,10547.85,850,1
CUST03829,Anthony,Dubois,Female,30,anthony.dubois3829@example.com,Cambridge,Massachusetts,United States,Low,Small Business,2021-11-18,6,8248.75,8665.12,178,0
CUST03830,Justin,Taylor,Female,24,justin.taylor3830@example.com,Greensboro,North Carolina,United States,Middle,Small Business,2023-03-21,4,3867.71,4148.12,79,0
CUST03831,Margaret,Brown,Female,50,margaret.brown3831@example.com,Worcester,Massachusetts,United States,High,Corporate,2022-11-11,3,8185.96,9293.31,313,1
CUST03832,Camila,Brown,Prefer not to say,32,camila.brown3832@example.com,Flint,Michigan,United States,Middle,Home Office,2024-12-09,6,3887.67,3945.01,82,0
CUST03833,Joseph,Harris,Female,38,joseph.harris3833@example.com,Toledo,Ohio,United States,Middle,Corporate,2024-04-02,5,2376.8,2473.11,140,0
CUST03834,Edward,Singh,Male,41,edward.singh3834@example.com,Toledo,Ohio,United States,Low,Small Business,2024-03-09,1,110.57,121.69,615,1
CUST03835,Dennis,Sharma,Female,32,dennis.sharma3835@example.com,Jersey City,New Jersey,United States,Lower-Middle,Small Business,2023-01-02,4,2006.79,2094.91,183,1
CUST03836,Robert,Moore,Male,52,robert.moore3836@example.com,Worcester,Massachusetts,United States,Middle,Small Business,2022-08-09,2,3541.7000000000003,3851.02,344,1
CUST03837,Paul,Pereira,Male,33,paul.pereira3837@example.com,Los Angeles,California,United States,Upper-Middle,Small Business,2026-06-12,5,6113.57,6638.76,10,0
CUST03838,Emma,Lewis,Female,33,emma.lewis3838@example.com,Paterson,New Jersey,United States,Middle,Corporate,2020-04-08,4,4859.4400000000005,5064.22,674,1
CUST03839,Richard,Muller,Other,46,richard.muller3839@example.com,Fort Collins,Colorado,United States,Low,Consumer,2022-01-01,1,1463.8,1487.51,1585,1
CUST03840,Joshua,Scott,Male,51,joshua.scott3840@example.com,Fort Collins,Colorado,United States,Lower-Middle,Consumer,2024-07-06,2,2211.26,2466.89,252,1
CUST03841,Nancy,Ramirez,Male,24,nancy.ramirez3841@example.com,Tampa,Florida,United States,Middle,Home Office,2024-12-14,2,357.78999999999996,367.98,59,0
CUST03842,Li,Campbell,Male,18,li.campbell3842@example.com,Cincinnati,Ohio,United States,Upper-Middle,Consumer,2022-11-29,4,10407.44,10906.32,595,1
CUST03843,Michael,Anderson,Male,44,michael.anderson3843@example.com,Greensboro,North Carolina,United States,Middle,Consumer,2021-05-01,0,0.0,0.0,9999,1
CUST03844,Betty,Rodriguez,Female,32,betty.rodriguez3844@example.com,Flint,Michigan,United States,Upper-Middle,Corporate,2025-01-03,3,3799.8199999999997,4219.84,88,0
CUST03845,Hiroshi,Nelson,Male,44,hiroshi.nelson3845@example.com,Reading,Pennsylvania,United States,Middle,Consumer,2020-02-13,0,0.0,0.0,9999,1
CUST03846,Jeffrey,Carter,Male,52,jeffrey.carter3846@example.com,Aurora,Colorado,United States,Lower-Middle,Consumer,2024-12-20,5,6752.25,6858.19,387,1
CUST03847,Betty,Adams,Other,42,betty.adams3847@example.com,San Francisco,California,United States,Upper-Middle,Consumer,2021-01-04,1,1336.34,1410.83,218,1
CUST03848,Jack,Clark,Female,42,jack.clark3848@example.com,Aurora,Colorado,United States,High,Consumer,2026-02-07,1,207.64,219.32,145,0
CUST03849,Emma,Patel,Male,18,emma.patel3849@example.com,Savannah,Georgia,United States,Middle,Consumer,2019-11-06,2,3621.73,3649.18,141,0
CUST03850,Larry,Smith,Male,47,larry.smith3850@example.com,Peoria,Illinois,United States,High,Consumer,2025-08-09,3,5584.39,6373.26,133,0
CUST03851,Mateo,Campbell,Other,19,mateo.campbell3851@example.com,Peoria,Illinois,United States,Upper-Middle,Consumer,2020-08-30,3,7480.2699999999995,7839.68,497,1
CUST03852,Alexander,Rossi,Male,52,alexander.rossi3852@example.com,Rockford,Illinois,United States,Lower-Middle,Consumer,2023-03-25,7,7792.870000000001,8658.78,64,0
CUST03853,Kimberly,Zhang,Female,57,kimberly.zhang3853@example.com,Winston-Salem,North Carolina,United States,Middle,Consumer,2021-03-04,7,5110.42,5244.9,727,1
CUST03854,William,Moore,Female,31,william.moore3854@example.com,Denver,Colorado,United States,Low,Consumer,2026-02-19,3,1792.53,2007.96,51,0
CUST03855,Ashley,Chen,Female,43,ashley.chen3855@example.com,Athens,Georgia,United States,Low,Consumer,2025-09-15,4,12023.77,12554.4,7,0
CUST03856,Frank,Andrade,Other,36,frank.andrade3856@example.com,Springfield,Massachusetts,United States,Low,Consumer,2021-05-20,3,2629.0,2804.52,575,1
CUST03857,Frank,Souza,Male,37,frank.souza3857@example.com,Savannah,Georgia,United States,Lower-Middle,Corporate,2019-12-25,3,1858.5,1916.13,1033,1
CUST03858,Dorothy,Lopez,Male,33,dorothy.lopez3858@example.com,Austin,Texas,United States,Middle,Consumer,2025-08-07,1,280.52,319.69,330,1
CUST03859,Nancy,Wilson,Female,50,nancy.wilson3859@example.com,Boston,Massachusetts,United States,Upper-Middle,Consumer,2020-12-18,5,9434.99,9604.47,819,1
CUST03860,Ryan,Gonzalez,Other,47,ryan.gonzalez3860@example.com,San Jose,California,United States,Middle,Consumer,2019-11-28,2,5305.85,5878.64,1050,1
CUST03861,Jason,Hill,Female,34,jason.hill3861@example.com,Rochester,New York,United States,Upper-Middle,Consumer,2019-11-23,2,1037.19,1173.51,348,1
CUST03862,Emma,Smith,Other,24,emma.smith3862@example.com,Albany,New York,United States,Middle,Consumer,2019-07-07,3,1161.41,1275.07,275,1
CUST03863,Ananya,Martinez,Male,29,ananya.martinez3863@example.com,Allentown,Pennsylvania,United States,Upper-Middle,Consumer,2025-03-07,4,3019.08,3364.83,182,1
CUST03864,Stephanie,Jones,Male,43,stephanie.jones3864@example.com,San Francisco,California,United States,Low,Small Business,2025-09-22,1,777.91,859.51,226,1
CUST03865,Sharon,Nelson,Other,34,sharon.nelson3865@example.com,Tacoma,Washington,United States,Low,Consumer,2024-01-22,4,6016.93,6812.88,20,0
CUST03866,Vikram,Moore,Other,28,vikram.moore3866@example.com,Rochester,New York,United States,Low,Consumer,2022-11-23,7,3793.35,4203.33,394,1
CUST03867,Karen,Brown,Female,29,karen.brown3867@example.com,Toledo,Ohio,United States,Low,Consumer,2022-06-14,7,9615.98,10527.39,326,1
CUST03868,Steven,Green,Other,33,steven.green3868@example.com,Chandler,Arizona,United States,Lower-Middle,Consumer,2023-09-26,4,4612.57,4756.32,473,1
CUST03869,Aditya,Patel,Male,34,aditya.patel3869@example.com,Cleveland,Ohio,United States,Upper-Middle,Consumer,2024-08-29,1,853.77,979.79,75,0
CUST03870,Thomas,Moore,Female,25,thomas.moore3870@example.com,Colorado Springs,Colorado,United States,Low,Small Business,2020-08-05,2,485.16,528.66,228,1
CUST03871,Sandra,Taylor,Male,30,sandra.taylor3871@example.com,Buffalo,New York,United States,Middle,Consumer,2025-12-27,2,207.56,230.53,17,0
CUST03872,Patricia,Gonzalez,Male,44,patricia.gonzalez3872@example.com,Everett,Washington,United States,Upper-Middle,Consumer,2020-03-11,3,7779.83,8699.3,473,1
CUST03873,Anthony,Allen,Male,37,anthony.allen3873@example.com,Durham,North Carolina,United States,Lower-Middle,Consumer,2020-10-12,5,6535.12,7364.91,19,0
CUST03874,Sandra,Thompson,Other,18,sandra.thompson3874@example.com,Pittsburgh,Pennsylvania,United States,Middle,Small Business,2020-08-01,3,2372.7599999999998,2717.54,505,1
CUST03875,Priya,Ramirez,Other,41,priya.ramirez3875@example.com,Buffalo,New York,United States,Middle,Consumer,2024-07-13,2,1137.01,1206.62,260,1
CUST03876,Aditya,Kumar,Female,31,aditya.kumar3876@example.com,Tacoma,Washington,United States,Lower-Middle,Consumer,2025-05-26,3,5310.91,5440.25,5,0
CUST03877,Shirley,Patel,Other,41,shirley.patel3877@example.com,Naperville,Illinois,United States,Middle,Home Office,2019-08-13,5,9390.74,9990.32,537,1
CUST03878,Daniel,King,Female,18,daniel.king3878@example.com,Flint,Michigan,United States,Middle,Consumer,2021-01-18,2,1105.76,1215.45,494,1
CUST03879,Dennis,Miller,Female,32,dennis.miller3879@example.com,Chandler,Arizona,United States,Lower-Middle,Home Office,2024-07-16,3,2829.01,2896.85,422,1
CUST03880,Benjamin,Muller,Female,40,benjamin.muller3880@example.com,Spokane,Washington,United States,Middle,Corporate,2022-04-06,3,1944.71,1984.81,527,1
CUST03881,Debra,Campbell,Female,28,debra.campbell3881@example.com,Syracuse,New York,United States,Upper-Middle,Consumer,2024-09-23,2,11641.1,13012.97,76,0
CUST03882,Vikram,Lopez,Female,51,vikram.lopez3882@example.com,Pittsburgh,Pennsylvania,United States,High,Consumer,2023-07-16,4,6557.68,7111.95,188,1
CUST03883,Rahul,Nelson,Female,57,rahul.nelson3883@example.com,Detroit,Michigan,United States,Middle,Home Office,2021-11-24,3,5342.83,5943.27,182,1
CUST03884,Christopher,Mitchell,Other,43,christopher.mitchell3884@example.com,Worcester,Massachusetts,United States,Middle,Corporate,2022-08-29,4,5510.99,5876.21,215,1
CUST03885,Rebecca,Singh,Female,18,rebecca.singh3885@example.com,Chicago,Illinois,United States,Middle,Small Business,2025-12-11,0,0.0,0.0,9999,1
CUST03886,Mark,Young,Other,38,mark.young3886@example.com,Akron,Ohio,United States,Middle,Consumer,2024-12-08,1,49.88,54.35,593,1
CUST03887,Jeffrey,Wright,Female,18,jeffrey.wright3887@example.com,Paterson,New Jersey,United States,Upper-Middle,Corporate,2026-06-23,3,1549.1799999999998,1773.73,9,0
CUST03888,Carol,Clark,Other,50,carol.clark3888@example.com,Winston-Salem,North Carolina,United States,Middle,Small Business,2019-11-05,3,4336.28,4941.53,185,1
CUST03889,Thomas,Baker,Male,75,thomas.baker3889@example.com,Tucson,Arizona,United States,Lower-Middle,Home Office,2021-01-29,4,1934.5100000000002,2047.06,197,1
CUST03890,Maria,Roberts,Male,26,maria.roberts3890@example.com,Macon,Georgia,United States,Lower-Middle,Consumer,2025-12-08,6,5666.52,5686.15,20,0
CUST03891,David,Lee,Other,41,david.lee3891@example.com,Bellevue,Washington,United States,Middle,Consumer,2022-02-09,3,11159.529999999999,11498.68,249,1
CUST03892,Margaret,Lewis,Male,42,margaret.lewis3892@example.com,Allentown,Pennsylvania,United States,High,Consumer,2025-07-23,4,3702.7000000000003,4209.11,53,0
CUST03893,Emma,Nelson,Male,24,emma.nelson3893@example.com,Greensboro,North Carolina,United States,Middle,Consumer,2025-12-15,5,2939.6499999999996,3345.67,17,0
CUST03894,Victoria,Gonzalez,Male,40,victoria.gonzalez3894@example.com,Akron,Ohio,United States,Lower-Middle,Consumer,2025-06-08,5,3920.76,4030.34,98,0
CUST03895,Benjamin,Walker,Other,44,benjamin.walker3895@example.com,Flint,Michigan,United States,Upper-Middle,Consumer,2021-06-09,2,945.4599999999999,1032.76,70,0
CUST03896,Richard,Rivera,Other,41,richard.rivera3896@example.com,Colorado Springs,Colorado,United States,High,Consumer,2026-01-15,4,3525.6299999999997,3880.0,107,0
CUST03897,Ronald,Silva,Other,22,ronald.silva3897@example.com,Spokane,Washington,United States,Middle,Consumer,2023-02-04,2,4355.04,4584.47,593,1
CUST03898,John,Ivanov,Female,31,john.ivanov3898@example.com,Worcester,Massachusetts,United States,Lower-Middle,Consumer,2020-07-11,4,3978.13,4257.3,617,1
CUST03899,Janet,Perez,Male,25,janet.perez3899@example.com,Boston,Massachusetts,United States,Lower-Middle,Corporate,2024-01-19,1,1624.2,1750.57,346,1
CUST03900,Rahul,Rossi,Other,61,rahul.rossi3900@example.com,Charlotte,North Carolina,United States,Upper-Middle,Consumer,2025-09-16,5,5483.95,6168.51,123,0
CUST03901,Emily,Clark,Male,38,emily.clark3901@example.com,Dallas,Texas,United States,High,Consumer,2020-04-18,4,14796.34,15561.32,330,1
CUST03902,Margaret,Hill,Female,34,margaret.hill3902@example.com,Cambridge,Massachusetts,United States,Lower-Middle,Corporate,2025-12-31,0,0.0,0.0,9999,1
CUST03903,Isha,Jackson,Other,51,isha.jackson3903@example.com,Chandler,Arizona,United States,Lower-Middle,Home Office,2024-11-12,2,4651.33,5061.12,419,1
CUST03904,Donna,Hall,Male,37,donna.hall3904@example.com,Cambridge,Massachusetts,United States,High,Consumer,2025-03-15,2,2606.7400000000002,2672.17,286,1
CUST03905,Susan,Zhang,Other,51,susan.zhang3905@example.com,Syracuse,New York,United States,Middle,Consumer,2025-08-17,3,3712.36,3808.4,71,0
CUST03906,Betty,Sharma,Female,18,betty.sharma3906@example.com,Boulder,Colorado,United States,Middle,Corporate,2019-12-02,2,8288.23,9530.44,1728,1
CUST03907,Gregory,Anderson,Other,58,gregory.anderson3907@example.com,Albany,New York,United States,High,Corporate,2022-05-13,2,500.95,557.63,999,1
CUST03908,Olivia,Zhang,Female,18,olivia.zhang3908@example.com,Fort Worth,Texas,United States,Middle,Corporate,2022-06-27,4,2347.57,2652.92,764,1
CUST03909,Timothy,Lewis,Male,32,timothy.lewis3909@example.com,Tampa,Florida,United States,Middle,Consumer,2025-06-27,4,3104.99,3555.32,80,0
CUST03910,Deborah,Wilson,Other,47,deborah.wilson3910@example.com,Rochester,New York,United States,Low,Consumer,2023-09-24,2,2010.75,2232.92,454,1
CUST03911,Raymond,Young,Female,27,raymond.young3911@example.com,Flint,Michigan,United States,Upper-Middle,Consumer,2020-08-05,6,4479.17,4522.55,1472,1
CUST03912,Julie,Hernandez,Male,25,julie.hernandez3912@example.com,Orlando,Florida,United States,Lower-Middle,Consumer,2021-03-03,4,6255.33,6540.63,3,0
CUST03913,Amy,Singh,Other,33,amy.singh3913@example.com,Fort Collins,Colorado,United States,Upper-Middle,Small Business,2021-03-29,3,6912.549999999999,7750.15,813,1
CUST03914,Emily,Souza,Female,53,emily.souza3914@example.com,Boston,Massachusetts,United States,Low,Corporate,2023-04-16,4,9789.81,10358.5,254,1
CUST03915,Arjun,King,Male,29,arjun.king3915@example.com,Houston,Texas,United States,Upper-Middle,Consumer,2019-10-05,3,6693.360000000001,6838.86,417,1
CUST03916,Betty,Jones,Other,23,betty.jones3916@example.com,Austin,Texas,United States,Low,Consumer,2025-07-11,0,0.0,0.0,9999,1
CUST03917,Andrew,Hernandez,Male,22,andrew.hernandez3917@example.com,Boston,Massachusetts,United States,Upper-Middle,Corporate,2023-05-13,3,616.6800000000001,680.41,760,1
CUST03918,Mateo,Lee,Male,54,mateo.lee3918@example.com,Newark,New Jersey,United States,Middle,Home Office,2026-02-27,1,4.89,5.26,110,0
CUST03919,Rebecca,Singh,Female,41,rebecca.singh3919@example.com,Newark,New Jersey,United States,High,Small Business,2021-06-14,1,298.98,299.57,868,1
CUST03920,Dennis,Martinez,Other,57,dennis.martinez3920@example.com,Elizabeth,New Jersey,United States,Low,Consumer,2021-09-13,9,21002.95,21043.42,6,0
CUST03921,Jessica,Sanchez,Prefer not to say,47,jessica.sanchez3921@example.com,Rockford,Illinois,United States,Upper-Middle,Small Business,2024-01-24,6,3939.4500000000003,4189.9,30,0
CUST03922,Joshua,King,Male,42,joshua.king3922@example.com,Jersey City,New Jersey,United States,Lower-Middle,Consumer,2020-03-28,3,6845.219999999999,7870.34,135,0
CUST03923,Jason,Davis,Other,18,jason.davis3923@example.com,Scottsdale,Arizona,United States,High,Consumer,2025-11-12,2,325.49,368.37,36,0
CUST03924,Isha,Gonzalez,Female,23,isha.gonzalez3924@example.com,Fort Lauderdale,Florida,United States,Low,Consumer,2022-01-31,6,5258.150000000001,5262.99,304,1
CUST03925,Jacob,Gonzalez,Female,42,jacob.gonzalez3925@example.com,Denver,Colorado,United States,Lower-Middle,Home Office,2022-11-29,0,0.0,0.0,9999,1
CUST03926,Victoria,Gonzalez,Male,34,victoria.gonzalez3926@example.com,Ann Arbor,Michigan,United States,High,Consumer,2022-04-30,4,3924.0499999999997,4125.86,95,0
CUST03927,Cynthia,Smith,Other,47,cynthia.smith3927@example.com,Syracuse,New York,United States,Upper-Middle,Consumer,2020-06-12,2,2892.62,3310.02,953,1
CUST03928,Barbara,Thomas,Female,32,barbara.thomas3928@example.com,Syracuse,New York,United States,Upper-Middle,Consumer,2025-09-10,2,4521.25,4739.55,120,0
CUST03929,Sarah,Dubois,Other,25,sarah.dubois3929@example.com,Newark,New Jersey,United States,Lower-Middle,Consumer,2026-04-21,3,4318.8099999999995,4498.11,5,0
CUST03930,Karan,Silva,Female,28,karan.silva3930@example.com,Erie,Pennsylvania,United States,Lower-Middle,Consumer,2024-11-14,6,6957.49,7645.04,45,0
CUST03931,Scott,Martinez,Male,42,scott.martinez3931@example.com,Fort Lauderdale,Florida,United States,Low,Corporate,2025-01-25,3,296.54999999999995,299.68,9,0
CUST03932,Joshua,Anderson,Male,22,joshua.anderson3932@example.com,Bellevue,Washington,United States,Upper-Middle,Small Business,2024-12-06,3,984.77,1098.78,204,1
CUST03933,Nancy,Young,Male,41,nancy.young3933@example.com,Spokane,Washington,United States,Lower-Middle,Home Office,2025-01-01,3,3258.51,3627.89,224,1
CUST03934,Elizabeth,Walker,Male,48,elizabeth.walker3934@example.com,Austin,Texas,United States,Lower-Middle,Consumer,2022-02-26,3,986.81,1123.48,495,1
CUST03935,Catherine,Reddy,Female,27,catherine.reddy3935@example.com,Spokane,Washington,United States,Low,Consumer,2022-03-10,2,1318.17,1442.42,729,1
CUST03936,Rahul,Hall,Female,51,rahul.hall3936@example.com,Pittsburgh,Pennsylvania,United States,Lower-Middle,Corporate,2021-01-20,3,921.56,1029.04,162,0
CUST03937,Diane,Flores,Male,18,diane.flores3937@example.com,Newark,New Jersey,United States,Lower-Middle,Consumer,2023-06-06,1,19.08,21.05,43,0
CUST03938,Angela,Rodriguez,Other,35,angela.rodriguez3938@example.com,Paterson,New Jersey,United States,Middle,Corporate,2026-01-13,2,2561.75,2868.3,118,0
CUST03939,Emily,Costa,Female,44,emily.costa3939@example.com,Durham,North Carolina,United States,Middle,Consumer,2025-05-24,4,2625.58,2746.45,57,0
CUST03940,Olivia,Lewis,Female,26,olivia.lewis3940@example.com,Los Angeles,California,United States,Lower-Middle,Small Business,2024-04-28,5,3451.65,3485.38,360,1
CUST03941,Frank,Baker,Female,27,frank.baker3941@example.com,Toledo,Ohio,United States,High,Small Business,2024-07-18,3,3915.3199999999997,4344.38,63,0
CUST03942,Anthony,Campbell,Female,38,anthony.campbell3942@example.com,Reading,Pennsylvania,United States,Upper-Middle,Home Office,2022-09-04,2,1999.28,2173.32,113,0
CUST03943,Lisa,Wang,Female,34,lisa.wang3943@example.com,Seattle,Washington,United States,Lower-Middle,Consumer,2023-06-26,4,2375.03,2383.57,53,0
CUST03944,Jerry,Campbell,Male,33,jerry.campbell3944@example.com,Cincinnati,Ohio,United States,Lower-Middle,Home Office,2024-02-27,1,11455.52,11550.1,843,1
CUST03945,Amy,Williams,Male,25,amy.williams3945@example.com,Seattle,Washington,United States,Lower-Middle,Small Business,2025-02-16,5,2101.73,2341.21,55,0
CUST03946,Sofia,Scott,Male,50,sofia.scott3946@example.com,Dallas,Texas,United States,High,Consumer,2021-05-25,3,10150.05,11454.97,498,1
CUST03947,Rachel,Singh,Female,38,rachel.singh3947@example.com,Colorado Springs,Colorado,United States,Low,Corporate,2021-08-28,1,2558.46,2786.27,650,1
CUST03948,Jeffrey,Wilson,Male,48,jeffrey.wilson3948@example.com,Newark,New Jersey,United States,High,Small Business,2020-05-12,1,1402.5,1569.5,835,1
CUST03949,Timothy,Kumar,Male,35,timothy.kumar3949@example.com,Winston-Salem,North Carolina,United States,Middle,Small Business,2021-02-14,1,422.6,450.55,470,1
CUST03950,Arjun,Gonzalez,Other,19,arjun.gonzalez3950@example.com,Savannah,Georgia,United States,Lower-Middle,Consumer,2020-06-26,1,1632.34,1734.76,1991,1
CUST03951,Nancy,Harris,Male,46,nancy.harris3951@example.com,Charlotte,North Carolina,United States,Middle,Home Office,2020-02-04,3,7507.08,7915.87,371,1
CUST03952,Christopher,Moore,Other,33,christopher.moore3952@example.com,Orlando,Florida,United States,Lower-Middle,Consumer,2021-05-30,5,5424.8,5549.49,629,1
CUST03953,Karen,Torres,Female,36,karen.torres3953@example.com,San Jose,California,United States,Middle,Home Office,2024-09-13,3,803.6899999999999,911.54,38,0
CUST03954,Eric,Harris,Other,35,eric.harris3954@example.com,Reading,Pennsylvania,United States,Middle,Consumer,2021-06-08,4,5317.379999999999,5975.59,655,1
CUST03955,Paul,Lopez,Female,48,paul.lopez3955@example.com,San Jose,California,United States,Middle,Home Office,2025-12-14,2,520.69,567.41,56,0
CUST03956,Sandra,Mitchell,Other,29,sandra.mitchell3956@example.com,Newark,New Jersey,United States,Lower-Middle,Consumer,2024-11-27,3,2434.85,2637.68,34,0
CUST03957,Gregory,Brown,Male,47,gregory.brown3957@example.com,Aurora,Colorado,United States,Lower-Middle,Home Office,2021-04-20,5,3408.94,3796.3,412,1
CUST03958,Jeffrey,Jackson,Other,29,jeffrey.jackson3958@example.com,Syracuse,New York,United States,Lower-Middle,Home Office,2019-11-08,5,2503.42,2843.18,92,0
CUST03959,Priya,Reddy,Other,38,priya.reddy3959@example.com,Chicago,Illinois,United States,Upper-Middle,Corporate,2021-08-31,3,3787.64,4170.68,667,1
CUST03960,Angela,Garcia,Other,46,angela.garcia3960@example.com,Lansing,Michigan,United States,Lower-Middle,Consumer,2020-04-09,5,4882.04,4952.97,947,1
CUST03961,Jonathan,Williams,Male,18,jonathan.williams3961@example.com,Denver,Colorado,United States,Upper-Middle,Consumer,2021-09-07,7,14464.55,15294.64,21,0
CUST03962,Andrew,Nelson,Male,21,andrew.nelson3962@example.com,Tampa,Florida,United States,Middle,Home Office,2024-02-17,3,5467.62,6069.78,93,0
CUST03963,Thomas,Silva,Other,20,thomas.silva3963@example.com,Boston,Massachusetts,United States,Lower-Middle,Consumer,2025-01-23,4,6225.51,6602.71,124,0
CUST03964,Timothy,Zhang,Other,31,timothy.zhang3964@example.com,Springfield,Illinois,United States,Low,Consumer,2020-10-19,3,2639.98,2833.71,866,1
CUST03965,Nicholas,Lewis,Male,60,nicholas.lewis3965@example.com,Sacramento,California,United States,Upper-Middle,Consumer,2020-05-26,0,0.0,0.0,9999,1
CUST03966,Li,Brown,Female,34,li.brown3966@example.com,Spokane,Washington,United States,Middle,Home Office,2020-12-16,2,1510.52,1576.66,1357,1
CUST03967,Gregory,Jackson,Other,57,gregory.jackson3967@example.com,Dallas,Texas,United States,Middle,Small Business,2022-07-26,1,622.98,698.37,1082,1
CUST03968,Jeffrey,Allen,Other,29,jeffrey.allen3968@example.com,Jersey City,New Jersey,United States,Middle,Corporate,2023-10-24,1,386.79,406.26,491,1
CUST03969,Kenneth,Nelson,Female,26,kenneth.nelson3969@example.com,Durham,North Carolina,United States,High,Home Office,2026-01-26,3,5662.87,5989.46,70,0
CUST03970,Justin,Flores,Prefer not to say,54,justin.flores3970@example.com,Phoenix,Arizona,United States,Middle,Consumer,2019-09-28,4,9671.83,10893.14,550,1
CUST03971,Larry,Smith,Other,49,larry.smith3971@example.com,Fort Collins,Colorado,United States,High,Corporate,2022-04-01,3,7860.0199999999995,8262.71,150,0
CUST03972,Michael,Hill,Other,36,michael.hill3972@example.com,Pittsburgh,Pennsylvania,United States,Middle,Consumer,2019-08-10,4,3842.51,4352.16,1,0
CUST03973,Mary,Carter,Female,44,mary.carter3973@example.com,Houston,Texas,United States,Lower-Middle,Consumer,2024-01-03,2,2685.3399999999997,3081.5,615,1
CUST03974,Sandra,Wang,Female,23,sandra.wang3974@example.com,Springfield,Massachusetts,United States,Middle,Consumer,2021-12-02,2,3329.14,3548.51,323,1
CUST03975,Stephanie,Green,Female,24,stephanie.green3975@example.com,Albany,New York,United States,Low,Consumer,2024-02-03,1,5410.06,6120.15,726,1
CUST03976,Catherine,Rodriguez,Other,28,catherine.rodriguez3976@example.com,Rockford,Illinois,United States,Low,Consumer,2026-01-16,0,0.0,0.0,9999,1
CUST03977,Benjamin,Williams,Male,34,benjamin.williams3977@example.com,Durham,North Carolina,United States,Middle,Consumer,2022-08-02,1,118.33,127.84,721,1
CUST03978,Christine,Lee,Female,60,christine.lee3978@example.com,Everett,Washington,United States,Lower-Middle,Consumer,2025-02-10,5,2548.36,2930.42,96,0
CUST03979,Tyler,Ivanov,Female,42,tyler.ivanov3979@example.com,Colorado Springs,Colorado,United States,Upper-Middle,Home Office,2019-07-14,3,1780.21,1907.03,616,1
CUST03980,Brenda,Torres,Male,50,brenda.torres3980@example.com,Spokane,Washington,United States,Upper-Middle,Small Business,2025-09-24,1,654.26,677.45,264,1
CUST03981,Daniel,Ramirez,Male,35,daniel.ramirez3981@example.com,Rockford,Illinois,United States,Upper-Middle,Consumer,2022-12-03,1,280.92,282.48,57,0
CUST03982,Ryan,Taylor,Other,43,ryan.taylor3982@example.com,Chicago,Illinois,United States,Lower-Middle,Consumer,2024-03-31,2,1080.44,1220.6,304,1
CUST03983,Wei,Sharma,Female,56,wei.sharma3983@example.com,Detroit,Michigan,United States,Middle,Consumer,2025-12-15,2,10096.689999999999,10239.5,136,0
CUST03984,Andrew,Brown,Female,47,andrew.brown3984@example.com,Cleveland,Ohio,United States,Middle,Consumer,2022-06-28,2,2438.54,2509.19,55,0
CUST03985,Christopher,Scott,Female,27,christopher.scott3985@example.com,Rochester,New York,United States,Low,Small Business,2023-02-27,3,10172.15,10757.4,246,1
CUST03986,Betty,Lewis,Other,18,betty.lewis3986@example.com,Spokane,Washington,United States,Upper-Middle,Corporate,2022-11-17,3,715.94,775.85,519,1
CUST03987,Donna,Rivera,Male,26,donna.rivera3987@example.com,Buffalo,New York,United States,Lower-Middle,Consumer,2021-12-15,1,273.03,309.71,232,1
CUST03988,Ananya,Moore,Male,18,ananya.moore3988@example.com,Greensboro,North Carolina,United States,Low,Consumer,2026-02-27,3,6391.54,7046.62,16,0
CUST03989,Vikram,Moore,Female,39,vikram.moore3989@example.com,Lansing,Michigan,United States,Lower-Middle,Home Office,2021-05-27,1,1011.67,1108.59,800,1
CUST03990,Brandon,Lopez,Male,19,brandon.lopez3990@example.com,Savannah,Georgia,United States,Middle,Small Business,2022-04-28,3,1845.0099999999998,2040.96,378,1
CUST03991,Katherine,Moore,Male,48,katherine.moore3991@example.com,Colorado Springs,Colorado,United States,Lower-Middle,Consumer,2026-02-10,2,964.42,1020.95,8,0
CUST03992,Jonathan,Thompson,Female,24,jonathan.thompson3992@example.com,Newark,New Jersey,United States,Middle,Corporate,2020-08-07,5,2919.1000000000004,3261.73,190,1
CUST03993,Chen,Patel,Male,27,chen.patel3993@example.com,Akron,Ohio,United States,Middle,Small Business,2021-08-24,2,1151.66,1210.99,636,1
CUST03994,James,Sharma,Female,43,james.sharma3994@example.com,Orlando,Florida,United States,Upper-Middle,Small Business,2024-04-18,2,6163.95,6710.33,443,1
CUST03995,Jessica,Robinson,Other,60,jessica.robinson3995@example.com,Grand Rapids,Michigan,United States,Low,Consumer,2026-06-19,7,10860.83,11951.77,5,0
CUST03996,Diego,Rivera,Male,40,diego.rivera3996@example.com,San Francisco,California,United States,Low,Consumer,2020-06-15,3,6177.76,6617.51,274,1
CUST03997,Samantha,Miller,Male,51,samantha.miller3997@example.com,Fort Worth,Texas,United States,Middle,Consumer,2020-08-16,3,1301.6100000000001,1306.9,314,1
CUST03998,Brandon,Lewis,Female,38,brandon.lewis3998@example.com,Macon,Georgia,United States,Low,Consumer,2026-03-23,3,4847.400000000001,5335.42,6,0
CUST03999,Linda,Williams,Other,29,linda.williams3999@example.com,Syracuse,New York,United States,Lower-Middle,Consumer,2026-03-03,1,179.38,182.35,72,0
CUST04000,Charles,White,Female,33,charles.white4000@example.com,Aurora,Colorado,United States,Upper-Middle,Corporate,2019-12-26,3,716.29,781.32,284,1
CUST04001,Frank,Ivanov,Other,24,frank.ivanov4001@example.com,Fort Worth,Texas,United States,Middle,Small Business,2023-09-19,1,4102.16,4423.61,645,1
CUST04002,Michelle,Smith,Other,19,michelle.smith4002@example.com,Scottsdale,Arizona,United States,High,Home Office,2021-09-27,5,3263.7200000000003,3568.46,153,0
CUST04003,Charles,Robinson,Prefer not to say,26,charles.robinson4003@example.com,San Diego,California,United States,Upper-Middle,Consumer,2019-07-07,5,5494.87,5844.28,64,0
CUST04004,Arjun,Ramirez,Male,18,arjun.ramirez4004@example.com,Buffalo,New York,United States,High,Corporate,2026-04-27,2,756.6500000000001,852.06,70,0
CUST04005,Cynthia,Kim,Male,47,cynthia.kim4005@example.com,Elizabeth,New Jersey,United States,Lower-Middle,Consumer,2025-07-24,8,9351.769999999999,10006.9,91,0
CUST04006,Jeffrey,Torres,Female,33,jeffrey.torres4006@example.com,Colorado Springs,Colorado,United States,Low,Corporate,2021-11-10,4,5723.219999999999,5881.67,292,1
CUST04007,Christine,Nguyen,Male,18,christine.nguyen4007@example.com,Springfield,Massachusetts,United States,Middle,Corporate,2020-12-14,0,0.0,0.0,9999,1
CUST04008,Susan,Hernandez,Female,42,susan.hernandez4008@example.com,Bellevue,Washington,United States,Middle,Consumer,2023-08-11,5,3753.39,3949.16,223,1
CUST04009,Jason,Baker,Male,20,jason.baker4009@example.com,San Diego,California,United States,Middle,Corporate,2021-08-17,3,7048.5,7615.91,61,0
CUST04010,Jerry,Singh,Male,40,jerry.singh4010@example.com,Dallas,Texas,United States,Upper-Middle,Consumer,2019-09-13,1,417.98,464.46,1743,1
CUST04011,Barbara,Adams,Male,35,barbara.adams4011@example.com,Macon,Georgia,United States,Middle,Consumer,2021-07-03,3,7205.9,8275.24,79,0
CUST04012,Heather,Davis,Male,48,heather.davis4012@example.com,Buffalo,New York,United States,Low,Consumer,2019-09-27,2,618.16,665.02,1981,1
CUST04013,Jacob,Chen,Other,38,jacob.chen4013@example.com,Sacramento,California,United States,Upper-Middle,Corporate,2025-08-11,2,386.64,414.9,145,0
CUST04014,Anthony,Nelson,Male,29,anthony.nelson4014@example.com,Orlando,Florida,United States,Lower-Middle,Consumer,2023-08-16,3,2963.59,3164.7,663,1
CUST04015,Jonathan,Rivera,Male,30,jonathan.rivera4015@example.com,Grand Rapids,Michigan,United States,Upper-Middle,Consumer,2023-03-25,3,5189.49,5734.75,164,0
CUST04016,Benjamin,Costa,Other,29,benjamin.costa4016@example.com,Mesa,Arizona,United States,Middle,Consumer,2020-07-28,2,297.38,301.87,372,1
CUST04017,Li,Ivanov,Prefer not to say,44,li.ivanov4017@example.com,Houston,Texas,United States,Lower-Middle,Consumer,2023-06-04,4,1512.44,1634.15,19,0
CUST04018,Michelle,Harris,Male,52,michelle.harris4018@example.com,Los Angeles,California,United States,High,Consumer,2025-11-23,5,3836.74,4310.0,21,0
CUST04019,Vikram,Baker,Other,33,vikram.baker4019@example.com,Worcester,Massachusetts,United States,Upper-Middle,Corporate,2020-04-25,5,17545.41,19140.41,157,0
CUST04020,Frank,Martin,Other,44,frank.martin4020@example.com,Colorado Springs,Colorado,United States,Middle,Consumer,2024-01-28,1,45.71,52.26,821,1
CUST04021,Kimberly,Reddy,Other,28,kimberly.reddy4021@example.com,Reading,Pennsylvania,United States,Middle,Home Office,2022-12-29,5,1738.8200000000002,1989.54,552,1
CUST04022,Edward,Clark,Other,21,edward.clark4022@example.com,Albany,New York,United States,Upper-Middle,Consumer,2025-05-11,1,2241.95,2563.91,246,1
CUST04023,Catherine,Sanchez,Female,25,catherine.sanchez4023@example.com,Cambridge,Massachusetts,United States,Lower-Middle,Consumer,2024-01-16,2,503.88,563.39,16,0
CUST04024,Carol,Clark,Male,55,carol.clark4024@example.com,Elizabeth,New Jersey,United States,Low,Consumer,2025-04-06,1,3102.75,3465.56,270,1
CUST04025,Emily,Brown,Female,48,emily.brown4025@example.com,Fort Collins,Colorado,United States,Lower-Middle,Consumer,2022-09-05,4,5483.18,6098.85,275,1
CUST04026,Donna,White,Male,43,donna.white4026@example.com,Toledo,Ohio,United States,Upper-Middle,Consumer,2019-10-24,4,14906.43,15041.04,207,1
CUST04027,Ananya,Jackson,Female,26,ananya.jackson4027@example.com,Savannah,Georgia,United States,Lower-Middle,Consumer,2020-03-04,3,1655.25,1878.98,255,1
CUST04028,Ananya,Young,Other,31,ananya.young4028@example.com,Augusta,Georgia,United States,Middle,Small Business,2022-12-27,2,4651.63,4932.26,43,0
CUST04029,Deborah,Muller,Other,32,deborah.muller4029@example.com,Cincinnati,Ohio,United States,Middle,Consumer,2023-04-01,1,3842.3,3996.43,342,1
CUST04030,Jason,Lee,Other,18,jason.lee4030@example.com,Rochester,New York,United States,Lower-Middle,Consumer,2020-01-12,3,2562.06,2658.92,1054,1
CUST04031,Jessica,Williams,Other,20,jessica.williams4031@example.com,Peoria,Illinois,United States,Lower-Middle,Consumer,2026-04-02,1,54.81,56.59,87,0
CUST04032,Timothy,Taylor,Female,29,timothy.taylor4032@example.com,Lansing,Michigan,United States,Middle,Small Business,2021-05-16,4,9237.17,9962.52,642,1
CUST04033,Meera,Anderson,Female,46,meera.anderson4033@example.com,New York City,New York,United States,Upper-Middle,Home Office,2024-05-13,1,770.5,867.09,792,1
CUST04034,Ming,Singh,Male,18,ming.singh4034@example.com,Scottsdale,Arizona,United States,Middle,Consumer,2020-03-23,1,1121.08,1164.29,1259,1
CUST04035,Kenneth,Williams,Other,18,kenneth.williams4035@example.com,Lansing,Michigan,United States,Upper-Middle,Consumer,2019-09-23,2,4089.5699999999997,4243.75,276,1
CUST04036,Ming,Wright,Male,57,ming.wright4036@example.com,Colorado Springs,Colorado,United States,Lower-Middle,Consumer,2024-07-23,3,1209.7,1344.72,292,1
CUST04037,Sharon,Mitchell,Male,19,sharon.mitchell4037@example.com,Newark,New Jersey,United States,Lower-Middle,Consumer,2019-11-20,1,6.42,6.44,2241,1
CUST04038,Hiroshi,Ivanov,Other,18,hiroshi.ivanov4038@example.com,Macon,Georgia,United States,High,Corporate,2021-11-26,2,856.7,929.84,57,0
CUST04039,Jack,Smith,Female,34,jack.smith4039@example.com,Naperville,Illinois,United States,Upper-Middle,Consumer,2025-02-19,3,5619.0599999999995,5660.96,40,0
CUST04040,Ming,Moore,Other,34,ming.moore4040@example.com,Philadelphia,Pennsylvania,United States,Lower-Middle,Corporate,2023-10-05,1,20.98,21.99,269,1
CUST04041,Ryan,Brown,Other,46,ryan.brown4041@example.com,Orlando,Florida,United States,Middle,Consumer,2019-12-08,3,5133.41,5264.08,220,1
CUST04042,Donna,Wang,Male,37,donna.wang4042@example.com,Raleigh,North Carolina,United States,Lower-Middle,Corporate,2025-07-04,3,8901.019999999999,9686.38,129,0
CUST04043,Ming,Martin,Other,32,ming.martin4043@example.com,Phoenix,Arizona,United States,Middle,Consumer,2020-11-08,2,3879.15,3909.56,1879,1
CUST04044,William,Sharma,Other,38,william.sharma4044@example.com,Athens,Georgia,United States,Middle,Consumer,2022-08-31,5,18227.21,20881.76,84,0
CUST04045,Timothy,Lewis,Other,34,timothy.lewis4045@example.com,Spokane,Washington,United States,Middle,Consumer,2021-06-13,1,832.49,850.88,120,0
CUST04046,William,Moore,Male,34,william.moore4046@example.com,Jersey City,New Jersey,United States,Upper-Middle,Home Office,2024-10-10,2,3198.54,3545.98,80,0
CUST04047,Hiroshi,Costa,Female,22,hiroshi.costa4047@example.com,Rockford,Illinois,United States,Lower-Middle,Home Office,2026-05-27,2,5363.8099999999995,5990.53,8,0
CUST04048,Joyce,Pereira,Male,37,joyce.pereira4048@example.com,Orlando,Florida,United States,Middle,Consumer,2020-01-21,4,1143.8899999999999,1172.41,1252,1
CUST04049,Larry,Carter,Male,51,larry.carter4049@example.com,San Jose,California,United States,High,Corporate,2022-07-31,4,5712.5,6418.39,243,1
CUST04050,Scott,Patel,Other,24,scott.patel4050@example.com,Atlanta,Georgia,United States,Lower-Middle,Consumer,2021-08-29,7,12061.39,12103.48,171,0
CUST04051,Kevin,Allen,Female,40,kevin.allen4051@example.com,Ann Arbor,Michigan,United States,Upper-Middle,Corporate,2022-12-30,3,8436.83,9272.1,781,1
CUST04052,Patricia,Mitchell,Female,30,patricia.mitchell4052@example.com,Paterson,New Jersey,United States,Middle,Home Office,2021-02-22,3,2504.65,2635.42,24,0
CUST04053,Joseph,Harris,Other,42,joseph.harris4053@example.com,Rochester,New York,United States,Middle,Home Office,2023-09-11,3,9981.53,10187.56,474,1
CUST04054,Li,Ramirez,Other,33,li.ramirez4054@example.com,Philadelphia,Pennsylvania,United States,High,Home Office,2024-11-10,3,3478.5099999999998,3934.21,19,0
CUST04055,Elizabeth,Wilson,Female,34,elizabeth.wilson4055@example.com,Trenton,New Jersey,United States,Middle,Consumer,2022-04-25,5,12801.199999999999,14155.75,251,1
CUST04056,Victoria,Andrade,Other,46,victoria.andrade4056@example.com,Phoenix,Arizona,United States,Upper-Middle,Consumer,2021-11-04,0,0.0,0.0,9999,1
CUST04057,Eric,Silva,Female,27,eric.silva4057@example.com,Detroit,Michigan,United States,Lower-Middle,Consumer,2021-07-10,3,3010.92,3394.85,57,0
CUST04058,Andrew,Davis,Male,46,andrew.davis4058@example.com,Springfield,Illinois,United States,Lower-Middle,Consumer,2024-04-11,2,5544.15,5721.31,69,0
CUST04059,Nicholas,Baker,Female,47,nicholas.baker4059@example.com,Dallas,Texas,United States,Lower-Middle,Corporate,2025-05-02,3,6134.5599999999995,6676.54,34,0
CUST04060,Susan,Scott,Female,44,susan.scott4060@example.com,Raleigh,North Carolina,United States,Lower-Middle,Consumer,2022-07-28,2,3323.0200000000004,3815.43,752,1
CUST04061,Shirley,Miller,Other,41,shirley.miller4061@example.com,Miami,Florida,United States,Middle,Consumer,2022-08-31,3,2383.67,2659.32,53,0
CUST04062,Stephanie,Costa,Female,37,stephanie.costa4062@example.com,Trenton,New Jersey,United States,Lower-Middle,Consumer,2021-12-07,2,1482.34,1626.7,773,1
CUST04063,Isha,Wang,Male,18,isha.wang4063@example.com,Durham,North Carolina,United States,Low,Small Business,2026-04-10,1,1955.2,2043.61,11,0
CUST04064,Robert,Martin,Other,20,robert.martin4064@example.com,Paterson,New Jersey,United States,Lower-Middle,Home Office,2024-05-16,5,5440.14,5940.95,213,1
CUST04065,Eric,Clark,Female,25,eric.clark4065@example.com,Atlanta,Georgia,United States,Low,Consumer,2022-04-18,3,1628.69,1691.69,879,1
CUST04066,Mateo,Roberts,Female,40,mateo.roberts4066@example.com,Akron,Ohio,United States,Lower-Middle,Corporate,2025-01-25,9,4338.56,4986.2,22,0
CUST04067,Amy,Roberts,Other,75,amy.roberts4067@example.com,Augusta,Georgia,United States,Upper-Middle,Consumer,2025-09-27,2,713.26,778.87,245,1
CUST04068,Catherine,Sanchez,Male,41,catherine.sanchez4068@example.com,Albany,New York,United States,Middle,Consumer,2024-05-15,1,244.65,262.28,221,1
CUST04069,Dorothy,Brown,Male,39,dorothy.brown4069@example.com,Reading,Pennsylvania,United States,Middle,Consumer,2023-05-02,2,5405.74,6145.37,543,1
CUST04070,Rachel,Pereira,Female,32,rachel.pereira4070@example.com,Fort Worth,Texas,United States,Middle,Consumer,2022-01-16,5,8146.44,8811.68,1089,1
CUST04071,Karen,Pereira,Female,39,karen.pereira4071@example.com,Pittsburgh,Pennsylvania,United States,High,Small Business,2023-02-05,2,4050.42,4455.85,339,1
CUST04072,Samantha,Silva,Male,52,samantha.silva4072@example.com,Rochester,New York,United States,Middle,Corporate,2021-07-10,5,4197.2699999999995,4269.89,31,0
CUST04073,Richard,Kim,Female,33,richard.kim4073@example.com,Paterson,New Jersey,United States,Middle,Consumer,2024-10-23,3,1929.04,2026.91,11,0
CUST04074,Kevin,Pereira,Female,34,kevin.pereira4074@example.com,Aurora,Colorado,United States,Middle,Consumer,2020-09-04,3,3303.16,3406.58,1003,1
CUST04075,Wei,Clark,Male,22,wei.clark4075@example.com,San Francisco,California,United States,Lower-Middle,Consumer,2019-10-31,5,8801.199999999999,9269.41,390,1
CUST04076,Anthony,Lee,Male,21,anthony.lee4076@example.com,Paterson,New Jersey,United States,Middle,Consumer,2019-09-28,3,4181.08,4402.65,399,1
CUST04077,Justin,Lewis,Male,38,justin.lewis4077@example.com,Naperville,Illinois,United States,Middle,Home Office,2026-05-12,0,0.0,0.0,9999,1
CUST04078,Maria,Davis,Male,44,maria.davis4078@example.com,Rochester,New York,United States,Upper-Middle,Consumer,2022-08-03,2,2455.23,2463.71,700,1
CUST04079,Joshua,Gupta,Male,37,joshua.gupta4079@example.com,Dallas,Texas,United States,Upper-Middle,Consumer,2021-01-05,2,727.47,744.39,1136,1
CUST04080,Matthew,Smith,Female,41,matthew.smith4080@example.com,Winston-Salem,North Carolina,United States,Lower-Middle,Corporate,2026-05-18,4,2318.8599999999997,2456.58,8,0
CUST04081,Mary,Zhang,Other,52,mary.zhang4081@example.com,Worcester,Massachusetts,United States,Upper-Middle,Home Office,2020-06-30,2,1090.71,1146.51,883,1
CUST04082,Jacob,Muller,Other,22,jacob.muller4082@example.com,Athens,Georgia,United States,High,Consumer,2022-06-24,1,157.51,165.88,814,1
CUST04083,Ming,Kowalski,Female,45,ming.kowalski4083@example.com,Springfield,Illinois,United States,Lower-Middle,Corporate,2025-04-18,4,4212.31,4409.52,121,0
CUST04084,Samuel,Kowalski,Male,23,samuel.kowalski4084@example.com,Paterson,New Jersey,United States,Low,Corporate,2021-09-15,2,978.63,1117.51,243,1
CUST04085,Mary,Chen,Male,19,mary.chen4085@example.com,Newark,New Jersey,United States,Low,Home Office,2023-06-17,4,2701.66,2978.49,260,1
CUST04086,Raymond,Scott,Female,43,raymond.scott4086@example.com,Buffalo,New York,United States,Middle,Consumer,2020-09-02,3,11696.32,13384.49,511,1
CUST04087,Yuki,Miller,Other,41,yuki.miller4087@example.com,Erie,Pennsylvania,United States,Middle,Small Business,2023-01-22,2,2157.32,2471.54,332,1
CUST04088,Richard,Gupta,Other,61,richard.gupta4088@example.com,Newark,New Jersey,United States,Middle,Corporate,2026-01-15,0,0.0,0.0,9999,1
CUST04089,Susan,Carter,Female,33,susan.carter4089@example.com,Reading,Pennsylvania,United States,Lower-Middle,Consumer,2021-06-25,3,1443.88,1489.73,826,1
CUST04090,Joyce,Zhang,Male,39,joyce.zhang4090@example.com,Cincinnati,Ohio,United States,Middle,Corporate,2022-01-03,2,3935.63,4081.05,529,1
CUST04091,Edward,Andrade,Male,40,edward.andrade4091@example.com,Colorado Springs,Colorado,United States,Lower-Middle,Consumer,2024-02-21,1,1368.16,1417.07,543,1
CUST04092,John,Campbell,Female,52,john.campbell4092@example.com,Buffalo,New York,United States,High,Small Business,2020-07-29,3,1904.43,2162.75,549,1
CUST04093,Edward,Campbell,Other,44,edward.campbell4093@example.com,Jacksonville,Florida,United States,Lower-Middle,Corporate,2022-07-09,2,2057.78,2327.85,168,0
CUST04094,Thomas,Lopez,Female,27,thomas.lopez4094@example.com,Detroit,Michigan,United States,Lower-Middle,Corporate,2025-08-30,3,2043.6100000000001,2260.18,77,0
CUST04095,Mary,Zhang,Other,24,mary.zhang4095@example.com,San Diego,California,United States,Lower-Middle,Corporate,2022-06-10,2,1810.3600000000001,1833.44,759,1
CUST04096,Rebecca,Miller,Female,26,rebecca.miller4096@example.com,Boston,Massachusetts,United States,Middle,Corporate,2021-10-01,5,3341.23,3729.56,547,1
CUST04097,Joseph,Hernandez,Male,41,joseph.hernandez4097@example.com,Trenton,New Jersey,United States,Upper-Middle,Consumer,2024-06-27,2,2023.32,2314.84,443,1
CUST04098,William,Sharma,Female,54,william.sharma4098@example.com,Tucson,Arizona,United States,Low,Consumer,2025-01-05,3,2980.0,3086.08,228,1
CUST04099,Sarah,Patel,Other,29,sarah.patel4099@example.com,Reading,Pennsylvania,United States,Upper-Middle,Corporate,2023-03-21,0,0.0,0.0,9999,1
CUST04100,Karan,Kim,Other,44,karan.kim4100@example.com,Trenton,New Jersey,United States,Middle,Corporate,2026-04-15,2,957.3299999999999,1003.79,57,0
CUST04101,Meera,Clark,Female,18,meera.clark4101@example.com,Tampa,Florida,United States,Middle,Corporate,2023-03-03,2,1586.08,1737.37,418,1
CUST04102,Amanda,Dubois,Other,29,amanda.dubois4102@example.com,Newark,New Jersey,United States,Lower-Middle,Consumer,2022-12-19,4,5913.38,6371.75,428,1
CUST04103,Stephanie,Muller,Female,23,stephanie.muller4103@example.com,Detroit,Michigan,United States,Middle,Small Business,2025-06-10,1,3537.16,3916.9,411,1
CUST04104,Maria,Kowalski,Other,33,maria.kowalski4104@example.com,Paterson,New Jersey,United States,Middle,Consumer,2021-01-02,5,2209.41,2382.71,359,1
CUST04105,Vikram,Walker,Male,29,vikram.walker4105@example.com,Worcester,Massachusetts,United States,Upper-Middle,Consumer,2020-10-28,1,976.27,981.52,684,1
CUST04106,Gary,Moore,Female,29,gary.moore4106@example.com,Fort Collins,Colorado,United States,Middle,Home Office,2025-07-14,4,1414.04,1615.02,10,0
CUST04107,Charles,Flores,Female,32,charles.flores4107@example.com,Akron,Ohio,United States,Lower-Middle,Home Office,2021-11-25,2,1701.2600000000002,1888.05,409,1
CUST04108,Chen,Perez,Other,18,chen.perez4108@example.com,Scottsdale,Arizona,United States,Lower-Middle,Consumer,2026-06-22,5,6023.7300000000005,6890.45,5,0
CUST04109,Ananya,Jones,Male,59,ananya.jones4109@example.com,Tucson,Arizona,United States,Middle,Corporate,2022-01-24,4,2701.7200000000003,2954.27,560,1
CUST04110,Barbara,Hill,Male,36,barbara.hill4110@example.com,Bellevue,Washington,United States,Lower-Middle,Corporate,2023-08-08,4,4262.57,4837.7,136,0
CUST04111,Stephen,Baker,Male,58,stephen.baker4111@example.com,Springfield,Illinois,United States,Middle,Consumer,2021-03-22,6,10165.61,11637.06,285,1
CUST04112,Samuel,Sanchez,Other,19,samuel.sanchez4112@example.com,Phoenix,Arizona,United States,Middle,Consumer,2024-08-26,1,270.07,297.44,216,1
CUST04113,Donald,Green,Other,36,donald.green4113@example.com,Paterson,New Jersey,United States,High,Consumer,2022-10-25,2,1012.25,1090.98,119,0
CUST04114,Raymond,Sanchez,Male,64,raymond.sanchez4114@example.com,Boston,Massachusetts,United States,High,Consumer,2025-02-06,1,1451.71,1555.13,96,0
CUST04115,Robert,Miller,Other,51,robert.miller4115@example.com,Winston-Salem,North Carolina,United States,Lower-Middle,Corporate,2025-06-05,1,277.18,278.71,388,1
CUST04116,Anna,Anderson,Female,40,anna.anderson4116@example.com,Phoenix,Arizona,United States,Upper-Middle,Consumer,2020-04-20,1,781.36,842.1,1469,1
CUST04117,Jennifer,Thompson,Female,28,jennifer.thompson4117@example.com,Raleigh,North Carolina,United States,Middle,Consumer,2024-05-17,1,270.53,290.29,235,1
CUST04118,Kevin,Pereira,Male,35,kevin.pereira4118@example.com,Elizabeth,New Jersey,United States,Middle,Consumer,2025-07-27,1,34.53,35.21,210,1
CUST04119,Diane,Robinson,Other,46,diane.robinson4119@example.com,San Diego,California,United States,Lower-Middle,Consumer,2020-07-02,3,4676.66,5338.14,640,1
CUST04120,Jason,Lopez,Female,34,jason.lopez4120@example.com,Jacksonville,Florida,United States,Lower-Middle,Small Business,2024-12-04,0,0.0,0.0,9999,1
CUST04121,Patricia,Silva,Male,31,patricia.silva4121@example.com,Boston,Massachusetts,United States,High,Corporate,2025-01-17,0,0.0,0.0,9999,1
CUST04122,Jason,Costa,Other,39,jason.costa4122@example.com,Austin,Texas,United States,Lower-Middle,Consumer,2022-08-14,3,500.65999999999997,522.29,412,1
CUST04123,Frank,Allen,Male,35,frank.allen4123@example.com,Cambridge,Massachusetts,United States,Upper-Middle,Small Business,2022-07-01,4,3028.5,3460.4,377,1
CUST04124,Mark,Martinez,Male,18,mark.martinez4124@example.com,Denver,Colorado,United States,High,Corporate,2023-09-23,6,9791.130000000001,11184.91,146,0
CUST04125,Betty,Young,Female,37,betty.young4125@example.com,San Jose,California,United States,Middle,Consumer,2022-08-23,3,2687.67,2738.18,9,0
CUST04126,Laura,Kowalski,Male,39,laura.kowalski4126@example.com,Springfield,Illinois,United States,Middle,Small Business,2024-01-06,2,3691.25,3769.3,807,1
CUST04127,Dennis,Flores,Other,22,dennis.flores4127@example.com,Albany,New York,United States,Lower-Middle,Small Business,2022-06-02,2,2910.1099999999997,3318.53,937,1
CUST04128,Jack,Rivera,Other,44,jack.rivera4128@example.com,Seattle,Washington,United States,Lower-Middle,Home Office,2020-06-22,3,2955.99,3285.55,876,1
CUST04129,Jason,Rossi,Other,29,jason.rossi4129@example.com,Phoenix,Arizona,United States,Middle,Consumer,2021-11-30,2,3422.87,3823.93,7,0
CUST04130,Hiroshi,Taylor,Other,20,hiroshi.taylor4130@example.com,Everett,Washington,United States,Upper-Middle,Consumer,2025-06-02,2,2710.79,3000.28,115,0
CUST04131,Mateo,Walker,Other,54,mateo.walker4131@example.com,Akron,Ohio,United States,High,Corporate,2021-10-24,7,6081.33,6349.89,793,1
CUST04132,Patricia,Lopez,Other,25,patricia.lopez4132@example.com,Scottsdale,Arizona,United States,Lower-Middle,Small Business,2019-08-02,3,1464.61,1606.32,394,1
CUST04133,Daniel,Lee,Female,47,daniel.lee4133@example.com,Albany,New York,United States,Middle,Consumer,2020-04-23,7,4328.51,4333.86,38,0
CUST04134,Janet,Silva,Other,20,janet.silva4134@example.com,San Jose,California,United States,Middle,Consumer,2023-09-10,5,5100.42,5301.5,364,1
CUST04135,Ronald,Hernandez,Male,27,ronald.hernandez4135@example.com,Cincinnati,Ohio,United States,Lower-Middle,Small Business,2021-12-01,6,13927.4,14768.17,232,1
CUST04136,Scott,Souza,Female,18,scott.souza4136@example.com,Detroit,Michigan,United States,Lower-Middle,Corporate,2021-08-22,2,103.06,110.31,1042,1
CUST04137,Ananya,Green,Male,41,ananya.green4137@example.com,Flint,Michigan,United States,Lower-Middle,Consumer,2021-12-09,5,3048.38,3074.46,218,1
CUST04138,Jacob,Rossi,Female,36,jacob.rossi4138@example.com,Savannah,Georgia,United States,Lower-Middle,Corporate,2024-01-10,3,5402.03,5478.16,457,1
CUST04139,Gary,Carter,Other,44,gary.carter4139@example.com,Chicago,Illinois,United States,Upper-Middle,Small Business,2023-05-05,1,170.03,182.32,574,1
CUST04140,Melissa,Souza,Male,40,melissa.souza4140@example.com,San Diego,California,United States,High,Small Business,2022-07-14,3,4930.97,5339.13,390,1
CUST04141,Diego,Nguyen,Male,23,diego.nguyen4141@example.com,San Antonio,Texas,United States,Upper-Middle,Home Office,2019-12-01,2,1208.53,1213.31,876,1
CUST04142,Kevin,Rossi,Male,38,kevin.rossi4142@example.com,Winston-Salem,North Carolina,United States,Middle,Small Business,2025-05-27,3,6033.0599999999995,6860.72,56,0
CUST04143,Sarah,Rivera,Female,36,sarah.rivera4143@example.com,Fort Collins,Colorado,United States,Upper-Middle,Consumer,2022-06-14,1,3642.32,3730.12,141,0
CUST04144,Jeffrey,Hernandez,Female,31,jeffrey.hernandez4144@example.com,Seattle,Washington,United States,Middle,Consumer,2020-03-19,3,1456.03,1541.18,461,1
CUST04145,Wei,Campbell,Male,38,wei.campbell4145@example.com,Boston,Massachusetts,United States,Upper-Middle,Consumer,2023-04-18,5,3100.41,3169.38,58,0
CUST04146,Paul,White,Other,34,paul.white4146@example.com,Greensboro,North Carolina,United States,Upper-Middle,Consumer,2019-07-25,4,2058.63,2334.09,86,0
CUST04147,Benjamin,Kim,Other,40,benjamin.kim4147@example.com,San Francisco,California,United States,Low,Consumer,2024-09-05,2,2768.17,3157.22,141,0
CUST04148,Margaret,Williams,Other,46,margaret.williams4148@example.com,Houston,Texas,United States,Upper-Middle,Consumer,2021-01-29,1,592.22,622.33,106,0
CUST04149,Mary,Rodriguez,Female,21,mary.rodriguez4149@example.com,Everett,Washington,United States,Upper-Middle,Consumer,2021-12-23,3,1496.57,1603.09,533,1
CUST04150,Emily,Perez,Female,41,emily.perez4150@example.com,Detroit,Michigan,United States,Middle,Corporate,2021-08-18,2,8514.39,8516.54,247,1
CUST04151,Karen,White,Male,49,karen.white4151@example.com,Buffalo,New York,United States,Middle,Consumer,2023-03-04,1,44.91,46.72,229,1
CUST04152,Jessica,Williams,Male,31,jessica.williams4152@example.com,Cleveland,Ohio,United States,Low,Small Business,2021-04-25,1,1286.29,1324.71,1750,1
CUST04153,Benjamin,Sanchez,Female,43,benjamin.sanchez4153@example.com,San Francisco,California,United States,Upper-Middle,Small Business,2024-11-27,6,8229.289999999999,8570.34,133,0
CUST04154,Samuel,Gupta,Other,32,samuel.gupta4154@example.com,Rochester,New York,United States,Upper-Middle,Consumer,2024-12-31,4,11193.4,11510.55,76,0
CUST04155,Donald,Muller,Male,19,donald.muller4155@example.com,Springfield,Massachusetts,United States,Middle,Consumer,2021-05-24,4,2558.0,2690.44,293,1
CUST04156,Yuki,Lopez,Female,32,yuki.lopez4156@example.com,Springfield,Massachusetts,United States,Middle,Corporate,2025-02-16,3,9196.86,9497.88,14,0
CUST04157,Katherine,Mitchell,Other,48,katherine.mitchell4157@example.com,Paterson,New Jersey,United States,Upper-Middle,Consumer,2020-06-28,1,573.03,653.43,154,0
CUST04158,Michael,Carter,Male,30,michael.carter4158@example.com,Greensboro,North Carolina,United States,Middle,Consumer,2025-06-13,3,14397.789999999999,15104.63,19,0
CUST04159,Diego,Mitchell,Female,30,diego.mitchell4159@example.com,Tampa,Florida,United States,Upper-Middle,Consumer,2024-03-28,1,478.66,548.08,725,1
CUST04160,Samuel,Gupta,Other,47,samuel.gupta4160@example.com,Elizabeth,New Jersey,United States,Middle,Consumer,2021-10-06,3,1225.43,1406.2,471,1
CUST04161,Mateo,Silva,Other,19,mateo.silva4161@example.com,Tampa,Florida,United States,Lower-Middle,Consumer,2019-11-05,0,0.0,0.0,9999,1
CUST04162,Diane,Robinson,Other,43,diane.robinson4162@example.com,Tacoma,Washington,United States,Middle,Consumer,2025-06-05,3,9553.69,10368.08,41,0
CUST04163,Christopher,Singh,Male,34,christopher.singh4163@example.com,Fort Collins,Colorado,United States,Middle,Consumer,2024-01-30,3,1823.01,1850.32,148,0
CUST04164,Joshua,Costa,Male,43,joshua.costa4164@example.com,Pittsburgh,Pennsylvania,United States,Low,Corporate,2019-11-16,5,7431.99,8380.46,501,1
CUST04165,Ryan,Muller,Female,20,ryan.muller4165@example.com,Reading,Pennsylvania,United States,Low,Consumer,2023-08-06,2,530.51,601.83,28,0
CUST04166,Scott,Nguyen,Other,45,scott.nguyen4166@example.com,Orlando,Florida,United States,Middle,Home Office,2023-03-06,2,1552.4699999999998,1668.3,468,1
CUST04167,Stephen,Ramirez,Female,37,stephen.ramirez4167@example.com,Tacoma,Washington,United States,Lower-Middle,Small Business,2026-03-29,2,6416.35,6773.24,80,0
CUST04168,Sharon,Baker,Male,37,sharon.baker4168@example.com,Boulder,Colorado,United States,Middle,Home Office,2020-07-22,3,7625.139999999999,7950.74,668,1
CUST04169,Priya,Flores,Female,18,priya.flores4169@example.com,Philadelphia,Pennsylvania,United States,High,Consumer,2019-10-12,2,2222.42,2487.51,415,1
CUST04170,Daniel,Souza,Female,50,daniel.souza4170@example.com,Peoria,Illinois,United States,Lower-Middle,Home Office,2024-01-18,4,3426.04,3829.89,501,1
CUST04171,Michael,Zhang,Male,25,michael.zhang4171@example.com,Tampa,Florida,United States,High,Home Office,2019-07-27,4,3956.1299999999997,4210.69,8,0
CUST04172,Jerry,Sanchez,Other,42,jerry.sanchez4172@example.com,Detroit,Michigan,United States,Middle,Consumer,2025-03-20,2,398.3,433.01,44,0
CUST04173,Diane,Dubois,Other,40,diane.dubois4173@example.com,Jersey City,New Jersey,United States,Lower-Middle,Corporate,2021-10-21,1,2582.19,2786.75,1316,1
CUST04174,Mateo,Hall,Male,34,mateo.hall4174@example.com,Seattle,Washington,United States,Middle,Consumer,2020-10-26,1,1025.65,1060.95,1341,1
CUST04175,Rebecca,Moore,Female,30,rebecca.moore4175@example.com,Reading,Pennsylvania,United States,Lower-Middle,Consumer,2026-04-08,3,7833.08,8377.36,53,0
CUST04176,Thomas,Smith,Male,18,thomas.smith4176@example.com,Naperville,Illinois,United States,Middle,Small Business,2021-05-13,4,3991.6800000000003,4230.36,7,0
CUST04177,Richard,Flores,Male,45,richard.flores4177@example.com,Tampa,Florida,United States,Upper-Middle,Consumer,2025-02-10,5,12221.25,12257.69,322,1
CUST04178,Cynthia,King,Male,23,cynthia.king4178@example.com,Worcester,Massachusetts,United States,Upper-Middle,Corporate,2025-01-24,7,15417.55,16444.04,176,0
CUST04179,Vikram,Nelson,Other,40,vikram.nelson4179@example.com,Miami,Florida,United States,Upper-Middle,Consumer,2021-06-22,4,5273.12,5823.73,390,1
CUST04180,Charles,Walker,Other,37,charles.walker4180@example.com,Tacoma,Washington,United States,Low,Small Business,2024-10-17,2,524.78,577.09,188,1
CUST04181,Nancy,Patel,Female,22,nancy.patel4181@example.com,Pittsburgh,Pennsylvania,United States,Upper-Middle,Consumer,2024-06-06,4,5903.18,6087.79,32,0
CUST04182,Sharon,Carter,Other,30,sharon.carter4182@example.com,Jersey City,New Jersey,United States,Lower-Middle,Corporate,2023-09-15,0,0.0,0.0,9999,1
CUST04183,Eric,Campbell,Other,18,eric.campbell4183@example.com,Savannah,Georgia,United States,Lower-Middle,Corporate,2022-12-14,1,1502.6,1581.52,237,1
CUST04184,Brian,Hall,Male,37,brian.hall4184@example.com,Naperville,Illinois,United States,Lower-Middle,Home Office,2019-10-04,4,7102.53,7476.98,321,1
CUST04185,Jennifer,Hernandez,Female,53,jennifer.hernandez4185@example.com,Grand Rapids,Michigan,United States,Low,Consumer,2026-03-16,2,429.17999999999995,435.67,34,0
CUST04186,Chen,Hill,Female,18,chen.hill4186@example.com,Allentown,Pennsylvania,United States,Upper-Middle,Consumer,2021-11-28,3,5033.5599999999995,5775.79,237,1
CUST04187,Ryan,Jones,Male,18,ryan.jones4187@example.com,Paterson,New Jersey,United States,Middle,Consumer,2024-08-24,2,1191.23,1335.87,93,0
CUST04188,Susan,Singh,Male,40,susan.singh4188@example.com,Savannah,Georgia,United States,Middle,Consumer,2023-07-15,4,2128.62,2301.83,176,0
CUST04189,Isha,Moore,Other,51,isha.moore4189@example.com,Denver,Colorado,United States,Lower-Middle,Consumer,2022-03-06,6,7812.25,8486.58,303,1
CUST04190,Jason,Perez,Prefer not to say,45,jason.perez4190@example.com,Cambridge,Massachusetts,United States,Lower-Middle,Consumer,2023-02-11,2,1689.8000000000002,1835.97,1062,1
CUST04191,Julie,Gupta,Female,42,julie.gupta4191@example.com,San Jose,California,United States,Middle,Consumer,2022-06-01,2,3040.54,3133.38,1202,1
CUST04192,Victoria,Chen,Male,37,victoria.chen4192@example.com,Cleveland,Ohio,United States,Middle,Small Business,2025-02-14,2,3238.8199999999997,3254.19,25,0
CUST04193,Jason,Robinson,Female,32,jason.robinson4193@example.com,Fort Worth,Texas,United States,Lower-Middle,Home Office,2020-11-21,5,6563.45,7177.92,566,1
CUST04194,Donald,Baker,Other,39,donald.baker4194@example.com,San Antonio,Texas,United States,Middle,Consumer,2024-01-20,5,11435.48,12097.72,41,0
CUST04195,Kevin,Jones,Other,26,kevin.jones4195@example.com,Mesa,Arizona,United States,Middle,Corporate,2022-11-14,1,92.0,101.83,134,0
CUST04196,Charles,Taylor,Female,21,charles.taylor4196@example.com,Paterson,New Jersey,United States,Lower-Middle,Home Office,2020-04-02,2,1326.31,1451.94,141,0
CUST04197,Daniel,Ramirez,Other,18,daniel.ramirez4197@example.com,Springfield,Illinois,United States,High,Consumer,2021-06-26,3,508.17,512.33,380,1
CUST04198,Robert,Flores,Male,56,robert.flores4198@example.com,Durham,North Carolina,United States,Middle,Corporate,2021-05-31,6,6172.97,6481.1,255,1
CUST04199,Linda,Jackson,Male,31,linda.jackson4199@example.com,Reading,Pennsylvania,United States,Middle,Consumer,2025-05-18,1,761.25,829.04,67,0
CUST04200,Meera,Jackson,Other,41,meera.jackson4200@example.com,Raleigh,North Carolina,United States,Lower-Middle,Consumer,2023-08-07,4,4806.92,5339.28,88,0
CUST04201,Thomas,Muller,Female,32,thomas.muller4201@example.com,Allentown,Pennsylvania,United States,Middle,Consumer,2024-01-22,5,5360.11,6152.48,272,1
CUST04202,Christine,Rodriguez,Female,26,christine.rodriguez4202@example.com,Austin,Texas,United States,Middle,Corporate,2021-12-22,3,1377.43,1560.16,581,1
CUST04203,Debra,King,Other,30,debra.king4203@example.com,Miami,Florida,United States,Upper-Middle,Consumer,2019-11-04,2,8072.360000000001,8645.3,1096,1
CUST04204,Joshua,Young,Female,18,joshua.young4204@example.com,Akron,Ohio,United States,Lower-Middle,Home Office,2025-03-24,3,2892.68,3201.21,116,0
CUST04205,Yuki,Jones,Other,18,yuki.jones4205@example.com,Spokane,Washington,United States,High,Consumer,2025-07-11,1,1544.37,1689.28,325,1
CUST04206,Jessica,Wilson,Female,34,jessica.wilson4206@example.com,Philadelphia,Pennsylvania,United States,Lower-Middle,Corporate,2024-04-30,3,1002.73,1014.97,189,1
CUST04207,Carolyn,Kim,Female,27,carolyn.kim4207@example.com,Grand Rapids,Michigan,United States,High,Small Business,2021-04-14,2,1677.31,1897.39,1070,1
CUST04208,Ananya,Rodriguez,Male,30,ananya.rodriguez4208@example.com,Paterson,New Jersey,United States,Upper-Middle,Consumer,2023-09-09,5,2397.57,2398.89,6,0
CUST04209,Isha,Gupta,Male,45,isha.gupta4209@example.com,Syracuse,New York,United States,Upper-Middle,Corporate,2022-04-02,2,1484.1,1556.28,190,1
CUST04210,Angela,Robinson,Male,31,angela.robinson4210@example.com,Boulder,Colorado,United States,Lower-Middle,Corporate,2025-03-29,5,3306.5099999999998,3524.92,87,0
CUST04211,Ashley,Sharma,Female,45,ashley.sharma4211@example.com,Detroit,Michigan,United States,Middle,Corporate,2024-05-20,1,397.99,406.81,601,1
CUST04212,Sharon,Rossi,Female,28,sharon.rossi4212@example.com,Houston,Texas,United States,Lower-Middle,Consumer,2021-12-28,3,915.47,1031.21,358,1
CUST04213,Laura,Dubois,Other,29,laura.dubois4213@example.com,Sacramento,California,United States,Lower-Middle,Home Office,2024-06-13,2,4764.92,5112.43,328,1
CUST04214,Diane,Hernandez,Male,57,diane.hernandez4214@example.com,Pittsburgh,Pennsylvania,United States,Lower-Middle,Consumer,2023-04-21,5,7776.87,8879.99,113,0
CUST04215,Mary,Thompson,Other,21,mary.thompson4215@example.com,San Francisco,California,United States,Middle,Home Office,2021-10-27,2,248.46,265.58,55,0
CUST04216,Ashley,Ivanov,Male,51,ashley.ivanov4216@example.com,Winston-Salem,North Carolina,United States,Upper-Middle,Corporate,2022-03-25,1,15.1,16.85,1053,1
CUST04217,Michelle,Hall,Male,31,michelle.hall4217@example.com,Newark,New Jersey,United States,Middle,Consumer,2021-08-23,3,4490.27,4864.74,580,1
CUST04218,Laura,Sharma,Other,41,laura.sharma4218@example.com,San Francisco,California,United States,Upper-Middle,Consumer,2020-11-04,1,1420.8,1567.64,1415,1
CUST04219,Scott,Clark,Other,52,scott.clark4219@example.com,Peoria,Illinois,United States,Middle,Corporate,2021-07-24,4,2356.77,2687.09,469,1
CUST04220,Joshua,Rodriguez,Male,32,joshua.rodriguez4220@example.com,Raleigh,North Carolina,United States,Upper-Middle,Consumer,2022-09-06,3,7638.320000000001,7668.61,84,0
CUST04221,Richard,Garcia,Other,48,richard.garcia4221@example.com,Dallas,Texas,United States,Middle,Consumer,2021-06-13,2,3392.7999999999997,3626.21,613,1
CUST04222,Elizabeth,Miller,Male,41,elizabeth.miller4222@example.com,Aurora,Colorado,United States,Lower-Middle,Consumer,2019-08-24,3,2553.9500000000003,2744.72,44,0
CUST04223,Linda,Gonzalez,Male,41,linda.gonzalez4223@example.com,Durham,North Carolina,United States,Lower-Middle,Consumer,2023-01-19,2,9635.76,10698.31,740,1
CUST04224,Brenda,Perez,Male,49,brenda.perez4224@example.com,Pittsburgh,Pennsylvania,United States,Low,Corporate,2019-11-17,4,6953.71,6964.21,386,1
CUST04225,Margaret,Martinez,Other,25,margaret.martinez4225@example.com,Paterson,New Jersey,United States,Lower-Middle,Home Office,2025-05-20,2,4625.92,4859.72,20,0
CUST04226,Timothy,Lewis,Male,25,timothy.lewis4226@example.com,Columbus,Ohio,United States,Middle,Corporate,2026-04-29,3,1082.1699999999998,1204.04,9,0
CUST04227,Alexander,Lopez,Male,42,alexander.lopez4227@example.com,Bellevue,Washington,United States,Upper-Middle,Corporate,2026-06-15,1,212.29,224.78,7,0
CUST04228,Cynthia,Silva,Other,33,cynthia.silva4228@example.com,Ann Arbor,Michigan,United States,Middle,Consumer,2019-08-28,2,3756.74,4013.47,1075,1
CUST04229,Jennifer,Garcia,Male,34,jennifer.garcia4229@example.com,San Diego,California,United States,Low,Corporate,2025-03-03,5,7827.0199999999995,7939.69,77,0
CUST04230,Richard,Miller,Female,54,richard.miller4230@example.com,Atlanta,Georgia,United States,Lower-Middle,Consumer,2024-12-01,2,5194.86,5249.94,86,0
CUST04231,Stephen,Campbell,Other,49,stephen.campbell4231@example.com,Denver,Colorado,United States,Middle,Home Office,2022-06-21,3,1743.75,1815.11,238,1
CUST04232,Dorothy,Wilson,Female,35,dorothy.wilson4232@example.com,Buffalo,New York,United States,Low,Consumer,2022-05-04,3,1340.09,1350.65,582,1
CUST04233,Jerry,Anderson,Male,56,jerry.anderson4233@example.com,Elizabeth,New Jersey,United States,Middle,Home Office,2023-04-15,1,197.96,219.63,927,1
CUST04234,Joshua,Campbell,Female,47,joshua.campbell4234@example.com,Naperville,Illinois,United States,Middle,Consumer,2021-05-09,7,12176.26,13912.55,129,0
CUST04235,Ronald,Hall,Male,35,ronald.hall4235@example.com,Erie,Pennsylvania,United States,Middle,Consumer,2024-01-18,2,6659.66,7233.98,142,0
CUST04236,Gary,Hernandez,Female,29,gary.hernandez4236@example.com,Jacksonville,Florida,United States,Upper-Middle,Home Office,2022-07-16,3,6810.08,7128.97,567,1
CUST04237,Janet,Kowalski,Male,30,janet.kowalski4237@example.com,Greensboro,North Carolina,United States,Upper-Middle,Consumer,2021-12-15,2,1317.8600000000001,1337.18,77,0
CUST04238,Amanda,Patel,Other,23,amanda.patel4238@example.com,Dallas,Texas,United States,Middle,Home Office,2020-02-24,1,537.64,599.98,1157,1
CUST04239,Mateo,Chen,Male,31,mateo.chen4239@example.com,Raleigh,North Carolina,United States,Middle,Consumer,2024-11-19,1,2290.98,2444.76,361,1
CUST04240,Ryan,Gonzalez,Other,47,ryan.gonzalez4240@example.com,Fort Lauderdale,Florida,United States,Middle,Consumer,2022-09-09,4,12278.0,12326.38,33,0
CUST04241,Jennifer,Perez,Male,38,jennifer.perez4241@example.com,Tucson,Arizona,United States,Middle,Small Business,2024-12-13,2,2309.26,2428.34,73,0
CUST04242,Jerry,Torres,Male,28,jerry.torres4242@example.com,Bellevue,Washington,United States,Lower-Middle,Home Office,2022-10-10,3,1769.34,1802.58,694,1
CUST04243,Yuki,Carter,Female,18,yuki.carter4243@example.com,Albany,New York,United States,Lower-Middle,Consumer,2022-04-06,3,2434.0299999999997,2779.48,275,1
CUST04244,Donna,Anderson,Female,46,donna.anderson4244@example.com,San Antonio,Texas,United States,Upper-Middle,Corporate,2020-01-07,1,1194.01,1345.96,1650,1
CUST04245,Daniel,Wilson,Female,34,daniel.wilson4245@example.com,Pittsburgh,Pennsylvania,United States,Middle,Consumer,2023-01-18,3,3251.44,3474.03,216,1
CUST04246,Ronald,Souza,Male,28,ronald.souza4246@example.com,Scottsdale,Arizona,United States,Upper-Middle,Consumer,2025-11-11,2,514.63,527.63,87,0
CUST04247,Jacob,Brown,Female,37,jacob.brown4247@example.com,Aurora,Colorado,United States,Lower-Middle,Consumer,2024-10-22,3,1913.2800000000002,2146.78,137,0
CUST04248,Olivia,Roberts,Female,31,olivia.roberts4248@example.com,Flint,Michigan,United States,High,Consumer,2023-09-30,2,997.17,1085.4,788,1
CUST04249,Emma,Robinson,Female,18,emma.robinson4249@example.com,Los Angeles,California,United States,Middle,Consumer,2025-04-17,3,9036.4,10031.85,124,0
CUST04250,Scott,Robinson,Other,27,scott.robinson4250@example.com,Cleveland,Ohio,United States,Upper-Middle,Home Office,2023-12-30,1,315.04,359.89,441,1
CUST04251,Larry,White,Other,48,larry.white4251@example.com,Tucson,Arizona,United States,High,Corporate,2021-06-03,6,8453.189999999999,8773.87,331,1
CUST04252,Catherine,Perez,Female,27,catherine.perez4252@example.com,Atlanta,Georgia,United States,Lower-Middle,Consumer,2023-05-12,5,6481.82,6949.41,62,0
CUST04253,William,Garcia,Male,44,william.garcia4253@example.com,Trenton,New Jersey,United States,Middle,Small Business,2026-05-27,2,1594.49,1769.16,17,0
CUST04254,Charles,Gonzalez,Female,40,charles.gonzalez4254@example.com,Fort Worth,Texas,United States,Lower-Middle,Consumer,2021-07-07,5,4310.17,4714.95,171,0
CUST04255,Emily,Rossi,Male,25,emily.rossi4255@example.com,Fort Worth,Texas,United States,Low,Consumer,2025-02-09,3,4329.43,4366.29,4,0
CUST04256,Laura,Patel,Female,20,laura.patel4256@example.com,Seattle,Washington,United States,Lower-Middle,Consumer,2020-09-08,2,2122.31,2251.24,1915,1
CUST04257,Christine,Costa,Prefer not to say,34,christine.costa4257@example.com,Tacoma,Washington,United States,Upper-Middle,Consumer,2023-08-06,4,1477.82,1558.16,118,0
CUST04258,Andrew,Wang,Male,30,andrew.wang4258@example.com,Flint,Michigan,United States,Lower-Middle,Small Business,2020-12-03,2,264.44,302.6,900,1
CUST04259,Sarah,Wilson,Prefer not to say,18,sarah.wilson4259@example.com,Atlanta,Georgia,United States,Lower-Middle,Consumer,2023-02-16,3,1196.97,1279.28,429,1
CUST04260,Timothy,Nelson,Other,42,timothy.nelson4260@example.com,Cincinnati,Ohio,United States,Upper-Middle,Corporate,2024-08-18,1,639.87,674.33,451,1
CUST04261,Brenda,Wilson,Female,48,brenda.wilson4261@example.com,Newark,New Jersey,United States,Low,Consumer,2026-06-25,1,200.85,229.78,5,0
CUST04262,Arjun,Green,Male,50,arjun.green4262@example.com,Cleveland,Ohio,United States,High,Consumer,2019-06-27,0,0.0,0.0,9999,1
CUST04263,Richard,Perez,Female,27,richard.perez4263@example.com,Lansing,Michigan,United States,Upper-Middle,Consumer,2025-01-24,3,3417.4,3497.95,182,1
CUST04264,Daniel,Singh,Other,27,daniel.singh4264@example.com,San Antonio,Texas,United States,Lower-Middle,Consumer,2024-11-19,2,645.0,706.57,93,0
CUST04265,Angela,Kowalski,Other,24,angela.kowalski4265@example.com,Houston,Texas,United States,Upper-Middle,Consumer,2021-03-11,5,7693.3099999999995,8101.1,301,1
CUST04266,Meera,Miller,Male,32,meera.miller4266@example.com,Akron,Ohio,United States,Middle,Consumer,2025-10-22,6,3901.03,4330.44,4,0
CUST04267,Anthony,Johnson,Female,23,anthony.johnson4267@example.com,Atlanta,Georgia,United States,High,Consumer,2025-07-27,2,576.35,640.25,186,1
CUST04268,Priya,Perez,Male,52,priya.perez4268@example.com,San Antonio,Texas,United States,Upper-Middle,Corporate,2024-10-16,0,0.0,0.0,9999,1
CUST04269,Rebecca,Thomas,Male,44,rebecca.thomas4269@example.com,Worcester,Massachusetts,United States,Middle,Home Office,2022-04-16,2,3842.0,4158.18,198,1
CUST04270,Kevin,Wright,Male,38,kevin.wright4270@example.com,Detroit,Michigan,United States,Lower-Middle,Corporate,2024-12-26,5,6922.9,7849.98,38,0
CUST04271,Linda,Young,Other,41,linda.young4271@example.com,Savannah,Georgia,United States,Middle,Consumer,2025-09-14,2,601.03,680.04,248,1
CUST04272,Anna,Nelson,Female,36,anna.nelson4272@example.com,Raleigh,North Carolina,United States,Middle,Small Business,2021-08-22,2,4587.8099999999995,5033.61,138,0
CUST04273,Neha,Walker,Other,56,neha.walker4273@example.com,Everett,Washington,United States,Middle,Home Office,2025-01-11,2,1816.4499999999998,1964.68,484,1
CUST04274,Karen,Rossi,Other,37,karen.rossi4274@example.com,Aurora,Colorado,United States,Lower-Middle,Corporate,2021-09-05,4,3113.36,3274.12,70,0
CUST04275,Charles,Adams,Male,57,charles.adams4275@example.com,Springfield,Massachusetts,United States,Middle,Consumer,2020-02-20,2,1420.96,1516.39,107,0
CUST04276,Vikram,White,Male,35,vikram.white4276@example.com,Reading,Pennsylvania,United States,Middle,Home Office,2019-12-13,1,163.57,175.56,1884,1
CUST04277,Chen,Allen,Female,35,chen.allen4277@example.com,Fort Collins,Colorado,United States,Upper-Middle,Small Business,2026-06-28,6,1436.5,1612.66,7,0
CUST04278,Susan,White,Female,18,susan.white4278@example.com,Tucson,Arizona,United States,Upper-Middle,Consumer,2022-09-08,2,525.59,599.8,774,1
CUST04279,Jonathan,Sharma,Other,37,jonathan.sharma4279@example.com,Fort Lauderdale,Florida,United States,Lower-Middle,Consumer,2019-11-25,5,8101.34,8469.17,197,1
CUST04280,Neha,Clark,Female,36,neha.clark4280@example.com,Chandler,Arizona,United States,Lower-Middle,Consumer,2023-02-08,4,4929.17,5369.6,397,1
CUST04281,Deborah,Ramirez,Other,42,deborah.ramirez4281@example.com,Boston,Massachusetts,United States,Lower-Middle,Home Office,2026-04-11,4,9310.4,10532.32,9,0
CUST04282,Arjun,Muller,Other,49,arjun.muller4282@example.com,Lansing,Michigan,United States,Middle,Consumer,2026-03-28,4,1010.5,1131.0,12,0
CUST04283,Brandon,Garcia,Female,25,brandon.garcia4283@example.com,Everett,Washington,United States,Middle,Consumer,2025-07-10,7,4459.72,4586.28,8,0
CUST04284,Ming,Souza,Other,33,ming.souza4284@example.com,Savannah,Georgia,United States,Lower-Middle,Corporate,2020-06-24,1,254.83,282.82,1932,1
CUST04285,Stephen,Thompson,Female,26,stephen.thompson4285@example.com,Phoenix,Arizona,United States,Middle,Home Office,2020-03-30,4,3085.92,3090.32,122,0
CUST04286,Matthew,Nelson,Female,29,matthew.nelson4286@example.com,Seattle,Washington,United States,Middle,Consumer,2025-08-12,2,730.5899999999999,765.49,112,0
CUST04287,Ming,Clark,Female,47,ming.clark4287@example.com,Fort Lauderdale,Florida,United States,Lower-Middle,Consumer,2019-10-22,2,1848.88,1956.61,471,1
CUST04288,Patricia,Rossi,Male,42,patricia.rossi4288@example.com,Tucson,Arizona,United States,Middle,Consumer,2020-07-05,1,611.01,619.73,147,0
CUST04289,Donna,Johnson,Female,43,donna.johnson4289@example.com,Tucson,Arizona,United States,Lower-Middle,Consumer,2024-03-09,2,5587.14,6124.29,262,1
CUST04290,Nancy,Wright,Other,18,nancy.wright4290@example.com,Fort Worth,Texas,United States,Upper-Middle,Home Office,2023-11-16,2,1200.5,1221.84,106,0
CUST04291,Sandra,Davis,Male,54,sandra.davis4291@example.com,Cleveland,Ohio,United States,Upper-Middle,Consumer,2024-12-28,6,10526.79,11304.29,117,0
CUST04292,Michelle,Johnson,Male,31,michelle.johnson4292@example.com,Fort Worth,Texas,United States,Middle,Consumer,2023-07-20,2,5157.46,5164.65,14,0
CUST04293,Paul,Perez,Female,38,paul.perez4293@example.com,Rockford,Illinois,United States,Lower-Middle,Small Business,2024-07-31,4,5078.4,5360.56,3,0
CUST04294,Patricia,Lee,Male,57,patricia.lee4294@example.com,Mesa,Arizona,United States,Upper-Middle,Home Office,2026-01-21,4,3028.74,3439.03,8,0
CUST04295,James,Flores,Female,47,james.flores4295@example.com,Athens,Georgia,United States,Upper-Middle,Small Business,2023-03-19,5,8966.47,9143.37,65,0
CUST04296,Jessica,Silva,Female,44,jessica.silva4296@example.com,Columbus,Ohio,United States,Middle,Consumer,2026-03-19,2,620.42,647.92,32,0
CUST04297,Christine,Torres,Female,19,christine.torres4297@example.com,Austin,Texas,United States,Middle,Corporate,2024-01-28,0,0.0,0.0,9999,1
CUST04298,Brandon,Rodriguez,Female,39,brandon.rodriguez4298@example.com,Jersey City,New Jersey,United States,Low,Consumer,2026-02-01,1,1549.93,1724.29,54,0
CUST04299,Benjamin,Moore,Male,44,benjamin.moore4299@example.com,Naperville,Illinois,United States,Middle,Corporate,2022-06-07,8,13242.74,15144.57,98,0
CUST04300,Nicholas,Thompson,Other,67,nicholas.thompson4300@example.com,Columbus,Ohio,United States,High,Home Office,2019-11-26,8,8811.94,9490.47,283,1
CUST04301,Patricia,Sanchez,Female,52,patricia.sanchez4301@example.com,Erie,Pennsylvania,United States,Middle,Consumer,2023-10-29,3,5409.1900000000005,5434.38,222,1
CUST04302,Larry,Thompson,Male,57,larry.thompson4302@example.com,San Francisco,California,United States,Middle,Corporate,2023-11-10,2,413.89,439.39,305,1
CUST04303,Sharon,Gupta,Male,30,sharon.gupta4303@example.com,Grand Rapids,Michigan,United States,Middle,Consumer,2025-06-02,6,6628.09,6725.05,51,0
CUST04304,Brenda,Roberts,Female,18,brenda.roberts4304@example.com,Fort Worth,Texas,United States,Low,Consumer,2026-03-07,2,3462.1800000000003,3958.09,105,0
CUST04305,Neha,Pereira,Other,41,neha.pereira4305@example.com,Worcester,Massachusetts,United States,Middle,Home Office,2025-12-14,1,1682.11,1843.4,117,0
CUST04306,Priya,Robinson,Male,49,priya.robinson4306@example.com,Springfield,Massachusetts,United States,Lower-Middle,Corporate,2026-01-03,3,4177.700000000001,4611.11,105,0
CUST04307,Karen,Nguyen,Female,25,karen.nguyen4307@example.com,Sacramento,California,United States,Middle,Consumer,2024-08-23,6,10428.169999999998,11107.97,147,0
CUST04308,Matthew,Wright,Male,54,matthew.wright4308@example.com,Cleveland,Ohio,United States,Upper-Middle,Corporate,2021-11-16,2,1214.1,1331.41,160,0
CUST04309,Brenda,Robinson,Male,47,brenda.robinson4309@example.com,Tampa,Florida,United States,Middle,Consumer,2023-11-10,6,1604.86,1769.26,179,0
CUST04310,Diane,Andrade,Other,40,diane.andrade4310@example.com,Toledo,Ohio,United States,Lower-Middle,Consumer,2023-07-12,3,1218.22,1236.48,372,1
CUST04311,Sharon,Campbell,Male,34,sharon.campbell4311@example.com,Springfield,Massachusetts,United States,Lower-Middle,Corporate,2019-10-04,7,12886.18,13511.46,44,0
CUST04312,Daniel,Roberts,Other,24,daniel.roberts4312@example.com,Grand Rapids,Michigan,United States,Lower-Middle,Consumer,2024-08-26,6,2336.08,2605.56,131,0
CUST04313,Paul,Clark,Other,18,paul.clark4313@example.com,Philadelphia,Pennsylvania,United States,Upper-Middle,Consumer,2020-05-09,2,2165.88,2479.47,321,1
CUST04314,Jerry,Costa,Female,41,jerry.costa4314@example.com,Lowell,Massachusetts,United States,Middle,Home Office,2022-06-13,4,5173.24,5804.3,25,0
CUST04315,Sofia,Rossi,Male,31,sofia.rossi4315@example.com,Denver,Colorado,United States,Middle,Home Office,2023-06-04,1,657.15,704.36,272,1
CUST04316,Scott,Gupta,Male,40,scott.gupta4316@example.com,Naperville,Illinois,United States,Lower-Middle,Consumer,2023-07-12,4,1937.8500000000001,2131.01,382,1
CUST04317,Aditya,Muller,Male,23,aditya.muller4317@example.com,Cincinnati,Ohio,United States,Lower-Middle,Consumer,2021-10-29,3,7222.28,8110.46,25,0
CUST04318,Emma,Costa,Male,62,emma.costa4318@example.com,Miami,Florida,United States,Upper-Middle,Home Office,2025-06-22,8,8643.02,9428.43,173,0
CUST04319,Carol,Scott,Other,37,carol.scott4319@example.com,Syracuse,New York,United States,High,Consumer,2024-02-29,5,8309.3,8549.51,371,1
CUST04320,Emily,Torres,Other,44,emily.torres4320@example.com,Chandler,Arizona,United States,Middle,Consumer,2019-12-18,4,1762.17,1861.21,299,1
CUST04321,Sharon,Reddy,Other,42,sharon.reddy4321@example.com,Macon,Georgia,United States,Middle,Consumer,2022-11-10,2,1177.1,1274.46,165,0
CUST04322,John,Kumar,Female,18,john.kumar4322@example.com,Phoenix,Arizona,United States,Upper-Middle,Home Office,2024-10-02,4,3422.91,3780.59,230,1
CUST04323,John,Reddy,Male,48,john.reddy4323@example.com,Detroit,Michigan,United States,Upper-Middle,Corporate,2026-05-12,2,628.44,700.55,6,0
CUST04324,Li,Hernandez,Male,49,li.hernandez4324@example.com,Houston,Texas,United States,Upper-Middle,Consumer,2023-08-20,2,1129.19,1133.7,35,0
CUST04325,Raymond,Wang,Prefer not to say,59,raymond.wang4325@example.com,Austin,Texas,United States,Middle,Home Office,2026-04-20,3,2001.48,2171.08,3,0
CUST04326,Rebecca,Reddy,Male,43,rebecca.reddy4326@example.com,Mesa,Arizona,United States,Middle,Consumer,2024-02-02,7,10218.58,11583.85,204,1
CUST04327,Jack,Kowalski,Other,18,jack.kowalski4327@example.com,Columbus,Ohio,United States,Low,Consumer,2023-12-09,7,5372.43,5737.71,118,0
CUST04328,Donna,King,Male,43,donna.king4328@example.com,Grand Rapids,Michigan,United States,Lower-Middle,Consumer,2022-02-23,2,292.37,317.84,1048,1
CUST04329,Melissa,Reddy,Female,32,melissa.reddy4329@example.com,Flint,Michigan,United States,Low,Small Business,2023-09-03,2,2563.02,2857.16,292,1
CUST04330,Mateo,Scott,Other,35,mateo.scott4330@example.com,Philadelphia,Pennsylvania,United States,Lower-Middle,Consumer,2022-01-18,5,3031.13,3117.14,203,1
CUST04331,Meera,Robinson,Female,56,meera.robinson4331@example.com,Augusta,Georgia,United States,Low,Home Office,2022-11-23,5,6177.04,6370.92,85,0
CUST04332,Dennis,King,Other,34,dennis.king4332@example.com,Jersey City,New Jersey,United States,Middle,Consumer,2019-12-05,5,6142.4400000000005,7053.82,407,1
CUST04333,Frank,Souza,Female,18,frank.souza4333@example.com,Grand Rapids,Michigan,United States,Upper-Middle,Consumer,2019-11-20,3,731.02,773.51,275,1
CUST04334,Robert,Taylor,Other,68,robert.taylor4334@example.com,Philadelphia,Pennsylvania,United States,Upper-Middle,Consumer,2022-04-30,3,4897.929999999999,5062.76,471,1
CUST04335,Wei,Dubois,Female,34,wei.dubois4335@example.com,Cleveland,Ohio,United States,Upper-Middle,Consumer,2025-02-09,4,481.27000000000004,489.56,190,1
CUST04336,Priya,Martinez,Male,37,priya.martinez4336@example.com,Bellevue,Washington,United States,Middle,Consumer,2023-07-02,4,7808.05,8444.93,47,0
CUST04337,Ashley,Kumar,Male,34,ashley.kumar4337@example.com,Boulder,Colorado,United States,Middle,Consumer,2021-09-01,2,4169.51,4322.77,456,1
CUST04338,Nicholas,Hall,Other,47,nicholas.hall4338@example.com,Miami,Florida,United States,Upper-Middle,Consumer,2026-03-03,2,4183.51,4461.67,42,0
CUST04339,David,Jackson,Other,55,david.jackson4339@example.com,Macon,Georgia,United States,Middle,Consumer,2023-02-10,2,1529.37,1747.52,290,1
CUST04340,Ananya,Clark,Other,37,ananya.clark4340@example.com,San Diego,California,United States,High,Home Office,2019-09-26,3,7650.3099999999995,8393.28,1141,1
CUST04341,Charles,Dubois,Other,43,charles.dubois4341@example.com,Augusta,Georgia,United States,Middle,Consumer,2020-02-24,4,11605.56,13167.09,170,0
CUST04342,Hiroshi,Ramirez,Female,52,hiroshi.ramirez4342@example.com,Cincinnati,Ohio,United States,Lower-Middle,Small Business,2023-06-02,2,1646.8400000000001,1761.51,694,1
CUST04343,Dennis,Gupta,Female,34,dennis.gupta4343@example.com,Tampa,Florida,United States,Middle,Consumer,2024-06-21,2,997.68,1131.35,48,0
CUST04344,Katherine,King,Other,44,katherine.king4344@example.com,Akron,Ohio,United States,Middle,Corporate,2022-08-08,2,2380.4500000000003,2674.34,381,1
CUST04345,Ashley,Robinson,Male,41,ashley.robinson4345@example.com,Fort Worth,Texas,United States,Middle,Consumer,2026-02-11,2,1548.35,1626.89,53,0
CUST04346,Mark,Mitchell,Male,28,mark.mitchell4346@example.com,Athens,Georgia,United States,Middle,Home Office,2025-09-13,3,8568.67,9446.84,25,0
CUST04347,Chen,Miller,Male,33,chen.miller4347@example.com,Savannah,Georgia,United States,Upper-Middle,Consumer,2021-07-30,3,2827.88,3155.63,636,1
CUST04348,Aditya,Rivera,Female,63,aditya.rivera4348@example.com,Athens,Georgia,United States,Lower-Middle,Consumer,2020-08-04,5,1038.35,1160.53,417,1
CUST04349,Sarah,Roberts,Female,25,sarah.roberts4349@example.com,Jacksonville,Florida,United States,Middle,Corporate,2024-07-18,2,2211.13,2360.77,528,1
CUST04350,Nicholas,Dubois,Female,32,nicholas.dubois4350@example.com,Fort Collins,Colorado,United States,Upper-Middle,Small Business,2019-11-12,3,1431.47,1592.56,204,1
CUST04351,Meera,Mitchell,Other,19,meera.mitchell4351@example.com,Ann Arbor,Michigan,United States,Lower-Middle,Consumer,2021-11-26,1,257.5,281.06,1385,1
CUST04352,Andrew,Kowalski,Male,35,andrew.kowalski4352@example.com,Mesa,Arizona,United States,Middle,Home Office,2023-12-27,1,2347.2,2689.78,325,1
CUST04353,Laura,Zhang,Male,65,laura.zhang4353@example.com,Springfield,Massachusetts,United States,High,Home Office,2024-12-19,5,7813.310000000001,7912.32,11,0
CUST04354,Amy,Roberts,Other,39,amy.roberts4354@example.com,Athens,Georgia,United States,Middle,Consumer,2022-10-18,2,2794.43,3029.89,131,0
CUST04355,Wei,Martin,Female,38,wei.martin4355@example.com,Sacramento,California,United States,Middle,Consumer,2023-09-29,4,6378.24,6822.28,103,0
CUST04356,Katherine,Chen,Female,31,katherine.chen4356@example.com,Pittsburgh,Pennsylvania,United States,Low,Consumer,2021-03-20,3,3401.04,3444.3,470,1
CUST04357,Amy,Clark,Male,22,amy.clark4357@example.com,Spokane,Washington,United States,Middle,Consumer,2025-08-07,4,3837.9,4089.11,1,0
CUST04358,Robert,Garcia,Other,21,robert.garcia4358@example.com,Ann Arbor,Michigan,United States,Low,Consumer,2024-11-21,0,0.0,0.0,9999,1
CUST04359,Ronald,Rivera,Male,32,ronald.rivera4359@example.com,Chandler,Arizona,United States,Lower-Middle,Consumer,2020-11-24,3,2783.0699999999997,3115.96,472,1
CUST04360,Kimberly,Baker,Female,45,kimberly.baker4360@example.com,Fort Lauderdale,Florida,United States,Middle,Consumer,2022-02-14,2,2283.61,2341.6,347,1
CUST04361,Ashley,Baker,Other,30,ashley.baker4361@example.com,Buffalo,New York,United States,Lower-Middle,Consumer,2022-08-23,4,12328.41,12494.56,646,1
CUST04362,Robert,Johnson,Female,44,robert.johnson4362@example.com,Denver,Colorado,United States,Middle,Home Office,2023-09-24,2,3487.2299999999996,3940.36,216,1
CUST04363,Larry,Hernandez,Other,31,larry.hernandez4363@example.com,Houston,Texas,United States,Lower-Middle,Consumer,2020-10-11,3,855.49,952.58,99,0
CUST04364,Julie,Campbell,Male,38,julie.campbell4364@example.com,Fort Collins,Colorado,United States,Low,Corporate,2019-09-09,3,1429.9199999999998,1574.48,115,0
CUST04365,Katherine,Kowalski,Other,35,katherine.kowalski4365@example.com,Flint,Michigan,United States,Middle,Consumer,2025-02-09,3,5053.889999999999,5760.14,271,1
CUST04366,David,Lopez,Other,45,david.lopez4366@example.com,Charlotte,North Carolina,United States,Upper-Middle,Consumer,2021-09-18,5,12004.45,12992.03,991,1
CUST04367,Dennis,Wang,Female,53,dennis.wang4367@example.com,Springfield,Massachusetts,United States,Middle,Consumer,2021-08-06,7,9868.25,10582.82,395,1
CUST04368,Michelle,Muller,Male,50,michelle.muller4368@example.com,Athens,Georgia,United States,Middle,Home Office,2020-07-08,2,280.33,319.44,148,0
CUST04369,Timothy,Silva,Female,62,timothy.silva4369@example.com,Atlanta,Georgia,United States,Upper-Middle,Corporate,2022-11-05,1,674.69,704.83,351,1
CUST04370,Timothy,Patel,Other,38,timothy.patel4370@example.com,Bellevue,Washington,United States,Upper-Middle,Corporate,2020-11-30,1,480.44,538.03,1253,1
CUST04371,John,Mitchell,Female,34,john.mitchell4371@example.com,Tucson,Arizona,United States,Middle,Small Business,2021-04-15,6,7311.49,7858.4,963,1
CUST04372,Justin,Mitchell,Other,41,justin.mitchell4372@example.com,San Jose,California,United States,Middle,Consumer,2026-04-13,2,2249.9500000000003,2351.21,54,0
CUST04373,Nancy,Robinson,Male,49,nancy.robinson4373@example.com,Tucson,Arizona,United States,Upper-Middle,Corporate,2019-07-08,3,3917.0,3972.59,906,1
CUST04374,Lisa,Ivanov,Male,34,lisa.ivanov4374@example.com,Cincinnati,Ohio,United States,Lower-Middle,Home Office,2022-03-28,7,3028.7799999999997,3430.84,53,0
CUST04375,Alexander,Walker,Prefer not to say,22,alexander.walker4375@example.com,Flint,Michigan,United States,Middle,Small Business,2020-08-20,2,4274.9,4359.27,578,1
CUST04376,William,Allen,Male,31,william.allen4376@example.com,San Diego,California,United States,Lower-Middle,Consumer,2020-09-12,5,4374.71,4759.17,72,0
CUST04377,Deborah,Carter,Female,27,deborah.carter4377@example.com,San Diego,California,United States,Lower-Middle,Home Office,2024-10-26,2,3309.66,3776.27,231,1
CUST04378,Betty,Lopez,Other,27,betty.lopez4378@example.com,Peoria,Illinois,United States,Upper-Middle,Consumer,2022-04-21,3,6520.79,7349.64,125,0
CUST04379,Kimberly,Zhang,Male,52,kimberly.zhang4379@example.com,Naperville,Illinois,United States,Low,Consumer,2022-01-13,0,0.0,0.0,9999,1
CUST04380,Kimberly,Torres,Other,37,kimberly.torres4380@example.com,Houston,Texas,United States,Upper-Middle,Consumer,2020-11-22,3,5390.5199999999995,6079.57,734,1
CUST04381,Heather,Lewis,Female,40,heather.lewis4381@example.com,Lowell,Massachusetts,United States,Middle,Home Office,2021-08-13,3,9493.77,10438.68,41,0
CUST04382,David,Souza,Female,39,david.souza4382@example.com,Paterson,New Jersey,United States,Lower-Middle,Home Office,2026-04-26,7,17710.39,19828.11,1,0
CUST04383,Gary,Rossi,Male,34,gary.rossi4383@example.com,Chicago,Illinois,United States,Low,Consumer,2021-06-21,5,10006.05,10128.51,511,1
CUST04384,George,Martinez,Prefer not to say,21,george.martinez4384@example.com,Raleigh,North Carolina,United States,Low,Consumer,2023-02-25,0,0.0,0.0,9999,1
CUST04385,Melissa,Sanchez,Female,39,melissa.sanchez4385@example.com,Peoria,Illinois,United States,Middle,Consumer,2021-06-04,3,2535.46,2817.57,722,1
CUST04386,Anthony,Andrade,Female,56,anthony.andrade4386@example.com,Lowell,Massachusetts,United States,Middle,Corporate,2023-04-19,3,573.79,624.32,514,1
CUST04387,Angela,Adams,Other,26,angela.adams4387@example.com,Reading,Pennsylvania,United States,Low,Corporate,2020-09-12,4,5034.39,5569.13,174,0
CUST04388,Joshua,Martinez,Other,34,joshua.martinez4388@example.com,Jersey City,New Jersey,United States,High,Consumer,2023-08-10,2,1019.9399999999999,1141.35,431,1
CUST04389,Ananya,Costa,Female,47,ananya.costa4389@example.com,Denver,Colorado,United States,Middle,Home Office,2019-09-15,3,2818.7599999999998,3009.51,113,0
CUST04390,Daniel,Ramirez,Male,19,daniel.ramirez4390@example.com,Raleigh,North Carolina,United States,Middle,Consumer,2023-12-03,5,5074.89,5444.04,322,1
CUST04391,Jerry,Lopez,Other,33,jerry.lopez4391@example.com,Charlotte,North Carolina,United States,Low,Consumer,2026-05-08,4,1937.9499999999998,2035.91,19,0
CUST04392,Brenda,Rodriguez,Female,40,brenda.rodriguez4392@example.com,Aurora,Colorado,United States,Lower-Middle,Consumer,2023-08-08,1,24.16,25.53,610,1
CUST04393,Scott,Thompson,Male,38,scott.thompson4393@example.com,Springfield,Illinois,United States,Middle,Home Office,2021-07-30,3,8018.49,8527.97,362,1
CUST04394,Larry,Kim,Male,37,larry.kim4394@example.com,Tucson,Arizona,United States,Upper-Middle,Corporate,2025-02-03,3,9168.03,9980.9,103,0
CUST04395,Susan,Thompson,Female,28,susan.thompson4395@example.com,Fort Worth,Texas,United States,Lower-Middle,Small Business,2020-10-09,2,682.79,735.02,305,1
CUST04396,Donna,Lopez,Other,25,donna.lopez4396@example.com,Austin,Texas,United States,Middle,Consumer,2025-11-25,2,5589.65,6304.92,4,0
CUST04397,David,Nelson,Female,42,david.nelson4397@example.com,Trenton,New Jersey,United States,Lower-Middle,Consumer,2022-08-31,3,4438.8099999999995,4805.89,556,1
CUST04398,William,Adams,Male,37,william.adams4398@example.com,Miami,Florida,United States,Low,Consumer,2023-11-03,6,11621.439999999999,12029.01,273,1
CUST04399,Mary,Wang,Male,31,mary.wang4399@example.com,Macon,Georgia,United States,Middle,Consumer,2021-09-07,2,2302.15,2408.45,442,1
CUST04400,Michael,Kumar,Other,34,michael.kumar4400@example.com,Reading,Pennsylvania,United States,Lower-Middle,Home Office,2021-11-27,2,795.3,808.5,1087,1
CUST04401,Kenneth,Zhang,Male,51,kenneth.zhang4401@example.com,Toledo,Ohio,United States,Upper-Middle,Consumer,2023-09-21,6,12849.25,13143.53,403,1
CUST04402,Yuki,Hill,Other,25,yuki.hill4402@example.com,Fort Worth,Texas,United States,High,Corporate,2024-03-23,0,0.0,0.0,9999,1
CUST04403,Richard,Jackson,Other,41,richard.jackson4403@example.com,Akron,Ohio,United States,Lower-Middle,Consumer,2024-04-27,2,789.2099999999999,842.0,104,0
CUST04404,Rebecca,Flores,Other,34,rebecca.flores4404@example.com,Seattle,Washington,United States,High,Home Office,2023-03-17,2,1098.97,1245.6,118,0
CUST04405,John,Singh,Other,57,john.singh4405@example.com,San Antonio,Texas,United States,Middle,Corporate,2024-12-06,3,5833.09,6347.91,5,0
CUST04406,John,Davis,Other,43,john.davis4406@example.com,Elizabeth,New Jersey,United States,Lower-Middle,Corporate,2024-04-14,2,971.78,974.62,630,1
CUST04407,Sarah,Thomas,Male,39,sarah.thomas4407@example.com,Akron,Ohio,United States,Middle,Consumer,2021-10-20,3,2201.02,2240.7,38,0
CUST04408,Thomas,Martin,Other,38,thomas.martin4408@example.com,Seattle,Washington,United States,Upper-Middle,Consumer,2022-03-15,3,8478.44,9741.34,472,1
CUST04409,Benjamin,Patel,Other,43,benjamin.patel4409@example.com,Albany,New York,United States,Middle,Consumer,2023-05-17,2,900.6300000000001,1019.3,182,1
CUST04410,Charles,Brown,Other,20,charles.brown4410@example.com,Raleigh,North Carolina,United States,Lower-Middle,Corporate,2022-01-08,2,5920.76,6088.04,1271,1
CUST04411,Camila,Lopez,Male,26,camila.lopez4411@example.com,Phoenix,Arizona,United States,Lower-Middle,Consumer,2023-05-11,3,1868.92,1884.26,387,1
CUST04412,Catherine,Rivera,Male,33,catherine.rivera4412@example.com,Savannah,Georgia,United States,Middle,Consumer,2019-12-01,4,3933.07,3999.71,177,0
CUST04413,Maria,Sanchez,Male,32,maria.sanchez4413@example.com,Buffalo,New York,United States,Low,Corporate,2020-03-23,1,440.72,502.08,1173,1
CUST04414,Cynthia,Wright,Other,49,cynthia.wright4414@example.com,Durham,North Carolina,United States,Middle,Consumer,2020-01-07,3,719.6,735.89,994,1
CUST04415,Ananya,Harris,Male,49,ananya.harris4415@example.com,Greensboro,North Carolina,United States,Lower-Middle,Consumer,2022-01-26,1,374.69,428.19,231,1
CUST04416,Donna,Nelson,Female,18,donna.nelson4416@example.com,New York City,New York,United States,Middle,Consumer,2021-12-09,3,832.06,926.56,301,1
CUST04417,Mateo,Williams,Other,27,mateo.williams4417@example.com,Tucson,Arizona,United States,High,Consumer,2025-01-19,3,4517.75,4540.06,10,0
CUST04418,Ananya,Carter,Other,42,ananya.carter4418@example.com,San Diego,California,United States,Low,Home Office,2019-11-28,1,667.82,675.38,571,1
CUST04419,Vikram,White,Female,39,vikram.white4419@example.com,Chicago,Illinois,United States,Upper-Middle,Home Office,2026-03-22,3,4912.82,5560.22,55,0
CUST04420,Yuki,Rossi,Female,41,yuki.rossi4420@example.com,Peoria,Illinois,United States,Middle,Corporate,2023-04-08,5,10248.33,11561.77,207,1
CUST04421,Carol,Garcia,Male,54,carol.garcia4421@example.com,Chandler,Arizona,United States,Lower-Middle,Consumer,2025-05-29,2,7030.35,7741.07,91,0
CUST04422,Shirley,Kowalski,Female,18,shirley.kowalski4422@example.com,Erie,Pennsylvania,United States,High,Consumer,2020-10-18,1,1468.42,1626.43,1210,1
CUST04423,Robert,Gonzalez,Female,29,robert.gonzalez4423@example.com,Paterson,New Jersey,United States,Middle,Consumer,2022-04-13,6,4068.58,4405.07,146,0
CUST04424,Ananya,Moore,Other,51,ananya.moore4424@example.com,Fort Lauderdale,Florida,United States,Middle,Consumer,2024-06-09,3,4401.21,5001.74,90,0
CUST04425,Nicholas,Chen,Female,46,nicholas.chen4425@example.com,Scottsdale,Arizona,United States,Middle,Small Business,2024-08-21,3,437.94,478.23,369,1
CUST04426,Christine,Walker,Female,24,christine.walker4426@example.com,Dallas,Texas,United States,Middle,Consumer,2022-11-18,1,1960.03,2128.8,310,1
CUST04427,Rachel,Taylor,Other,40,rachel.taylor4427@example.com,Jersey City,New Jersey,United States,Low,Consumer,2022-06-24,4,7443.25,8205.17,206,1
CUST04428,Richard,Harris,Male,25,richard.harris4428@example.com,Greensboro,North Carolina,United States,High,Consumer,2024-04-11,7,7019.13,7657.55,37,0
CUST04429,Justin,Scott,Male,41,justin.scott4429@example.com,Bellevue,Washington,United States,Upper-Middle,Corporate,2021-09-21,2,1347.56,1497.84,5,0
CUST04430,Betty,Silva,Female,36,betty.silva4430@example.com,San Francisco,California,United States,Lower-Middle,Corporate,2020-07-04,1,100.49,104.53,1142,1
CUST04431,Steven,Costa,Other,27,steven.costa4431@example.com,Ann Arbor,Michigan,United States,Lower-Middle,Consumer,2022-11-20,1,3176.15,3346.23,1250,1
CUST04432,Raymond,Nguyen,Other,56,raymond.nguyen4432@example.com,Chicago,Illinois,United States,Upper-Middle,Consumer,2022-02-08,7,8549.58,9169.14,40,0
CUST04433,Ryan,Miller,Female,32,ryan.miller4433@example.com,Pittsburgh,Pennsylvania,United States,Middle,Corporate,2023-06-08,3,4852.08,5153.81,368,1
CUST04434,Justin,Rivera,Other,30,justin.rivera4434@example.com,Newark,New Jersey,United States,Middle,Consumer,2019-11-15,4,5196.16,5857.25,9,0
CUST04435,Linda,Nelson,Male,45,linda.nelson4435@example.com,Tucson,Arizona,United States,Middle,Consumer,2019-10-26,10,9096.02,9926.17,138,0
CUST04436,Mary,Allen,Other,22,mary.allen4436@example.com,Boulder,Colorado,United States,Middle,Corporate,2023-06-03,4,13783.93,15381.95,77,0
CUST04437,Dennis,Kumar,Female,38,dennis.kumar4437@example.com,Aurora,Colorado,United States,Middle,Consumer,2019-10-24,3,8943.66,9327.27,653,1
CUST04438,Hiroshi,Perez,Other,44,hiroshi.perez4438@example.com,Reading,Pennsylvania,United States,Lower-Middle,Home Office,2024-01-10,3,3136.98,3522.51,148,0
CUST04439,Eric,Perez,Male,28,eric.perez4439@example.com,Chandler,Arizona,United States,Upper-Middle,Consumer,2022-03-25,3,4470.030000000001,5105.34,150,0
CUST04440,Betty,Martin,Male,38,betty.martin4440@example.com,Tampa,Florida,United States,Low,Home Office,2025-10-23,3,2578.31,2667.11,171,0
CUST04441,Nicholas,Baker,Other,40,nicholas.baker4441@example.com,Akron,Ohio,United States,Lower-Middle,Small Business,2020-12-12,5,5262.09,5350.85,172,0
CUST04442,Jason,Dubois,Other,32,jason.dubois4442@example.com,Paterson,New Jersey,United States,Middle,Consumer,2023-11-19,3,568.89,640.24,193,1
CUST04443,Stephanie,Scott,Male,29,stephanie.scott4443@example.com,Reading,Pennsylvania,United States,Middle,Consumer,2021-01-11,6,11580.44,12685.03,119,0
CUST04444,Emily,Adams,Female,55,emily.adams4444@example.com,Boulder,Colorado,United States,Lower-Middle,Consumer,2020-08-31,2,1644.51,1728.16,149,0
CUST04445,Amanda,Sanchez,Female,40,amanda.sanchez4445@example.com,San Antonio,Texas,United States,Upper-Middle,Corporate,2025-02-10,1,92.34,105.79,429,1
CUST04446,Maria,Nelson,Other,62,maria.nelson4446@example.com,Grand Rapids,Michigan,United States,Upper-Middle,Consumer,2024-10-18,3,1682.07,1824.16,186,1
CUST04447,Brenda,Zhang,Other,34,brenda.zhang4447@example.com,Chicago,Illinois,United States,Low,Corporate,2020-09-23,3,4044.35,4230.14,999,1
CUST04448,Eric,Roberts,Female,23,eric.roberts4448@example.com,Spokane,Washington,United States,Middle,Home Office,2019-12-31,5,6665.47,7544.61,311,1
CUST04449,Isha,Thomas,Other,19,isha.thomas4449@example.com,Lowell,Massachusetts,United States,Middle,Consumer,2025-01-29,2,859.86,928.82,131,0
CUST04450,Mark,Wright,Female,31,mark.wright4450@example.com,Lansing,Michigan,United States,Upper-Middle,Consumer,2026-06-04,2,1822.29,1838.8,25,0
CUST04451,Amanda,Reddy,Other,31,amanda.reddy4451@example.com,Chicago,Illinois,United States,Middle,Consumer,2023-10-26,3,3185.15,3304.87,21,0
CUST04452,Jason,Walker,Male,48,jason.walker4452@example.com,Newark,New Jersey,United States,Middle,Consumer,2024-04-12,1,912.1,970.6,396,1
CUST04453,Diane,Kowalski,Male,60,diane.kowalski4453@example.com,Colorado Springs,Colorado,United States,Upper-Middle,Consumer,2022-01-15,5,3914.7000000000003,4130.91,222,1
CUST04454,Matthew,Jones,Other,27,matthew.jones4454@example.com,Austin,Texas,United States,Middle,Corporate,2025-05-26,4,4562.62,4713.23,7,0
CUST04455,Daniel,Scott,Other,23,daniel.scott4455@example.com,Buffalo,New York,United States,Lower-Middle,Consumer,2026-01-04,4,8214.46,8625.17,25,0
CUST04456,Dennis,Ramirez,Male,41,dennis.ramirez4456@example.com,Rockford,Illinois,United States,Middle,Consumer,2019-08-17,1,153.52,169.64,2032,1
CUST04457,Michael,Costa,Female,32,michael.costa4457@example.com,Springfield,Massachusetts,United States,Middle,Consumer,2020-11-25,3,6613.4,7557.5,248,1
CUST04458,David,Kowalski,Male,31,david.kowalski4458@example.com,San Diego,California,United States,Upper-Middle,Consumer,2020-01-27,4,7804.26,8828.28,786,1
CUST04459,Joshua,Smith,Male,36,joshua.smith4459@example.com,Austin,Texas,United States,Middle,Consumer,2020-09-12,1,791.83,841.49,293,1
CUST04460,Priya,Andrade,Other,29,priya.andrade4460@example.com,Toledo,Ohio,United States,Middle,Small Business,2025-08-27,0,0.0,0.0,9999,1
CUST04461,Dorothy,King,Male,52,dorothy.king4461@example.com,Peoria,Illinois,United States,Lower-Middle,Corporate,2019-10-01,8,8165.5599999999995,8959.23,190,1
CUST04462,Hiroshi,Sharma,Female,33,hiroshi.sharma4462@example.com,San Jose,California,United States,Middle,Consumer,2025-11-28,2,2950.52,2957.76,51,0
CUST04463,Dennis,Patel,Female,32,dennis.patel4463@example.com,Spokane,Washington,United States,Lower-Middle,Corporate,2025-06-14,4,2669.79,2800.34,49,0
CUST04464,Dennis,Clark,Other,19,dennis.clark4464@example.com,Cincinnati,Ohio,United States,Middle,Consumer,2026-03-03,4,6624.95,6980.73,24,0
CUST04465,Janet,Martin,Female,18,janet.martin4465@example.com,Chandler,Arizona,United States,Middle,Corporate,2024-02-01,0,0.0,0.0,9999,1
CUST04466,Mateo,Martin,Female,49,mateo.martin4466@example.com,Lowell,Massachusetts,United States,Upper-Middle,Consumer,2024-07-26,1,2515.2,2693.66,166,0
CUST04467,David,Rivera,Other,44,david.rivera4467@example.com,Pittsburgh,Pennsylvania,United States,Lower-Middle,Consumer,2021-10-08,1,1571.57,1679.44,86,0
CUST04468,Gary,Zhang,Other,38,gary.zhang4468@example.com,Allentown,Pennsylvania,United States,Lower-Middle,Small Business,2023-11-17,1,154.75,166.99,82,0
CUST04469,Deborah,White,Male,34,deborah.white4469@example.com,Cincinnati,Ohio,United States,High,Consumer,2024-06-18,3,1731.29,1953.53,147,0
CUST04470,Jacob,Silva,Other,41,jacob.silva4470@example.com,Naperville,Illinois,United States,Middle,Consumer,2022-08-26,6,5655.530000000001,6418.68,75,0
CUST04471,Christine,Williams,Female,49,christine.williams4471@example.com,Fort Collins,Colorado,United States,Low,Home Office,2020-10-02,1,33.55,34.7,1669,1
CUST04472,Olivia,Gonzalez,Male,49,olivia.gonzalez4472@example.com,Flint,Michigan,United States,Middle,Consumer,2021-10-24,4,3691.74,3817.55,552,1
CUST04473,William,Martin,Female,26,william.martin4473@example.com,Ann Arbor,Michigan,United States,Low,Consumer,2023-02-19,5,4264.7,4701.74,254,1
CUST04474,Tyler,Perez,Other,61,tyler.perez4474@example.com,Pittsburgh,Pennsylvania,United States,Lower-Middle,Small Business,2020-03-11,3,2876.04,3260.56,76,0
CUST04475,Brandon,Pereira,Other,31,brandon.pereira4475@example.com,Syracuse,New York,United States,Upper-Middle,Consumer,2021-03-02,4,2182.41,2407.37,437,1
CUST04476,Rachel,Baker,Female,18,rachel.baker4476@example.com,Everett,Washington,United States,Lower-Middle,Consumer,2022-10-12,4,1679.4699999999998,1873.85,182,1
CUST04477,Brian,Carter,Other,39,brian.carter4477@example.com,Springfield,Massachusetts,United States,Upper-Middle,Consumer,2022-04-05,3,5438.1,5716.75,26,0
CUST04478,George,Adams,Female,23,george.adams4478@example.com,Rockford,Illinois,United States,Middle,Corporate,2020-04-06,2,900.06,1000.64,1095,1
CUST04479,Benjamin,Flores,Other,26,benjamin.flores4479@example.com,Jacksonville,Florida,United States,Middle,Consumer,2025-11-29,4,1778.6599999999999,1958.67,111,0
CUST04480,Carol,Kumar,Male,18,carol.kumar4480@example.com,Lowell,Massachusetts,United States,High,Corporate,2025-06-20,2,3492.23,3872.91,87,0
CUST04481,Vikram,Wright,Male,56,vikram.wright4481@example.com,Lowell,Massachusetts,United States,Middle,Small Business,2024-09-16,6,11774.27,12098.68,98,0
CUST04482,Janet,Walker,Female,18,janet.walker4482@example.com,Chicago,Illinois,United States,Lower-Middle,Corporate,2021-08-22,2,1696.6100000000001,1768.91,1694,1
CUST04483,Cynthia,Thomas,Male,32,cynthia.thomas4483@example.com,Los Angeles,California,United States,Lower-Middle,Consumer,2024-01-26,3,555.06,622.79,40,0
CUST04484,Steven,Kim,Female,45,steven.kim4484@example.com,Savannah,Georgia,United States,Middle,Consumer,2026-01-14,5,8383.94,8527.47,57,0
CUST04485,Catherine,Martinez,Other,46,catherine.martinez4485@example.com,Aurora,Colorado,United States,Middle,Consumer,2025-12-08,3,1840.1999999999998,1917.56,16,0
CUST04486,Amanda,Campbell,Female,56,amanda.campbell4486@example.com,Macon,Georgia,United States,Middle,Consumer,2023-09-18,3,5818.2,6218.21,388,1
CUST04487,Carol,Wright,Female,26,carol.wright4487@example.com,Bellevue,Washington,United States,Low,Consumer,2024-06-19,4,5290.71,5584.61,173,0
CUST04488,Ming,Mitchell,Other,35,ming.mitchell4488@example.com,Savannah,Georgia,United States,Middle,Consumer,2025-04-08,5,4731.91,5396.15,69,0
CUST04489,Aditya,Jackson,Prefer not to say,44,aditya.jackson4489@example.com,Durham,North Carolina,United States,High,Consumer,2023-06-26,2,3379.42,3553.8,167,0
CUST04490,John,Hall,Female,25,john.hall4490@example.com,Macon,Georgia,United States,Upper-Middle,Consumer,2023-06-06,8,12563.1,13291.77,109,0
CUST04491,Shirley,Gonzalez,Prefer not to say,32,shirley.gonzalez4491@example.com,Bellevue,Washington,United States,Middle,Consumer,2025-06-26,2,2602.88,2671.16,321,1
CUST04492,Hiroshi,Andrade,Other,50,hiroshi.andrade4492@example.com,Springfield,Massachusetts,United States,Middle,Home Office,2023-08-21,2,815.8599999999999,929.36,919,1
CUST04493,Timothy,Perez,Other,31,timothy.perez4493@example.com,Orlando,Florida,United States,Upper-Middle,Home Office,2019-09-03,2,1541.47,1769.76,1678,1
CUST04494,Benjamin,Hill,Female,31,benjamin.hill4494@example.com,Atlanta,Georgia,United States,Low,Consumer,2019-11-11,1,2309.75,2385.88,951,1
CUST04495,Stephanie,Chen,Female,18,stephanie.chen4495@example.com,Seattle,Washington,United States,Upper-Middle,Consumer,2021-07-01,5,12510.869999999999,13691.92,135,0
CUST04496,Justin,Dubois,Female,39,justin.dubois4496@example.com,Tucson,Arizona,United States,Lower-Middle,Consumer,2019-12-29,1,733.7,837.66,2245,1
CUST04497,Kenneth,Baker,Other,41,kenneth.baker4497@example.com,San Jose,California,United States,Lower-Middle,Small Business,2023-05-10,0,0.0,0.0,9999,1
CUST04498,Melissa,Patel,Female,37,melissa.patel4498@example.com,Los Angeles,California,United States,Low,Corporate,2020-01-10,4,6321.93,6683.71,57,0
CUST04499,Deborah,Gonzalez,Female,33,deborah.gonzalez4499@example.com,Los Angeles,California,United States,Lower-Middle,Corporate,2020-07-20,0,0.0,0.0,9999,1
CUST04500,Catherine,Garcia,Female,48,catherine.garcia4500@example.com,Boston,Massachusetts,United States,Upper-Middle,Small Business,2023-06-27,4,3174.61,3254.98,208,1
CUST04501,Ryan,Wright,Female,41,ryan.wright4501@example.com,Detroit,Michigan,United States,Middle,Corporate,2025-05-22,4,2307.91,2387.58,121,0
CUST04502,Daniel,Andrade,Other,28,daniel.andrade4502@example.com,Allentown,Pennsylvania,United States,Low,Small Business,2025-09-28,2,2580.9,2929.2,232,1
CUST04503,Karen,Anderson,Other,35,karen.anderson4503@example.com,Mesa,Arizona,United States,Upper-Middle,Consumer,2021-12-17,6,9930.279999999999,10355.6,46,0
CUST04504,Emma,Gupta,Prefer not to say,37,emma.gupta4504@example.com,Athens,Georgia,United States,Middle,Consumer,2025-11-07,1,2019.45,2260.49,144,0
CUST04505,Margaret,Gupta,Female,48,margaret.gupta4505@example.com,Savannah,Georgia,United States,Upper-Middle,Home Office,2021-11-12,5,4313.23,4576.49,247,1
CUST04506,Maria,Andrade,Male,24,maria.andrade4506@example.com,Lansing,Michigan,United States,Middle,Consumer,2021-08-28,5,3922.5499999999997,4396.66,319,1
CUST04507,Sarah,Souza,Prefer not to say,47,sarah.souza4507@example.com,Raleigh,North Carolina,United States,Lower-Middle,Consumer,2019-08-02,1,169.33,178.85,1388,1
CUST04508,Betty,Robinson,Male,33,betty.robinson4508@example.com,Springfield,Massachusetts,United States,Upper-Middle,Corporate,2019-11-19,2,2433.67,2726.21,1102,1
CUST04509,Elizabeth,Wright,Other,31,elizabeth.wright4509@example.com,Miami,Florida,United States,Middle,Home Office,2021-12-24,4,9684.25,9839.41,277,1
CUST04510,Nancy,Ivanov,Other,25,nancy.ivanov4510@example.com,Tacoma,Washington,United States,Lower-Middle,Consumer,2021-02-01,1,876.33,943.71,18,0
CUST04511,Carolyn,Lewis,Other,25,carolyn.lewis4511@example.com,Erie,Pennsylvania,United States,Upper-Middle,Corporate,2023-10-30,4,2186.28,2347.95,463,1
CUST04512,Jeffrey,Rodriguez,Other,48,jeffrey.rodriguez4512@example.com,Mesa,Arizona,United States,High,Consumer,2021-07-04,2,1712.71,1884.77,1640,1
CUST04513,Joyce,Johnson,Female,37,joyce.johnson4513@example.com,Seattle,Washington,United States,Middle,Consumer,2022-06-24,2,11718.720000000001,12374.57,668,1
CUST04514,George,Reddy,Other,36,george.reddy4514@example.com,Aurora,Colorado,United States,Upper-Middle,Consumer,2024-01-13,1,58.57,59.77,447,1
CUST04515,Patricia,Silva,Male,39,patricia.silva4515@example.com,Rochester,New York,United States,High,Corporate,2026-04-19,3,6990.169999999999,7248.34,13,0
CUST04516,Donald,Muller,Female,52,donald.muller4516@example.com,Lowell,Massachusetts,United States,Upper-Middle,Home Office,2024-01-08,5,7278.34,8029.97,446,1
CUST04517,Charles,Kowalski,Female,53,charles.kowalski4517@example.com,Boulder,Colorado,United States,Middle,Corporate,2025-02-05,3,8862.22,10078.18,102,0
CUST04518,Barbara,Taylor,Male,44,barbara.taylor4518@example.com,Spokane,Washington,United States,Upper-Middle,Consumer,2019-11-14,3,783.51,850.96,681,1
CUST04519,Kimberly,Perez,Female,26,kimberly.perez4519@example.com,Pittsburgh,Pennsylvania,United States,Low,Consumer,2026-05-10,0,0.0,0.0,9999,1
CUST04520,Angela,Pereira,Female,32,angela.pereira4520@example.com,Grand Rapids,Michigan,United States,Upper-Middle,Home Office,2024-05-02,3,7612.3099999999995,8041.75,22,0
CUST04521,Ronald,Green,Other,32,ronald.green4521@example.com,Augusta,Georgia,United States,Middle,Consumer,2023-07-03,7,3397.31,3463.9,382,1
CUST04522,Melissa,Ramirez,Other,51,melissa.ramirez4522@example.com,Rochester,New York,United States,Upper-Middle,Consumer,2024-09-07,3,945.16,969.02,40,0
CUST04523,Mateo,Martinez,Male,22,mateo.martinez4523@example.com,Fort Worth,Texas,United States,Upper-Middle,Corporate,2022-12-24,3,1063.24,1123.93,56,0
CUST04524,Gregory,Baker,Prefer not to say,42,gregory.baker4524@example.com,Dallas,Texas,United States,Middle,Consumer,2019-12-07,1,1694.03,1699.79,1588,1
CUST04525,Nicholas,Williams,Male,37,nicholas.williams4525@example.com,Tacoma,Washington,United States,Low,Corporate,2020-02-26,3,2791.9,2920.41,482,1
CUST04526,Rachel,Pereira,Male,29,rachel.pereira4526@example.com,Fort Worth,Texas,United States,Middle,Small Business,2023-08-13,2,1902.56,2066.89,392,1
CUST04527,Jason,Silva,Other,47,jason.silva4527@example.com,Chicago,Illinois,United States,Upper-Middle,Consumer,2023-08-29,2,1299.3400000000001,1372.96,512,1
CUST04528,Gary,Hernandez,Other,35,gary.hernandez4528@example.com,Peoria,Illinois,United States,Lower-Middle,Consumer,2024-10-06,4,3070.11,3419.82,71,0
CUST04529,Elizabeth,King,Male,20,elizabeth.king4529@example.com,Everett,Washington,United States,Lower-Middle,Consumer,2023-08-30,2,1979.15,2172.62,239,1
CUST04530,Linda,Gonzalez,Female,40,linda.gonzalez4530@example.com,Dallas,Texas,United States,Lower-Middle,Consumer,2020-04-04,8,2803.78,3188.23,674,1
CUST04531,Deborah,Johnson,Other,29,deborah.johnson4531@example.com,Miami,Florida,United States,Middle,Home Office,2024-11-07,3,3866.71,4022.39,47,0
CUST04532,Sofia,Nguyen,Male,31,sofia.nguyen4532@example.com,Athens,Georgia,United States,Upper-Middle,Consumer,2022-04-15,4,2678.99,2960.17,185,1
CUST04533,Rebecca,Rossi,Other,37,rebecca.rossi4533@example.com,Columbus,Ohio,United States,Lower-Middle,Consumer,2020-12-26,2,932.2,1064.18,901,1
CUST04534,Charles,Mitchell,Female,35,charles.mitchell4534@example.com,Sacramento,California,United States,Middle,Corporate,2022-01-26,3,3373.34,3627.01,26,0
CUST04535,William,Singh,Female,55,william.singh4535@example.com,New York City,New York,United States,Lower-Middle,Consumer,2021-08-09,1,670.53,717.79,513,1
CUST04536,Eric,Costa,Male,40,eric.costa4536@example.com,Akron,Ohio,United States,Middle,Consumer,2026-01-14,2,1177.27,1211.29,76,0
CUST04537,Deborah,Lewis,Other,38,deborah.lewis4537@example.com,San Francisco,California,United States,Lower-Middle,Home Office,2019-08-23,1,266.65,285.21,2527,1
CUST04538,Samuel,Nelson,Female,27,samuel.nelson4538@example.com,Cambridge,Massachusetts,United States,Middle,Consumer,2019-12-14,2,3662.5899999999997,3964.0,838,1
CUST04539,Susan,Hernandez,Female,44,susan.hernandez4539@example.com,Columbus,Ohio,United States,Upper-Middle,Corporate,2026-04-14,2,1404.1000000000001,1457.51,11,0
CUST04540,Sandra,Williams,Other,39,sandra.williams4540@example.com,Cincinnati,Ohio,United States,Low,Corporate,2024-04-03,6,16024.46,18343.76,32,0
CUST04541,Maria,Dubois,Male,56,maria.dubois4541@example.com,Seattle,Washington,United States,Lower-Middle,Consumer,2026-01-24,4,3185.69,3495.0,35,0
CUST04542,Catherine,Anderson,Female,62,catherine.anderson4542@example.com,Chandler,Arizona,United States,Middle,Consumer,2020-05-05,4,8965.86,9877.64,30,0
CUST04543,William,Mitchell,Male,45,william.mitchell4543@example.com,Winston-Salem,North Carolina,United States,Lower-Middle,Small Business,2023-04-16,5,4245.41,4656.31,149,0
CUST04544,Charles,Sharma,Female,27,charles.sharma4544@example.com,Atlanta,Georgia,United States,Lower-Middle,Consumer,2020-11-15,3,709.79,749.29,63,0
CUST04545,Kevin,Young,Male,33,kevin.young4545@example.com,Fort Worth,Texas,United States,Middle,Consumer,2023-06-27,4,1513.92,1539.21,284,1
CUST04546,Sarah,Baker,Male,40,sarah.baker4546@example.com,Albany,New York,United States,Lower-Middle,Consumer,2020-08-27,5,3000.88,3387.0,321,1
CUST04547,Larry,Brown,Female,39,larry.brown4547@example.com,Winston-Salem,North Carolina,United States,Middle,Consumer,2020-04-15,5,10035.81,10161.09,278,1
CUST04548,Mary,Jackson,Male,58,mary.jackson4548@example.com,Boulder,Colorado,United States,Lower-Middle,Small Business,2021-09-17,3,7571.65,8369.68,353,1
CUST04549,Jonathan,Robinson,Female,43,jonathan.robinson4549@example.com,Lowell,Massachusetts,United States,Lower-Middle,Home Office,2024-02-06,2,2980.7,3240.18,511,1
CUST04550,Benjamin,Hernandez,Female,37,benjamin.hernandez4550@example.com,Sacramento,California,United States,Middle,Home Office,2026-01-20,3,2342.98,2495.93,36,0
CUST04551,Dorothy,Hernandez,Female,42,dorothy.hernandez4551@example.com,Augusta,Georgia,United States,High,Consumer,2019-07-14,2,424.14,475.67,1508,1
CUST04552,Betty,Hall,Prefer not to say,18,betty.hall4552@example.com,Houston,Texas,United States,Upper-Middle,Corporate,2020-07-16,4,1739.63,1986.03,540,1
CUST04553,Joshua,Miller,Male,25,joshua.miller4553@example.com,Newark,New Jersey,United States,High,Consumer,2024-05-28,3,4046.91,4342.76,57,0
CUST04554,Barbara,Nelson,Other,32,barbara.nelson4554@example.com,Reading,Pennsylvania,United States,Middle,Consumer,2023-02-09,4,3816.5699999999997,4236.82,77,0
CUST04555,Samantha,Johnson,Female,32,samantha.johnson4555@example.com,Jersey City,New Jersey,United States,Upper-Middle,Home Office,2023-07-13,2,2485.16,2632.37,782,1
CUST04556,Ryan,Gonzalez,Male,19,ryan.gonzalez4556@example.com,Athens,Georgia,United States,Upper-Middle,Corporate,2026-03-13,3,5470.31,5701.05,20,0
CUST04557,Matthew,Jones,Other,41,matthew.jones4557@example.com,Erie,Pennsylvania,United States,Middle,Consumer,2022-05-06,3,1051.72,1177.42,124,0
CUST04558,Larry,Hill,Female,33,larry.hill4558@example.com,Dallas,Texas,United States,High,Corporate,2019-07-02,4,2278.4,2544.92,369,1
CUST04559,James,Nelson,Female,46,james.nelson4559@example.com,San Antonio,Texas,United States,Middle,Consumer,2023-10-02,2,2104.7,2292.81,185,1
CUST04560,Benjamin,Adams,Female,39,benjamin.adams4560@example.com,Orlando,Florida,United States,Middle,Consumer,2021-06-18,1,395.11,454.24,482,1
CUST04561,Julie,Zhang,Female,35,julie.zhang4561@example.com,Cambridge,Massachusetts,United States,Middle,Corporate,2022-10-14,5,5952.25,6207.48,4,0
CUST04562,Meera,Davis,Female,20,meera.davis4562@example.com,Sacramento,California,United States,Lower-Middle,Consumer,2022-02-12,1,1654.79,1764.93,199,1
CUST04563,Samuel,Zhang,Male,18,samuel.zhang4563@example.com,Spokane,Washington,United States,Middle,Consumer,2023-10-28,7,8901.23,10138.21,174,0
CUST04564,Donald,Garcia,Male,36,donald.garcia4564@example.com,Orlando,Florida,United States,Lower-Middle,Home Office,2026-01-30,5,9729.19,11144.67,42,0
CUST04565,Dennis,Wang,Female,46,dennis.wang4565@example.com,Erie,Pennsylvania,United States,High,Consumer,2023-08-11,1,3738.34,4129.29,471,1
CUST04566,Tyler,Smith,Female,18,tyler.smith4566@example.com,Rockford,Illinois,United States,Upper-Middle,Home Office,2021-09-11,4,7520.610000000001,7708.97,834,1
CUST04567,Justin,Hill,Other,37,justin.hill4567@example.com,Scottsdale,Arizona,United States,Upper-Middle,Home Office,2026-07-01,3,1294.1200000000001,1351.76,5,0
CUST04568,Jonathan,Lopez,Male,18,jonathan.lopez4568@example.com,Erie,Pennsylvania,United States,Upper-Middle,Home Office,2023-11-10,6,4093.7799999999997,4362.66,106,0
CUST04569,Christopher,Rossi,Other,42,christopher.rossi4569@example.com,Sacramento,California,United States,Upper-Middle,Corporate,2024-01-14,4,7142.52,7716.9,65,0
CUST04570,Diego,Campbell,Other,54,diego.campbell4570@example.com,Boulder,Colorado,United States,Upper-Middle,Home Office,2020-07-05,2,3158.7599999999998,3425.35,658,1
CUST04571,Timothy,Thomas,Male,32,timothy.thomas4571@example.com,Houston,Texas,United States,Middle,Small Business,2020-01-20,0,0.0,0.0,9999,1
CUST04572,Amy,Sharma,Female,36,amy.sharma4572@example.com,Peoria,Illinois,United States,Lower-Middle,Corporate,2019-12-25,8,6389.8,6765.44,29,0
CUST04573,Rebecca,Baker,Other,41,rebecca.baker4573@example.com,Savannah,Georgia,United States,Middle,Consumer,2022-05-26,4,10174.82,10570.77,50,0
CUST04574,Nancy,Roberts,Male,72,nancy.roberts4574@example.com,Everett,Washington,United States,Lower-Middle,Consumer,2021-09-22,1,1161.87,1231.14,1195,1
CUST04575,Diego,Brown,Other,60,diego.brown4575@example.com,Worcester,Massachusetts,United States,Low,Consumer,2020-03-17,2,650.95,711.47,233,1
CUST04576,Alexander,Carter,Other,45,alexander.carter4576@example.com,Durham,North Carolina,United States,Middle,Home Office,2023-03-20,4,5508.47,6300.75,436,1
CUST04577,Edward,White,Male,47,edward.white4577@example.com,Paterson,New Jersey,United States,Lower-Middle,Consumer,2023-09-26,3,6534.18,6655.54,287,1
CUST04578,Timothy,Muller,Female,50,timothy.muller4578@example.com,San Jose,California,United States,Upper-Middle,Home Office,2021-02-13,2,454.31,472.58,46,0
CUST04579,Jeffrey,Mitchell,Other,32,jeffrey.mitchell4579@example.com,Atlanta,Georgia,United States,Lower-Middle,Corporate,2022-01-23,2,1455.2399999999998,1631.78,33,0
CUST04580,Neha,Kumar,Male,19,neha.kumar4580@example.com,Albany,New York,United States,Middle,Corporate,2021-07-05,4,1691.79,1832.29,628,1
CUST04581,Ming,Chen,Male,42,ming.chen4581@example.com,Houston,Texas,United States,High,Home Office,2022-03-25,2,3406.75,3463.36,107,0
CUST04582,Amanda,Thomas,Other,32,amanda.thomas4582@example.com,Syracuse,New York,United States,Middle,Consumer,2020-11-23,2,2151.88,2252.69,361,1
CUST04583,Priya,Jones,Other,41,priya.jones4583@example.com,Akron,Ohio,United States,High,Consumer,2020-07-02,4,9240.57,9779.78,100,0
CUST04584,Christopher,Robinson,Male,32,christopher.robinson4584@example.com,Orlando,Florida,United States,Upper-Middle,Consumer,2021-03-27,2,1960.79,2124.11,161,0
CUST04585,Justin,Robinson,Female,31,justin.robinson4585@example.com,Naperville,Illinois,United States,Low,Consumer,2021-06-10,4,5221.24,5963.28,1095,1
CUST04586,Maria,Brown,Other,23,maria.brown4586@example.com,Fort Collins,Colorado,United States,High,Consumer,2025-08-04,2,4098.11,4541.96,35,0
CUST04587,Sandra,Smith,Female,27,sandra.smith4587@example.com,Akron,Ohio,United States,Middle,Consumer,2020-05-24,2,631.16,690.17,218,1
CUST04588,Jeffrey,Souza,Female,40,jeffrey.souza4588@example.com,Paterson,New Jersey,United States,Upper-Middle,Corporate,2022-12-22,1,17.06,18.59,441,1
CUST04589,Barbara,Moore,Male,38,barbara.moore4589@example.com,Durham,North Carolina,United States,Middle,Home Office,2019-08-26,4,5387.71,5532.49,491,1
CUST04590,Robert,Carter,Female,32,robert.carter4590@example.com,Aurora,Colorado,United States,Middle,Home Office,2026-04-06,2,944.03,1083.68,3,0
CUST04591,Carol,Torres,Female,40,carol.torres4591@example.com,Greensboro,North Carolina,United States,Lower-Middle,Consumer,2021-06-07,3,1977.8000000000002,2187.92,972,1
CUST04592,Samantha,Costa,Female,40,samantha.costa4592@example.com,Boston,Massachusetts,United States,Lower-Middle,Consumer,2020-02-03,2,911.25,990.51,1196,1
CUST04593,Michelle,Jackson,Female,38,michelle.jackson4593@example.com,Charlotte,North Carolina,United States,Lower-Middle,Consumer,2020-06-19,2,235.73000000000002,251.09,500,1
CUST04594,Jerry,Hill,Female,50,jerry.hill4594@example.com,Rochester,New York,United States,Upper-Middle,Consumer,2020-10-18,1,914.63,1016.09,1971,1
CUST04595,Aditya,Gupta,Other,51,aditya.gupta4595@example.com,Winston-Salem,North Carolina,United States,High,Consumer,2021-10-16,3,652.35,666.61,416,1
CUST04596,Patricia,White,Other,41,patricia.white4596@example.com,San Francisco,California,United States,Middle,Consumer,2025-08-13,4,1213.8300000000002,1308.95,1,0
CUST04597,Jessica,Young,Female,38,jessica.young4597@example.com,Newark,New Jersey,United States,Low,Home Office,2022-03-24,6,2742.68,2777.36,54,0
CUST04598,Brandon,Adams,Female,18,brandon.adams4598@example.com,Greensboro,North Carolina,United States,High,Small Business,2022-10-05,2,949.13,1082.28,1101,1
CUST04599,Tyler,Taylor,Other,32,tyler.taylor4599@example.com,Greensboro,North Carolina,United States,Middle,Consumer,2024-06-22,1,792.1,910.64,297,1
CUST04600,Sofia,Costa,Other,18,sofia.costa4600@example.com,Savannah,Georgia,United States,Low,Home Office,2022-07-28,6,6821.57,7243.68,225,1
CUST04601,Ananya,Flores,Female,25,ananya.flores4601@example.com,Ann Arbor,Michigan,United States,Lower-Middle,Home Office,2025-09-01,5,3521.0,3710.25,4,0
CUST04602,Amy,Sharma,Male,45,amy.sharma4602@example.com,Naperville,Illinois,United States,Middle,Consumer,2023-05-17,2,3686.01,3796.88,458,1
CUST04603,Jerry,White,Other,54,jerry.white4603@example.com,Winston-Salem,North Carolina,United States,Low,Consumer,2022-11-23,3,7033.79,7937.83,140,0
CUST04604,Dorothy,Hernandez,Male,55,dorothy.hernandez4604@example.com,Phoenix,Arizona,United States,Middle,Consumer,2020-09-06,8,16813.739999999998,18893.86,77,0
CUST04605,Alexander,Hernandez,Male,30,alexander.hernandez4605@example.com,New York City,New York,United States,Middle,Corporate,2024-01-01,1,52.85,55.59,181,1
CUST04606,Samuel,Smith,Female,40,samuel.smith4606@example.com,San Antonio,Texas,United States,Lower-Middle,Small Business,2024-04-16,5,1935.79,1977.71,178,0
CUST04607,William,Sharma,Female,56,william.sharma4607@example.com,Rockford,Illinois,United States,Middle,Corporate,2019-09-25,3,1232.73,1241.69,194,1
CUST04608,Frank,Rodriguez,Female,31,frank.rodriguez4608@example.com,San Diego,California,United States,Middle,Home Office,2023-08-27,0,0.0,0.0,9999,1
CUST04609,Kenneth,Williams,Female,35,kenneth.williams4609@example.com,Boston,Massachusetts,United States,Lower-Middle,Corporate,2020-02-22,2,532.82,585.85,833,1
CUST04610,Larry,Wang,Male,50,larry.wang4610@example.com,Naperville,Illinois,United States,Upper-Middle,Consumer,2023-12-09,2,5585.41,6312.07,96,0
CUST04611,Heather,Sharma,Other,42,heather.sharma4611@example.com,Sacramento,California,United States,High,Consumer,2023-09-20,2,1048.25,1090.84,160,0
CUST04612,Diane,Pereira,Male,31,diane.pereira4612@example.com,Jersey City,New Jersey,United States,Low,Small Business,2026-01-05,3,2809.98,2880.8,45,0
CUST04613,Shirley,Ivanov,Other,46,shirley.ivanov4613@example.com,Buffalo,New York,United States,Middle,Consumer,2021-06-02,3,2681.1899999999996,2774.71,442,1
CUST04614,Maria,Johnson,Male,40,maria.johnson4614@example.com,Columbus,Ohio,United States,Upper-Middle,Consumer,2019-07-25,3,1416.79,1578.36,821,1
CUST04615,Katherine,Martin,Female,41,katherine.martin4615@example.com,Orlando,Florida,United States,Middle,Consumer,2020-06-21,5,7193.31,8154.59,325,1
CUST04616,Catherine,Souza,Other,44,catherine.souza4616@example.com,Reading,Pennsylvania,United States,Low,Corporate,2025-03-03,3,2603.29,2931.63,90,0
CUST04617,James,Gonzalez,Other,53,james.gonzalez4617@example.com,Philadelphia,Pennsylvania,United States,Lower-Middle,Consumer,2025-05-21,4,5319.67,5779.23,178,0
CUST04618,Scott,Rossi,Male,36,scott.rossi4618@example.com,Spokane,Washington,United States,Middle,Consumer,2025-09-28,2,3457.5899999999997,3730.13,186,1
CUST04619,Larry,Taylor,Other,41,larry.taylor4619@example.com,Los Angeles,California,United States,Lower-Middle,Corporate,2019-08-09,3,8893.74,9508.47,262,1
CUST04620,Amanda,Taylor,Other,41,amanda.taylor4620@example.com,Orlando,Florida,United States,Lower-Middle,Corporate,2023-11-19,2,851.64,902.05,280,1
CUST04621,Isha,Smith,Other,37,isha.smith4621@example.com,Aurora,Colorado,United States,Middle,Consumer,2020-03-21,2,3477.89,3926.0,109,0
CUST04622,Jacob,Baker,Other,28,jacob.baker4622@example.com,Raleigh,North Carolina,United States,High,Consumer,2023-11-03,5,9775.9,10064.38,261,1
CUST04623,Diego,Mitchell,Male,23,diego.mitchell4623@example.com,Trenton,New Jersey,United States,Low,Home Office,2023-11-18,3,2302.17,2454.57,417,1
CUST04624,Arjun,Chen,Other,42,arjun.chen4624@example.com,Austin,Texas,United States,Lower-Middle,Consumer,2024-07-02,4,2830.84,3211.38,170,0
CUST04625,Victoria,Kim,Female,41,victoria.kim4625@example.com,Erie,Pennsylvania,United States,Middle,Consumer,2025-09-25,1,180.63,187.27,179,0
CUST04626,Priya,Flores,Female,52,priya.flores4626@example.com,Jersey City,New Jersey,United States,Middle,Consumer,2022-03-05,0,0.0,0.0,9999,1
CUST04627,Donald,Kumar,Male,22,donald.kumar4627@example.com,Albany,New York,United States,Lower-Middle,Consumer,2026-06-06,4,7913.839999999999,8992.73,1,0
CUST04628,Mateo,Pereira,Male,42,mateo.pereira4628@example.com,Miami,Florida,United States,Lower-Middle,Corporate,2021-09-07,3,4380.14,4768.59,333,1
CUST04629,Priya,Muller,Male,36,priya.muller4629@example.com,Scottsdale,Arizona,United States,Upper-Middle,Corporate,2026-03-23,2,3822.44,4008.95,100,0
CUST04630,Maria,Kim,Female,38,maria.kim4630@example.com,Savannah,Georgia,United States,Lower-Middle,Corporate,2024-04-19,3,2403.73,2474.14,64,0
CUST04631,Margaret,Baker,Other,21,margaret.baker4631@example.com,Aurora,Colorado,United States,Upper-Middle,Consumer,2020-04-24,3,983.96,1079.99,400,1
CUST04632,Nancy,Carter,Male,62,nancy.carter4632@example.com,Erie,Pennsylvania,United States,Lower-Middle,Consumer,2019-10-31,1,703.23,757.06,753,1
CUST04633,Raymond,Flores,Other,33,raymond.flores4633@example.com,Fort Lauderdale,Florida,United States,Middle,Home Office,2023-11-13,3,2760.62,2861.79,473,1
CUST04634,Christine,Miller,Female,39,christine.miller4634@example.com,Worcester,Massachusetts,United States,High,Corporate,2025-09-18,2,3937.44,4454.5,73,0
CUST04635,Rachel,Nguyen,Female,29,rachel.nguyen4635@example.com,Rochester,New York,United States,Middle,Consumer,2020-10-10,3,8057.38,8945.93,5,0
CUST04636,Michael,Brown,Other,42,michael.brown4636@example.com,Phoenix,Arizona,United States,Lower-Middle,Corporate,2023-10-13,3,1526.35,1697.96,326,1
CUST04637,Rebecca,Rivera,Female,41,rebecca.rivera4637@example.com,Savannah,Georgia,United States,Middle,Consumer,2024-08-01,3,137.39,143.32,5,0
CUST04638,Nancy,Patel,Male,32,nancy.patel4638@example.com,Cleveland,Ohio,United States,Middle,Corporate,2025-10-04,2,2449.87,2757.7,66,0
CUST04639,Mateo,Jones,Other,42,mateo.jones4639@example.com,Jacksonville,Florida,United States,Lower-Middle,Corporate,2020-06-14,8,9527.57,10912.95,948,1
CUST04640,David,Wright,Male,39,david.wright4640@example.com,Newark,New Jersey,United States,Middle,Consumer,2025-08-18,2,1226.98,1352.94,303,1
CUST04641,Donald,Wilson,Female,47,donald.wilson4641@example.com,Phoenix,Arizona,United States,Lower-Middle,Consumer,2022-12-05,3,3570.63,3808.03,45,0
CUST04642,Michelle,Rodriguez,Female,43,michelle.rodriguez4642@example.com,Peoria,Illinois,United States,Middle,Small Business,2023-04-11,2,748.44,856.44,62,0
CUST04643,Mary,Johnson,Other,22,mary.johnson4643@example.com,Seattle,Washington,United States,Lower-Middle,Small Business,2019-07-22,3,4980.360000000001,5441.19,1757,1
CUST04644,Arjun,Lewis,Other,28,arjun.lewis4644@example.com,Tampa,Florida,United States,Middle,Corporate,2023-02-26,2,292.07,331.9,125,0
CUST04645,Laura,Flores,Other,31,laura.flores4645@example.com,Buffalo,New York,United States,Middle,Consumer,2021-02-19,1,54.75,57.92,347,1
CUST04646,Priya,Adams,Other,49,priya.adams4646@example.com,Lansing,Michigan,United States,Middle,Corporate,2024-09-06,4,9052.720000000001,9955.94,113,0
CUST04647,Victoria,Rossi,Female,33,victoria.rossi4647@example.com,Boston,Massachusetts,United States,Lower-Middle,Corporate,2021-05-15,1,175.02,178.03,271,1
CUST04648,Priya,Perez,Male,46,priya.perez4648@example.com,Albany,New York,United States,Upper-Middle,Consumer,2022-08-13,3,8900.04,9304.57,321,1
CUST04649,Tyler,Walker,Male,30,tyler.walker4649@example.com,Cincinnati,Ohio,United States,Low,Consumer,2023-03-04,2,3512.46,3947.01,430,1
CUST04650,Scott,Williams,Other,38,scott.williams4650@example.com,Detroit,Michigan,United States,High,Consumer,2024-04-15,3,3660.0299999999997,3881.09,36,0
CUST04651,Joshua,Zhang,Other,18,joshua.zhang4651@example.com,Columbus,Ohio,United States,Lower-Middle,Consumer,2019-10-17,2,1143.18,1255.36,332,1
CUST04652,Shirley,Dubois,Female,25,shirley.dubois4652@example.com,Tampa,Florida,United States,Lower-Middle,Small Business,2024-06-12,3,1617.04,1660.81,55,0
CUST04653,Raymond,Torres,Male,33,raymond.torres4653@example.com,Buffalo,New York,United States,Middle,Consumer,2020-08-27,0,0.0,0.0,9999,1
CUST04654,Charles,Davis,Female,18,charles.davis4654@example.com,Scottsdale,Arizona,United States,High,Home Office,2022-11-19,3,2039.28,2175.86,1013,1
CUST04655,Paul,Lewis,Female,60,paul.lewis4655@example.com,Grand Rapids,Michigan,United States,High,Corporate,2019-09-28,5,11073.27,11905.78,1209,1
CUST04656,Stephanie,Williams,Male,31,stephanie.williams4656@example.com,Naperville,Illinois,United States,Upper-Middle,Corporate,2020-11-17,1,75.83,77.26,91,0
CUST04657,Aditya,White,Male,28,aditya.white4657@example.com,Springfield,Massachusetts,United States,Middle,Corporate,2023-06-26,7,6131.32,6513.88,90,0
CUST04658,Mark,Nelson,Male,45,mark.nelson4658@example.com,Savannah,Georgia,United States,Upper-Middle,Home Office,2019-12-03,2,9664.85,10452.88,2161,1
CUST04659,Richard,Lewis,Female,42,richard.lewis4659@example.com,Miami,Florida,United States,Lower-Middle,Consumer,2023-02-28,3,5373.22,5619.26,115,0
CUST04660,Debra,Clark,Male,36,debra.clark4660@example.com,San Francisco,California,United States,Middle,Consumer,2021-08-30,1,1394.08,1554.37,1332,1
CUST04661,Daniel,Martin,Female,22,daniel.martin4661@example.com,Peoria,Illinois,United States,Low,Corporate,2024-07-20,6,11436.97,12400.14,100,0
CUST04662,Melissa,Harris,Male,45,melissa.harris4662@example.com,Scottsdale,Arizona,United States,Low,Consumer,2026-04-07,3,944.54,994.66,5,0
CUST04663,Jennifer,Adams,Female,18,jennifer.adams4663@example.com,Newark,New Jersey,United States,Low,Consumer,2020-07-15,2,2137.23,2138.8,805,1
CUST04664,Thomas,Adams,Female,42,thomas.adams4664@example.com,Houston,Texas,United States,Upper-Middle,Consumer,2021-08-20,3,6899.240000000001,7125.34,261,1
CUST04665,Amanda,Adams,Male,37,amanda.adams4665@example.com,Greensboro,North Carolina,United States,Upper-Middle,Small Business,2019-08-07,2,7684.0,8025.6,898,1
CUST04666,Paul,Miller,Male,29,paul.miller4666@example.com,Springfield,Illinois,United States,Upper-Middle,Home Office,2025-08-17,4,5503.55,5518.2,68,0
CUST04667,Carolyn,Hill,Female,42,carolyn.hill4667@example.com,Erie,Pennsylvania,United States,Low,Corporate,2024-12-30,5,8517.09,8696.17,47,0
CUST04668,Christopher,Mitchell,Male,35,christopher.mitchell4668@example.com,Aurora,Colorado,United States,Lower-Middle,Consumer,2023-03-18,4,1111.83,1225.26,255,1
CUST04669,Arjun,Jones,Male,35,arjun.jones4669@example.com,Macon,Georgia,United States,Middle,Home Office,2019-06-28,2,1564.9,1782.97,1395,1
CUST04670,Neha,Hall,Female,18,neha.hall4670@example.com,Newark,New Jersey,United States,Upper-Middle,Consumer,2022-04-28,2,7769.43,8032.53,324,1
CUST04671,Janet,Flores,Male,37,janet.flores4671@example.com,Ann Arbor,Michigan,United States,Middle,Home Office,2025-03-23,2,4961.59,5605.62,62,0
CUST04672,Joseph,Nelson,Female,33,joseph.nelson4672@example.com,Scottsdale,Arizona,United States,Middle,Small Business,2023-12-16,3,2759.8,2835.39,341,1
CUST04673,Hiroshi,Sharma,Male,36,hiroshi.sharma4673@example.com,Cleveland,Ohio,United States,High,Corporate,2022-09-19,5,2662.06,2761.02,8,0
CUST04674,Thomas,Scott,Male,36,thomas.scott4674@example.com,Cleveland,Ohio,United States,Upper-Middle,Consumer,2023-02-21,7,1733.18,1787.89,93,0
CUST04675,Dennis,Kumar,Other,41,dennis.kumar4675@example.com,New York City,New York,United States,Middle,Consumer,2021-11-19,4,5338.08,5350.23,363,1
CUST04676,George,Reddy,Male,34,george.reddy4676@example.com,Tampa,Florida,United States,Low,Home Office,2020-05-19,5,5393.64,5534.46,170,0
CUST04677,Ryan,Reddy,Male,30,ryan.reddy4677@example.com,Austin,Texas,United States,Lower-Middle,Consumer,2024-10-01,3,666.7,676.58,220,1
CUST04678,Scott,Roberts,Other,53,scott.roberts4678@example.com,Durham,North Carolina,United States,Middle,Corporate,2022-08-02,2,580.23,659.51,747,1
CUST04679,Ryan,Martinez,Other,48,ryan.martinez4679@example.com,Springfield,Illinois,United States,Lower-Middle,Small Business,2019-09-28,4,2795.86,3034.83,72,0
CUST04680,Patricia,Kowalski,Male,57,patricia.kowalski4680@example.com,San Jose,California,United States,Lower-Middle,Consumer,2020-05-18,4,7221.34,8265.81,156,0
CUST04681,Andrew,Singh,Male,28,andrew.singh4681@example.com,Phoenix,Arizona,United States,Upper-Middle,Corporate,2023-12-28,3,5649.14,6196.34,253,1
CUST04682,Angela,Silva,Prefer not to say,51,angela.silva4682@example.com,Winston-Salem,North Carolina,United States,Middle,Consumer,2023-08-07,0,0.0,0.0,9999,1
CUST04683,Anthony,Jones,Other,52,anthony.jones4683@example.com,Peoria,Illinois,United States,Lower-Middle,Small Business,2023-10-04,2,6546.860000000001,7028.16,117,0
CUST04684,Stephen,Costa,Other,26,stephen.costa4684@example.com,San Antonio,Texas,United States,Middle,Consumer,2022-02-02,3,3186.74,3287.16,539,1
CUST04685,Amanda,Lopez,Female,58,amanda.lopez4685@example.com,Durham,North Carolina,United States,High,Consumer,2019-10-19,1,143.78,145.45,2263,1
CUST04686,Brian,Jones,Female,38,brian.jones4686@example.com,Everett,Washington,United States,Lower-Middle,Consumer,2019-09-03,2,2928.8999999999996,3079.01,1113,1
CUST04687,Stephen,Souza,Female,41,stephen.souza4687@example.com,Worcester,Massachusetts,United States,Middle,Consumer,2022-01-12,1,92.02,93.18,1443,1
CUST04688,Mary,Rossi,Male,43,mary.rossi4688@example.com,Albany,New York,United States,Upper-Middle,Corporate,2022-08-09,2,4069.51,4606.1,923,1
CUST04689,Emma,Anderson,Female,57,emma.anderson4689@example.com,Tacoma,Washington,United States,Lower-Middle,Consumer,2024-08-07,5,2002.36,2232.29,13,0
CUST04690,Anthony,Rivera,Male,27,anthony.rivera4690@example.com,Cincinnati,Ohio,United States,Middle,Consumer,2019-08-09,3,966.89,1074.63,264,1
CUST04691,Heather,Brown,Male,60,heather.brown4691@example.com,Raleigh,North Carolina,United States,Upper-Middle,Corporate,2026-03-10,4,5594.62,6294.13,6,0
CUST04692,Yuki,Costa,Other,50,yuki.costa4692@example.com,Lowell,Massachusetts,United States,Middle,Corporate,2022-01-24,4,4130.84,4460.3,433,1
CUST04693,Susan,Allen,Other,30,susan.allen4693@example.com,Allentown,Pennsylvania,United States,Middle,Consumer,2022-05-08,1,294.66,313.4,1125,1
CUST04694,Hiroshi,Hernandez,Female,44,hiroshi.hernandez4694@example.com,Peoria,Illinois,United States,Lower-Middle,Consumer,2025-02-24,4,2427.86,2768.95,130,0
CUST04695,Sharon,Carter,Other,44,sharon.carter4695@example.com,Winston-Salem,North Carolina,United States,Middle,Consumer,2020-12-04,2,1465.62,1674.79,865,1
CUST04696,Wei,Baker,Male,44,wei.baker4696@example.com,Cambridge,Massachusetts,United States,Low,Consumer,2026-03-30,1,980.26,1006.52,91,0
CUST04697,Sharon,Garcia,Female,36,sharon.garcia4697@example.com,Reading,Pennsylvania,United States,Upper-Middle,Consumer,2021-07-09,7,5122.3,5318.55,182,1
CUST04698,Joshua,Young,Other,45,joshua.young4698@example.com,Newark,New Jersey,United States,Low,Corporate,2024-04-07,6,5220.27,5626.53,65,0
CUST04699,Jeffrey,Clark,Male,56,jeffrey.clark4699@example.com,Grand Rapids,Michigan,United States,Upper-Middle,Consumer,2025-04-12,2,3021.92,3396.29,315,1
CUST04700,Eric,Hall,Male,21,eric.hall4700@example.com,Cincinnati,Ohio,United States,Lower-Middle,Consumer,2022-05-09,0,0.0,0.0,9999,1
CUST04701,Jacob,Rossi,Male,43,jacob.rossi4701@example.com,Worcester,Massachusetts,United States,Middle,Consumer,2019-11-29,3,1630.1000000000001,1814.52,548,1
CUST04702,Gary,Rossi,Male,20,gary.rossi4702@example.com,Fort Worth,Texas,United States,Upper-Middle,Consumer,2022-04-04,3,607.01,681.57,1035,1
CUST04703,Andrew,Rossi,Male,26,andrew.rossi4703@example.com,Spokane,Washington,United States,Upper-Middle,Consumer,2020-02-28,3,5334.77,6105.36,699,1
CUST04704,Gregory,Davis,Female,18,gregory.davis4704@example.com,Rochester,New York,United States,Lower-Middle,Consumer,2025-05-20,2,883.96,935.27,39,0
CUST04705,Linda,Baker,Male,33,linda.baker4705@example.com,Rockford,Illinois,United States,Middle,Corporate,2025-02-08,0,0.0,0.0,9999,1
CUST04706,Robert,Clark,Female,59,robert.clark4706@example.com,Lansing,Michigan,United States,Middle,Consumer,2025-08-27,4,7321.639999999999,8218.35,32,0
CUST04707,Nicholas,Rossi,Female,49,nicholas.rossi4707@example.com,Rochester,New York,United States,Low,Consumer,2022-12-26,1,1210.0,1347.26,1269,1
CUST04708,Margaret,Torres,Male,44,margaret.torres4708@example.com,Fort Lauderdale,Florida,United States,Upper-Middle,Consumer,2024-01-07,4,7062.59,8020.73,22,0
CUST04709,Patricia,Hernandez,Female,46,patricia.hernandez4709@example.com,Springfield,Illinois,United States,Lower-Middle,Consumer,2023-03-19,1,1897.54,2077.24,706,1
CUST04710,Camila,Lewis,Other,38,camila.lewis4710@example.com,Sacramento,California,United States,High,Consumer,2023-06-11,1,48.12,48.98,847,1
CUST04711,Jeffrey,Kumar,Female,35,jeffrey.kumar4711@example.com,Allentown,Pennsylvania,United States,Upper-Middle,Consumer,2023-08-08,7,2805.59,3115.67,38,0
CUST04712,Brandon,Ivanov,Female,43,brandon.ivanov4712@example.com,Tucson,Arizona,United States,Low,Corporate,2022-06-11,1,1089.83,1165.55,1455,1
CUST04713,Edward,Lee,Male,51,edward.lee4713@example.com,Rochester,New York,United States,Middle,Consumer,2019-09-05,3,1950.59,2178.95,222,1
CUST04714,Stephanie,Davis,Male,47,stephanie.davis4714@example.com,San Francisco,California,United States,Lower-Middle,Consumer,2022-01-03,2,2257.12,2441.81,1083,1
CUST04715,Hiroshi,Torres,Female,37,hiroshi.torres4715@example.com,San Diego,California,United States,Upper-Middle,Consumer,2024-05-26,4,11760.279999999999,12029.53,26,0
CUST04716,Karan,Wilson,Male,51,karan.wilson4716@example.com,Rochester,New York,United States,Middle,Consumer,2019-11-26,5,6859.700000000001,7129.1,122,0
CUST04717,Diane,Garcia,Male,30,diane.garcia4717@example.com,Aurora,Colorado,United States,High,Home Office,2025-11-03,1,4661.87,5118.49,32,0
CUST04718,Nancy,Kowalski,Female,28,nancy.kowalski4718@example.com,Newark,New Jersey,United States,Low,Consumer,2020-04-07,5,7445.09,8227.73,690,1
CUST04719,Jennifer,Pereira,Male,32,jennifer.pereira4719@example.com,Boston,Massachusetts,United States,Lower-Middle,Consumer,2020-02-29,1,1148.99,1317.11,205,1
CUST04720,Eric,Nguyen,Female,18,eric.nguyen4720@example.com,Springfield,Massachusetts,United States,Middle,Consumer,2023-06-22,2,1711.43,1850.28,366,1
CUST04721,Stephen,Carter,Female,38,stephen.carter4721@example.com,Worcester,Massachusetts,United States,Low,Consumer,2021-03-14,3,1548.2999999999997,1721.79,605,1
CUST04722,Ronald,Adams,Female,39,ronald.adams4722@example.com,Boulder,Colorado,United States,Lower-Middle,Consumer,2019-09-20,4,10125.57,11227.83,257,1
CUST04723,Charles,Lee,Other,27,charles.lee4723@example.com,Springfield,Massachusetts,United States,Middle,Consumer,2026-03-18,5,1928.45,2008.27,18,0
CUST04724,Jonathan,Sharma,Male,36,jonathan.sharma4724@example.com,Miami,Florida,United States,Upper-Middle,Consumer,2024-03-19,4,3998.0,4420.18,304,1
CUST04725,Elizabeth,Hill,Male,31,elizabeth.hill4725@example.com,Philadelphia,Pennsylvania,United States,High,Home Office,2026-02-09,4,4623.97,4634.63,28,0
CUST04726,Wei,Anderson,Male,24,wei.anderson4726@example.com,Elizabeth,New Jersey,United States,Middle,Consumer,2019-07-02,1,73.47,80.07,1744,1
CUST04727,Edward,Thomas,Male,26,edward.thomas4727@example.com,Trenton,New Jersey,United States,Middle,Consumer,2025-12-26,0,0.0,0.0,9999,1
CUST04728,Larry,Kumar,Male,36,larry.kumar4728@example.com,Sacramento,California,United States,Low,Consumer,2023-04-15,4,1516.52,1738.22,458,1
CUST04729,Victoria,Lopez,Other,43,victoria.lopez4729@example.com,Boulder,Colorado,United States,Upper-Middle,Consumer,2026-01-26,0,0.0,0.0,9999,1
CUST04730,Susan,Taylor,Female,44,susan.taylor4730@example.com,Mesa,Arizona,United States,High,Corporate,2022-12-13,6,7287.71,8137.69,747,1
CUST04731,Charles,Hill,Female,38,charles.hill4731@example.com,Scottsdale,Arizona,United States,Middle,Corporate,2026-01-23,3,11941.75,13115.35,50,0
CUST04732,Betty,Nguyen,Male,45,betty.nguyen4732@example.com,Houston,Texas,United States,Lower-Middle,Consumer,2025-12-09,2,820.22,875.78,24,0
CUST04733,Margaret,Rodriguez,Male,58,margaret.rodriguez4733@example.com,Charlotte,North Carolina,United States,High,Small Business,2025-05-28,6,2711.96,2994.86,38,0
CUST04734,Stephen,Wilson,Female,26,stephen.wilson4734@example.com,Chicago,Illinois,United States,High,Corporate,2019-12-16,4,7791.37,8296.93,818,1
CUST04735,Sandra,Lee,Female,50,sandra.lee4735@example.com,Philadelphia,Pennsylvania,United States,Upper-Middle,Corporate,2023-02-06,4,1944.77,2157.99,465,1
CUST04736,Michelle,Flores,Other,49,michelle.flores4736@example.com,Atlanta,Georgia,United States,Middle,Consumer,2022-07-03,2,10271.73,11374.31,503,1
CUST04737,Dennis,Scott,Female,44,dennis.scott4737@example.com,Boston,Massachusetts,United States,Middle,Consumer,2024-01-31,2,1509.8600000000001,1592.7,340,1
CUST04738,Rahul,Kowalski,Male,21,rahul.kowalski4738@example.com,Macon,Georgia,United States,Low,Consumer,2022-05-14,1,240.57,243.5,812,1
CUST04739,Kimberly,Rivera,Female,23,kimberly.rivera4739@example.com,Cambridge,Massachusetts,United States,Lower-Middle,Consumer,2021-07-10,3,2088.03,2267.64,85,0
CUST04740,Jerry,Martin,Other,46,jerry.martin4740@example.com,Augusta,Georgia,United States,High,Corporate,2024-10-22,1,267.38,305.21,604,1
CUST04741,Priya,Miller,Male,46,priya.miller4741@example.com,Augusta,Georgia,United States,Lower-Middle,Home Office,2025-02-16,1,1316.87,1364.14,175,0
CUST04742,Camila,Wang,Other,40,camila.wang4742@example.com,Naperville,Illinois,United States,Middle,Corporate,2023-10-06,4,8606.96,8770.2,109,0
CUST04743,Eric,Wang,Male,33,eric.wang4743@example.com,San Jose,California,United States,Lower-Middle,Consumer,2020-11-08,3,4010.6099999999997,4168.79,265,1
CUST04744,Sandra,Sharma,Female,33,sandra.sharma4744@example.com,Chandler,Arizona,United States,Low,Home Office,2026-01-28,4,7267.53,7865.15,88,0
CUST04745,Stephanie,Hill,Female,57,stephanie.hill4745@example.com,Houston,Texas,United States,Low,Consumer,2022-01-15,3,4246.18,4705.96,860,1
CUST04746,Jerry,Wang,Male,38,jerry.wang4746@example.com,Pittsburgh,Pennsylvania,United States,Upper-Middle,Corporate,2019-08-15,3,7706.71,8793.69,476,1
CUST04747,Brian,Dubois,Male,27,brian.dubois4747@example.com,Paterson,New Jersey,United States,Low,Home Office,2024-10-20,4,6317.93,6373.44,18,0
CUST04748,David,Brown,Female,48,david.brown4748@example.com,Winston-Salem,North Carolina,United States,Middle,Consumer,2021-02-16,4,5949.96,6012.31,978,1
CUST04749,Victoria,Gonzalez,Male,21,victoria.gonzalez4749@example.com,Rochester,New York,United States,Middle,Consumer,2025-01-05,2,5240.53,5390.12,181,1
CUST04750,Andrew,Williams,Prefer not to say,18,andrew.williams4750@example.com,San Diego,California,United States,Middle,Small Business,2025-04-05,2,1754.33,1900.35,5,0
CUST04751,Stephanie,Kim,Other,43,stephanie.kim4751@example.com,Ann Arbor,Michigan,United States,Middle,Corporate,2021-06-06,1,486.67,502.38,835,1
CUST04752,Samantha,Costa,Other,42,samantha.costa4752@example.com,Ann Arbor,Michigan,United States,Lower-Middle,Consumer,2022-05-24,4,6296.17,6991.27,631,1
CUST04753,Mary,Young,Male,53,mary.young4753@example.com,Columbus,Ohio,United States,High,Small Business,2019-08-12,3,2360.31,2660.79,546,1
CUST04754,Ryan,Kim,Female,40,ryan.kim4754@example.com,Los Angeles,California,United States,Middle,Small Business,2020-06-22,7,12410.550000000001,13123.33,194,1
CUST04755,Aditya,Lewis,Female,36,aditya.lewis4755@example.com,Bellevue,Washington,United States,Middle,Consumer,2022-07-31,1,23.64,25.61,249,1
CUST04756,Margaret,Sanchez,Female,54,margaret.sanchez4756@example.com,Denver,Colorado,United States,Middle,Consumer,2023-04-30,8,17229.7,17605.54,330,1
CUST04757,Yuki,Martinez,Other,42,yuki.martinez4757@example.com,Atlanta,Georgia,United States,Upper-Middle,Consumer,2022-07-20,4,1700.3600000000001,1948.25,348,1
CUST04758,Michael,Jones,Male,54,michael.jones4758@example.com,Rockford,Illinois,United States,Lower-Middle,Consumer,2020-09-10,3,1258.8,1262.29,350,1
CUST04759,Andrew,Nguyen,Female,18,andrew.nguyen4759@example.com,Austin,Texas,United States,Upper-Middle,Consumer,2019-12-02,2,914.1299999999999,927.47,269,1
CUST04760,Emily,Robinson,Other,46,emily.robinson4760@example.com,Orlando,Florida,United States,Middle,Consumer,2022-12-25,5,8000.07,8033.89,332,1
CUST04761,Olivia,Kumar,Female,68,olivia.kumar4761@example.com,Mesa,Arizona,United States,High,Consumer,2021-01-31,1,707.97,797.14,856,1
CUST04762,Susan,Rossi,Male,22,susan.rossi4762@example.com,Boston,Massachusetts,United States,Upper-Middle,Consumer,2025-04-11,3,6202.0,6548.79,54,0
CUST04763,Li,Smith,Female,33,li.smith4763@example.com,Newark,New Jersey,United States,Middle,Home Office,2024-10-03,2,924.36,1062.28,318,1
CUST04764,Samantha,White,Female,48,samantha.white4764@example.com,Toledo,Ohio,United States,Lower-Middle,Consumer,2026-03-05,3,6974.74,7150.94,46,0
CUST04765,Joseph,Rossi,Male,45,joseph.rossi4765@example.com,Bellevue,Washington,United States,Lower-Middle,Consumer,2025-06-02,3,7522.53,7556.4,128,0
CUST04766,Olivia,Hill,Other,44,olivia.hill4766@example.com,Cambridge,Massachusetts,United States,High,Consumer,2020-11-29,4,1501.82,1539.2,938,1
CUST04767,Gary,Martin,Other,45,gary.martin4767@example.com,Jersey City,New Jersey,United States,Upper-Middle,Home Office,2022-08-28,0,0.0,0.0,9999,1
CUST04768,Karan,Andrade,Other,27,karan.andrade4768@example.com,Cincinnati,Ohio,United States,Lower-Middle,Corporate,2022-05-26,3,7034.41,8025.79,155,0
CUST04769,Aditya,Rossi,Other,18,aditya.rossi4769@example.com,Bellevue,Washington,United States,Middle,Consumer,2019-08-26,3,1914.35,2133.5,222,1
CUST04770,Frank,Hernandez,Female,18,frank.hernandez4770@example.com,Jersey City,New Jersey,United States,Middle,Home Office,2025-05-27,6,9082.400000000001,10098.92,14,0
CUST04771,Hiroshi,Rossi,Female,26,hiroshi.rossi4771@example.com,Elizabeth,New Jersey,United States,Middle,Consumer,2025-04-13,2,2746.19,3026.96,176,0
CUST04772,James,Campbell,Other,33,james.campbell4772@example.com,Reading,Pennsylvania,United States,Lower-Middle,Home Office,2021-02-10,2,6647.65,6742.53,861,1
CUST04773,Neha,Green,Male,31,neha.green4773@example.com,Macon,Georgia,United States,Lower-Middle,Corporate,2021-01-18,0,0.0,0.0,9999,1
CUST04774,Deborah,Moore,Female,26,deborah.moore4774@example.com,Philadelphia,Pennsylvania,United States,Middle,Corporate,2022-06-10,4,2244.17,2315.68,716,1
CUST04775,Christine,Harris,Female,32,christine.harris4775@example.com,Trenton,New Jersey,United States,Middle,Consumer,2024-11-19,3,554.23,636.2,339,1
CUST04776,Rahul,Souza,Female,46,rahul.souza4776@example.com,Chandler,Arizona,United States,Low,Small Business,2019-11-26,2,1553.89,1649.18,1041,1
CUST04777,Catherine,Adams,Male,45,catherine.adams4777@example.com,Erie,Pennsylvania,United States,Upper-Middle,Consumer,2024-03-12,2,4056.9800000000005,4503.45,732,1
CUST04778,Raymond,Walker,Female,33,raymond.walker4778@example.com,Springfield,Illinois,United States,Middle,Small Business,2025-02-25,2,2441.88,2791.85,28,0
CUST04779,Heather,Pereira,Other,44,heather.pereira4779@example.com,Toledo,Ohio,United States,Middle,Consumer,2023-11-14,3,593.0699999999999,651.05,665,1
CUST04780,Dorothy,Taylor,Female,20,dorothy.taylor4780@example.com,Detroit,Michigan,United States,Low,Small Business,2020-11-24,3,2175.27,2292.31,530,1
CUST04781,Deborah,Miller,Other,18,deborah.miller4781@example.com,Los Angeles,California,United States,Low,Small Business,2024-06-25,3,7135.009999999999,7868.0,68,0
CUST04782,Rahul,Anderson,Male,41,rahul.anderson4782@example.com,Seattle,Washington,United States,Upper-Middle,Consumer,2025-11-16,3,6621.0599999999995,6839.24,118,0
CUST04783,Rebecca,Martinez,Female,55,rebecca.martinez4783@example.com,Boulder,Colorado,United States,Lower-Middle,Consumer,2025-04-13,3,1513.35,1715.41,165,0
CUST04784,Steven,Silva,Male,57,steven.silva4784@example.com,Dallas,Texas,United States,Upper-Middle,Consumer,2022-10-23,3,3469.3900000000003,3606.27,46,0
CUST04785,Carolyn,Silva,Other,41,carolyn.silva4785@example.com,Buffalo,New York,United States,Upper-Middle,Corporate,2024-04-25,2,900.3199999999999,928.9,130,0
CUST04786,Edward,Miller,Female,29,edward.miller4786@example.com,Lowell,Massachusetts,United States,Middle,Consumer,2020-12-07,1,142.51,163.49,1794,1
CUST04787,Camila,Ramirez,Female,59,camila.ramirez4787@example.com,Houston,Texas,United States,Middle,Consumer,2026-06-24,2,179.79000000000002,204.33,17,0
CUST04788,Gary,Kim,Other,36,gary.kim4788@example.com,Spokane,Washington,United States,High,Home Office,2020-08-18,3,2128.24,2339.0,831,1
CUST04789,Diego,Campbell,Male,33,diego.campbell4789@example.com,Erie,Pennsylvania,United States,Middle,Consumer,2024-10-26,2,1012.06,1145.12,299,1
CUST04790,Elizabeth,Andrade,Male,44,elizabeth.andrade4790@example.com,Raleigh,North Carolina,United States,Low,Consumer,2022-10-19,1,861.78,957.72,1298,1
CUST04791,David,Andrade,Female,45,david.andrade4791@example.com,Scottsdale,Arizona,United States,Lower-Middle,Consumer,2019-12-09,5,4870.56,5217.25,258,1
CUST04792,Benjamin,Lewis,Male,45,benjamin.lewis4792@example.com,Denver,Colorado,United States,Lower-Middle,Consumer,2021-12-08,4,2727.46,3037.96,50,0
CUST04793,Joseph,Reddy,Female,50,joseph.reddy4793@example.com,Grand Rapids,Michigan,United States,Middle,Consumer,2022-02-04,1,1031.05,1113.86,685,1
CUST04794,Debra,Rodriguez,Female,32,debra.rodriguez4794@example.com,Toledo,Ohio,United States,Lower-Middle,Home Office,2023-07-24,5,1944.61,2138.4,241,1
CUST04795,Charles,Lewis,Other,24,charles.lewis4795@example.com,Lowell,Massachusetts,United States,Low,Corporate,2021-01-02,3,7821.8099999999995,8715.35,1181,1
CUST04796,Sandra,Thompson,Prefer not to say,29,sandra.thompson4796@example.com,Pittsburgh,Pennsylvania,United States,Upper-Middle,Consumer,2026-03-13,6,4799.41,5445.26,45,0
CUST04797,Yuki,Patel,Male,18,yuki.patel4797@example.com,Cambridge,Massachusetts,United States,Lower-Middle,Home Office,2021-11-30,1,1176.76,1230.77,600,1
CUST04798,Donald,Kim,Other,37,donald.kim4798@example.com,Ann Arbor,Michigan,United States,Upper-Middle,Corporate,2019-12-13,1,159.22,170.65,1456,1
CUST04799,Karan,Perez,Female,21,karan.perez4799@example.com,Jersey City,New Jersey,United States,Lower-Middle,Corporate,2022-06-07,1,1045.42,1127.01,932,1
CUST04800,Jerry,Allen,Other,25,jerry.allen4800@example.com,Naperville,Illinois,United States,Middle,Home Office,2019-08-28,0,0.0,0.0,9999,1
CUST04801,Ashley,Gupta,Female,53,ashley.gupta4801@example.com,Lowell,Massachusetts,United States,Middle,Home Office,2024-06-25,4,7821.35,8683.37,443,1
CUST04802,Yuki,Anderson,Male,47,yuki.anderson4802@example.com,Austin,Texas,United States,Lower-Middle,Consumer,2025-11-17,6,5564.36,5917.34,121,0
CUST04803,Patricia,Costa,Other,33,patricia.costa4803@example.com,San Diego,California,United States,Middle,Consumer,2021-07-02,0,0.0,0.0,9999,1
CUST04804,Kevin,Green,Other,35,kevin.green4804@example.com,Mesa,Arizona,United States,Middle,Home Office,2021-12-22,4,619.63,656.82,560,1
CUST04805,Linda,Roberts,Female,19,linda.roberts4805@example.com,Tucson,Arizona,United States,Middle,Small Business,2020-11-09,4,4184.02,4207.03,242,1
CUST04806,Michael,Perez,Other,38,michael.perez4806@example.com,Trenton,New Jersey,United States,Low,Consumer,2019-09-04,2,250.86,256.38,1314,1
CUST04807,Raymond,Wright,Female,38,raymond.wright4807@example.com,Cleveland,Ohio,United States,Lower-Middle,Consumer,2021-09-09,4,6914.25,7925.88,372,1
CUST04808,Yuki,Sharma,Prefer not to say,22,yuki.sharma4808@example.com,Columbus,Ohio,United States,Lower-Middle,Consumer,2023-01-30,0,0.0,0.0,9999,1
CUST04809,Nicholas,Hill,Male,59,nicholas.hill4809@example.com,Fort Worth,Texas,United States,Lower-Middle,Consumer,2023-02-11,6,8723.87,9130.94,117,0
CUST04810,Catherine,Dubois,Other,36,catherine.dubois4810@example.com,Savannah,Georgia,United States,Middle,Small Business,2022-05-19,2,402.52,441.45,287,1
CUST04811,Larry,Sanchez,Female,18,larry.sanchez4811@example.com,Ann Arbor,Michigan,United States,Upper-Middle,Consumer,2024-06-17,6,6976.09,7756.9,100,0
CUST04812,Brian,Rodriguez,Female,33,brian.rodriguez4812@example.com,Grand Rapids,Michigan,United States,Upper-Middle,Consumer,2022-07-23,2,3640.87,4150.48,1108,1
CUST04813,David,Martinez,Other,46,david.martinez4813@example.com,San Antonio,Texas,United States,Lower-Middle,Consumer,2024-10-03,3,1213.55,1292.91,42,0
CUST04814,Mateo,Zhang,Other,35,mateo.zhang4814@example.com,San Francisco,California,United States,Middle,Consumer,2026-06-19,2,2672.97,3065.2,21,0
CUST04815,Amanda,Sharma,Female,18,amanda.sharma4815@example.com,Bellevue,Washington,United States,Lower-Middle,Consumer,2023-05-14,2,8509.79,9065.71,591,1
CUST04816,Stephen,Nguyen,Male,18,stephen.nguyen4816@example.com,Tucson,Arizona,United States,Lower-Middle,Home Office,2020-01-27,2,5455.9400000000005,5516.77,321,1
CUST04817,Jonathan,Garcia,Male,19,jonathan.garcia4817@example.com,Erie,Pennsylvania,United States,Low,Small Business,2019-09-28,0,0.0,0.0,9999,1
CUST04818,Frank,Jackson,Other,47,frank.jackson4818@example.com,Grand Rapids,Michigan,United States,Lower-Middle,Corporate,2026-06-08,8,10215.16,10687.03,1,0
CUST04819,Sarah,Silva,Male,42,sarah.silva4819@example.com,Savannah,Georgia,United States,Upper-Middle,Consumer,2021-07-17,1,317.67,365.25,521,1
CUST04820,Amy,Costa,Male,48,amy.costa4820@example.com,Raleigh,North Carolina,United States,Lower-Middle,Consumer,2021-10-09,4,4907.93,4942.88,645,1
CUST04821,Raymond,Gupta,Other,18,raymond.gupta4821@example.com,Allentown,Pennsylvania,United States,Lower-Middle,Consumer,2025-11-01,1,4102.16,4407.04,197,1
CUST04822,Amy,Moore,Other,34,amy.moore4822@example.com,Los Angeles,California,United States,Middle,Consumer,2019-09-29,1,772.49,869.55,307,1
CUST04823,Donna,Moore,Female,47,donna.moore4823@example.com,Greensboro,North Carolina,United States,Upper-Middle,Consumer,2024-07-15,1,708.6,809.05,219,1
CUST04824,Alexander,Lee,Other,48,alexander.lee4824@example.com,Macon,Georgia,United States,Middle,Home Office,2025-03-09,3,8067.32,8346.91,68,0
CUST04825,Debra,Sharma,Male,38,debra.sharma4825@example.com,Philadelphia,Pennsylvania,United States,Middle,Corporate,2020-01-10,4,1095.83,1184.18,200,1
CUST04826,Amanda,Nelson,Male,30,amanda.nelson4826@example.com,Houston,Texas,United States,High,Home Office,2019-11-30,6,6619.860000000001,6870.44,422,1
CUST04827,Robert,Silva,Female,19,robert.silva4827@example.com,Fort Worth,Texas,United States,Middle,Home Office,2024-07-20,1,299.32,341.15,567,1
CUST04828,Maria,Taylor,Male,31,maria.taylor4828@example.com,Albany,New York,United States,Lower-Middle,Consumer,2022-07-08,1,234.6,258.83,787,1
CUST04829,Anthony,Singh,Male,32,anthony.singh4829@example.com,Sacramento,California,United States,Lower-Middle,Consumer,2025-03-21,4,2388.87,2743.24,47,0
CUST04830,Karen,Andrade,Other,32,karen.andrade4830@example.com,Miami,Florida,United States,High,Corporate,2024-02-06,1,4431.54,5077.8,695,1
CUST04831,Alexander,Jackson,Male,30,alexander.jackson4831@example.com,Trenton,New Jersey,United States,High,Consumer,2023-05-09,5,12216.45,13453.97,117,0
CUST04832,Anthony,Anderson,Male,46,anthony.anderson4832@example.com,Akron,Ohio,United States,Upper-Middle,Corporate,2020-10-01,4,3268.64,3404.38,151,0
CUST04833,Aditya,Anderson,Other,64,aditya.anderson4833@example.com,Fort Collins,Colorado,United States,Middle,Consumer,2025-10-02,6,3937.54,4036.0,10,0
CUST04834,Isha,Gupta,Other,33,isha.gupta4834@example.com,Lansing,Michigan,United States,Middle,Corporate,2021-10-19,6,8569.75,9730.31,116,0
CUST04835,Mary,Young,Female,55,mary.young4835@example.com,Miami,Florida,United States,Middle,Small Business,2025-07-10,4,3289.18,3637.05,66,0
CUST04836,William,Williams,Female,47,william.williams4836@example.com,Columbus,Ohio,United States,Middle,Corporate,2022-02-16,2,1170.6,1270.6,1362,1
CUST04837,James,Brown,Female,31,james.brown4837@example.com,Everett,Washington,United States,Lower-Middle,Corporate,2022-03-05,3,2262.4300000000003,2395.92,52,0
CUST04838,Emma,Brown,Other,18,emma.brown4838@example.com,Austin,Texas,United States,Middle,Consumer,2025-12-16,2,110.5,111.02,146,0
CUST04839,Joshua,Jackson,Other,38,joshua.jackson4839@example.com,Lansing,Michigan,United States,Lower-Middle,Consumer,2023-07-17,0,0.0,0.0,9999,1
CUST04840,Thomas,Nguyen,Female,25,thomas.nguyen4840@example.com,Houston,Texas,United States,Low,Home Office,2022-02-14,2,1753.91,2010.73,401,1
CUST04841,Samuel,Kumar,Other,63,samuel.kumar4841@example.com,Flint,Michigan,United States,Middle,Corporate,2023-07-28,7,10406.25,11543.55,40,0
CUST04842,Joyce,Harris,Male,47,joyce.harris4842@example.com,Austin,Texas,United States,Upper-Middle,Consumer,2023-03-27,4,2351.62,2615.9,778,1
CUST04843,Frank,Young,Male,26,frank.young4843@example.com,Tucson,Arizona,United States,Middle,Small Business,2019-09-30,1,3414.91,3508.08,1902,1
CUST04844,Camila,Miller,Other,57,camila.miller4844@example.com,Reading,Pennsylvania,United States,Lower-Middle,Consumer,2023-04-04,3,1134.76,1297.2,27,0
CUST04845,Jeffrey,Hill,Female,52,jeffrey.hill4845@example.com,Tampa,Florida,United States,Upper-Middle,Small Business,2025-04-28,2,376.82000000000005,415.33,76,0
CUST04846,Karan,Flores,Male,36,karan.flores4846@example.com,Athens,Georgia,United States,High,Corporate,2023-08-17,2,6220.28,6394.9,824,1
CUST04847,Carolyn,Sanchez,Prefer not to say,33,carolyn.sanchez4847@example.com,Ann Arbor,Michigan,United States,Low,Consumer,2021-07-14,1,118.89,128.42,776,1
CUST04848,Joseph,Nelson,Female,48,joseph.nelson4848@example.com,Worcester,Massachusetts,United States,Lower-Middle,Corporate,2022-12-19,7,6223.700000000001,6412.27,32,0
CUST04849,Vikram,White,Other,47,vikram.white4849@example.com,Athens,Georgia,United States,Middle,Consumer,2020-03-06,3,6587.52,7128.88,228,1
CUST04850,Stephanie,Garcia,Female,48,stephanie.garcia4850@example.com,Miami,Florida,United States,Lower-Middle,Corporate,2021-11-03,0,0.0,0.0,9999,1
CUST04851,Donald,Williams,Other,58,donald.williams4851@example.com,Naperville,Illinois,United States,Upper-Middle,Consumer,2023-02-21,3,1292.51,1482.18,152,0
CUST04852,Maria,Muller,Female,35,maria.muller4852@example.com,Fort Worth,Texas,United States,Low,Home Office,2021-01-30,1,257.04,258.87,1556,1
CUST04853,Isha,Flores,Male,26,isha.flores4853@example.com,Colorado Springs,Colorado,United States,Middle,Home Office,2024-03-14,3,2782.65,3176.83,48,0
CUST04854,Melissa,Nelson,Other,60,melissa.nelson4854@example.com,Mesa,Arizona,United States,Upper-Middle,Corporate,2021-09-05,3,2362.44,2609.06,560,1
CUST04855,Lisa,Garcia,Other,31,lisa.garcia4855@example.com,Allentown,Pennsylvania,United States,Middle,Consumer,2024-07-10,4,1106.51,1249.95,132,0
CUST04856,Gary,Lopez,Female,57,gary.lopez4856@example.com,Dallas,Texas,United States,High,Home Office,2020-04-11,7,15195.48,15444.58,228,1
CUST04857,Mark,Williams,Female,43,mark.williams4857@example.com,Mesa,Arizona,United States,Middle,Small Business,2020-07-11,3,2110.6400000000003,2163.33,151,0
CUST04858,Jeffrey,Allen,Male,23,jeffrey.allen4858@example.com,Philadelphia,Pennsylvania,United States,High,Consumer,2020-09-08,3,2732.5299999999997,3108.74,276,1
CUST04859,Olivia,Rivera,Female,32,olivia.rivera4859@example.com,Winston-Salem,North Carolina,United States,High,Consumer,2024-10-13,3,1236.1999999999998,1386.12,55,0
CUST04860,Julie,Wilson,Other,37,julie.wilson4860@example.com,Trenton,New Jersey,United States,High,Consumer,2022-10-14,3,751.43,824.97,373,1
CUST04861,Joseph,Clark,Other,37,joseph.clark4861@example.com,Jacksonville,Florida,United States,Middle,Home Office,2021-03-10,3,4633.81,5059.16,601,1
CUST04862,Linda,Smith,Male,47,linda.smith4862@example.com,Elizabeth,New Jersey,United States,Lower-Middle,Consumer,2019-11-09,0,0.0,0.0,9999,1
CUST04863,Dennis,Martinez,Other,20,dennis.martinez4863@example.com,Syracuse,New York,United States,Middle,Consumer,2026-04-02,2,705.64,709.32,47,0
CUST04864,Brandon,Robinson,Female,18,brandon.robinson4864@example.com,Sacramento,California,United States,Middle,Consumer,2020-11-23,1,140.05,159.77,1042,1
CUST04865,Joseph,Young,Other,18,joseph.young4865@example.com,Chandler,Arizona,United States,Upper-Middle,Consumer,2024-03-13,1,1710.65,1946.22,85,0
CUST04866,Yuki,Taylor,Other,31,yuki.taylor4866@example.com,Atlanta,Georgia,United States,High,Consumer,2019-11-05,3,1832.42,1970.16,185,1
CUST04867,Ronald,Miller,Male,33,ronald.miller4867@example.com,Jersey City,New Jersey,United States,Middle,Consumer,2021-01-18,4,716.25,784.75,43,0
CUST04868,Jonathan,Costa,Male,42,jonathan.costa4868@example.com,Tacoma,Washington,United States,Middle,Corporate,2020-09-01,4,8291.51,8541.49,410,1
CUST04869,Diego,Silva,Other,63,diego.silva4869@example.com,Akron,Ohio,United States,Lower-Middle,Home Office,2021-07-27,6,7707.81,8343.14,82,0
CUST04870,Kimberly,Walker,Female,23,kimberly.walker4870@example.com,Lansing,Michigan,United States,Middle,Consumer,2021-07-19,3,4972.16,5632.77,350,1
CUST04871,Li,Johnson,Female,46,li.johnson4871@example.com,Seattle,Washington,United States,Lower-Middle,Corporate,2025-11-21,2,1202.68,1226.34,79,0
CUST04872,Christine,Hill,Female,50,christine.hill4872@example.com,Springfield,Massachusetts,United States,Middle,Small Business,2021-02-17,1,1874.97,2042.75,804,1
CUST04873,Catherine,Allen,Female,38,catherine.allen4873@example.com,Aurora,Colorado,United States,Lower-Middle,Small Business,2023-03-20,2,2477.24,2521.55,1014,1
CUST04874,Laura,Patel,Other,49,laura.patel4874@example.com,Grand Rapids,Michigan,United States,Middle,Consumer,2022-12-12,1,117.93,126.19,1207,1
CUST04875,Joyce,Baker,Female,43,joyce.baker4875@example.com,Springfield,Illinois,United States,Upper-Middle,Home Office,2026-05-16,4,3668.5699999999997,3833.25,2,0
CUST04876,Olivia,Wilson,Male,32,olivia.wilson4876@example.com,Scottsdale,Arizona,United States,High,Corporate,2023-07-17,2,1991.3799999999999,2015.93,501,1
CUST04877,Ashley,Baker,Male,34,ashley.baker4877@example.com,Flint,Michigan,United States,High,Consumer,2023-08-10,0,0.0,0.0,9999,1
CUST04878,Debra,Miller,Other,46,debra.miller4878@example.com,Macon,Georgia,United States,Upper-Middle,Small Business,2019-12-16,2,298.26,302.82,47,0
CUST04879,George,Kowalski,Female,50,george.kowalski4879@example.com,Aurora,Colorado,United States,Middle,Consumer,2021-09-05,4,1544.01,1652.44,371,1
CUST04880,Carolyn,Ivanov,Other,36,carolyn.ivanov4880@example.com,Erie,Pennsylvania,United States,High,Corporate,2021-07-10,2,6419.3099999999995,7097.45,676,1
CUST04881,Edward,Rossi,Male,36,edward.rossi4881@example.com,Durham,North Carolina,United States,High,Corporate,2021-09-22,6,6369.85,7212.14,389,1
CUST04882,Angela,Clark,Other,36,angela.clark4882@example.com,Sacramento,California,United States,Middle,Home Office,2026-05-04,2,5596.12,5888.22,35,0
CUST04883,Isha,Kim,Male,27,isha.kim4883@example.com,Athens,Georgia,United States,Upper-Middle,Corporate,2025-07-28,0,0.0,0.0,9999,1
CUST04884,Aditya,Harris,Other,24,aditya.harris4884@example.com,Philadelphia,Pennsylvania,United States,Middle,Consumer,2024-11-13,2,767.39,864.78,37,0
CUST04885,Brenda,Ramirez,Male,37,brenda.ramirez4885@example.com,Akron,Ohio,United States,Lower-Middle,Consumer,2026-03-10,1,146.74,154.08,16,0
CUST04886,Raymond,Kowalski,Male,27,raymond.kowalski4886@example.com,Allentown,Pennsylvania,United States,Lower-Middle,Consumer,2021-03-23,1,309.51,332.4,876,1
CUST04887,Samantha,Baker,Female,19,samantha.baker4887@example.com,Syracuse,New York,United States,Middle,Consumer,2025-09-24,3,1681.25,1814.96,134,0
CUST04888,Lisa,Lewis,Other,62,lisa.lewis4888@example.com,Dallas,Texas,United States,Upper-Middle,Consumer,2023-05-20,1,1183.75,1308.2,1138,1
CUST04889,Christopher,Zhang,Other,31,christopher.zhang4889@example.com,Tampa,Florida,United States,Middle,Consumer,2024-11-24,4,2220.3199999999997,2248.21,2,0
CUST04890,Jessica,Torres,Male,37,jessica.torres4890@example.com,Lansing,Michigan,United States,Lower-Middle,Corporate,2020-04-15,3,162.25,166.11,387,1
CUST04891,Matthew,Moore,Female,38,matthew.moore4891@example.com,Buffalo,New York,United States,Middle,Consumer,2025-01-14,7,3830.47,4189.36,37,0
CUST04892,Jason,Nelson,Other,30,jason.nelson4892@example.com,Newark,New Jersey,United States,Lower-Middle,Consumer,2021-10-30,3,3940.19,4421.58,179,0
CUST04893,Melissa,Hall,Prefer not to say,54,melissa.hall4893@example.com,Scottsdale,Arizona,United States,High,Consumer,2021-05-02,4,2466.62,2683.28,604,1
CUST04894,Karen,Jones,Male,71,karen.jones4894@example.com,Sacramento,California,United States,Middle,Consumer,2025-04-11,3,1164.14,1290.05,175,0
CUST04895,Rebecca,Flores,Other,40,rebecca.flores4895@example.com,Naperville,Illinois,United States,Lower-Middle,Consumer,2020-06-27,3,9035.529999999999,9675.74,1693,1
CUST04896,Ronald,Anderson,Male,43,ronald.anderson4896@example.com,Worcester,Massachusetts,United States,Middle,Consumer,2019-08-26,7,12702.6,13602.9,100,0
CUST04897,Catherine,Lopez,Female,24,catherine.lopez4897@example.com,Spokane,Washington,United States,Middle,Home Office,2023-03-03,4,6447.17,7124.55,347,1
CUST04898,Mary,Singh,Female,63,mary.singh4898@example.com,Philadelphia,Pennsylvania,United States,Upper-Middle,Consumer,2021-04-28,0,0.0,0.0,9999,1
CUST04899,Karen,Perez,Other,29,karen.perez4899@example.com,Colorado Springs,Colorado,United States,Middle,Corporate,2019-08-16,1,1695.99,1892.95,370,1
CUST04900,Debra,Brown,Female,30,debra.brown4900@example.com,Erie,Pennsylvania,United States,Lower-Middle,Corporate,2026-03-25,6,7689.1,7930.77,4,0
CUST04901,Amanda,Young,Female,29,amanda.young4901@example.com,Seattle,Washington,United States,Middle,Consumer,2022-03-14,5,11681.12,13302.68,226,1
CUST04902,Diego,Baker,Male,18,diego.baker4902@example.com,Ann Arbor,Michigan,United States,Lower-Middle,Consumer,2020-11-18,1,978.85,1093.63,689,1
CUST04903,Maria,Nelson,Female,30,maria.nelson4903@example.com,Columbus,Ohio,United States,Middle,Home Office,2023-05-16,0,0.0,0.0,9999,1
CUST04904,Scott,Flores,Male,40,scott.flores4904@example.com,Jersey City,New Jersey,United States,Middle,Consumer,2023-10-29,3,3208.63,3615.22,14,0
CUST04905,Meera,Harris,Male,42,meera.harris4905@example.com,Flint,Michigan,United States,Lower-Middle,Home Office,2023-03-28,7,9525.28,10178.8,204,1
CUST04906,Robert,Brown,Other,42,robert.brown4906@example.com,Raleigh,North Carolina,United States,Upper-Middle,Consumer,2020-02-19,1,95.01,105.23,228,1
CUST04907,Olivia,Carter,Female,36,olivia.carter4907@example.com,Tucson,Arizona,United States,Upper-Middle,Corporate,2023-07-21,3,1978.95,2260.57,360,1
CUST04908,Lisa,White,Other,39,lisa.white4908@example.com,New York City,New York,United States,Middle,Small Business,2022-03-28,2,561.54,586.41,1230,1
CUST04909,Carolyn,Williams,Female,36,carolyn.williams4909@example.com,Columbus,Ohio,United States,Upper-Middle,Consumer,2025-04-07,1,10.3,11.59,213,1
CUST04910,Rachel,Kim,Female,51,rachel.kim4910@example.com,Los Angeles,California,United States,Middle,Consumer,2022-12-01,1,236.44,271.66,989,1
CUST04911,Linda,Clark,Female,25,linda.clark4911@example.com,Grand Rapids,Michigan,United States,Lower-Middle,Consumer,2024-10-01,4,1873.33,2110.12,195,1
CUST04912,Sharon,Muller,Male,56,sharon.muller4912@example.com,Jersey City,New Jersey,United States,Middle,Corporate,2025-04-17,3,4126.81,4174.71,31,0
CUST04913,Emma,Harris,Other,51,emma.harris4913@example.com,Spokane,Washington,United States,Upper-Middle,Corporate,2024-11-26,6,6774.41,7629.81,46,0
CUST04914,Benjamin,Martinez,Male,43,benjamin.martinez4914@example.com,Chandler,Arizona,United States,Middle,Consumer,2023-10-24,1,353.5,368.43,972,1
CUST04915,Samuel,Jackson,Female,45,samuel.jackson4915@example.com,Houston,Texas,United States,Lower-Middle,Consumer,2025-12-10,3,8174.38,8254.02,87,0
CUST04916,Christopher,Thompson,Male,51,christopher.thompson4916@example.com,Paterson,New Jersey,United States,Upper-Middle,Home Office,2019-07-22,3,3624.3,3759.05,1145,1
CUST04917,Thomas,Jackson,Other,27,thomas.jackson4917@example.com,Raleigh,North Carolina,United States,Middle,Corporate,2023-11-17,3,1700.33,1731.21,40,0
CUST04918,Lisa,Zhang,Female,18,lisa.zhang4918@example.com,Boston,Massachusetts,United States,Lower-Middle,Corporate,2020-01-07,5,3632.69,4140.97,210,1
CUST04919,Angela,Pereira,Male,29,angela.pereira4919@example.com,Greensboro,North Carolina,United States,Upper-Middle,Small Business,2025-12-28,4,5294.62,5463.21,152,0
CUST04920,Linda,Patel,Male,54,linda.patel4920@example.com,Orlando,Florida,United States,Middle,Consumer,2025-09-17,3,2274.95,2467.21,110,0
CUST04921,Janet,Brown,Female,49,janet.brown4921@example.com,Dallas,Texas,United States,High,Corporate,2026-01-28,3,437.61,494.42,31,0
CUST04922,Chen,Nguyen,Other,36,chen.nguyen4922@example.com,Peoria,Illinois,United States,Middle,Consumer,2022-06-10,1,710.73,750.97,534,1
CUST04923,Dorothy,Moore,Female,44,dorothy.moore4923@example.com,Mesa,Arizona,United States,Middle,Home Office,2019-06-29,4,4582.7300000000005,5056.1,228,1
CUST04924,Rebecca,Williams,Female,26,rebecca.williams4924@example.com,Bellevue,Washington,United States,Middle,Corporate,2020-02-21,5,2587.36,2764.57,327,1
CUST04925,Steven,Baker,Female,31,steven.baker4925@example.com,Rochester,New York,United States,Lower-Middle,Corporate,2025-07-14,1,1838.09,1938.39,194,1
CUST04926,Janet,Allen,Other,32,janet.allen4926@example.com,Athens,Georgia,United States,High,Consumer,2022-10-13,3,4167.33,4567.52,125,0
CUST04927,Jeffrey,Smith,Female,33,jeffrey.smith4927@example.com,Lowell,Massachusetts,United States,Middle,Consumer,2019-07-18,4,7805.89,7846.11,1010,1
CUST04928,Ryan,Miller,Male,50,ryan.miller4928@example.com,Columbus,Ohio,United States,High,Consumer,2025-02-22,1,1631.88,1737.39,64,0
CUST04929,Scott,Zhang,Other,51,scott.zhang4929@example.com,Jersey City,New Jersey,United States,Lower-Middle,Consumer,2026-06-02,4,4927.57,4989.2,2,0
CUST04930,Linda,Moore,Female,24,linda.moore4930@example.com,Raleigh,North Carolina,United States,Middle,Consumer,2024-04-16,1,2516.85,2765.84,312,1
CUST04931,Rachel,Carter,Female,34,rachel.carter4931@example.com,Chicago,Illinois,United States,Low,Consumer,2021-02-17,5,12584.279999999999,14149.81,437,1
CUST04932,Aditya,Ivanov,Female,41,aditya.ivanov4932@example.com,Fort Worth,Texas,United States,Low,Consumer,2023-04-09,4,1671.05,1784.52,400,1
CUST04933,Raymond,Sharma,Male,23,raymond.sharma4933@example.com,Winston-Salem,North Carolina,United States,Upper-Middle,Consumer,2019-11-21,1,1174.75,1263.99,186,1
CUST04934,Isha,Patel,Female,56,isha.patel4934@example.com,Cincinnati,Ohio,United States,High,Corporate,2026-06-07,3,5822.55,6426.32,10,0
CUST04935,Melissa,Rodriguez,Other,53,melissa.rodriguez4935@example.com,Albany,New York,United States,Middle,Home Office,2024-01-16,5,5536.26,5908.22,46,0
CUST04936,Ming,Thompson,Male,37,ming.thompson4936@example.com,Springfield,Massachusetts,United States,Middle,Consumer,2026-06-12,3,1099.43,1121.84,16,0
CUST04937,Melissa,Wright,Male,33,melissa.wright4937@example.com,San Antonio,Texas,United States,Low,Corporate,2024-02-02,2,3880.03,4274.61,437,1
CUST04938,Christine,King,Other,18,christine.king4938@example.com,Charlotte,North Carolina,United States,Middle,Small Business,2021-11-20,4,6656.85,7469.21,213,1
CUST04939,Jessica,Muller,Other,36,jessica.muller4939@example.com,San Jose,California,United States,Middle,Consumer,2020-11-27,4,2904.4,3008.57,246,1
CUST04940,Hiroshi,Wilson,Male,51,hiroshi.wilson4940@example.com,Pittsburgh,Pennsylvania,United States,Middle,Corporate,2024-05-14,0,0.0,0.0,9999,1
CUST04941,Heather,Davis,Male,37,heather.davis4941@example.com,Augusta,Georgia,United States,Lower-Middle,Consumer,2025-05-07,2,1824.73,1904.91,167,0
CUST04942,Emma,Mitchell,Other,41,emma.mitchell4942@example.com,Scottsdale,Arizona,United States,Middle,Corporate,2024-11-30,2,371.27,426.46,359,1
CUST04943,Rachel,Nguyen,Other,52,rachel.nguyen4943@example.com,Columbus,Ohio,United States,Low,Small Business,2026-03-13,5,4523.02,5037.5,9,0
CUST04944,Barbara,Jones,Male,24,barbara.jones4944@example.com,Elizabeth,New Jersey,United States,Low,Consumer,2021-06-21,3,1270.15,1280.26,108,0
CUST04945,Rahul,Wilson,Other,27,rahul.wilson4945@example.com,Macon,Georgia,United States,Middle,Corporate,2021-09-24,6,7873.85,8975.9,34,0
CUST04946,Mary,Mitchell,Female,50,mary.mitchell4946@example.com,San Francisco,California,United States,Middle,Corporate,2024-01-20,3,2587.2799999999997,2881.33,184,1
CUST04947,Christopher,Robinson,Male,49,christopher.robinson4947@example.com,Chandler,Arizona,United States,Low,Consumer,2021-11-28,1,698.29,780.53,839,1
CUST04948,Carolyn,Thompson,Female,45,carolyn.thompson4948@example.com,Lansing,Michigan,United States,High,Home Office,2021-12-28,2,1548.92,1630.52,149,0
CUST04949,Amy,Wright,Other,46,amy.wright4949@example.com,Bellevue,Washington,United States,Middle,Corporate,2021-03-12,4,7244.65,7773.95,144,0
CUST04950,Camila,Nelson,Other,50,camila.nelson4950@example.com,Spokane,Washington,United States,Middle,Corporate,2024-11-25,2,1617.22,1631.04,5,0
CUST04951,Dennis,Wang,Female,47,dennis.wang4951@example.com,Mesa,Arizona,United States,Upper-Middle,Consumer,2023-06-27,8,16884.19,18478.08,39,0
CUST04952,Karen,Roberts,Other,28,karen.roberts4952@example.com,Everett,Washington,United States,Lower-Middle,Corporate,2021-03-05,3,6006.4400000000005,6652.3,824,1
CUST04953,Linda,Torres,Female,41,linda.torres4953@example.com,San Antonio,Texas,United States,Lower-Middle,Home Office,2020-04-14,7,17995.3,19590.43,910,1
CUST04954,Betty,Chen,Prefer not to say,18,betty.chen4954@example.com,Chicago,Illinois,United States,High,Home Office,2023-05-06,4,6202.57,6997.36,78,0
CUST04955,Karan,Campbell,Male,48,karan.campbell4955@example.com,Dallas,Texas,United States,Middle,Home Office,2023-01-07,1,448.54,509.69,101,0
CUST04956,Christine,Robinson,Female,33,christine.robinson4956@example.com,Fort Collins,Colorado,United States,Upper-Middle,Consumer,2021-09-10,1,710.58,752.22,56,0
CUST04957,Larry,Wang,Male,26,larry.wang4957@example.com,Akron,Ohio,United States,Upper-Middle,Small Business,2026-02-18,2,3611.67,3874.02,141,0
CUST04958,Joyce,Smith,Female,56,joyce.smith4958@example.com,Boulder,Colorado,United States,Lower-Middle,Home Office,2020-12-26,4,6664.32,7396.11,533,1
CUST04959,Ananya,Zhang,Other,38,ananya.zhang4959@example.com,Rockford,Illinois,United States,Low,Consumer,2019-08-20,4,2858.94,3040.29,1005,1
CUST04960,Joshua,Sharma,Male,29,joshua.sharma4960@example.com,Winston-Salem,North Carolina,United States,Lower-Middle,Corporate,2020-12-17,4,3778.7200000000003,3794.97,1301,1
CUST04961,Robert,Silva,Female,36,robert.silva4961@example.com,San Francisco,California,United States,Middle,Consumer,2026-06-21,1,386.86,403.36,17,0
CUST04962,Diane,Garcia,Female,63,diane.garcia4962@example.com,Tacoma,Washington,United States,Lower-Middle,Consumer,2019-11-09,4,1505.8500000000001,1573.02,78,0
CUST04963,Olivia,Reddy,Female,32,olivia.reddy4963@example.com,Orlando,Florida,United States,Middle,Consumer,2026-05-14,2,119.83,133.58,58,0
CUST04964,Charles,Chen,Male,27,charles.chen4964@example.com,Chandler,Arizona,United States,Low,Consumer,2025-02-26,2,2336.19,2377.61,119,0
CUST04965,Janet,Davis,Female,27,janet.davis4965@example.com,Elizabeth,New Jersey,United States,Upper-Middle,Home Office,2022-02-03,7,7740.29,8019.48,191,1
CUST04966,Brenda,Allen,Other,59,brenda.allen4966@example.com,Toledo,Ohio,United States,Middle,Corporate,2023-02-24,5,1907.5,1970.01,28,0
CUST04967,Jack,Adams,Male,22,jack.adams4967@example.com,Grand Rapids,Michigan,United States,Low,Consumer,2020-01-22,2,1119.1100000000001,1131.21,288,1
CUST04968,Larry,Kumar,Other,28,larry.kumar4968@example.com,Fort Worth,Texas,United States,Lower-Middle,Home Office,2023-01-10,3,5781.75,5807.06,248,1
CUST04969,Ryan,Sanchez,Other,29,ryan.sanchez4969@example.com,Tacoma,Washington,United States,High,Consumer,2022-12-27,1,2283.99,2594.33,1144,1
CUST04970,Ming,Garcia,Male,29,ming.garcia4970@example.com,Jersey City,New Jersey,United States,Middle,Consumer,2024-06-24,3,1011.4100000000001,1080.43,42,0
CUST04971,Karen,Hall,Other,52,karen.hall4971@example.com,Lansing,Michigan,United States,High,Consumer,2026-05-29,0,0.0,0.0,9999,1
CUST04972,Karan,Nelson,Male,40,karan.nelson4972@example.com,Rockford,Illinois,United States,Upper-Middle,Consumer,2025-08-13,1,158.76,167.59,123,0
CUST04973,Yuki,Rossi,Male,47,yuki.rossi4973@example.com,Elizabeth,New Jersey,United States,Upper-Middle,Consumer,2025-10-30,2,646.4100000000001,714.81,27,0
CUST04974,William,Torres,Other,47,william.torres4974@example.com,Augusta,Georgia,United States,Upper-Middle,Consumer,2026-02-19,3,2472.4500000000003,2509.4,112,0
CUST04975,Michelle,Roberts,Male,48,michelle.roberts4975@example.com,San Diego,California,United States,Middle,Small Business,2021-04-27,5,3349.66,3433.39,635,1
CUST04976,Susan,Rossi,Female,22,susan.rossi4976@example.com,Chandler,Arizona,United States,Middle,Small Business,2020-04-23,7,12555.55,13332.53,234,1
CUST04977,Ming,White,Female,42,ming.white4977@example.com,Austin,Texas,United States,Low,Consumer,2023-01-13,4,2040.01,2273.56,61,0
CUST04978,Carol,Souza,Female,44,carol.souza4978@example.com,San Diego,California,United States,Upper-Middle,Corporate,2025-07-04,1,745.56,810.4,223,1
CUST04979,Hiroshi,White,Female,43,hiroshi.white4979@example.com,Toledo,Ohio,United States,Middle,Consumer,2025-08-22,5,5982.7,6559.77,40,0
CUST04980,Samuel,Zhang,Other,48,samuel.zhang4980@example.com,Flint,Michigan,United States,Middle,Consumer,2023-07-11,3,4883.49,4971.73,142,0
CUST04981,Donna,Scott,Female,42,donna.scott4981@example.com,Reading,Pennsylvania,United States,Upper-Middle,Home Office,2020-04-03,8,9329.67,9808.13,73,0
CUST04982,William,Walker,Male,40,william.walker4982@example.com,Chicago,Illinois,United States,High,Small Business,2019-10-03,3,6646.73,6889.43,1701,1
CUST04983,Sarah,Ramirez,Other,23,sarah.ramirez4983@example.com,Columbus,Ohio,United States,Lower-Middle,Corporate,2024-01-03,6,9455.08,9856.61,256,1
CUST04984,Lisa,Zhang,Other,53,lisa.zhang4984@example.com,Philadelphia,Pennsylvania,United States,Middle,Consumer,2021-05-03,2,541.9200000000001,581.34,26,0
CUST04985,Hiroshi,Young,Male,24,hiroshi.young4985@example.com,Winston-Salem,North Carolina,United States,Lower-Middle,Home Office,2024-12-03,3,5027.54,5563.48,69,0
CUST04986,Isha,Andrade,Female,37,isha.andrade4986@example.com,Naperville,Illinois,United States,Middle,Consumer,2019-12-15,1,537.49,567.39,371,1
CUST04987,Victoria,Hall,Male,44,victoria.hall4987@example.com,Columbus,Ohio,United States,High,Consumer,2019-10-20,1,1316.49,1391.23,983,1
CUST04988,Arjun,Patel,Other,57,arjun.patel4988@example.com,Buffalo,New York,United States,High,Home Office,2023-12-21,4,899.9000000000001,907.66,201,1
CUST04989,Linda,Kim,Female,37,linda.kim4989@example.com,Sacramento,California,United States,Middle,Consumer,2019-08-03,2,1896.1599999999999,2081.81,124,0
CUST04990,Aditya,Green,Female,19,aditya.green4990@example.com,Miami,Florida,United States,Low,Corporate,2022-11-24,5,7645.8099999999995,8129.83,224,1
CUST04991,Laura,Hill,Prefer not to say,31,laura.hill4991@example.com,Orlando,Florida,United States,Low,Home Office,2025-01-18,5,3712.5099999999998,4157.65,87,0
CUST04992,Carolyn,Thompson,Male,27,carolyn.thompson4992@example.com,Cambridge,Massachusetts,United States,Middle,Corporate,2022-11-26,3,990.51,1054.64,169,0
CUST04993,Christopher,Torres,Female,31,christopher.torres4993@example.com,Peoria,Illinois,United States,Middle,Home Office,2023-03-05,1,208.4,208.74,1068,1
CUST04994,Arjun,Wilson,Male,38,arjun.wilson4994@example.com,New York City,New York,United States,Middle,Consumer,2024-05-03,3,3516.71,3862.75,41,0
CUST04995,Jonathan,White,Other,45,jonathan.white4995@example.com,Greensboro,North Carolina,United States,Upper-Middle,Consumer,2022-09-17,3,409.45,465.05,32,0
CUST04996,Ronald,Singh,Other,26,ronald.singh4996@example.com,Austin,Texas,United States,Upper-Middle,Consumer,2024-01-27,1,4757.3,5255.88,283,1
CUST04997,Aditya,Silva,Female,41,aditya.silva4997@example.com,Reading,Pennsylvania,United States,Middle,Consumer,2022-08-22,3,4164.849999999999,4542.16,462,1
CUST04998,Dorothy,Nguyen,Male,46,dorothy.nguyen4998@example.com,Fort Worth,Texas,United States,Lower-Middle,Home Office,2024-02-25,5,3856.81,3865.62,375,1
CUST04999,Alexander,Costa,Male,18,alexander.costa4999@example.com,Rochester,New York,United States,Low,Consumer,2022-10-18,1,873.67,891.42,657,1
CUST05000,Catherine,Costa,Female,26,catherine.costa5000@example.com,Chandler,Arizona,United States,Middle,Consumer,2025-09-27,3,4443.4,4709.24,139,0
CUST05001,Mateo,Green,Female,50,mateo.green5001@example.com,Boulder,Colorado,United States,Middle,Small Business,2026-01-16,0,0.0,0.0,9999,1
CUST05002,Scott,Andrade,Male,28,scott.andrade5002@example.com,Springfield,Massachusetts,United States,Middle,Home Office,2023-08-11,1,2606.38,2627.06,736,1
CUST05003,Janet,Souza,Male,63,janet.souza5003@example.com,Peoria,Illinois,United States,Lower-Middle,Consumer,2022-04-22,4,8004.329999999999,9026.04,46,0
CUST05004,David,Lewis,Other,38,david.lewis5004@example.com,Colorado Springs,Colorado,United States,Middle,Home Office,2020-03-12,2,2117.8,2317.68,413,1
CUST05005,Ryan,Lopez,Male,41,ryan.lopez5005@example.com,Worcester,Massachusetts,United States,Upper-Middle,Small Business,2024-09-21,1,180.62,202.16,336,1
CUST05006,Anthony,Reddy,Female,39,anthony.reddy5006@example.com,Akron,Ohio,United States,High,Consumer,2025-12-22,4,7411.97,8457.11,45,0
CUST05007,Jeffrey,Rossi,Male,18,jeffrey.rossi5007@example.com,Greensboro,North Carolina,United States,Middle,Consumer,2023-08-06,5,6122.379999999999,6755.57,4,0
CUST05008,Catherine,Baker,Male,55,catherine.baker5008@example.com,Albany,New York,United States,Middle,Corporate,2022-02-13,2,6546.17,7201.46,227,1
CUST05009,Patricia,Young,Other,18,patricia.young5009@example.com,New York City,New York,United States,High,Consumer,2026-02-03,0,0.0,0.0,9999,1
CUST05010,Stephen,Lewis,Female,36,stephen.lewis5010@example.com,Aurora,Colorado,United States,High,Small Business,2020-09-21,6,8285.59,9027.36,617,1
CUST05011,James,Kumar,Male,32,james.kumar5011@example.com,Syracuse,New York,United States,Upper-Middle,Consumer,2022-03-11,3,6856.360000000001,6991.12,127,0
CUST05012,Benjamin,Hall,Female,28,benjamin.hall5012@example.com,Aurora,Colorado,United States,Lower-Middle,Home Office,2022-10-26,2,1375.97,1396.71,935,1
CUST05013,Daniel,Harris,Female,29,daniel.harris5013@example.com,Spokane,Washington,United States,Middle,Corporate,2024-11-26,4,2797.74,3183.58,25,0
CUST05014,Robert,Davis,Male,29,robert.davis5014@example.com,Naperville,Illinois,United States,Lower-Middle,Consumer,2024-12-18,1,30.53,32.83,183,1
CUST05015,Samantha,Muller,Male,25,samantha.muller5015@example.com,Miami,Florida,United States,Upper-Middle,Consumer,2026-05-31,2,458.65999999999997,484.92,24,0
CUST05016,Benjamin,Taylor,Prefer not to say,62,benjamin.taylor5016@example.com,Syracuse,New York,United States,Lower-Middle,Small Business,2023-08-27,5,8239.59,8662.15,20,0
CUST05017,Laura,Williams,Female,60,laura.williams5017@example.com,Springfield,Illinois,United States,Low,Corporate,2023-12-09,2,855.41,933.58,637,1
CUST05018,Karen,Nelson,Female,39,karen.nelson5018@example.com,Allentown,Pennsylvania,United States,High,Consumer,2024-07-25,1,50.25,52.39,694,1
CUST05019,Heather,Lewis,Female,48,heather.lewis5019@example.com,Lansing,Michigan,United States,Middle,Consumer,2023-04-10,4,4284.98,4860.35,265,1
CUST05020,Susan,Singh,Other,29,susan.singh5020@example.com,Macon,Georgia,United States,Upper-Middle,Consumer,2026-01-18,2,3899.83,4227.52,94,0
CUST05021,Victoria,Singh,Female,62,victoria.singh5021@example.com,Tacoma,Washington,United States,Upper-Middle,Consumer,2024-05-27,2,1009.27,1155.8,53,0
CUST05022,Eric,Sharma,Female,31,eric.sharma5022@example.com,Aurora,Colorado,United States,Middle,Consumer,2019-09-14,2,1556.87,1566.59,1906,1
CUST05023,Emily,Silva,Other,33,emily.silva5023@example.com,Tacoma,Washington,United States,Middle,Consumer,2021-06-02,4,4381.17,4801.35,487,1
CUST05024,Sandra,Clark,Other,37,sandra.clark5024@example.com,Buffalo,New York,United States,Upper-Middle,Small Business,2025-11-19,1,182.88,207.38,93,0
CUST05025,Christopher,Torres,Female,38,christopher.torres5025@example.com,Winston-Salem,North Carolina,United States,Middle,Consumer,2023-04-28,3,5461.58,6048.75,542,1
CUST05026,Janet,Chen,Other,43,janet.chen5026@example.com,Los Angeles,California,United States,Upper-Middle,Home Office,2025-12-18,2,624.31,644.18,52,0
CUST05027,Donald,King,Other,20,donald.king5027@example.com,Reading,Pennsylvania,United States,Middle,Consumer,2025-11-30,6,10850.720000000001,11604.24,97,0
CUST05028,Christopher,Singh,Female,47,christopher.singh5028@example.com,Chicago,Illinois,United States,Middle,Corporate,2026-03-05,3,2061.41,2088.97,88,0
CUST05029,Katherine,Adams,Male,20,katherine.adams5029@example.com,Miami,Florida,United States,Lower-Middle,Corporate,2021-12-02,4,10393.72,11645.81,22,0
CUST05030,Mark,Young,Male,35,mark.young5030@example.com,Flint,Michigan,United States,Middle,Consumer,2021-09-22,4,2814.07,3103.47,452,1
CUST05031,Shirley,Ivanov,Male,33,shirley.ivanov5031@example.com,San Antonio,Texas,United States,Middle,Consumer,2019-09-25,4,8656.34,9371.04,705,1
CUST05032,Jason,Miller,Male,34,jason.miller5032@example.com,Reading,Pennsylvania,United States,Low,Corporate,2023-05-29,4,5880.45,5969.76,357,1
CUST05033,Joseph,Campbell,Male,53,joseph.campbell5033@example.com,Colorado Springs,Colorado,United States,Middle,Home Office,2021-04-29,5,7154.030000000001,7443.96,454,1
CUST05034,Margaret,Adams,Male,18,margaret.adams5034@example.com,Toledo,Ohio,United States,Lower-Middle,Corporate,2020-03-11,3,536.61,554.55,943,1
CUST05035,Angela,Perez,Male,18,angela.perez5035@example.com,Greensboro,North Carolina,United States,High,Small Business,2023-07-13,2,1937.5,2149.91,846,1
CUST05036,George,Reddy,Female,51,george.reddy5036@example.com,Everett,Washington,United States,Middle,Small Business,2019-12-15,3,3988.17,4024.61,408,1
CUST05037,Gregory,Nguyen,Female,25,gregory.nguyen5037@example.com,Erie,Pennsylvania,United States,Middle,Corporate,2020-02-25,4,5580.7300000000005,5840.27,521,1
CUST05038,Melissa,Mitchell,Female,26,melissa.mitchell5038@example.com,San Diego,California,United States,Upper-Middle,Consumer,2019-11-10,0,0.0,0.0,9999,1
CUST05039,Debra,Roberts,Other,20,debra.roberts5039@example.com,Syracuse,New York,United States,Middle,Consumer,2024-12-18,3,2955.12,2966.68,53,0
CUST05040,Joshua,Silva,Male,53,joshua.silva5040@example.com,Allentown,Pennsylvania,United States,Middle,Corporate,2026-05-19,3,2608.52,2790.6,21,0
CUST05041,Diego,Lee,Male,21,diego.lee5041@example.com,Mesa,Arizona,United States,Upper-Middle,Corporate,2021-10-30,3,2731.7599999999998,3119.72,1513,1
CUST05042,George,Jackson,Female,44,george.jackson5042@example.com,Boston,Massachusetts,United States,Upper-Middle,Home Office,2025-08-25,2,10967.68,12004.6,62,0
CUST05043,Rachel,Kowalski,Female,38,rachel.kowalski5043@example.com,New York City,New York,United States,Middle,Consumer,2026-06-15,5,2514.1,2836.91,11,0
CUST05044,William,White,Female,60,william.white5044@example.com,Austin,Texas,United States,Middle,Corporate,2025-03-19,3,1006.06,1114.22,385,1
CUST05045,Kenneth,Martin,Male,28,kenneth.martin5045@example.com,San Francisco,California,United States,Upper-Middle,Corporate,2024-04-02,3,12737.64,14081.79,153,0
CUST05046,Amy,Roberts,Female,39,amy.roberts5046@example.com,Lowell,Massachusetts,United States,Middle,Consumer,2021-01-12,6,5039.7,5550.85,131,0
CUST05047,Jack,Jackson,Male,21,jack.jackson5047@example.com,Chicago,Illinois,United States,Upper-Middle,Consumer,2022-06-29,3,7567.24,8618.31,13,0
CUST05048,Meera,Walker,Male,48,meera.walker5048@example.com,New York City,New York,United States,Upper-Middle,Consumer,2024-03-03,4,5185.379999999999,5368.25,77,0
CUST05049,Andrew,Johnson,Other,26,andrew.johnson5049@example.com,Tucson,Arizona,United States,Lower-Middle,Home Office,2025-10-18,6,6953.45,7128.97,36,0
CUST05050,Sandra,Nguyen,Other,40,sandra.nguyen5050@example.com,Seattle,Washington,United States,Lower-Middle,Consumer,2023-04-09,6,4014.2,4284.37,183,1
CUST05051,Raymond,Lopez,Male,43,raymond.lopez5051@example.com,Boulder,Colorado,United States,Middle,Home Office,2020-06-17,3,238.55,241.04,550,1
CUST05052,Nancy,Rivera,Female,54,nancy.rivera5052@example.com,Macon,Georgia,United States,Middle,Consumer,2020-01-18,1,1787.14,1878.71,794,1
CUST05053,Patricia,Torres,Other,50,patricia.torres5053@example.com,Paterson,New Jersey,United States,High,Consumer,2020-07-11,11,21834.43,24153.71,95,0
CUST05054,Arjun,Walker,Female,29,arjun.walker5054@example.com,Jersey City,New Jersey,United States,Lower-Middle,Consumer,2022-08-04,4,3055.52,3186.38,210,1
CUST05055,Emma,Lopez,Male,28,emma.lopez5055@example.com,Boston,Massachusetts,United States,Upper-Middle,Corporate,2022-11-10,5,4508.08,4601.67,68,0
CUST05056,Jack,Robinson,Other,27,jack.robinson5056@example.com,Rockford,Illinois,United States,Middle,Consumer,2026-03-05,5,2436.83,2659.37,45,0
CUST05057,Betty,Reddy,Female,28,betty.reddy5057@example.com,Tucson,Arizona,United States,Middle,Consumer,2020-03-28,5,3786.92,4112.46,153,0
CUST05058,Lisa,Ivanov,Male,39,lisa.ivanov5058@example.com,Tampa,Florida,United States,Lower-Middle,Consumer,2020-01-18,2,4155.32,4544.28,13,0
CUST05059,Patricia,Perez,Other,31,patricia.perez5059@example.com,Detroit,Michigan,United States,Upper-Middle,Consumer,2023-09-18,4,7933.41,8725.86,93,0
CUST05060,Mark,Garcia,Other,42,mark.garcia5060@example.com,Austin,Texas,United States,Upper-Middle,Corporate,2023-03-15,5,6509.66,7406.37,39,0
CUST05061,Christopher,Andrade,Other,18,christopher.andrade5061@example.com,Detroit,Michigan,United States,Middle,Consumer,2024-02-16,1,847.38,853.86,231,1
CUST05062,William,Carter,Female,19,william.carter5062@example.com,Bellevue,Washington,United States,Upper-Middle,Consumer,2019-10-20,2,100.44,111.75,1820,1
CUST05063,Joseph,Wilson,Other,34,joseph.wilson5063@example.com,Everett,Washington,United States,Low,Consumer,2020-06-23,4,4046.7499999999995,4643.25,11,0
CUST05064,Gregory,Ramirez,Female,25,gregory.ramirez5064@example.com,Tampa,Florida,United States,High,Corporate,2020-12-08,3,2545.2799999999997,2701.75,805,1
CUST05065,Frank,Clark,Male,27,frank.clark5065@example.com,San Antonio,Texas,United States,Lower-Middle,Consumer,2023-09-23,1,2096.93,2143.01,447,1
CUST05066,Aditya,Patel,Female,28,aditya.patel5066@example.com,Atlanta,Georgia,United States,High,Corporate,2024-04-29,1,1875.36,1980.92,419,1
CUST05067,Frank,Rodriguez,Male,45,frank.rodriguez5067@example.com,Paterson,New Jersey,United States,Low,Corporate,2026-03-18,4,2632.7,2731.38,32,0
CUST05068,Janet,Lopez,Other,18,janet.lopez5068@example.com,Detroit,Michigan,United States,Upper-Middle,Consumer,2026-05-25,5,5588.87,5879.34,1,0
CUST05069,Robert,Adams,Male,28,robert.adams5069@example.com,Denver,Colorado,United States,Lower-Middle,Consumer,2020-12-10,2,2909.17,3314.64,389,1
CUST05070,Christopher,Williams,Female,48,christopher.williams5070@example.com,Worcester,Massachusetts,United States,High,Consumer,2022-01-10,2,483.70000000000005,530.72,865,1
CUST05071,Melissa,Reddy,Male,42,melissa.reddy5071@example.com,Sacramento,California,United States,Lower-Middle,Consumer,2025-10-31,3,2132.52,2313.57,9,0
CUST05072,Joyce,Sharma,Other,50,joyce.sharma5072@example.com,Philadelphia,Pennsylvania,United States,Middle,Consumer,2020-03-05,2,3478.7,3583.31,686,1
CUST05073,Maria,Martin,Male,40,maria.martin5073@example.com,Erie,Pennsylvania,United States,Lower-Middle,Home Office,2022-08-20,7,12149.63,13398.43,198,1
CUST05074,Julie,Clark,Male,34,julie.clark5074@example.com,San Antonio,Texas,United States,Upper-Middle,Corporate,2022-10-22,1,909.0,1003.14,807,1
CUST05075,Rachel,Kowalski,Male,18,rachel.kowalski5075@example.com,Phoenix,Arizona,United States,Middle,Home Office,2019-09-07,5,4811.5,5131.55,13,0
CUST05076,Dennis,Davis,Male,32,dennis.davis5076@example.com,Erie,Pennsylvania,United States,High,Home Office,2020-03-05,3,2081.09,2276.22,815,1
CUST05077,Larry,Carter,Male,33,larry.carter5077@example.com,Colorado Springs,Colorado,United States,Middle,Home Office,2024-11-01,0,0.0,0.0,9999,1
CUST05078,John,Johnson,Other,25,john.johnson5078@example.com,Reading,Pennsylvania,United States,Lower-Middle,Small Business,2025-01-25,3,5017.13,5139.07,5,0
CUST05079,Aditya,Sharma,Male,29,aditya.sharma5079@example.com,Akron,Ohio,United States,Upper-Middle,Consumer,2022-05-07,2,2260.15,2283.76,379,1
CUST05080,Joyce,Young,Male,39,joyce.young5080@example.com,Jacksonville,Florida,United States,Low,Consumer,2020-12-08,3,9186.939999999999,9394.96,1040,1
CUST05081,Alexander,Green,Male,33,alexander.green5081@example.com,Charlotte,North Carolina,United States,Middle,Home Office,2024-06-10,5,5783.34,5946.35,39,0
CUST05082,William,Scott,Other,27,william.scott5082@example.com,Seattle,Washington,United States,Middle,Consumer,2023-01-30,2,8921.34,10138.5,35,0
CUST05083,Betty,Hill,Female,34,betty.hill5083@example.com,Miami,Florida,United States,Lower-Middle,Consumer,2020-07-27,5,6638.84,7365.14,1024,1
CUST05084,Angela,Nguyen,Other,33,angela.nguyen5084@example.com,Rockford,Illinois,United States,Middle,Consumer,2020-04-09,4,5881.49,6385.33,304,1
CUST05085,Ming,Perez,Female,31,ming.perez5085@example.com,Jacksonville,Florida,United States,Middle,Consumer,2023-10-02,2,2737.01,2874.62,765,1
CUST05086,Larry,Ivanov,Other,40,larry.ivanov5086@example.com,Buffalo,New York,United States,Upper-Middle,Consumer,2024-03-09,1,7251.25,8254.89,10,0
CUST05087,Jonathan,Jackson,Other,18,jonathan.jackson5087@example.com,Tacoma,Washington,United States,High,Corporate,2021-12-23,2,1605.13,1735.91,427,1
CUST05088,Amanda,Green,Male,38,amanda.green5088@example.com,Denver,Colorado,United States,Middle,Consumer,2021-11-14,2,2287.31,2394.12,598,1
CUST05089,Larry,Singh,Prefer not to say,44,larry.singh5089@example.com,Boston,Massachusetts,United States,High,Small Business,2026-02-18,6,14420.95,15781.05,17,0
CUST05090,Anna,Perez,Female,28,anna.perez5090@example.com,Worcester,Massachusetts,United States,Middle,Corporate,2026-02-25,0,0.0,0.0,9999,1
CUST05091,Anthony,Dubois,Other,30,anthony.dubois5091@example.com,Jacksonville,Florida,United States,Upper-Middle,Consumer,2024-06-17,1,75.83,76.47,217,1
CUST05092,Donald,Souza,Female,21,donald.souza5092@example.com,Los Angeles,California,United States,Middle,Consumer,2025-10-15,2,1273.47,1443.08,84,0
CUST05093,Jeffrey,Campbell,Female,57,jeffrey.campbell5093@example.com,Durham,North Carolina,United States,Middle,Home Office,2026-03-25,7,3605.38,3759.2,1,0
CUST05094,Anna,Reddy,Other,44,anna.reddy5094@example.com,Scottsdale,Arizona,United States,Lower-Middle,Consumer,2020-04-03,2,4621.95,4987.7,555,1
CUST05095,Angela,Lopez,Female,24,angela.lopez5095@example.com,New York City,New York,United States,Lower-Middle,Consumer,2024-08-22,4,5678.82,6225.03,223,1
CUST05096,Brian,Perez,Female,21,brian.perez5096@example.com,Lansing,Michigan,United States,Middle,Consumer,2023-01-23,4,4219.33,4667.66,117,0
CUST05097,Amanda,Silva,Other,46,amanda.silva5097@example.com,Chicago,Illinois,United States,Lower-Middle,Corporate,2022-03-04,5,7043.87,8026.93,200,1
CUST05098,Paul,Allen,Female,42,paul.allen5098@example.com,Boston,Massachusetts,United States,Middle,Consumer,2023-10-15,5,8057.24,8281.85,338,1
CUST05099,Maria,Flores,Other,45,maria.flores5099@example.com,Tucson,Arizona,United States,Middle,Consumer,2025-03-23,1,1347.63,1424.57,147,0
CUST05100,Rebecca,Souza,Male,35,rebecca.souza5100@example.com,Columbus,Ohio,United States,Lower-Middle,Small Business,2019-08-06,5,10687.01,10833.77,278,1
CUST05101,Aditya,Sanchez,Male,27,aditya.sanchez5101@example.com,Paterson,New Jersey,United States,Low,Corporate,2024-05-09,5,3211.19,3594.67,164,0
CUST05102,Stephanie,Williams,Female,42,stephanie.williams5102@example.com,Springfield,Massachusetts,United States,Lower-Middle,Corporate,2025-07-03,4,2682.23,2818.51,25,0
CUST05103,Edward,Hall,Male,32,edward.hall5103@example.com,Trenton,New Jersey,United States,Upper-Middle,Consumer,2025-04-15,2,694.03,720.87,225,1
CUST05104,Ashley,Carter,Male,33,ashley.carter5104@example.com,Durham,North Carolina,United States,Middle,Consumer,2024-09-20,4,4450.5199999999995,4688.02,269,1
CUST05105,Paul,Brown,Other,29,paul.brown5105@example.com,Tampa,Florida,United States,Lower-Middle,Corporate,2019-07-18,2,2631.43,2794.48,943,1
CUST05106,Emily,Baker,Female,39,emily.baker5106@example.com,Boulder,Colorado,United States,Middle,Home Office,2022-05-20,2,1404.26,1448.35,284,1
CUST05107,Patricia,Johnson,Male,24,patricia.johnson5107@example.com,Miami,Florida,United States,Low,Small Business,2024-07-01,2,2419.33,2535.55,88,0
CUST05108,Rachel,Moore,Male,56,rachel.moore5108@example.com,Albany,New York,United States,High,Small Business,2022-01-23,2,900.64,927.46,1179,1
CUST05109,Edward,Muller,Other,31,edward.muller5109@example.com,Trenton,New Jersey,United States,Lower-Middle,Consumer,2021-12-08,0,0.0,0.0,9999,1
CUST05110,Meera,Chen,Female,18,meera.chen5110@example.com,Tucson,Arizona,United States,Upper-Middle,Consumer,2023-08-05,3,2932.06,3111.5,151,0
CUST05111,Melissa,Davis,Other,23,melissa.davis5111@example.com,Ann Arbor,Michigan,United States,Middle,Consumer,2022-12-28,3,3265.6600000000003,3561.44,305,1
CUST05112,Priya,Harris,Other,18,priya.harris5112@example.com,Chicago,Illinois,United States,Middle,Consumer,2023-03-11,2,853.34,963.58,7,0
CUST05113,Alexander,Campbell,Male,34,alexander.campbell5113@example.com,San Jose,California,United States,Low,Consumer,2023-02-14,2,3799.83,4143.01,933,1
CUST05114,Janet,King,Male,40,janet.king5114@example.com,Denver,Colorado,United States,Lower-Middle,Consumer,2024-01-16,3,3001.26,3318.44,232,1
CUST05115,Steven,Wright,Female,41,steven.wright5115@example.com,Jacksonville,Florida,United States,Low,Corporate,2024-07-05,1,232.99,238.23,19,0
CUST05116,Daniel,Dubois,Female,33,daniel.dubois5116@example.com,Elizabeth,New Jersey,United States,Upper-Middle,Corporate,2022-07-08,6,2652.57,3019.35,248,1
CUST05117,Ming,Thomas,Other,36,ming.thomas5117@example.com,Springfield,Illinois,United States,High,Consumer,2022-11-19,4,1561.8,1754.9,460,1
CUST05118,Christine,Roberts,Female,33,christine.roberts5118@example.com,Akron,Ohio,United States,Lower-Middle,Home Office,2025-05-21,5,2962.2,3345.38,194,1
CUST05119,Diane,Muller,Female,53,diane.muller5119@example.com,Aurora,Colorado,United States,Lower-Middle,Consumer,2023-09-03,3,4501.46,4697.95,10,0
CUST05120,Shirley,Smith,Female,50,shirley.smith5120@example.com,Los Angeles,California,United States,High,Corporate,2023-06-27,1,4424.65,4788.89,1101,1
CUST05121,Yuki,Rodriguez,Male,64,yuki.rodriguez5121@example.com,Bellevue,Washington,United States,Lower-Middle,Consumer,2019-07-13,5,782.84,800.63,944,1
CUST05122,Catherine,Torres,Other,58,catherine.torres5122@example.com,Mesa,Arizona,United States,Lower-Middle,Consumer,2024-01-25,3,1952.47,2202.83,161,0
CUST05123,Jessica,Kumar,Other,32,jessica.kumar5123@example.com,Tucson,Arizona,United States,Lower-Middle,Consumer,2021-08-17,3,5431.49,6224.34,907,1
CUST05124,Emily,Silva,Other,18,emily.silva5124@example.com,Lansing,Michigan,United States,Low,Small Business,2026-05-08,6,12523.92,13697.41,10,0
CUST05125,Meera,Garcia,Female,27,meera.garcia5125@example.com,Los Angeles,California,United States,Low,Corporate,2024-08-04,7,11118.86,11585.55,61,0
CUST05126,Susan,Taylor,Female,20,susan.taylor5126@example.com,Everett,Washington,United States,Middle,Consumer,2024-07-16,2,320.21,346.71,587,1
CUST05127,Stephanie,Martinez,Male,37,stephanie.martinez5127@example.com,Tucson,Arizona,United States,Upper-Middle,Home Office,2023-10-17,1,106.09,113.92,612,1
CUST05128,Tyler,Hill,Male,42,tyler.hill5128@example.com,Durham,North Carolina,United States,Middle,Home Office,2024-06-08,1,1982.84,2099.79,573,1
CUST05129,Daniel,Young,Male,29,daniel.young5129@example.com,Allentown,Pennsylvania,United States,Upper-Middle,Home Office,2026-04-09,2,1621.14,1668.58,35,0
CUST05130,Hiroshi,Pereira,Female,19,hiroshi.pereira5130@example.com,Orlando,Florida,United States,Lower-Middle,Consumer,2024-03-20,3,2004.52,2098.37,391,1
CUST05131,Amy,Rivera,Other,19,amy.rivera5131@example.com,Fort Collins,Colorado,United States,Middle,Small Business,2021-10-18,3,842.6,961.13,394,1
CUST05132,Jessica,Clark,Female,41,jessica.clark5132@example.com,San Francisco,California,United States,Upper-Middle,Consumer,2025-12-28,1,1500.97,1595.52,47,0
CUST05133,Benjamin,Zhang,Male,33,benjamin.zhang5133@example.com,Scottsdale,Arizona,United States,Upper-Middle,Consumer,2025-06-13,2,454.44,467.09,179,0
CUST05134,Stephen,Taylor,Other,54,stephen.taylor5134@example.com,Newark,New Jersey,United States,Upper-Middle,Small Business,2023-10-18,4,6493.460000000001,6988.09,553,1
CUST05135,Robert,Costa,Female,45,robert.costa5135@example.com,Lowell,Massachusetts,United States,Low,Corporate,2024-04-17,4,4529.530000000001,4578.46,262,1
CUST05136,James,Dubois,Male,36,james.dubois5136@example.com,Chandler,Arizona,United States,Lower-Middle,Consumer,2021-03-28,4,2523.52,2675.77,226,1
CUST05137,Elizabeth,Hill,Female,46,elizabeth.hill5137@example.com,Paterson,New Jersey,United States,Lower-Middle,Corporate,2026-03-19,5,11333.64,12490.51,13,0
CUST05138,David,Wilson,Male,40,david.wilson5138@example.com,Flint,Michigan,United States,Low,Corporate,2022-05-02,5,8025.0,8342.66,194,1
CUST05139,George,Hill,Female,20,george.hill5139@example.com,Rochester,New York,United States,Lower-Middle,Corporate,2023-03-05,1,864.83,867.41,369,1
CUST05140,Joyce,Costa,Other,31,joyce.costa5140@example.com,Elizabeth,New Jersey,United States,Upper-Middle,Small Business,2023-01-04,3,115.67999999999999,124.11,922,1
CUST05141,Lisa,Walker,Female,35,lisa.walker5141@example.com,Athens,Georgia,United States,Middle,Home Office,2024-02-23,4,8887.6,9858.23,454,1
CUST05142,Jack,Ivanov,Male,46,jack.ivanov5142@example.com,Atlanta,Georgia,United States,Middle,Corporate,2020-10-24,3,3888.19,4253.37,359,1
CUST05143,Jessica,Jackson,Male,32,jessica.jackson5143@example.com,Pittsburgh,Pennsylvania,United States,Lower-Middle,Consumer,2024-06-26,2,1616.15,1648.38,121,0
CUST05144,Barbara,Brown,Male,32,barbara.brown5144@example.com,Raleigh,North Carolina,United States,Middle,Corporate,2019-08-29,4,8292.33,9338.8,375,1
CUST05145,Samantha,Davis,Other,36,samantha.davis5145@example.com,Lansing,Michigan,United States,Middle,Corporate,2021-06-27,0,0.0,0.0,9999,1
CUST05146,Charles,Pereira,Other,28,charles.pereira5146@example.com,Cincinnati,Ohio,United States,Upper-Middle,Consumer,2024-08-27,3,1671.22,1833.85,246,1
CUST05147,Betty,Campbell,Female,30,betty.campbell5147@example.com,Atlanta,Georgia,United States,Lower-Middle,Home Office,2020-10-13,2,1462.21,1572.11,198,1
CUST05148,Gregory,Andrade,Other,20,gregory.andrade5148@example.com,New York City,New York,United States,Low,Consumer,2024-08-25,0,0.0,0.0,9999,1
CUST05149,Alexander,Muller,Male,39,alexander.muller5149@example.com,San Jose,California,United States,Middle,Home Office,2026-02-05,3,1505.36,1664.21,17,0
CUST05150,Angela,Costa,Other,28,angela.costa5150@example.com,Boston,Massachusetts,United States,Middle,Home Office,2025-02-22,1,2237.67,2495.22,204,1
CUST05151,Rebecca,Reddy,Male,40,rebecca.reddy5151@example.com,Lowell,Massachusetts,United States,Lower-Middle,Consumer,2026-05-17,3,7513.03,8479.98,26,0
CUST05152,Isha,Jones,Male,23,isha.jones5152@example.com,Flint,Michigan,United States,Lower-Middle,Consumer,2025-08-05,0,0.0,0.0,9999,1
CUST05153,Karen,Reddy,Other,43,karen.reddy5153@example.com,Augusta,Georgia,United States,Middle,Consumer,2026-06-24,8,9815.07,9821.51,5,0
CUST05154,Alexander,Thompson,Female,18,alexander.thompson5154@example.com,Lansing,Michigan,United States,Low,Consumer,2021-09-15,0,0.0,0.0,9999,1
CUST05155,Andrew,Wright,Prefer not to say,34,andrew.wright5155@example.com,Springfield,Massachusetts,United States,Middle,Consumer,2024-01-13,2,5724.7699999999995,6466.61,358,1
CUST05156,Jason,Muller,Other,63,jason.muller5156@example.com,Cincinnati,Ohio,United States,Lower-Middle,Home Office,2026-03-10,2,4763.92,5374.58,22,0
CUST05157,Nicholas,Lee,Female,30,nicholas.lee5157@example.com,Charlotte,North Carolina,United States,High,Consumer,2026-02-19,4,9106.54,10464.46,14,0
CUST05158,Jacob,Hall,Male,30,jacob.hall5158@example.com,Los Angeles,California,United States,Lower-Middle,Home Office,2023-10-31,4,4727.57,5094.66,80,0
CUST05159,Julie,Martin,Female,58,julie.martin5159@example.com,San Francisco,California,United States,High,Consumer,2020-11-04,7,12577.16,13162.62,192,1
CUST05160,Mark,Davis,Other,30,mark.davis5160@example.com,Orlando,Florida,United States,Middle,Small Business,2020-02-07,1,271.33,284.77,1311,1
CUST05161,Steven,Hall,Female,27,steven.hall5161@example.com,Rochester,New York,United States,Lower-Middle,Consumer,2023-11-27,1,537.84,537.84,424,1
CUST05162,Li,Jones,Male,49,li.jones5162@example.com,Augusta,Georgia,United States,Upper-Middle,Consumer,2024-04-30,1,27.26,29.49,267,1
CUST05163,Barbara,Reddy,Male,44,barbara.reddy5163@example.com,Durham,North Carolina,United States,Middle,Consumer,2022-06-25,1,383.53,423.89,826,1
CUST05164,Stephanie,Rossi,Prefer not to say,50,stephanie.rossi5164@example.com,Philadelphia,Pennsylvania,United States,Lower-Middle,Corporate,2026-05-20,5,8720.73,9442.94,19,0
CUST05165,Margaret,Rossi,Other,47,margaret.rossi5165@example.com,Lowell,Massachusetts,United States,High,Consumer,2021-05-15,2,1118.51,1179.61,1341,1
CUST05166,Arjun,Rivera,Female,36,arjun.rivera5166@example.com,Colorado Springs,Colorado,United States,Upper-Middle,Home Office,2022-11-21,2,1194.3300000000002,1277.13,1150,1
CUST05167,Katherine,Clark,Female,37,katherine.clark5167@example.com,Orlando,Florida,United States,Middle,Consumer,2026-04-24,5,4419.83,4818.25,17,0
CUST05168,Kimberly,Taylor,Female,66,kimberly.taylor5168@example.com,Syracuse,New York,United States,Middle,Consumer,2025-09-04,4,8453.539999999999,8525.48,65,0
CUST05169,Joyce,Costa,Male,34,joyce.costa5169@example.com,Jacksonville,Florida,United States,Upper-Middle,Home Office,2024-11-23,3,424.01,453.57,222,1
CUST05170,Rahul,Lewis,Male,34,rahul.lewis5170@example.com,Savannah,Georgia,United States,Lower-Middle,Corporate,2024-10-06,5,6626.799999999999,7046.63,133,0
CUST05171,Susan,Jones,Other,49,susan.jones5171@example.com,Orlando,Florida,United States,Middle,Home Office,2020-01-06,2,4932.87,5193.71,649,1
CUST05172,Frank,Miller,Other,35,frank.miller5172@example.com,San Jose,California,United States,Middle,Consumer,2026-01-23,5,2659.73,2970.37,51,0
CUST05173,Anthony,Allen,Male,53,anthony.allen5173@example.com,Newark,New Jersey,United States,Upper-Middle,Consumer,2023-12-09,3,2569.37,2804.14,236,1
CUST05174,Margaret,Harris,Other,40,margaret.harris5174@example.com,Orlando,Florida,United States,Lower-Middle,Corporate,2021-11-26,5,10147.24,11617.86,172,0
CUST05175,Yuki,Silva,Female,43,yuki.silva5175@example.com,Fort Lauderdale,Florida,United States,Middle,Corporate,2022-12-13,4,3243.58,3379.14,468,1
CUST05176,David,Taylor,Other,55,david.taylor5176@example.com,Erie,Pennsylvania,United States,Middle,Consumer,2021-03-14,8,15114.92,15902.14,33,0
CUST05177,Cynthia,Lewis,Other,41,cynthia.lewis5177@example.com,Atlanta,Georgia,United States,Middle,Corporate,2019-12-08,5,7481.1900000000005,8022.24,4,0
CUST05178,Debra,Mitchell,Female,34,debra.mitchell5178@example.com,Boston,Massachusetts,United States,High,Corporate,2021-10-17,6,8890.33,8993.81,359,1
CUST05179,Deborah,Pereira,Female,44,deborah.pereira5179@example.com,Sacramento,California,United States,Middle,Corporate,2023-06-23,6,3558.7,3721.43,271,1
CUST05180,Michelle,Hill,Male,54,michelle.hill5180@example.com,Tucson,Arizona,United States,Middle,Corporate,2025-04-06,3,1454.0,1475.33,266,1
CUST05181,Jonathan,Lewis,Prefer not to say,63,jonathan.lewis5181@example.com,Macon,Georgia,United States,Middle,Consumer,2022-11-04,1,5633.53,5747.45,1153,1
CUST05182,Patricia,Adams,Other,34,patricia.adams5182@example.com,Orlando,Florida,United States,Upper-Middle,Consumer,2020-08-04,1,371.27,408.06,682,1
CUST05183,Scott,Gupta,Female,20,scott.gupta5183@example.com,Winston-Salem,North Carolina,United States,Middle,Consumer,2021-11-30,4,2899.17,3214.88,135,0
CUST05184,Thomas,Andrade,Other,43,thomas.andrade5184@example.com,Raleigh,North Carolina,United States,Upper-Middle,Consumer,2022-10-09,3,6471.58,6534.22,802,1
CUST05185,Scott,Zhang,Female,63,scott.zhang5185@example.com,Flint,Michigan,United States,High,Corporate,2021-11-03,5,2395.71,2451.33,18,0
CUST05186,Anna,Ramirez,Male,32,anna.ramirez5186@example.com,Spokane,Washington,United States,Middle,Consumer,2020-01-07,3,709.75,779.02,31,0
CUST05187,Nancy,Gonzalez,Female,50,nancy.gonzalez5187@example.com,Flint,Michigan,United States,Upper-Middle,Home Office,2022-09-05,2,5856.23,6633.37,389,1
CUST05188,Rebecca,Hall,Male,52,rebecca.hall5188@example.com,Springfield,Massachusetts,United States,Middle,Corporate,2023-05-22,1,4564.93,4639.07,29,0
CUST05189,Thomas,Nelson,Female,23,thomas.nelson5189@example.com,Sacramento,California,United States,Middle,Small Business,2020-12-18,2,284.3,297.88,476,1
CUST05190,Samuel,Andrade,Female,33,samuel.andrade5190@example.com,Columbus,Ohio,United States,Middle,Consumer,2024-08-02,1,199.82,221.37,291,1
CUST05191,Joshua,Ivanov,Male,51,joshua.ivanov5191@example.com,Toledo,Ohio,United States,Upper-Middle,Home Office,2023-11-14,2,3733.8399999999997,4069.55,166,0
CUST05192,Larry,Souza,Male,54,larry.souza5192@example.com,Cleveland,Ohio,United States,Middle,Consumer,2025-12-05,6,9404.89,10001.73,25,0
CUST05193,Christine,Lopez,Male,34,christine.lopez5193@example.com,Newark,New Jersey,United States,Middle,Consumer,2022-07-10,4,2726.21,2885.16,258,1
CUST05194,Charles,Muller,Male,53,charles.muller5194@example.com,Cleveland,Ohio,United States,Lower-Middle,Consumer,2022-01-26,1,2305.51,2403.83,1032,1
CUST05195,Jerry,Patel,Female,38,jerry.patel5195@example.com,Jacksonville,Florida,United States,Lower-Middle,Corporate,2020-11-29,3,774.95,851.14,1208,1
CUST05196,Rebecca,Robinson,Female,29,rebecca.robinson5196@example.com,Flint,Michigan,United States,Middle,Small Business,2022-07-22,2,4523.46,4610.84,203,1
CUST05197,Andrew,Smith,Other,21,andrew.smith5197@example.com,Fort Lauderdale,Florida,United States,Lower-Middle,Home Office,2025-12-31,4,3451.74,3648.51,26,0
CUST05198,Andrew,Singh,Other,29,andrew.singh5198@example.com,Erie,Pennsylvania,United States,Middle,Consumer,2021-10-30,2,683.98,784.41,950,1
CUST05199,Amy,Davis,Male,18,amy.davis5199@example.com,Greensboro,North Carolina,United States,Low,Consumer,2022-01-06,1,1040.25,1048.17,1168,1
CUST05200,Meera,Lopez,Other,59,meera.lopez5200@example.com,San Francisco,California,United States,Upper-Middle,Consumer,2025-01-23,3,3425.32,3562.64,32,0
CUST05201,Anthony,Carter,Prefer not to say,18,anthony.carter5201@example.com,Bellevue,Washington,United States,Lower-Middle,Corporate,2022-07-21,3,2080.47,2391.35,464,1
CUST05202,Nancy,Hall,Other,41,nancy.hall5202@example.com,Scottsdale,Arizona,United States,Upper-Middle,Consumer,2022-04-12,4,1619.89,1792.83,756,1
CUST05203,Maria,White,Female,18,maria.white5203@example.com,Buffalo,New York,United States,High,Consumer,2025-11-03,2,5439.3099999999995,5790.82,151,0
CUST05204,Olivia,Ramirez,Female,32,olivia.ramirez5204@example.com,Detroit,Michigan,United States,Middle,Consumer,2025-09-11,6,4466.91,4786.44,51,0
CUST05205,Richard,Thomas,Male,27,richard.thomas5205@example.com,San Jose,California,United States,Lower-Middle,Consumer,2019-11-21,2,1634.52,1750.98,678,1
CUST05206,Ronald,Williams,Male,38,ronald.williams5206@example.com,Scottsdale,Arizona,United States,High,Corporate,2024-06-04,4,8278.21,8949.47,218,1
CUST05207,Timothy,Flores,Other,36,timothy.flores5207@example.com,Peoria,Illinois,United States,Upper-Middle,Corporate,2022-04-22,5,3035.7000000000003,3356.0,128,0
CUST05208,Margaret,Muller,Other,40,margaret.muller5208@example.com,Durham,North Carolina,United States,Middle,Small Business,2020-09-09,1,1605.39,1607.85,1904,1
CUST05209,Barbara,Rossi,Other,42,barbara.rossi5209@example.com,Columbus,Ohio,United States,Middle,Corporate,2019-11-03,4,3274.67,3468.24,868,1
CUST05210,Gary,Gonzalez,Female,43,gary.gonzalez5210@example.com,Paterson,New Jersey,United States,High,Home Office,2025-03-15,1,618.47,688.2,57,0
CUST05211,Catherine,Campbell,Male,34,catherine.campbell5211@example.com,Everett,Washington,United States,Low,Consumer,2023-03-26,4,5994.38,6513.52,117,0
CUST05212,Angela,Young,Female,22,angela.young5212@example.com,Mesa,Arizona,United States,Middle,Corporate,2025-04-09,3,6372.030000000001,7325.44,20,0
CUST05213,Joshua,Allen,Male,18,joshua.allen5213@example.com,Paterson,New Jersey,United States,Middle,Small Business,2021-03-29,4,1678.93,1724.65,338,1
CUST05214,Jonathan,Chen,Male,38,jonathan.chen5214@example.com,Lowell,Massachusetts,United States,Upper-Middle,Home Office,2020-02-27,4,1651.23,1753.38,72,0
CUST05215,Diego,Adams,Other,25,diego.adams5215@example.com,Syracuse,New York,United States,Low,Consumer,2022-01-28,6,6158.68,7002.46,211,1
CUST05216,Sharon,Hall,Other,41,sharon.hall5216@example.com,Newark,New Jersey,United States,Lower-Middle,Consumer,2020-05-28,2,2950.46,3190.18,750,1
CUST05217,Hiroshi,Hill,Female,30,hiroshi.hill5217@example.com,Scottsdale,Arizona,United States,Low,Consumer,2022-05-11,2,1761.06,1955.24,910,1
CUST05218,Julie,Pereira,Female,49,julie.pereira5218@example.com,Raleigh,North Carolina,United States,Lower-Middle,Home Office,2023-07-15,2,4405.900000000001,4654.79,134,0
CUST05219,Amanda,Garcia,Other,28,amanda.garcia5219@example.com,Lansing,Michigan,United States,Lower-Middle,Consumer,2019-08-25,0,0.0,0.0,9999,1
CUST05220,Jennifer,Sharma,Male,35,jennifer.sharma5220@example.com,Rochester,New York,United States,Lower-Middle,Consumer,2025-11-12,4,3823.12,4197.92,30,0
CUST05221,Aditya,Roberts,Other,25,aditya.roberts5221@example.com,Peoria,Illinois,United States,High,Consumer,2021-11-01,7,7559.25,7786.61,409,1
CUST05222,Camila,Lewis,Female,37,camila.lewis5222@example.com,Springfield,Illinois,United States,Lower-Middle,Consumer,2025-08-18,2,5489.139999999999,5820.84,260,1
CUST05223,Kevin,Thompson,Male,58,kevin.thompson5223@example.com,Dallas,Texas,United States,Middle,Consumer,2023-05-25,1,175.04,179.3,477,1
CUST05224,Neha,Walker,Male,26,neha.walker5224@example.com,Greensboro,North Carolina,United States,Low,Consumer,2023-07-01,3,909.09,961.91,151,0
CUST05225,Anthony,Nelson,Female,18,anthony.nelson5225@example.com,Aurora,Colorado,United States,Middle,Consumer,2024-03-09,5,1597.27,1641.23,130,0
CUST05226,James,Hill,Male,19,james.hill5226@example.com,Detroit,Michigan,United States,Middle,Consumer,2021-03-05,1,2202.11,2296.51,1779,1
CUST05227,Emily,Zhang,Male,27,emily.zhang5227@example.com,Akron,Ohio,United States,Middle,Home Office,2024-10-08,2,6291.22,6601.28,8,0
CUST05228,Jason,Hernandez,Male,40,jason.hernandez5228@example.com,Buffalo,New York,United States,Upper-Middle,Consumer,2024-12-05,2,4613.78,5151.34,359,1
CUST05229,Julie,Walker,Other,33,julie.walker5229@example.com,Chandler,Arizona,United States,Middle,Consumer,2023-05-11,4,2893.46,3221.81,890,1
CUST05230,Brian,Kumar,Other,47,brian.kumar5230@example.com,Chandler,Arizona,United States,High,Consumer,2023-11-16,2,2856.8999999999996,3229.19,170,0
CUST05231,Olivia,Garcia,Male,27,olivia.garcia5231@example.com,San Diego,California,United States,Lower-Middle,Corporate,2020-03-03,2,11053.75,11359.12,498,1
CUST05232,Betty,Ramirez,Other,54,betty.ramirez5232@example.com,Pittsburgh,Pennsylvania,United States,Middle,Corporate,2025-01-18,5,8436.11,8535.76,149,0
CUST05233,Stephanie,Smith,Other,47,stephanie.smith5233@example.com,Dallas,Texas,United States,Lower-Middle,Corporate,2021-04-18,4,10041.07,10525.68,315,1
CUST05234,Joyce,Brown,Female,40,joyce.brown5234@example.com,Syracuse,New York,United States,Upper-Middle,Consumer,2021-03-18,2,711.31,749.78,209,1
CUST05235,Priya,Costa,Male,50,priya.costa5235@example.com,Los Angeles,California,United States,Low,Home Office,2024-10-02,2,10508.89,11849.34,90,0
CUST05236,Ananya,Rivera,Male,38,ananya.rivera5236@example.com,Fort Collins,Colorado,United States,High,Consumer,2019-09-17,2,2935.0,3136.27,1429,1
CUST05237,Melissa,Davis,Other,43,melissa.davis5237@example.com,Columbus,Ohio,United States,Lower-Middle,Corporate,2025-07-30,2,2152.6800000000003,2292.51,9,0
CUST05238,Samantha,Anderson,Other,40,samantha.anderson5238@example.com,Jacksonville,Florida,United States,Upper-Middle,Consumer,2022-03-03,4,4050.78,4549.19,130,0
CUST05239,Ming,Rivera,Other,27,ming.rivera5239@example.com,Philadelphia,Pennsylvania,United States,Low,Home Office,2025-12-18,0,0.0,0.0,9999,1
CUST05240,Ananya,Lewis,Female,35,ananya.lewis5240@example.com,Boulder,Colorado,United States,Middle,Consumer,2024-10-17,3,3525.58,3948.64,75,0
CUST05241,Sharon,Ivanov,Male,40,sharon.ivanov5241@example.com,San Antonio,Texas,United States,Middle,Corporate,2025-01-24,3,6651.18,7056.3,188,1
CUST05242,Christine,Jackson,Other,58,christine.jackson5242@example.com,Grand Rapids,Michigan,United States,Lower-Middle,Home Office,2019-11-13,2,1302.48,1362.88,904,1
CUST05243,Karan,Campbell,Other,63,karan.campbell5243@example.com,Sacramento,California,United States,Lower-Middle,Consumer,2020-01-22,3,2464.33,2695.58,1232,1
CUST05244,Karen,Lewis,Male,44,karen.lewis5244@example.com,Orlando,Florida,United States,Upper-Middle,Consumer,2020-09-03,1,802.38,872.72,1346,1
CUST05245,Amanda,Lee,Other,56,amanda.lee5245@example.com,New York City,New York,United States,Upper-Middle,Home Office,2022-01-06,4,6369.68,7282.28,568,1
CUST05246,Ananya,King,Male,31,ananya.king5246@example.com,Los Angeles,California,United States,Middle,Corporate,2025-11-27,3,1195.11,1310.08,8,0
CUST05247,Camila,Muller,Other,33,camila.muller5247@example.com,Augusta,Georgia,United States,Middle,Consumer,2022-02-08,5,3176.37,3229.87,186,1
CUST05248,Raymond,Wang,Male,45,raymond.wang5248@example.com,Rockford,Illinois,United States,Middle,Consumer,2024-08-07,3,6070.700000000001,6714.78,23,0
CUST05249,Janet,White,Other,55,janet.white5249@example.com,Paterson,New Jersey,United States,Lower-Middle,Consumer,2025-07-16,3,2285.73,2609.27,44,0
CUST05250,Sandra,Davis,Female,21,sandra.davis5250@example.com,Akron,Ohio,United States,High,Consumer,2025-11-16,2,1101.75,1180.26,127,0
CUST05251,Angela,Lopez,Male,67,angela.lopez5251@example.com,New York City,New York,United States,Middle,Consumer,2021-07-06,2,6920.54,7342.88,83,0
CUST05252,Rachel,Rodriguez,Male,28,rachel.rodriguez5252@example.com,Charlotte,North Carolina,United States,Middle,Consumer,2019-07-02,3,3300.22,3560.15,1453,1
CUST05253,Gregory,Robinson,Other,31,gregory.robinson5253@example.com,Boulder,Colorado,United States,High,Consumer,2019-07-20,3,786.83,865.79,77,0
CUST05254,Lisa,Adams,Other,46,lisa.adams5254@example.com,Reading,Pennsylvania,United States,Middle,Consumer,2020-11-02,2,1846.75,2075.49,1148,1
CUST05255,Heather,Moore,Male,42,heather.moore5255@example.com,Sacramento,California,United States,Lower-Middle,Home Office,2023-05-17,3,1314.29,1493.83,493,1
CUST05256,Rahul,Baker,Other,63,rahul.baker5256@example.com,Lansing,Michigan,United States,Middle,Consumer,2026-04-21,2,3637.84,3954.31,46,0
CUST05257,Scott,Wilson,Other,44,scott.wilson5257@example.com,Denver,Colorado,United States,Upper-Middle,Corporate,2025-10-24,5,18431.6,20907.88,59,0
CUST05258,Larry,Patel,Male,35,larry.patel5258@example.com,Boulder,Colorado,United States,High,Consumer,2020-11-27,1,344.19,377.36,485,1
CUST05259,Brian,Lee,Male,25,brian.lee5259@example.com,Houston,Texas,United States,Upper-Middle,Home Office,2024-01-18,2,1408.9299999999998,1568.94,468,1
CUST05260,Priya,Gupta,Male,43,priya.gupta5260@example.com,San Jose,California,United States,Middle,Consumer,2021-03-18,5,6957.790000000001,7411.55,208,1
CUST05261,Susan,Johnson,Other,31,susan.johnson5261@example.com,Naperville,Illinois,United States,Upper-Middle,Consumer,2022-08-01,2,490.62,528.34,409,1
CUST05262,Jennifer,Pereira,Other,30,jennifer.pereira5262@example.com,Phoenix,Arizona,United States,Middle,Small Business,2025-07-05,3,4674.070000000001,5005.27,102,0
CUST05263,Steven,Jones,Male,18,steven.jones5263@example.com,Lowell,Massachusetts,United States,Lower-Middle,Corporate,2023-02-01,1,4250.36,4826.86,742,1
CUST05264,Kimberly,Scott,Male,21,kimberly.scott5264@example.com,Ann Arbor,Michigan,United States,Upper-Middle,Consumer,2023-10-03,4,9176.95,10199.46,286,1
CUST05265,Alexander,Nelson,Male,40,alexander.nelson5265@example.com,Boulder,Colorado,United States,Middle,Consumer,2020-07-27,6,8725.55,9567.05,219,1
CUST05266,Diego,Zhang,Female,53,diego.zhang5266@example.com,Naperville,Illinois,United States,Middle,Corporate,2019-09-05,6,5504.39,5551.2,534,1
CUST05267,Alexander,Pereira,Other,45,alexander.pereira5267@example.com,Trenton,New Jersey,United States,Middle,Consumer,2026-06-20,3,2591.75,2616.17,16,0
CUST05268,Charles,Scott,Male,38,charles.scott5268@example.com,Austin,Texas,United States,Middle,Corporate,2019-07-22,2,1941.03,2039.65,891,1
CUST05269,Donna,Rivera,Female,31,donna.rivera5269@example.com,Athens,Georgia,United States,Lower-Middle,Home Office,2022-10-10,4,2502.37,2832.83,100,0
CUST05270,Carolyn,Souza,Female,44,carolyn.souza5270@example.com,Peoria,Illinois,United States,Upper-Middle,Corporate,2021-02-01,4,1922.26,1937.8,112,0
CUST05271,Ming,Hall,Male,49,ming.hall5271@example.com,Miami,Florida,United States,Middle,Home Office,2020-05-06,4,2656.98,2676.44,243,1
CUST05272,Andrew,Ivanov,Other,40,andrew.ivanov5272@example.com,Syracuse,New York,United States,Middle,Consumer,2022-09-11,4,3023.21,3345.53,176,0
CUST05273,Donna,Carter,Female,46,donna.carter5273@example.com,Elizabeth,New Jersey,United States,Middle,Consumer,2021-05-04,3,7420.71,8231.48,990,1
CUST05274,Victoria,Roberts,Female,36,victoria.roberts5274@example.com,Syracuse,New York,United States,High,Consumer,2024-04-11,3,2677.93,3025.21,28,0
CUST05275,Jerry,Roberts,Other,24,jerry.roberts5275@example.com,Cleveland,Ohio,United States,Middle,Consumer,2026-06-28,2,2500.26,2556.92,3,0
CUST05276,Joyce,Harris,Prefer not to say,52,joyce.harris5276@example.com,Rockford,Illinois,United States,Middle,Consumer,2026-01-18,3,2646.34,2680.57,122,0
CUST05277,Diego,Patel,Other,18,diego.patel5277@example.com,Elizabeth,New Jersey,United States,High,Small Business,2019-06-21,2,2343.12,2402.91,570,1
CUST05278,Carolyn,Kumar,Male,36,carolyn.kumar5278@example.com,Atlanta,Georgia,United States,Middle,Consumer,2022-01-22,4,8295.929999999998,9393.79,129,0
CUST05279,Isha,Ivanov,Other,44,isha.ivanov5279@example.com,Scottsdale,Arizona,United States,Lower-Middle,Consumer,2021-05-04,6,4396.79,4694.76,10,0
CUST05280,Hiroshi,Campbell,Male,36,hiroshi.campbell5280@example.com,Fort Collins,Colorado,United States,Lower-Middle,Corporate,2023-08-11,4,6856.429999999999,7638.83,73,0
CUST05281,Charles,Adams,Male,26,charles.adams5281@example.com,Rochester,New York,United States,High,Consumer,2026-02-23,1,1510.78,1606.15,15,0
CUST05282,Carol,Roberts,Male,40,carol.roberts5282@example.com,Denver,Colorado,United States,Middle,Corporate,2022-07-20,4,3082.63,3513.92,350,1
CUST05283,Anna,Flores,Male,53,anna.flores5283@example.com,Lansing,Michigan,United States,Middle,Consumer,2023-05-17,4,2947.08,3106.75,239,1
CUST05284,Karan,Davis,Male,34,karan.davis5284@example.com,Pittsburgh,Pennsylvania,United States,Middle,Small Business,2024-05-02,1,93.64,99.71,804,1
CUST05285,Hiroshi,Robinson,Male,22,hiroshi.robinson5285@example.com,Pittsburgh,Pennsylvania,United States,Lower-Middle,Consumer,2026-02-15,10,11430.35,12862.86,2,0
CUST05286,Paul,Mitchell,Male,32,paul.mitchell5286@example.com,Paterson,New Jersey,United States,Lower-Middle,Small Business,2023-01-26,4,10828.990000000002,12444.59,106,0
CUST05287,Brandon,Robinson,Male,30,brandon.robinson5287@example.com,Springfield,Illinois,United States,Lower-Middle,Corporate,2026-02-24,3,2474.94,2792.34,117,0
CUST05288,Raymond,Thomas,Male,35,raymond.thomas5288@example.com,San Jose,California,United States,Upper-Middle,Small Business,2025-10-08,2,883.18,994.81,59,0
CUST05289,Samantha,Wright,Other,33,samantha.wright5289@example.com,Trenton,New Jersey,United States,Lower-Middle,Consumer,2021-06-30,8,9844.289999999999,10171.13,19,0
CUST05290,Rahul,Scott,Female,37,rahul.scott5290@example.com,Newark,New Jersey,United States,Upper-Middle,Home Office,2021-09-27,2,2034.33,2045.56,329,1
CUST05291,Brenda,Dubois,Female,38,brenda.dubois5291@example.com,Raleigh,North Carolina,United States,Middle,Home Office,2020-08-07,1,716.29,730.3,920,1
CUST05292,Margaret,Kim,Other,44,margaret.kim5292@example.com,Paterson,New Jersey,United States,Upper-Middle,Consumer,2020-07-26,1,36.18,37.53,461,1
CUST05293,Wei,Hill,Male,31,wei.hill5293@example.com,San Francisco,California,United States,High,Consumer,2023-05-05,1,52.8,57.14,418,1
CUST05294,Eric,Jackson,Male,40,eric.jackson5294@example.com,Miami,Florida,United States,Middle,Small Business,2025-05-25,0,0.0,0.0,9999,1
CUST05295,Aditya,Costa,Male,41,aditya.costa5295@example.com,Fort Worth,Texas,United States,Middle,Small Business,2023-10-25,1,722.84,754.67,565,1
CUST05296,Arjun,Roberts,Male,68,arjun.roberts5296@example.com,Rochester,New York,United States,High,Consumer,2020-03-20,2,365.65,415.39,226,1
CUST05297,Cynthia,Costa,Female,38,cynthia.costa5297@example.com,Lowell,Massachusetts,United States,Upper-Middle,Corporate,2023-01-16,4,3660.67,3779.39,393,1
CUST05298,George,Kowalski,Female,54,george.kowalski5298@example.com,Athens,Georgia,United States,Upper-Middle,Home Office,2020-10-09,4,3091.9,3472.88,614,1
CUST05299,Aditya,Taylor,Other,49,aditya.taylor5299@example.com,Cleveland,Ohio,United States,Lower-Middle,Consumer,2025-05-28,4,7543.0,8175.19,171,0
CUST05300,Brenda,Jackson,Other,41,brenda.jackson5300@example.com,Jacksonville,Florida,United States,Lower-Middle,Consumer,2023-12-23,3,2190.15,2260.28,70,0
CUST05301,Dennis,White,Male,35,dennis.white5301@example.com,Rochester,New York,United States,Lower-Middle,Consumer,2023-01-30,3,559.13,605.39,166,0
CUST05302,Cynthia,Andrade,Male,63,cynthia.andrade5302@example.com,Everett,Washington,United States,Middle,Consumer,2025-01-08,2,2365.63,2637.81,455,1
CUST05303,Ashley,Allen,Male,18,ashley.allen5303@example.com,Allentown,Pennsylvania,United States,Middle,Consumer,2023-01-17,3,1305.82,1490.8,260,1
CUST05304,Nicholas,Muller,Female,41,nicholas.muller5304@example.com,New York City,New York,United States,Middle,Consumer,2023-05-16,3,4593.15,5004.84,3,0
CUST05305,Edward,Carter,Other,56,edward.carter5305@example.com,Phoenix,Arizona,United States,Lower-Middle,Consumer,2023-03-24,3,2527.1099999999997,2545.19,154,0
CUST05306,Gary,Hill,Female,61,gary.hill5306@example.com,Reading,Pennsylvania,United States,Low,Corporate,2024-05-12,3,1943.96,2031.09,232,1
CUST05307,Linda,Muller,Male,37,linda.muller5307@example.com,Pittsburgh,Pennsylvania,United States,Middle,Home Office,2024-02-22,3,2461.8,2799.06,255,1
CUST05308,Raymond,Roberts,Other,58,raymond.roberts5308@example.com,Durham,North Carolina,United States,Lower-Middle,Consumer,2025-09-05,3,2865.7400000000002,3094.8,141,0
CUST05309,Julie,Moore,Male,50,julie.moore5309@example.com,Cleveland,Ohio,United States,Middle,Consumer,2019-11-05,3,5607.28,6229.71,572,1
CUST05310,Isha,Nguyen,Female,19,isha.nguyen5310@example.com,Phoenix,Arizona,United States,Upper-Middle,Consumer,2025-01-14,5,2671.83,2796.0,61,0
CUST05311,James,Thomas,Male,71,james.thomas5311@example.com,Sacramento,California,United States,Lower-Middle,Consumer,2025-11-07,1,2225.9,2498.45,36,0
CUST05312,Charles,Carter,Female,43,charles.carter5312@example.com,Trenton,New Jersey,United States,Upper-Middle,Consumer,2024-07-31,3,2978.6499999999996,3002.96,18,0
CUST05313,Camila,Clark,Other,48,camila.clark5313@example.com,Miami,Florida,United States,Upper-Middle,Home Office,2021-10-15,3,1630.73,1679.91,20,0
CUST05314,Richard,Thomas,Male,52,richard.thomas5314@example.com,Tacoma,Washington,United States,Lower-Middle,Consumer,2025-11-21,2,1171.86,1276.79,100,0
CUST05315,Emily,Wang,Female,37,emily.wang5315@example.com,Syracuse,New York,United States,Upper-Middle,Consumer,2022-04-13,4,7328.17,7468.69,129,0
CUST05316,Barbara,Brown,Other,35,barbara.brown5316@example.com,Boston,Massachusetts,United States,Lower-Middle,Corporate,2025-01-25,1,67.11,68.86,228,1
CUST05317,Mark,Nguyen,Other,23,mark.nguyen5317@example.com,Rockford,Illinois,United States,Middle,Corporate,2019-07-25,4,3753.8199999999997,4008.38,1010,1
CUST05318,Jonathan,Rivera,Other,34,jonathan.rivera5318@example.com,Boulder,Colorado,United States,Middle,Consumer,2023-04-15,1,570.99,587.94,385,1
CUST05319,Eric,Andrade,Female,32,eric.andrade5319@example.com,Charlotte,North Carolina,United States,Middle,Consumer,2025-03-04,3,5500.96,6209.63,182,1
CUST05320,Maria,Taylor,Other,28,maria.taylor5320@example.com,Austin,Texas,United States,Middle,Consumer,2024-10-12,2,256.11,258.28,246,1
CUST05321,Steven,Ramirez,Male,34,steven.ramirez5321@example.com,Athens,Georgia,United States,Middle,Consumer,2023-07-27,5,2992.66,3399.37,380,1
CUST05322,Andrew,Garcia,Male,25,andrew.garcia5322@example.com,Jersey City,New Jersey,United States,Lower-Middle,Consumer,2024-08-05,6,6372.38,7015.89,112,0
CUST05323,Sandra,Adams,Male,22,sandra.adams5323@example.com,Rockford,Illinois,United States,High,Consumer,2026-06-09,5,2757.38,2796.28,3,0
CUST05324,Donna,Wang,Female,64,donna.wang5324@example.com,Miami,Florida,United States,Upper-Middle,Home Office,2025-04-13,2,1491.83,1495.3,301,1
CUST05325,Ming,Andrade,Other,38,ming.andrade5325@example.com,Jacksonville,Florida,United States,Middle,Consumer,2020-03-04,4,3283.51,3626.46,413,1
CUST05326,Heather,Ivanov,Female,41,heather.ivanov5326@example.com,Chicago,Illinois,United States,Low,Consumer,2025-07-09,3,1485.8200000000002,1587.01,142,0
CUST05327,Timothy,Rivera,Male,33,timothy.rivera5327@example.com,Columbus,Ohio,United States,Middle,Consumer,2023-09-07,3,5832.05,6253.59,266,1
CUST05328,Raymond,Moore,Male,32,raymond.moore5328@example.com,Syracuse,New York,United States,Lower-Middle,Small Business,2022-08-14,1,23.21,26.32,1115,1
CUST05329,Victoria,Souza,Other,38,victoria.souza5329@example.com,New York City,New York,United States,Upper-Middle,Consumer,2019-12-27,7,8510.81,9136.08,566,1
CUST05330,Meera,Kowalski,Male,41,meera.kowalski5330@example.com,Akron,Ohio,United States,Middle,Home Office,2026-06-24,1,45.67,49.9,6,0
CUST05331,Jerry,Chen,Female,31,jerry.chen5331@example.com,Albany,New York,United States,Upper-Middle,Consumer,2019-08-08,2,4777.69,5482.51,904,1
CUST05332,Anthony,Sanchez,Female,27,anthony.sanchez5332@example.com,Denver,Colorado,United States,Upper-Middle,Consumer,2024-04-08,3,3545.12,3788.49,68,0
CUST05333,Justin,Reddy,Other,27,justin.reddy5333@example.com,Grand Rapids,Michigan,United States,Upper-Middle,Small Business,2024-05-11,6,10642.12,10654.73,34,0
CUST05334,Stephanie,Sharma,Other,27,stephanie.sharma5334@example.com,San Diego,California,United States,Middle,Consumer,2025-12-29,5,5081.71,5803.74,45,0
CUST05335,Lisa,Sanchez,Male,28,lisa.sanchez5335@example.com,Naperville,Illinois,United States,High,Consumer,2026-06-02,0,0.0,0.0,9999,1
CUST05336,Jack,Scott,Male,28,jack.scott5336@example.com,Flint,Michigan,United States,Lower-Middle,Consumer,2020-10-22,3,8145.37,8735.93,344,1
CUST05337,Michelle,Reddy,Male,43,michelle.reddy5337@example.com,Philadelphia,Pennsylvania,United States,High,Consumer,2020-10-25,1,391.86,448.39,1965,1
CUST05338,Patricia,Roberts,Female,58,patricia.roberts5338@example.com,Tucson,Arizona,United States,Middle,Consumer,2019-10-16,4,5203.6900000000005,5815.32,105,0
CUST05339,Julie,Williams,Other,59,julie.williams5339@example.com,Rockford,Illinois,United States,Upper-Middle,Consumer,2021-10-06,6,4610.34,4696.78,88,0
CUST05340,Edward,Allen,Male,43,edward.allen5340@example.com,Everett,Washington,United States,Low,Consumer,2026-06-13,2,711.7800000000001,727.26,9,0
CUST05341,Carol,Hall,Other,30,carol.hall5341@example.com,Trenton,New Jersey,United States,High,Corporate,2026-01-20,0,0.0,0.0,9999,1
CUST05342,Debra,Mitchell,Male,60,debra.mitchell5342@example.com,Ann Arbor,Michigan,United States,Low,Consumer,2025-09-10,4,3016.03,3149.82,17,0
CUST05343,Larry,Sanchez,Male,56,larry.sanchez5343@example.com,Newark,New Jersey,United States,Upper-Middle,Consumer,2020-01-25,1,93.07,94.09,2379,1
CUST05344,Li,Sharma,Female,29,li.sharma5344@example.com,Reading,Pennsylvania,United States,Lower-Middle,Consumer,2025-12-19,3,3713.66,3933.34,36,0
CUST05345,Jason,Costa,Female,44,jason.costa5345@example.com,Athens,Georgia,United States,Middle,Consumer,2025-02-28,3,9645.27,9873.15,8,0
CUST05346,Victoria,Gupta,Female,52,victoria.gupta5346@example.com,Dallas,Texas,United States,Low,Consumer,2019-07-03,3,1664.1999999999998,1696.43,2002,1
CUST05347,Katherine,Martinez,Male,18,katherine.martinez5347@example.com,Ann Arbor,Michigan,United States,Upper-Middle,Small Business,2021-05-28,1,5067.5,5313.48,1563,1
CUST05348,Patricia,Pereira,Male,48,patricia.pereira5348@example.com,Springfield,Massachusetts,United States,Middle,Consumer,2021-03-15,4,2634.13,2696.35,532,1
CUST05349,Thomas,Harris,Other,66,thomas.harris5349@example.com,Fort Lauderdale,Florida,United States,Low,Home Office,2024-08-15,1,2717.65,3070.22,219,1
CUST05350,Karan,Patel,Male,44,karan.patel5350@example.com,Austin,Texas,United States,Low,Consumer,2025-09-08,2,4354.58,4807.18,82,0
CUST05351,Mark,Wilson,Other,47,mark.wilson5351@example.com,Allentown,Pennsylvania,United States,High,Consumer,2021-12-20,3,742.4499999999999,791.45,490,1
CUST05352,Lisa,Sanchez,Female,46,lisa.sanchez5352@example.com,Cincinnati,Ohio,United States,Middle,Home Office,2025-10-20,4,7902.6,8096.67,90,0
CUST05353,Kimberly,Johnson,Other,40,kimberly.johnson5353@example.com,Houston,Texas,United States,Middle,Consumer,2024-06-13,2,3342.92,3444.7,22,0
CUST05354,Arjun,Roberts,Female,42,arjun.roberts5354@example.com,Springfield,Massachusetts,United States,Upper-Middle,Consumer,2023-07-06,2,536.92,552.3,387,1
CUST05355,Isha,Lopez,Male,24,isha.lopez5355@example.com,Erie,Pennsylvania,United States,Middle,Small Business,2024-03-23,2,1944.9500000000003,2166.9,61,0
CUST05356,Edward,Zhang,Female,19,edward.zhang5356@example.com,Flint,Michigan,United States,Middle,Consumer,2024-02-08,5,3432.3199999999997,3909.41,134,0
CUST05357,Laura,White,Other,26,laura.white5357@example.com,San Jose,California,United States,Middle,Consumer,2026-06-13,0,0.0,0.0,9999,1
CUST05358,Lisa,Harris,Female,46,lisa.harris5358@example.com,Savannah,Georgia,United States,Lower-Middle,Corporate,2026-05-15,3,4293.21,4626.33,19,0
CUST05359,Linda,Campbell,Other,47,linda.campbell5359@example.com,Greensboro,North Carolina,United States,Middle,Small Business,2020-10-22,2,5314.57,5753.99,652,1
CUST05360,Hiroshi,Wright,Other,34,hiroshi.wright5360@example.com,Trenton,New Jersey,United States,High,Consumer,2025-08-28,2,644.63,659.36,4,0
CUST05361,Karan,Campbell,Other,44,karan.campbell5361@example.com,Erie,Pennsylvania,United States,Lower-Middle,Home Office,2025-11-13,2,2874.04,2964.21,69,0
CUST05362,Angela,Kim,Male,27,angela.kim5362@example.com,Los Angeles,California,United States,Middle,Consumer,2025-11-27,2,501.78,503.47,164,0
CUST05363,Brandon,Gonzalez,Other,22,brandon.gonzalez5363@example.com,Fort Collins,Colorado,United States,Middle,Corporate,2024-11-15,2,1171.4299999999998,1172.82,531,1
CUST05364,Lisa,Kumar,Female,32,lisa.kumar5364@example.com,San Jose,California,United States,Middle,Consumer,2021-11-26,4,2025.35,2309.45,617,1
CUST05365,Emma,Souza,Female,47,emma.souza5365@example.com,Boulder,Colorado,United States,Upper-Middle,Consumer,2019-07-13,3,1629.96,1822.66,943,1
CUST05366,Julie,Andrade,Female,53,julie.andrade5366@example.com,Reading,Pennsylvania,United States,Lower-Middle,Consumer,2024-06-19,3,1256.93,1311.17,93,0
CUST05367,Edward,Rossi,Female,34,edward.rossi5367@example.com,Boulder,Colorado,United States,Upper-Middle,Small Business,2026-03-30,1,479.36,507.57,76,0
CUST05368,Sofia,Harris,Female,24,sofia.harris5368@example.com,Fort Collins,Colorado,United States,Lower-Middle,Consumer,2022-09-25,3,5391.639999999999,5582.34,71,0
CUST05369,Nancy,Carter,Female,34,nancy.carter5369@example.com,Orlando,Florida,United States,Middle,Consumer,2022-06-13,6,10268.08,11456.27,91,0
CUST05370,Jason,Hall,Female,29,jason.hall5370@example.com,Lansing,Michigan,United States,Upper-Middle,Consumer,2026-06-09,4,1621.99,1857.13,26,0
CUST05371,Samuel,Roberts,Female,48,samuel.roberts5371@example.com,Akron,Ohio,United States,Upper-Middle,Corporate,2022-10-14,2,1552.52,1562.53,729,1
CUST05372,Jeffrey,Hernandez,Other,50,jeffrey.hernandez5372@example.com,Allentown,Pennsylvania,United States,Upper-Middle,Consumer,2019-07-11,2,2633.9,2820.57,1330,1
CUST05373,Meera,Chen,Female,48,meera.chen5373@example.com,Trenton,New Jersey,United States,Middle,Corporate,2025-07-16,3,3493.59,3757.19,65,0
CUST05374,Thomas,Allen,Male,33,thomas.allen5374@example.com,San Diego,California,United States,Middle,Consumer,2020-08-10,3,1678.67,1709.29,459,1
CUST05375,Rachel,Smith,Other,40,rachel.smith5375@example.com,Durham,North Carolina,United States,Upper-Middle,Consumer,2021-07-26,2,3356.07,3412.18,548,1
CUST05376,Ronald,Green,Other,25,ronald.green5376@example.com,Jersey City,New Jersey,United States,Middle,Consumer,2019-07-28,3,6753.01,6901.78,339,1
CUST05377,Patricia,Walker,Female,33,patricia.walker5377@example.com,Augusta,Georgia,United States,Middle,Small Business,2022-09-25,1,112.38,113.5,1054,1
CUST05378,Joyce,Rossi,Female,43,joyce.rossi5378@example.com,Charlotte,North Carolina,United States,Lower-Middle,Consumer,2020-10-06,1,5602.45,6329.42,1749,1
CUST05379,Jack,Souza,Prefer not to say,50,jack.souza5379@example.com,Erie,Pennsylvania,United States,Middle,Consumer,2023-08-07,2,232.72,267.15,482,1
CUST05380,Scott,Thomas,Other,51,scott.thomas5380@example.com,Jacksonville,Florida,United States,Middle,Small Business,2019-12-07,2,2005.31,2177.58,560,1
CUST05381,Eric,Garcia,Male,39,eric.garcia5381@example.com,Mesa,Arizona,United States,Middle,Consumer,2026-05-18,3,5795.66,5803.85,47,0
CUST05382,Linda,Scott,Male,31,linda.scott5382@example.com,Austin,Texas,United States,Upper-Middle,Consumer,2020-11-27,1,850.43,925.34,1654,1
CUST05383,Daniel,Allen,Female,32,daniel.allen5383@example.com,Denver,Colorado,United States,Lower-Middle,Home Office,2021-07-27,2,2964.56,3028.16,421,1
CUST05384,Ming,Jackson,Other,27,ming.jackson5384@example.com,Cincinnati,Ohio,United States,Lower-Middle,Consumer,2021-03-29,7,8986.68,9911.46,337,1
CUST05385,Debra,Reddy,Female,75,debra.reddy5385@example.com,Orlando,Florida,United States,High,Consumer,2020-06-02,5,4119.4400000000005,4546.65,117,0
CUST05386,Rachel,Gupta,Female,27,rachel.gupta5386@example.com,Peoria,Illinois,United States,Upper-Middle,Consumer,2025-03-10,1,1362.16,1488.76,452,1
CUST05387,Karan,Moore,Male,18,karan.moore5387@example.com,Paterson,New Jersey,United States,Upper-Middle,Corporate,2025-12-20,2,1338.28,1495.95,5,0
CUST05388,Amy,King,Other,20,amy.king5388@example.com,Austin,Texas,United States,Lower-Middle,Consumer,2022-06-03,3,6654.61,6795.61,17,0
CUST05389,Jerry,Torres,Male,30,jerry.torres5389@example.com,Denver,Colorado,United States,Upper-Middle,Consumer,2021-02-09,3,3321.5699999999997,3778.12,164,0
CUST05390,Debra,Dubois,Female,44,debra.dubois5390@example.com,Columbus,Ohio,United States,Upper-Middle,Consumer,2022-10-25,4,1383.29,1423.49,110,0
CUST05391,Wei,Adams,Female,45,wei.adams5391@example.com,San Antonio,Texas,United States,High,Consumer,2023-03-23,4,9472.81,9561.56,61,0
CUST05392,Ming,Kim,Other,18,ming.kim5392@example.com,Macon,Georgia,United States,Middle,Consumer,2025-07-31,3,4046.5699999999997,4502.18,24,0
CUST05393,Donald,Williams,Female,36,donald.williams5393@example.com,Columbus,Ohio,United States,Lower-Middle,Home Office,2023-11-12,2,1313.15,1384.87,675,1
CUST05394,Laura,Mitchell,Other,38,laura.mitchell5394@example.com,Peoria,Illinois,United States,Middle,Home Office,2021-05-02,5,3342.3199999999997,3408.37,771,1
CUST05395,John,Hall,Female,51,john.hall5395@example.com,Spokane,Washington,United States,Low,Home Office,2023-01-23,2,2432.3,2550.87,359,1
CUST05396,Patricia,Patel,Female,27,patricia.patel5396@example.com,Boulder,Colorado,United States,Lower-Middle,Home Office,2025-02-20,3,3156.31,3455.7,180,0
CUST05397,Linda,Rossi,Other,18,linda.rossi5397@example.com,Fort Worth,Texas,United States,High,Small Business,2022-09-12,3,3104.23,3309.15,1062,1
CUST05398,Katherine,White,Male,18,katherine.white5398@example.com,Jacksonville,Florida,United States,Upper-Middle,Corporate,2026-05-09,2,1743.06,1952.9,11,0
CUST05399,Thomas,Harris,Female,20,thomas.harris5399@example.com,Athens,Georgia,United States,Middle,Corporate,2022-03-27,5,5725.26,6263.74,73,0
CUST05400,Anna,Hill,Other,44,anna.hill5400@example.com,Seattle,Washington,United States,Upper-Middle,Consumer,2023-10-21,3,1348.2,1403.27,855,1
CUST05401,Li,Young,Other,34,li.young5401@example.com,Athens,Georgia,United States,Middle,Consumer,2023-03-12,6,9474.81,9812.27,122,0
CUST05402,Janet,Kowalski,Female,52,janet.kowalski5402@example.com,Boston,Massachusetts,United States,Middle,Home Office,2026-04-03,3,1215.04,1271.15,25,0
CUST05403,Debra,Patel,Male,18,debra.patel5403@example.com,Aurora,Colorado,United States,Upper-Middle,Home Office,2026-06-17,2,481.72,517.65,2,0
CUST05404,Paul,Garcia,Female,40,paul.garcia5404@example.com,Atlanta,Georgia,United States,Middle,Home Office,2019-12-14,3,6259.2,6812.61,352,1
CUST05405,Alexander,Hill,Other,50,alexander.hill5405@example.com,Macon,Georgia,United States,Lower-Middle,Small Business,2021-11-30,1,2004.81,2094.78,846,1
CUST05406,Ananya,Johnson,Other,41,ananya.johnson5406@example.com,Tampa,Florida,United States,Upper-Middle,Consumer,2023-05-25,2,3962.93,4313.13,205,1
CUST05407,Betty,Reddy,Other,23,betty.reddy5407@example.com,Trenton,New Jersey,United States,Lower-Middle,Corporate,2021-08-09,3,6258.719999999999,6461.75,59,0
CUST05408,Wei,Nguyen,Other,43,wei.nguyen5408@example.com,Trenton,New Jersey,United States,Lower-Middle,Consumer,2022-09-25,3,4269.49,4909.23,432,1
CUST05409,Linda,Johnson,Female,24,linda.johnson5409@example.com,Miami,Florida,United States,Middle,Home Office,2022-11-16,3,2030.72,2298.86,331,1
CUST05410,Ashley,Roberts,Male,29,ashley.roberts5410@example.com,Springfield,Massachusetts,United States,Upper-Middle,Consumer,2021-11-27,1,2901.83,3247.53,292,1
CUST05411,Gary,Costa,Other,18,gary.costa5411@example.com,Reading,Pennsylvania,United States,Upper-Middle,Small Business,2024-01-16,4,3654.66,3931.23,243,1
CUST05412,Paul,Garcia,Other,23,paul.garcia5412@example.com,Winston-Salem,North Carolina,United States,Middle,Consumer,2025-02-25,5,6787.2699999999995,6977.33,165,0
CUST05413,Dennis,Ramirez,Male,36,dennis.ramirez5413@example.com,San Francisco,California,United States,High,Consumer,2022-10-19,3,2236.27,2391.85,133,0
CUST05414,Debra,Mitchell,Other,41,debra.mitchell5414@example.com,Columbus,Ohio,United States,Upper-Middle,Consumer,2021-06-19,4,3579.02,3760.27,205,1
CUST05415,Brandon,Miller,Male,35,brandon.miller5415@example.com,Austin,Texas,United States,Lower-Middle,Small Business,2025-01-02,3,745.7700000000001,824.72,165,0
CUST05416,Robert,Taylor,Other,27,robert.taylor5416@example.com,Flint,Michigan,United States,Middle,Consumer,2020-11-25,3,3874.52,3888.8,108,0
CUST05417,Mark,Williams,Male,24,mark.williams5417@example.com,Grand Rapids,Michigan,United States,Middle,Small Business,2023-12-25,2,2151.1,2328.74,169,0
CUST05418,Amanda,King,Male,28,amanda.king5418@example.com,San Francisco,California,United States,Middle,Corporate,2025-06-09,5,8797.65,9971.7,30,0
CUST05419,Jessica,Rivera,Male,32,jessica.rivera5419@example.com,Chicago,Illinois,United States,Middle,Consumer,2021-03-24,7,11061.67,11887.06,21,0
CUST05420,Christopher,Brown,Other,20,christopher.brown5420@example.com,Dallas,Texas,United States,Middle,Consumer,2022-01-16,2,3110.75,3289.71,290,1
CUST05421,Stephen,Adams,Female,20,stephen.adams5421@example.com,Los Angeles,California,United States,Lower-Middle,Consumer,2020-11-13,6,2956.2,3379.84,39,0
CUST05422,Brenda,Moore,Other,33,brenda.moore5422@example.com,Phoenix,Arizona,United States,Upper-Middle,Small Business,2020-05-27,2,346.24,362.21,876,1
CUST05423,Thomas,Davis,Male,33,thomas.davis5423@example.com,Rockford,Illinois,United States,Upper-Middle,Consumer,2021-11-15,1,1604.11,1730.93,745,1
CUST05424,Donald,Davis,Female,33,donald.davis5424@example.com,Trenton,New Jersey,United States,Middle,Corporate,2025-07-03,3,7920.92,8236.44,82,0
CUST05425,Betty,Costa,Female,44,betty.costa5425@example.com,Erie,Pennsylvania,United States,Middle,Home Office,2019-11-18,2,1815.1200000000001,1881.6,762,1
CUST05426,Justin,Andrade,Female,36,justin.andrade5426@example.com,Tucson,Arizona,United States,Upper-Middle,Consumer,2022-08-21,2,296.63,321.42,828,1
CUST05427,Alexander,Adams,Male,18,alexander.adams5427@example.com,Fort Lauderdale,Florida,United States,Middle,Consumer,2020-08-14,4,3680.02,3754.72,235,1
CUST05428,Christopher,Dubois,Other,43,christopher.dubois5428@example.com,Buffalo,New York,United States,Upper-Middle,Consumer,2021-06-21,2,488.26,513.87,1705,1
CUST05429,Emily,Taylor,Male,58,emily.taylor5429@example.com,Ann Arbor,Michigan,United States,Middle,Consumer,2023-01-28,0,0.0,0.0,9999,1
CUST05430,George,Campbell,Other,28,george.campbell5430@example.com,Bellevue,Washington,United States,Middle,Consumer,2023-02-11,3,6605.24,6880.6,525,1
CUST05431,Eric,Hernandez,Other,28,eric.hernandez5431@example.com,Allentown,Pennsylvania,United States,Low,Consumer,2023-08-24,4,4062.4,4371.15,176,0
CUST05432,Nicholas,Thomas,Other,25,nicholas.thomas5432@example.com,Lansing,Michigan,United States,Upper-Middle,Home Office,2026-06-21,8,4456.91,4880.86,3,0
CUST05433,Kevin,Hill,Female,48,kevin.hill5433@example.com,Rockford,Illinois,United States,Middle,Corporate,2020-03-12,2,8215.26,8933.29,130,0
CUST05434,Carol,Johnson,Other,39,carol.johnson5434@example.com,Aurora,Colorado,United States,Middle,Corporate,2025-07-05,3,4322.79,4419.32,121,0
CUST05435,Joseph,Adams,Prefer not to say,38,joseph.adams5435@example.com,Phoenix,Arizona,United States,Middle,Consumer,2023-10-09,1,181.19,181.23,851,1
CUST05436,Steven,Torres,Male,58,steven.torres5436@example.com,Cincinnati,Ohio,United States,Lower-Middle,Consumer,2022-04-24,8,6720.26,7348.28,230,1
CUST05437,Jeffrey,Kumar,Female,28,jeffrey.kumar5437@example.com,Ann Arbor,Michigan,United States,Upper-Middle,Corporate,2023-06-09,4,2999.46,3223.43,324,1
CUST05438,Arjun,Clark,Other,36,arjun.clark5438@example.com,Allentown,Pennsylvania,United States,Middle,Home Office,2023-08-18,3,1142.42,1295.28,226,1
CUST05439,Shirley,Moore,Female,41,shirley.moore5439@example.com,Spokane,Washington,United States,Middle,Consumer,2020-01-30,1,859.33,921.01,1096,1
CUST05440,Laura,Wang,Female,24,laura.wang5440@example.com,Bellevue,Washington,United States,Lower-Middle,Corporate,2021-02-06,2,775.5,855.11,476,1
CUST05441,Lisa,Mitchell,Male,39,lisa.mitchell5441@example.com,Chicago,Illinois,United States,Lower-Middle,Consumer,2020-09-06,1,2760.36,3071.31,1378,1
CUST05442,Karan,Torres,Male,48,karan.torres5442@example.com,Chandler,Arizona,United States,Middle,Consumer,2021-01-09,1,142.59,149.81,1024,1
CUST05443,Robert,Williams,Other,50,robert.williams5443@example.com,Atlanta,Georgia,United States,Lower-Middle,Consumer,2021-06-02,4,7709.23,8377.62,309,1
CUST05444,George,Torres,Other,25,george.torres5444@example.com,Durham,North Carolina,United States,Middle,Consumer,2020-07-04,1,3565.24,3994.58,813,1
CUST05445,Hiroshi,King,Female,45,hiroshi.king5445@example.com,Newark,New Jersey,United States,Middle,Consumer,2021-08-19,5,3225.8,3690.41,110,0
CUST05446,Olivia,Baker,Other,46,olivia.baker5446@example.com,Cambridge,Massachusetts,United States,Upper-Middle,Consumer,2019-08-23,2,5156.8,5469.16,2399,1
CUST05447,Kevin,Campbell,Female,44,kevin.campbell5447@example.com,Grand Rapids,Michigan,United States,High,Small Business,2026-01-07,6,6950.0,7123.67,2,0
CUST05448,Tyler,Wang,Female,20,tyler.wang5448@example.com,Toledo,Ohio,United States,Middle,Home Office,2023-03-30,1,2463.44,2524.6,1207,1
CUST05449,Edward,Hill,Male,18,edward.hill5449@example.com,Dallas,Texas,United States,Middle,Corporate,2020-10-02,3,2878.87,2921.27,259,1
CUST05450,Ronald,Campbell,Female,42,ronald.campbell5450@example.com,Miami,Florida,United States,Upper-Middle,Small Business,2020-03-01,4,3464.5299999999997,3838.89,1454,1
CUST05451,Janet,Sanchez,Female,34,janet.sanchez5451@example.com,Chicago,Illinois,United States,High,Corporate,2024-11-24,4,2807.5,2888.61,112,0
CUST05452,Michael,Davis,Female,18,michael.davis5452@example.com,Allentown,Pennsylvania,United States,Lower-Middle,Consumer,2025-06-23,1,95.36,107.0,132,0
CUST05453,Donna,Rivera,Female,44,donna.rivera5453@example.com,Reading,Pennsylvania,United States,Upper-Middle,Consumer,2022-07-26,4,4607.3,4945.06,308,1
CUST05454,Sharon,White,Other,37,sharon.white5454@example.com,San Antonio,Texas,United States,High,Corporate,2026-05-20,4,6052.320000000001,6640.18,5,0
CUST05455,Anthony,Mitchell,Other,23,anthony.mitchell5455@example.com,Cambridge,Massachusetts,United States,High,Home Office,2025-02-26,2,459.91999999999996,471.17,78,0
CUST05456,Rebecca,Silva,Other,40,rebecca.silva5456@example.com,San Jose,California,United States,Middle,Consumer,2025-06-14,7,16306.619999999999,18674.49,60,0
CUST05457,Arjun,Lopez,Female,40,arjun.lopez5457@example.com,San Jose,California,United States,Upper-Middle,Consumer,2020-10-30,6,6535.0199999999995,6597.18,78,0
CUST05458,Margaret,Hernandez,Female,18,margaret.hernandez5458@example.com,Atlanta,Georgia,United States,High,Corporate,2024-04-03,6,15307.36,17440.22,9,0
CUST05459,Stephen,Adams,Male,53,stephen.adams5459@example.com,Worcester,Massachusetts,United States,Middle,Corporate,2025-01-07,3,3902.02,4380.07,103,0
CUST05460,Samantha,Robinson,Other,42,samantha.robinson5460@example.com,Jacksonville,Florida,United States,Middle,Consumer,2021-10-26,3,8264.16,8325.68,265,1
CUST05461,Diego,Young,Other,18,diego.young5461@example.com,Denver,Colorado,United States,Middle,Consumer,2025-04-21,2,931.36,989.17,162,0
CUST05462,Larry,Costa,Female,33,larry.costa5462@example.com,Winston-Salem,North Carolina,United States,Middle,Consumer,2025-08-22,1,127.4,129.89,88,0
CUST05463,Barbara,Jones,Other,33,barbara.jones5463@example.com,Allentown,Pennsylvania,United States,Lower-Middle,Consumer,2019-08-20,4,3063.66,3492.68,2053,1
CUST05464,Susan,Mitchell,Male,45,susan.mitchell5464@example.com,Colorado Springs,Colorado,United States,Low,Consumer,2023-04-16,5,2424.91,2653.91,89,0
CUST05465,Michael,Jones,Other,54,michael.jones5465@example.com,Grand Rapids,Michigan,United States,Middle,Consumer,2021-03-03,3,1501.94,1609.34,500,1
CUST05466,Betty,Reddy,Other,43,betty.reddy5466@example.com,Jacksonville,Florida,United States,Low,Small Business,2021-10-06,3,1584.88,1669.27,309,1
CUST05467,Gregory,Walker,Other,34,gregory.walker5467@example.com,Winston-Salem,North Carolina,United States,Middle,Consumer,2023-07-05,3,1935.2199999999998,2085.59,28,0
CUST05468,Samuel,Rodriguez,Other,43,samuel.rodriguez5468@example.com,Winston-Salem,North Carolina,United States,Lower-Middle,Consumer,2023-11-02,2,2526.32,2686.24,329,1
CUST05469,Diego,Wang,Female,26,diego.wang5469@example.com,Charlotte,North Carolina,United States,Upper-Middle,Consumer,2019-07-14,3,4292.4800000000005,4819.48,1667,1
CUST05470,Ashley,Wright,Other,38,ashley.wright5470@example.com,Jersey City,New Jersey,United States,Low,Consumer,2024-07-25,5,8512.47,8857.78,229,1
CUST05471,Nicholas,Lopez,Male,42,nicholas.lopez5471@example.com,Rochester,New York,United States,Upper-Middle,Consumer,2020-12-31,6,5735.35,5811.21,507,1
CUST05472,Donna,Rossi,Other,65,donna.rossi5472@example.com,Springfield,Illinois,United States,Upper-Middle,Consumer,2025-01-22,3,2288.68,2408.13,199,1
CUST05473,Karan,Brown,Other,44,karan.brown5473@example.com,Peoria,Illinois,United States,Middle,Home Office,2024-03-18,2,253.54000000000002,284.74,59,0
CUST05474,Jerry,Perez,Other,39,jerry.perez5474@example.com,Cambridge,Massachusetts,United States,Upper-Middle,Consumer,2019-07-24,0,0.0,0.0,9999,1
CUST05475,Jeffrey,Adams,Other,18,jeffrey.adams5475@example.com,Charlotte,North Carolina,United States,Middle,Consumer,2023-05-16,3,3315.0299999999997,3493.53,251,1
CUST05476,Neha,Hill,Other,40,neha.hill5476@example.com,Rockford,Illinois,United States,Lower-Middle,Consumer,2022-08-16,3,4686.14,5252.11,1034,1
CUST05477,Laura,Lopez,Female,38,laura.lopez5477@example.com,Naperville,Illinois,United States,Upper-Middle,Consumer,2021-12-03,3,1624.38,1791.16,1152,1
CUST05478,Priya,Nelson,Female,34,priya.nelson5478@example.com,Miami,Florida,United States,Lower-Middle,Consumer,2023-09-06,3,10173.93,11067.84,15,0
CUST05479,Michelle,Jackson,Female,29,michelle.jackson5479@example.com,Fort Lauderdale,Florida,United States,Low,Consumer,2024-02-01,5,6829.7,7015.92,52,0
CUST05480,Edward,Johnson,Other,57,edward.johnson5480@example.com,Boulder,Colorado,United States,Upper-Middle,Consumer,2021-05-31,3,7323.24,7912.3,89,0
CUST05481,Justin,Roberts,Other,28,justin.roberts5481@example.com,Toledo,Ohio,United States,High,Consumer,2020-10-02,4,3150.11,3494.97,372,1
CUST05482,Hiroshi,Thomas,Male,37,hiroshi.thomas5482@example.com,Everett,Washington,United States,Upper-Middle,Corporate,2022-02-02,2,2253.05,2257.16,604,1
CUST05483,Priya,Jackson,Female,65,priya.jackson5483@example.com,Orlando,Florida,United States,Middle,Consumer,2025-11-17,3,947.4100000000001,1074.78,37,0
CUST05484,Lisa,Miller,Male,29,lisa.miller5484@example.com,Jacksonville,Florida,United States,Lower-Middle,Corporate,2024-11-17,2,1870.0300000000002,2091.71,193,1
CUST05485,Tyler,Wright,Prefer not to say,47,tyler.wright5485@example.com,Sacramento,California,United States,Middle,Consumer,2024-03-01,2,2426.71,2700.95,727,1
CUST05486,Nicholas,Kumar,Other,54,nicholas.kumar5486@example.com,Augusta,Georgia,United States,Upper-Middle,Consumer,2022-10-02,1,68.22,72.21,986,1
CUST05487,Dorothy,Ivanov,Male,32,dorothy.ivanov5487@example.com,Raleigh,North Carolina,United States,High,Home Office,2026-05-13,3,3134.62,3568.11,24,0
CUST05488,Dorothy,Roberts,Other,34,dorothy.roberts5488@example.com,Tacoma,Washington,United States,Upper-Middle,Corporate,2019-10-30,5,4611.36,4712.29,643,1
CUST05489,Samuel,Mitchell,Other,43,samuel.mitchell5489@example.com,Fort Collins,Colorado,United States,Middle,Corporate,2023-09-21,2,192.44,212.71,530,1
CUST05490,Michael,Rivera,Other,30,michael.rivera5490@example.com,Philadelphia,Pennsylvania,United States,Lower-Middle,Consumer,2023-09-06,2,6080.51,6582.87,304,1
CUST05491,Dennis,Rossi,Female,34,dennis.rossi5491@example.com,Bellevue,Washington,United States,Middle,Small Business,2022-12-04,2,354.31,397.58,341,1
CUST05492,Kimberly,Ramirez,Male,48,kimberly.ramirez5492@example.com,Cleveland,Ohio,United States,Middle,Consumer,2024-11-24,5,3931.52,3937.64,5,0
CUST05493,Susan,Allen,Male,31,susan.allen5493@example.com,Cincinnati,Ohio,United States,Upper-Middle,Home Office,2022-06-16,3,2542.99,2598.19,60,0
CUST05494,Daniel,Garcia,Male,30,daniel.garcia5494@example.com,San Diego,California,United States,Low,Corporate,2020-12-02,0,0.0,0.0,9999,1
CUST05495,Sharon,Chen,Other,52,sharon.chen5495@example.com,Peoria,Illinois,United States,Low,Consumer,2024-08-06,5,6362.15,7001.41,141,0
CUST05496,Michael,Young,Other,69,michael.young5496@example.com,Philadelphia,Pennsylvania,United States,Middle,Corporate,2021-02-02,4,8910.96,9440.39,779,1
CUST05497,Eric,Hall,Female,25,eric.hall5497@example.com,Seattle,Washington,United States,Middle,Corporate,2020-03-26,3,1697.44,1737.5,1284,1
CUST05498,Donald,Lewis,Female,21,donald.lewis5498@example.com,Reading,Pennsylvania,United States,Low,Consumer,2023-11-23,3,618.85,702.63,247,1
CUST05499,Kimberly,Harris,Male,18,kimberly.harris5499@example.com,Jersey City,New Jersey,United States,Upper-Middle,Consumer,2023-08-01,1,710.18,764.04,869,1
CUST05500,Mateo,Muller,Female,29,mateo.muller5500@example.com,Paterson,New Jersey,United States,Upper-Middle,Consumer,2026-05-28,3,6082.16,6679.7,20,0
CUST05501,Meera,Dubois,Other,18,meera.dubois5501@example.com,Everett,Washington,United States,Upper-Middle,Home Office,2023-08-10,7,8855.11,9622.19,91,0
CUST05502,Thomas,Clark,Male,45,thomas.clark5502@example.com,Fort Lauderdale,Florida,United States,Low,Consumer,2025-12-09,3,7329.400000000001,7596.54,45,0
CUST05503,Dennis,Kowalski,Other,40,dennis.kowalski5503@example.com,Detroit,Michigan,United States,Upper-Middle,Consumer,2026-05-24,1,2695.13,2866.93,39,0
CUST05504,George,Martin,Male,36,george.martin5504@example.com,Syracuse,New York,United States,Middle,Consumer,2021-04-04,4,8173.6,8674.32,274,1
CUST05505,Chen,Nguyen,Female,35,chen.nguyen5505@example.com,Lansing,Michigan,United States,Middle,Consumer,2026-06-10,5,7842.11,8527.63,18,0
CUST05506,Karan,Taylor,Other,37,karan.taylor5506@example.com,Atlanta,Georgia,United States,Lower-Middle,Corporate,2025-11-30,3,2603.22,2947.2,46,0
CUST05507,Jason,Gonzalez,Male,33,jason.gonzalez5507@example.com,Austin,Texas,United States,Lower-Middle,Small Business,2024-04-23,0,0.0,0.0,9999,1
CUST05508,Neha,Harris,Male,56,neha.harris5508@example.com,San Diego,California,United States,Middle,Consumer,2024-12-03,3,8967.449999999999,9852.22,21,0
CUST05509,Hiroshi,Campbell,Male,58,hiroshi.campbell5509@example.com,Dallas,Texas,United States,Middle,Consumer,2023-08-01,3,2309.05,2469.75,258,1
CUST05510,Julie,Martin,Male,53,julie.martin5510@example.com,Jersey City,New Jersey,United States,Middle,Corporate,2024-05-23,3,1873.98,2106.18,272,1
CUST05511,Andrew,Baker,Female,28,andrew.baker5511@example.com,Worcester,Massachusetts,United States,Lower-Middle,Small Business,2024-10-17,1,135.68,135.93,143,0
CUST05512,Donald,Martin,Male,18,donald.martin5512@example.com,San Diego,California,United States,Low,Consumer,2022-04-02,0,0.0,0.0,9999,1
CUST05513,Andrew,Young,Male,19,andrew.young5513@example.com,Boston,Massachusetts,United States,Middle,Consumer,2019-10-04,5,8576.32,9573.17,40,0
CUST05514,Ronald,Garcia,Male,49,ronald.garcia5514@example.com,Buffalo,New York,United States,Middle,Small Business,2024-10-01,1,4428.69,5068.03,448,1
CUST05515,Amanda,Baker,Female,38,amanda.baker5515@example.com,Charlotte,North Carolina,United States,Upper-Middle,Consumer,2021-10-10,6,9762.67,10540.88,503,1
CUST05516,Dorothy,Nelson,Female,26,dorothy.nelson5516@example.com,Pittsburgh,Pennsylvania,United States,Middle,Consumer,2021-04-29,6,8830.69,8864.45,861,1
CUST05517,Michael,Walker,Other,37,michael.walker5517@example.com,Toledo,Ohio,United States,Low,Consumer,2025-08-16,3,1428.68,1534.06,122,0
CUST05518,Kenneth,Anderson,Female,26,kenneth.anderson5518@example.com,Los Angeles,California,United States,High,Home Office,2019-08-05,2,4147.11,4589.72,767,1
CUST05519,Sofia,Reddy,Male,18,sofia.reddy5519@example.com,Greensboro,North Carolina,United States,Middle,Consumer,2023-02-04,0,0.0,0.0,9999,1
CUST05520,Cynthia,Martinez,Male,30,cynthia.martinez5520@example.com,Boston,Massachusetts,United States,Low,Consumer,2019-12-15,4,6270.09,7101.91,300,1
CUST05521,Karan,Roberts,Male,43,karan.roberts5521@example.com,Macon,Georgia,United States,Upper-Middle,Small Business,2024-08-19,2,1856.19,2100.81,475,1
CUST05522,George,Harris,Other,61,george.harris5522@example.com,Grand Rapids,Michigan,United States,High,Consumer,2021-01-25,2,7975.200000000001,9144.06,330,1
CUST05523,Aditya,Mitchell,Female,46,aditya.mitchell5523@example.com,Rockford,Illinois,United States,Upper-Middle,Corporate,2022-12-26,1,763.14,775.19,33,0
CUST05524,David,Singh,Male,18,david.singh5524@example.com,Erie,Pennsylvania,United States,Upper-Middle,Corporate,2020-04-22,2,4628.04,4718.01,212,1
CUST05525,Matthew,Jackson,Other,44,matthew.jackson5525@example.com,Denver,Colorado,United States,Middle,Consumer,2019-07-09,0,0.0,0.0,9999,1
CUST05526,Paul,Thompson,Female,54,paul.thompson5526@example.com,Cincinnati,Ohio,United States,Upper-Middle,Home Office,2021-01-14,5,3802.0199999999995,3810.69,193,1
CUST05527,Debra,Nelson,Other,31,debra.nelson5527@example.com,Phoenix,Arizona,United States,Low,Corporate,2020-10-05,1,430.43,447.44,1046,1
CUST05528,Joshua,Rodriguez,Female,41,joshua.rodriguez5528@example.com,Denver,Colorado,United States,Upper-Middle,Consumer,2024-07-04,5,14276.839999999998,16359.06,85,0
CUST05529,Robert,Green,Other,51,robert.green5529@example.com,Houston,Texas,United States,Lower-Middle,Consumer,2020-06-20,3,2282.7599999999998,2577.09,594,1
CUST05530,Tyler,Campbell,Male,38,tyler.campbell5530@example.com,Tucson,Arizona,United States,High,Consumer,2020-12-12,3,277.61,294.06,294,1
CUST05531,Donald,Smith,Other,37,donald.smith5531@example.com,Erie,Pennsylvania,United States,Upper-Middle,Corporate,2026-05-25,3,902.15,1022.3,57,0
CUST05532,Matthew,Kim,Male,31,matthew.kim5532@example.com,Phoenix,Arizona,United States,Middle,Consumer,2025-11-13,2,2876.81,2883.13,117,0
CUST05533,Andrew,Thomas,Male,32,andrew.thomas5533@example.com,Cincinnati,Ohio,United States,Middle,Consumer,2023-02-23,5,2875.94,3119.2,32,0
CUST05534,Benjamin,Jackson,Male,49,benjamin.jackson5534@example.com,San Antonio,Texas,United States,Upper-Middle,Corporate,2020-10-17,3,1293.42,1337.2,155,0
CUST05535,Jeffrey,Davis,Female,28,jeffrey.davis5535@example.com,Dallas,Texas,United States,Upper-Middle,Home Office,2024-11-30,5,8031.9,8771.19,184,1
CUST05536,Nancy,Lewis,Other,33,nancy.lewis5536@example.com,Colorado Springs,Colorado,United States,Upper-Middle,Corporate,2023-08-13,2,69.18,78.66,535,1
CUST05537,Barbara,Wang,Female,46,barbara.wang5537@example.com,Everett,Washington,United States,Middle,Consumer,2025-07-29,4,2761.78,2890.55,79,0
CUST05538,Edward,Chen,Female,45,edward.chen5538@example.com,Philadelphia,Pennsylvania,United States,Middle,Consumer,2022-07-02,1,105.36,117.51,988,1
CUST05539,Diane,Walker,Male,39,diane.walker5539@example.com,Chandler,Arizona,United States,Low,Corporate,2020-06-18,2,1652.43,1760.79,45,0
CUST05540,Linda,Hall,Other,48,linda.hall5540@example.com,Mesa,Arizona,United States,Low,Consumer,2020-03-10,2,1523.33,1675.01,1724,1
CUST05541,Joyce,Harris,Female,23,joyce.harris5541@example.com,Miami,Florida,United States,Middle,Small Business,2020-11-12,2,5259.42,5730.39,541,1
CUST05542,Edward,Torres,Male,34,edward.torres5542@example.com,Bellevue,Washington,United States,Middle,Corporate,2025-03-02,6,2247.0899999999997,2549.12,188,1
CUST05543,Steven,Hill,Female,58,steven.hill5543@example.com,Sacramento,California,United States,Upper-Middle,Home Office,2022-07-07,4,2242.27,2435.58,143,0
CUST05544,Donna,Rivera,Other,18,donna.rivera5544@example.com,Colorado Springs,Colorado,United States,Lower-Middle,Consumer,2025-12-07,2,510.53999999999996,577.98,3,0
CUST05545,Isha,Mitchell,Other,46,isha.mitchell5545@example.com,Atlanta,Georgia,United States,Middle,Small Business,2025-10-16,3,13646.460000000001,14568.27,71,0
CUST05546,Edward,Mitchell,Female,27,edward.mitchell5546@example.com,San Jose,California,United States,Middle,Home Office,2024-04-24,3,4124.56,4274.8,223,1
CUST05547,Amy,Souza,Female,29,amy.souza5547@example.com,Trenton,New Jersey,United States,Lower-Middle,Small Business,2026-03-01,2,3623.4700000000003,4028.81,76,0
CUST05548,Lisa,Wang,Other,47,lisa.wang5548@example.com,Fort Worth,Texas,United States,Upper-Middle,Consumer,2020-08-03,5,8468.17,8921.01,1419,1
CUST05549,Jerry,Taylor,Other,47,jerry.taylor5549@example.com,Paterson,New Jersey,United States,Upper-Middle,Consumer,2021-07-06,5,2676.26,2962.09,61,0
CUST05550,Stephen,Reddy,Other,45,stephen.reddy5550@example.com,Charlotte,North Carolina,United States,Lower-Middle,Small Business,2026-04-01,4,9164.52,9457.9,28,0
CUST05551,Yuki,Lewis,Other,41,yuki.lewis5551@example.com,Columbus,Ohio,United States,Middle,Corporate,2024-11-06,7,8525.31,8660.6,43,0
CUST05552,Karan,Smith,Male,44,karan.smith5552@example.com,Boulder,Colorado,United States,Middle,Consumer,2022-07-06,1,119.38,126.37,956,1
CUST05553,Wei,Sanchez,Other,38,wei.sanchez5553@example.com,Albany,New York,United States,Middle,Consumer,2023-06-06,3,2643.19,2885.85,138,0
CUST05554,Patricia,Hall,Female,22,patricia.hall5554@example.com,Elizabeth,New Jersey,United States,Middle,Consumer,2020-05-23,6,5354.82,6035.22,727,1
CUST05555,Gary,Miller,Other,30,gary.miller5555@example.com,Austin,Texas,United States,Middle,Consumer,2025-04-12,3,3473.73,3556.8,25,0
CUST05556,Deborah,Kowalski,Male,38,deborah.kowalski5556@example.com,New York City,New York,United States,Middle,Consumer,2025-12-14,4,1683.0500000000002,1796.36,159,0
CUST05557,Samuel,Patel,Male,42,samuel.patel5557@example.com,Peoria,Illinois,United States,High,Consumer,2021-07-22,2,2866.73,3139.49,375,1
CUST05558,Benjamin,Green,Female,30,benjamin.green5558@example.com,Ann Arbor,Michigan,United States,Middle,Corporate,2024-01-24,6,5917.910000000001,6301.72,265,1
CUST05559,Joseph,Perez,Female,52,joseph.perez5559@example.com,New York City,New York,United States,Upper-Middle,Small Business,2020-07-30,2,314.82,331.83,575,1
CUST05560,Jessica,Clark,Male,34,jessica.clark5560@example.com,Erie,Pennsylvania,United States,Upper-Middle,Corporate,2022-11-27,3,2498.76,2726.96,464,1
CUST05561,Olivia,Zhang,Other,38,olivia.zhang5561@example.com,Springfield,Massachusetts,United States,Middle,Corporate,2022-12-14,4,9417.390000000001,9496.2,48,0
CUST05562,Daniel,Rivera,Female,33,daniel.rivera5562@example.com,Los Angeles,California,United States,Middle,Consumer,2023-07-04,1,913.84,1020.55,43,0
CUST05563,Dennis,Wright,Female,47,dennis.wright5563@example.com,Elizabeth,New Jersey,United States,Middle,Consumer,2022-02-03,2,1059.3799999999999,1090.77,675,1
CUST05564,Jonathan,Thomas,Other,54,jonathan.thomas5564@example.com,Raleigh,North Carolina,United States,Lower-Middle,Corporate,2025-01-30,4,6265.5,6965.44,24,0
CUST05565,Kimberly,Silva,Female,44,kimberly.silva5565@example.com,Augusta,Georgia,United States,Middle,Consumer,2019-09-12,4,8343.42,9420.79,857,1
CUST05566,Aditya,Nelson,Female,48,aditya.nelson5566@example.com,Everett,Washington,United States,Lower-Middle,Consumer,2021-12-06,2,7412.16,8120.74,385,1
CUST05567,Deborah,Muller,Male,56,deborah.muller5567@example.com,Boston,Massachusetts,United States,Middle,Home Office,2022-04-21,2,2689.26,2849.41,1017,1
CUST05568,Isha,Hernandez,Male,32,isha.hernandez5568@example.com,Grand Rapids,Michigan,United States,Middle,Home Office,2020-09-13,2,374.09999999999997,381.47,11,0
CUST05569,Jason,Thomas,Female,62,jason.thomas5569@example.com,Albany,New York,United States,Lower-Middle,Consumer,2024-01-03,2,374.74,427.56,617,1
CUST05570,Rebecca,Harris,Male,61,rebecca.harris5570@example.com,Tampa,Florida,United States,Middle,Consumer,2022-03-29,3,927.77,936.78,128,0
CUST05571,Elizabeth,Young,Female,40,elizabeth.young5571@example.com,Lowell,Massachusetts,United States,Middle,Consumer,2026-04-29,3,3804.9,4340.82,13,0
CUST05572,Rachel,Sharma,Other,45,rachel.sharma5572@example.com,Raleigh,North Carolina,United States,Upper-Middle,Corporate,2020-01-13,2,1092.65,1184.38,1199,1
CUST05573,Jacob,Mitchell,Female,37,jacob.mitchell5573@example.com,Orlando,Florida,United States,Upper-Middle,Consumer,2022-03-21,2,686.34,724.37,720,1
CUST05574,Janet,Perez,Other,44,janet.perez5574@example.com,San Francisco,California,United States,Middle,Home Office,2023-05-09,4,4519.67,4721.07,451,1
CUST05575,Angela,Allen,Male,24,angela.allen5575@example.com,Macon,Georgia,United States,Lower-Middle,Corporate,2022-10-04,3,5564.31,5828.93,792,1
CUST05576,Stephanie,Sanchez,Male,45,stephanie.sanchez5576@example.com,Naperville,Illinois,United States,Middle,Corporate,2025-06-02,0,0.0,0.0,9999,1
CUST05577,Nancy,Taylor,Male,39,nancy.taylor5577@example.com,Syracuse,New York,United States,Low,Corporate,2026-05-03,6,10963.4,12039.43,8,0
CUST05578,Nicholas,Reddy,Male,49,nicholas.reddy5578@example.com,Philadelphia,Pennsylvania,United States,Middle,Consumer,2020-06-07,3,3224.51,3402.03,456,1
CUST05579,Heather,Chen,Female,18,heather.chen5579@example.com,Philadelphia,Pennsylvania,United States,Lower-Middle,Consumer,2019-07-29,6,7875.45,8454.97,719,1
CUST05580,Catherine,Ivanov,Other,36,catherine.ivanov5580@example.com,Scottsdale,Arizona,United States,Low,Consumer,2019-12-18,4,2252.09,2350.9,118,0
CUST05581,Elizabeth,Taylor,Male,34,elizabeth.taylor5581@example.com,Tacoma,Washington,United States,Lower-Middle,Consumer,2019-09-12,4,5609.71,6304.72,139,0
CUST05582,Brian,Young,Male,37,brian.young5582@example.com,Charlotte,North Carolina,United States,Middle,Consumer,2022-09-27,3,4363.97,4569.26,664,1
CUST05583,Robert,Jackson,Male,24,robert.jackson5583@example.com,Paterson,New Jersey,United States,Low,Consumer,2020-04-11,3,1089.05,1245.08,13,0
CUST05584,Robert,Harris,Other,44,robert.harris5584@example.com,Akron,Ohio,United States,Upper-Middle,Consumer,2024-12-21,0,0.0,0.0,9999,1
CUST05585,Amanda,Singh,Female,48,amanda.singh5585@example.com,Syracuse,New York,United States,Lower-Middle,Corporate,2019-11-20,3,5219.6,5371.64,201,1
CUST05586,Timothy,Souza,Male,51,timothy.souza5586@example.com,Toledo,Ohio,United States,Upper-Middle,Consumer,2019-12-23,1,407.92,465.0,1327,1
CUST05587,Dorothy,Williams,Female,24,dorothy.williams5587@example.com,Akron,Ohio,United States,Lower-Middle,Small Business,2021-09-22,7,7171.94,7946.23,704,1
CUST05588,Rachel,Wright,Male,31,rachel.wright5588@example.com,Chicago,Illinois,United States,Upper-Middle,Consumer,2026-02-12,2,2580.57,2964.78,20,0
CUST05589,Joshua,Jackson,Other,47,joshua.jackson5589@example.com,Fort Collins,Colorado,United States,Middle,Consumer,2023-09-07,5,2904.32,3122.66,258,1
CUST05590,Matthew,Hall,Male,45,matthew.hall5590@example.com,Rockford,Illinois,United States,Lower-Middle,Small Business,2021-05-26,0,0.0,0.0,9999,1
CUST05591,Susan,Andrade,Other,20,susan.andrade5591@example.com,Boston,Massachusetts,United States,Middle,Corporate,2024-05-17,2,85.06,89.01,593,1
CUST05592,Rebecca,Anderson,Other,48,rebecca.anderson5592@example.com,Orlando,Florida,United States,Middle,Consumer,2020-12-04,0,0.0,0.0,9999,1
CUST05593,Dorothy,Clark,Other,23,dorothy.clark5593@example.com,Durham,North Carolina,United States,Upper-Middle,Consumer,2024-08-18,1,4026.91,4108.73,415,1
CUST05594,Barbara,Adams,Male,36,barbara.adams5594@example.com,Scottsdale,Arizona,United States,Upper-Middle,Consumer,2019-09-28,2,4227.58,4501.81,1675,1
CUST05595,Melissa,Sharma,Female,18,melissa.sharma5595@example.com,Los Angeles,California,United States,Lower-Middle,Small Business,2020-10-16,1,42.58,46.57,2078,1
CUST05596,Alexander,Lee,Female,18,alexander.lee5596@example.com,Cleveland,Ohio,United States,Upper-Middle,Consumer,2023-06-14,0,0.0,0.0,9999,1
CUST05597,Dorothy,Torres,Male,22,dorothy.torres5597@example.com,Cleveland,Ohio,United States,High,Small Business,2026-05-31,4,6370.83,6487.54,11,0
CUST05598,Vikram,Robinson,Female,18,vikram.robinson5598@example.com,Allentown,Pennsylvania,United States,Middle,Corporate,2026-02-12,3,1101.88,1154.91,61,0
CUST05599,Charles,Young,Male,37,charles.young5599@example.com,Ann Arbor,Michigan,United States,Middle,Home Office,2022-03-02,5,3469.33,3492.09,208,1
CUST05600,Julie,Chen,Male,29,julie.chen5600@example.com,Tampa,Florida,United States,Lower-Middle,Consumer,2022-12-11,5,5882.5599999999995,6055.81,334,1
CUST05601,Linda,Baker,Female,67,linda.baker5601@example.com,Aurora,Colorado,United States,Middle,Corporate,2022-02-25,5,7562.33,7905.29,15,0
CUST05602,Michael,Singh,Other,21,michael.singh5602@example.com,San Francisco,California,United States,Middle,Small Business,2026-01-16,7,10420.28,11765.73,39,0
CUST05603,Michael,Chen,Male,57,michael.chen5603@example.com,Ann Arbor,Michigan,United States,Middle,Consumer,2023-10-07,5,11019.21,11709.8,125,0
CUST05604,Elizabeth,King,Other,20,elizabeth.king5604@example.com,Seattle,Washington,United States,Lower-Middle,Small Business,2023-09-24,2,1705.97,1719.92,99,0
CUST05605,Nancy,Nguyen,Female,36,nancy.nguyen5605@example.com,Seattle,Washington,United States,Lower-Middle,Consumer,2022-04-29,6,9755.56,10152.63,16,0
CUST05606,Nicholas,Garcia,Female,57,nicholas.garcia5606@example.com,Elizabeth,New Jersey,United States,Middle,Corporate,2023-02-05,0,0.0,0.0,9999,1
CUST05607,David,Andrade,Female,29,david.andrade5607@example.com,Mesa,Arizona,United States,Lower-Middle,Consumer,2021-06-08,6,7823.150000000001,7871.06,72,0
CUST05608,Margaret,Reddy,Other,18,margaret.reddy5608@example.com,Cincinnati,Ohio,United States,Upper-Middle,Consumer,2024-10-18,3,10302.630000000001,11348.83,154,0
CUST05609,Carol,Rodriguez,Other,28,carol.rodriguez5609@example.com,Erie,Pennsylvania,United States,Upper-Middle,Consumer,2020-10-09,4,11655.9,13026.56,718,1
CUST05610,Joseph,Chen,Male,25,joseph.chen5610@example.com,Everett,Washington,United States,Middle,Corporate,2023-06-14,5,6832.25,7722.64,270,1
CUST05611,Emma,Perez,Other,39,emma.perez5611@example.com,Detroit,Michigan,United States,Lower-Middle,Corporate,2020-08-04,1,975.93,1005.52,20,0
CUST05612,Joshua,Thompson,Other,51,joshua.thompson5612@example.com,New York City,New York,United States,Upper-Middle,Corporate,2021-03-27,3,2139.88,2212.96,1049,1
CUST05613,Susan,Torres,Other,45,susan.torres5613@example.com,Syracuse,New York,United States,High,Consumer,2023-08-11,2,515.22,534.97,195,1
CUST05614,Joseph,Nguyen,Male,20,joseph.nguyen5614@example.com,Austin,Texas,United States,Upper-Middle,Consumer,2023-09-09,1,134.77,142.34,165,0
CUST05615,Nicholas,Campbell,Other,20,nicholas.campbell5615@example.com,Scottsdale,Arizona,United States,Middle,Corporate,2022-01-25,3,3814.98,4012.87,393,1
CUST05616,Andrew,Perez,Male,36,andrew.perez5616@example.com,Cincinnati,Ohio,United States,Low,Consumer,2021-03-03,0,0.0,0.0,9999,1
CUST05617,Christopher,Brown,Female,24,christopher.brown5617@example.com,San Antonio,Texas,United States,Upper-Middle,Consumer,2020-10-18,4,4620.13,5240.01,33,0
CUST05618,Brandon,Kowalski,Other,23,brandon.kowalski5618@example.com,Tacoma,Washington,United States,Lower-Middle,Corporate,2019-08-19,4,2530.73,2703.33,1473,1
CUST05619,Shirley,Silva,Female,18,shirley.silva5619@example.com,Greensboro,North Carolina,United States,Middle,Consumer,2023-09-23,4,5639.04,6206.94,158,0
CUST05620,Elizabeth,Pereira,Male,49,elizabeth.pereira5620@example.com,Albany,New York,United States,High,Corporate,2025-12-04,3,423.56,447.43,29,0
CUST05621,Ashley,Roberts,Other,36,ashley.roberts5621@example.com,Augusta,Georgia,United States,High,Small Business,2025-04-11,3,1673.95,1893.99,170,0
CUST05622,Michelle,Wright,Male,39,michelle.wright5622@example.com,Chandler,Arizona,United States,High,Small Business,2026-06-21,4,2272.5,2286.11,15,0
CUST05623,Matthew,Martin,Other,32,matthew.martin5623@example.com,Phoenix,Arizona,United States,Middle,Home Office,2020-08-04,7,14493.58,14512.94,266,1
CUST05624,Richard,Harris,Female,27,richard.harris5624@example.com,San Jose,California,United States,Upper-Middle,Consumer,2019-07-06,5,7662.77,7676.83,771,1
CUST05625,Amanda,Patel,Male,36,amanda.patel5625@example.com,Boulder,Colorado,United States,Upper-Middle,Consumer,2021-06-08,3,1996.1,2145.27,105,0
CUST05626,Lisa,Pereira,Other,39,lisa.pereira5626@example.com,Chicago,Illinois,United States,Lower-Middle,Home Office,2025-03-28,2,1551.57,1742.43,216,1
CUST05627,Ming,Allen,Female,29,ming.allen5627@example.com,Cleveland,Ohio,United States,Middle,Consumer,2023-03-24,2,2705.67,2866.64,316,1
CUST05628,Ashley,Lee,Female,42,ashley.lee5628@example.com,San Francisco,California,United States,Lower-Middle,Home Office,2023-05-07,1,1953.51,2242.31,742,1
CUST05629,Julie,Allen,Other,40,julie.allen5629@example.com,Buffalo,New York,United States,Middle,Home Office,2019-09-26,3,1626.9,1713.57,669,1
CUST05630,Rahul,Wang,Male,53,rahul.wang5630@example.com,Athens,Georgia,United States,Lower-Middle,Consumer,2021-08-26,4,2208.0099999999998,2230.84,742,1
CUST05631,Sofia,Sanchez,Other,40,sofia.sanchez5631@example.com,Everett,Washington,United States,Middle,Corporate,2022-12-16,5,10493.31,11541.95,106,0
CUST05632,Chen,Gupta,Female,40,chen.gupta5632@example.com,Scottsdale,Arizona,United States,Lower-Middle,Small Business,2022-11-21,4,9759.289999999999,10397.69,786,1
CUST05633,Frank,Ivanov,Male,27,frank.ivanov5633@example.com,Savannah,Georgia,United States,Low,Corporate,2025-08-29,1,1907.42,1989.66,46,0
CUST05634,Daniel,Nguyen,Male,51,daniel.nguyen5634@example.com,Denver,Colorado,United States,Lower-Middle,Consumer,2024-06-11,4,1653.57,1732.31,236,1
CUST05635,Robert,Mitchell,Male,29,robert.mitchell5635@example.com,Denver,Colorado,United States,Middle,Home Office,2026-02-03,1,746.59,844.28,163,0
CUST05636,Julie,Ivanov,Female,25,julie.ivanov5636@example.com,Jersey City,New Jersey,United States,Upper-Middle,Home Office,2024-05-12,1,414.55,458.93,750,1
CUST05637,Sarah,Hall,Female,38,sarah.hall5637@example.com,Springfield,Illinois,United States,Lower-Middle,Home Office,2020-01-30,6,10974.97,11189.31,98,0
CUST05638,Sharon,Souza,Other,45,sharon.souza5638@example.com,Grand Rapids,Michigan,United States,Lower-Middle,Small Business,2025-04-15,4,4452.1,4810.82,45,0
CUST05639,Sharon,Robinson,Female,50,sharon.robinson5639@example.com,Flint,Michigan,United States,Middle,Consumer,2021-02-20,4,1995.92,2139.62,43,0
CUST05640,Catherine,Wilson,Male,43,catherine.wilson5640@example.com,Lowell,Massachusetts,United States,Upper-Middle,Consumer,2024-08-15,2,8280.73,9008.31,21,0
CUST05641,Matthew,Carter,Other,42,matthew.carter5641@example.com,Spokane,Washington,United States,Middle,Home Office,2019-11-21,1,104.42,114.91,138,0
CUST05642,Ryan,Gupta,Female,44,ryan.gupta5642@example.com,Charlotte,North Carolina,United States,Upper-Middle,Corporate,2022-02-07,5,12451.539999999999,12877.94,698,1
CUST05643,Jennifer,Scott,Female,37,jennifer.scott5643@example.com,Buffalo,New York,United States,High,Consumer,2023-04-16,1,594.98,648.54,791,1
CUST05644,Samuel,Robinson,Other,54,samuel.robinson5644@example.com,Fort Worth,Texas,United States,Middle,Corporate,2021-04-15,1,83.02,89.51,746,1
CUST05645,Elizabeth,Hernandez,Other,51,elizabeth.hernandez5645@example.com,Scottsdale,Arizona,United States,Middle,Consumer,2019-10-11,2,1605.6999999999998,1674.18,136,0
CUST05646,David,Harris,Female,31,david.harris5646@example.com,Pittsburgh,Pennsylvania,United States,Upper-Middle,Corporate,2022-09-10,2,7913.63,8477.97,313,1
CUST05647,Brian,Smith,Other,34,brian.smith5647@example.com,Fort Collins,Colorado,United States,Low,Consumer,2026-01-02,1,806.85,905.55,84,0
CUST05648,James,Hill,Other,18,james.hill5648@example.com,Ann Arbor,Michigan,United States,Middle,Corporate,2023-01-17,0,0.0,0.0,9999,1
CUST05649,Li,Patel,Female,47,li.patel5649@example.com,Tampa,Florida,United States,Middle,Consumer,2025-08-01,2,1010.68,1118.25,226,1
CUST05650,Rebecca,Taylor,Male,42,rebecca.taylor5650@example.com,Boston,Massachusetts,United States,Middle,Consumer,2025-10-04,4,6318.51,6352.4,5,0
CUST05651,Dorothy,Rivera,Female,36,dorothy.rivera5651@example.com,Fort Worth,Texas,United States,Middle,Corporate,2022-08-31,2,7294.610000000001,7643.86,503,1
CUST05652,Emily,Perez,Other,29,emily.perez5652@example.com,Rochester,New York,United States,Lower-Middle,Consumer,2022-02-08,4,1095.12,1112.03,184,1
CUST05653,Rahul,Harris,Other,45,rahul.harris5653@example.com,Phoenix,Arizona,United States,Lower-Middle,Consumer,2026-02-17,4,9772.38,10958.65,25,0
CUST05654,Donna,Gonzalez,Male,21,donna.gonzalez5654@example.com,Lansing,Michigan,United States,Middle,Consumer,2024-05-23,2,458.59000000000003,478.02,423,1
CUST05655,Sofia,Gonzalez,Female,31,sofia.gonzalez5655@example.com,San Jose,California,United States,Middle,Consumer,2024-10-20,4,4074.81,4465.34,92,0
CUST05656,Carolyn,Robinson,Male,38,carolyn.robinson5656@example.com,Fort Collins,Colorado,United States,Middle,Consumer,2023-03-17,7,14105.91,14427.65,319,1
CUST05657,Scott,Johnson,Other,35,scott.johnson5657@example.com,Aurora,Colorado,United States,Low,Consumer,2020-07-24,5,7242.3099999999995,7875.07,38,0
CUST05658,Donald,Ivanov,Male,33,donald.ivanov5658@example.com,Jersey City,New Jersey,United States,Lower-Middle,Consumer,2025-06-12,4,5132.6,5515.28,89,0
CUST05659,Aditya,Dubois,Female,28,aditya.dubois5659@example.com,Boulder,Colorado,United States,Upper-Middle,Small Business,2022-04-07,0,0.0,0.0,9999,1
CUST05660,Maria,Sanchez,Male,22,maria.sanchez5660@example.com,Jersey City,New Jersey,United States,Middle,Consumer,2022-05-29,7,4520.08,4555.7,374,1
CUST05661,Sarah,Costa,Male,43,sarah.costa5661@example.com,San Antonio,Texas,United States,Upper-Middle,Home Office,2023-08-24,4,2617.52,2646.77,103,0
CUST05662,Rahul,Robinson,Other,25,rahul.robinson5662@example.com,Allentown,Pennsylvania,United States,Middle,Corporate,2024-02-21,6,9972.71,10686.5,159,0
CUST05663,Dennis,Green,Male,37,dennis.green5663@example.com,Jersey City,New Jersey,United States,Low,Consumer,2021-08-02,1,610.94,617.93,1134,1
CUST05664,Dennis,Green,Male,34,dennis.green5664@example.com,Lansing,Michigan,United States,Upper-Middle,Consumer,2020-09-25,2,487.92999999999995,515.6,708,1
CUST05665,Rahul,Ramirez,Female,43,rahul.ramirez5665@example.com,Houston,Texas,United States,Middle,Small Business,2024-06-11,0,0.0,0.0,9999,1
CUST05666,Donald,Wilson,Other,31,donald.wilson5666@example.com,Newark,New Jersey,United States,Middle,Consumer,2021-04-14,3,1313.67,1434.48,275,1
CUST05667,Donald,Miller,Other,60,donald.miller5667@example.com,Fort Collins,Colorado,United States,Upper-Middle,Home Office,2023-10-16,6,11799.95,12466.07,217,1
CUST05668,Samantha,King,Male,48,samantha.king5668@example.com,Seattle,Washington,United States,Lower-Middle,Small Business,2020-07-16,6,11799.390000000001,13011.38,288,1
CUST05669,Richard,Silva,Male,18,richard.silva5669@example.com,Boston,Massachusetts,United States,Upper-Middle,Consumer,2025-11-09,3,4498.44,4987.31,20,0
CUST05670,Melissa,Lopez,Male,34,melissa.lopez5670@example.com,Seattle,Washington,United States,Lower-Middle,Consumer,2024-12-25,2,2958.52,3093.19,318,1
CUST05671,Joshua,Martinez,Male,18,joshua.martinez5671@example.com,Mesa,Arizona,United States,Middle,Consumer,2021-12-24,4,5801.85,6531.68,752,1
CUST05672,Sarah,Costa,Male,18,sarah.costa5672@example.com,Peoria,Illinois,United States,Middle,Corporate,2020-11-16,3,778.94,801.65,577,1
CUST05673,Brenda,Wang,Male,37,brenda.wang5673@example.com,Spokane,Washington,United States,Upper-Middle,Consumer,2019-06-19,2,521.9200000000001,582.84,686,1
CUST05674,Scott,Rossi,Male,50,scott.rossi5674@example.com,Denver,Colorado,United States,Middle,Small Business,2024-12-28,2,713.1,769.17,236,1
CUST05675,Emily,Harris,Other,18,emily.harris5675@example.com,Tacoma,Washington,United States,Middle,Consumer,2019-07-22,1,2953.09,3161.36,328,1
CUST05676,Anthony,Flores,Male,35,anthony.flores5676@example.com,Springfield,Illinois,United States,Low,Consumer,2019-08-22,2,2222.53,2299.99,220,1
CUST05677,Wei,Garcia,Female,66,wei.garcia5677@example.com,Boston,Massachusetts,United States,Upper-Middle,Consumer,2026-03-03,6,6099.76,6926.38,48,0
CUST05678,Mary,Nguyen,Male,20,mary.nguyen5678@example.com,Dallas,Texas,United States,Lower-Middle,Consumer,2023-05-20,2,1759.3000000000002,1847.55,547,1
CUST05679,Dennis,Zhang,Male,34,dennis.zhang5679@example.com,Ann Arbor,Michigan,United States,Low,Consumer,2022-04-10,6,10094.31,10574.8,141,0
CUST05680,Charles,Taylor,Other,18,charles.taylor5680@example.com,Spokane,Washington,United States,High,Consumer,2024-09-23,2,1895.18,2150.48,466,1
CUST05681,Aditya,Kim,Female,18,aditya.kim5681@example.com,New York City,New York,United States,Middle,Home Office,2019-11-11,3,3487.48,3514.54,1281,1
CUST05682,Maria,Costa,Other,41,maria.costa5682@example.com,Lowell,Massachusetts,United States,High,Corporate,2025-12-17,3,6888.01,7171.46,82,0
CUST05683,Raymond,Zhang,Female,37,raymond.zhang5683@example.com,Athens,Georgia,United States,Upper-Middle,Small Business,2021-02-20,2,2666.62,2967.02,553,1
CUST05684,Aditya,Rodriguez,Female,39,aditya.rodriguez5684@example.com,Fort Lauderdale,Florida,United States,Middle,Consumer,2026-02-16,6,7299.33,7959.14,89,0
CUST05685,Priya,Ramirez,Male,45,priya.ramirez5685@example.com,Flint,Michigan,United States,Middle,Corporate,2022-12-22,1,2497.9,2869.46,668,1
CUST05686,Christine,Zhang,Male,49,christine.zhang5686@example.com,Spokane,Washington,United States,Lower-Middle,Consumer,2023-12-09,4,5681.88,6477.19,412,1
CUST05687,Robert,Scott,Other,48,robert.scott5687@example.com,Philadelphia,Pennsylvania,United States,Lower-Middle,Consumer,2025-02-06,2,963.4000000000001,1090.24,104,0
CUST05688,Shirley,Kumar,Male,39,shirley.kumar5688@example.com,Elizabeth,New Jersey,United States,Middle,Home Office,2024-04-03,2,298.4,307.15,341,1
CUST05689,Vikram,Lewis,Other,48,vikram.lewis5689@example.com,Chicago,Illinois,United States,Middle,Corporate,2025-11-04,3,7600.8099999999995,8620.46,4,0
CUST05690,Gary,Patel,Other,32,gary.patel5690@example.com,Springfield,Massachusetts,United States,Middle,Consumer,2020-10-22,3,2353.17,2647.89,561,1
CUST05691,Benjamin,Wilson,Female,49,benjamin.wilson5691@example.com,Erie,Pennsylvania,United States,Middle,Corporate,2021-03-06,1,4752.81,5447.98,659,1
CUST05692,Li,Wilson,Other,31,li.wilson5692@example.com,Lowell,Massachusetts,United States,Lower-Middle,Corporate,2025-09-14,2,3224.33,3289.5,97,0
CUST05693,Heather,Moore,Female,40,heather.moore5693@example.com,San Diego,California,United States,Upper-Middle,Corporate,2020-08-13,4,6124.4800000000005,6143.46,137,0
CUST05694,Joyce,Walker,Female,29,joyce.walker5694@example.com,Grand Rapids,Michigan,United States,Low,Corporate,2020-10-14,4,2725.6499999999996,2757.13,1487,1
CUST05695,Steven,Brown,Other,26,steven.brown5695@example.com,Cleveland,Ohio,United States,Lower-Middle,Consumer,2024-03-16,5,4960.95,5574.54,345,1
CUST05696,Ryan,Johnson,Other,46,ryan.johnson5696@example.com,New York City,New York,United States,Middle,Corporate,2025-01-14,8,6393.62,7040.72,53,0
CUST05697,Joyce,Rivera,Other,42,joyce.rivera5697@example.com,Jacksonville,Florida,United States,Middle,Consumer,2021-12-22,1,2074.88,2226.57,1353,1
CUST05698,Alexander,Hall,Prefer not to say,46,alexander.hall5698@example.com,Allentown,Pennsylvania,United States,Upper-Middle,Home Office,2023-08-05,4,4792.63,5318.05,203,1
CUST05699,Carolyn,Green,Male,62,carolyn.green5699@example.com,Naperville,Illinois,United States,Middle,Small Business,2025-06-08,3,1879.89,2042.65,183,1
CUST05700,Anna,Kumar,Prefer not to say,39,anna.kumar5700@example.com,Athens,Georgia,United States,Middle,Consumer,2025-06-02,3,7420.76,8495.91,111,0
CUST05701,Eric,Souza,Male,25,eric.souza5701@example.com,Lowell,Massachusetts,United States,Middle,Home Office,2020-05-14,3,2444.6800000000003,2668.61,15,0
CUST05702,Sarah,Wilson,Other,32,sarah.wilson5702@example.com,Boston,Massachusetts,United States,Low,Home Office,2019-07-24,3,6140.56,6354.05,1268,1
CUST05703,Carolyn,Johnson,Male,37,carolyn.johnson5703@example.com,Trenton,New Jersey,United States,Upper-Middle,Corporate,2023-12-20,5,8390.09,8464.45,48,0
CUST05704,Gary,Rodriguez,Female,42,gary.rodriguez5704@example.com,Dallas,Texas,United States,Middle,Corporate,2023-11-02,2,2552.9,2877.41,146,0
CUST05705,George,Dubois,Female,19,george.dubois5705@example.com,Charlotte,North Carolina,United States,Low,Home Office,2020-07-07,5,6572.93,6933.55,496,1
CUST05706,Janet,Flores,Female,43,janet.flores5706@example.com,Greensboro,North Carolina,United States,Middle,Consumer,2022-08-06,3,522.61,537.16,917,1
CUST05707,Steven,Wright,Male,18,steven.wright5707@example.com,Albany,New York,United States,Upper-Middle,Consumer,2021-02-19,2,558.3699999999999,590.77,12,0
CUST05708,Gary,Davis,Other,23,gary.davis5708@example.com,Mesa,Arizona,United States,Middle,Consumer,2024-11-08,5,3947.1700000000005,4045.63,16,0
CUST05709,Joseph,Williams,Female,47,joseph.williams5709@example.com,Fort Worth,Texas,United States,Middle,Consumer,2025-11-21,3,5249.15,5648.09,110,0
CUST05710,Ashley,Lee,Male,33,ashley.lee5710@example.com,Erie,Pennsylvania,United States,Middle,Corporate,2025-01-03,4,8807.56,9331.84,34,0
CUST05711,Mark,Brown,Male,18,mark.brown5711@example.com,Savannah,Georgia,United States,Lower-Middle,Consumer,2025-01-10,4,969.73,1021.45,25,0
CUST05712,Jason,Andrade,Female,62,jason.andrade5712@example.com,Flint,Michigan,United States,Middle,Consumer,2019-06-23,2,3089.78,3193.07,818,1
CUST05713,Ananya,Davis,Other,33,ananya.davis5713@example.com,Worcester,Massachusetts,United States,Upper-Middle,Consumer,2024-03-28,3,8189.66,8725.84,2,0
CUST05714,Sandra,Silva,Female,57,sandra.silva5714@example.com,San Antonio,Texas,United States,Middle,Home Office,2024-06-16,4,6852.36,6908.09,121,0
CUST05715,Shirley,Jackson,Other,18,shirley.jackson5715@example.com,Peoria,Illinois,United States,Lower-Middle,Consumer,2021-11-02,5,3356.04,3360.3,246,1
CUST05716,Andrew,Andrade,Other,42,andrew.andrade5716@example.com,Houston,Texas,United States,Lower-Middle,Consumer,2022-08-25,3,6257.84,7149.69,159,0
CUST05717,Jason,Torres,Male,27,jason.torres5717@example.com,Orlando,Florida,United States,Low,Consumer,2021-09-24,4,482.0,545.98,26,0
CUST05718,Amanda,Carter,Male,47,amanda.carter5718@example.com,Aurora,Colorado,United States,Middle,Consumer,2026-06-02,4,5066.24,5756.1,20,0
CUST05719,Cynthia,Mitchell,Female,35,cynthia.mitchell5719@example.com,Detroit,Michigan,United States,Low,Consumer,2023-01-27,3,1090.29,1191.63,197,1
CUST05720,Donald,Zhang,Other,38,donald.zhang5720@example.com,Springfield,Illinois,United States,Upper-Middle,Consumer,2023-07-01,8,7064.28,7922.51,138,0
CUST05721,Edward,Muller,Other,36,edward.muller5721@example.com,Chicago,Illinois,United States,Lower-Middle,Consumer,2021-08-18,2,5948.280000000001,6551.86,957,1
CUST05722,Kenneth,Lopez,Male,39,kenneth.lopez5722@example.com,Jersey City,New Jersey,United States,Lower-Middle,Home Office,2024-05-18,1,4011.03,4030.68,365,1
CUST05723,Kimberly,Wilson,Male,29,kimberly.wilson5723@example.com,Seattle,Washington,United States,Middle,Small Business,2022-11-13,5,6180.07,6311.77,180,0
CUST05724,Patricia,Moore,Male,25,patricia.moore5724@example.com,Sacramento,California,United States,Middle,Consumer,2023-07-21,2,1821.15,1916.57,624,1
CUST05725,Stephanie,Clark,Female,33,stephanie.clark5725@example.com,Los Angeles,California,United States,Upper-Middle,Consumer,2025-09-13,2,6801.98,6917.06,186,1
CUST05726,Carolyn,Flores,Other,53,carolyn.flores5726@example.com,Springfield,Illinois,United States,Upper-Middle,Home Office,2025-02-26,7,8015.45,8035.22,161,0
CUST05727,Jeffrey,Young,Male,53,jeffrey.young5727@example.com,Mesa,Arizona,United States,Middle,Corporate,2021-04-28,0,0.0,0.0,9999,1
CUST05728,Kenneth,Gupta,Female,42,kenneth.gupta5728@example.com,Houston,Texas,United States,Lower-Middle,Corporate,2023-05-30,1,62.4,71.45,391,1
CUST05729,Gregory,Flores,Female,38,gregory.flores5729@example.com,Springfield,Illinois,United States,Upper-Middle,Consumer,2026-06-04,6,17813.67,18652.68,2,0
CUST05730,Emily,Nelson,Female,28,emily.nelson5730@example.com,Pittsburgh,Pennsylvania,United States,Upper-Middle,Small Business,2025-10-13,1,6913.54,7083.52,173,0
CUST05731,Kenneth,Souza,Other,18,kenneth.souza5731@example.com,Albany,New York,United States,Lower-Middle,Corporate,2022-07-02,4,3027.58,3081.86,161,0
CUST05732,Melissa,Davis,Female,37,melissa.davis5732@example.com,Charlotte,North Carolina,United States,Upper-Middle,Corporate,2021-12-12,1,606.63,609.6,97,0
CUST05733,Meera,Flores,Male,37,meera.flores5733@example.com,San Francisco,California,United States,Lower-Middle,Consumer,2023-04-07,2,1005.14,1039.27,364,1
CUST05734,Melissa,Robinson,Other,46,melissa.robinson5734@example.com,Aurora,Colorado,United States,Low,Consumer,2021-08-21,2,1707.57,1901.63,451,1
CUST05735,Gregory,Nelson,Other,18,gregory.nelson5735@example.com,Jersey City,New Jersey,United States,Middle,Consumer,2021-08-13,3,2315.19,2569.22,184,1
CUST05736,Mateo,Ivanov,Female,30,mateo.ivanov5736@example.com,Philadelphia,Pennsylvania,United States,Upper-Middle,Consumer,2022-03-23,1,1826.79,1946.92,620,1
CUST05737,Samantha,Wang,Female,38,samantha.wang5737@example.com,Worcester,Massachusetts,United States,Lower-Middle,Home Office,2020-11-27,1,1311.45,1448.84,1452,1
CUST05738,Donna,Taylor,Female,29,donna.taylor5738@example.com,Pittsburgh,Pennsylvania,United States,Upper-Middle,Consumer,2025-11-24,4,1865.56,1910.09,12,0
CUST05739,Angela,Rossi,Female,28,angela.rossi5739@example.com,Naperville,Illinois,United States,Middle,Consumer,2021-04-29,3,2086.6,2225.13,67,0
CUST05740,Justin,Young,Female,27,justin.young5740@example.com,San Diego,California,United States,Lower-Middle,Consumer,2021-10-22,2,2513.51,2773.51,19,0
CUST05741,Sharon,Johnson,Other,31,sharon.johnson5741@example.com,Akron,Ohio,United States,Upper-Middle,Small Business,2026-03-09,4,3707.29,3879.02,41,0
CUST05742,Deborah,Hill,Male,39,deborah.hill5742@example.com,Greensboro,North Carolina,United States,High,Corporate,2020-05-24,3,5246.11,5819.53,408,1
CUST05743,George,Campbell,Female,45,george.campbell5743@example.com,Worcester,Massachusetts,United States,Middle,Consumer,2024-03-20,4,7358.509999999999,8277.7,331,1
CUST05744,Yuki,Rivera,Other,36,yuki.rivera5744@example.com,Trenton,New Jersey,United States,Upper-Middle,Consumer,2019-07-26,3,2606.65,2860.56,1023,1
CUST05745,Richard,Moore,Female,42,richard.moore5745@example.com,Houston,Texas,United States,Low,Consumer,2020-07-22,3,3594.4,3946.27,589,1
CUST05746,George,Allen,Other,39,george.allen5746@example.com,Springfield,Massachusetts,United States,Lower-Middle,Consumer,2023-11-02,1,1530.94,1705.83,399,1
CUST05747,Barbara,Reddy,Other,50,barbara.reddy5747@example.com,San Jose,California,United States,Upper-Middle,Home Office,2025-01-08,3,1031.92,1183.27,35,0
CUST05748,Charles,Allen,Female,28,charles.allen5748@example.com,Atlanta,Georgia,United States,Middle,Consumer,2021-09-07,1,383.55,390.26,1461,1
CUST05749,Sarah,Campbell,Other,18,sarah.campbell5749@example.com,Seattle,Washington,United States,Middle,Consumer,2022-10-29,2,1468.36,1530.2,513,1
CUST05750,Alexander,Sharma,Male,33,alexander.sharma5750@example.com,Boston,Massachusetts,United States,Lower-Middle,Consumer,2022-11-22,3,1918.5,2189.53,65,0
CUST05751,Neha,Robinson,Female,25,neha.robinson5751@example.com,Chandler,Arizona,United States,Lower-Middle,Corporate,2020-01-11,5,4573.19,4659.04,670,1
CUST05752,Nicholas,Andrade,Male,47,nicholas.andrade5752@example.com,Naperville,Illinois,United States,Middle,Corporate,2023-05-11,2,5220.610000000001,5317.36,504,1
CUST05753,Karen,Young,Female,45,karen.young5753@example.com,Columbus,Ohio,United States,Middle,Consumer,2020-03-14,2,6422.92,7137.25,882,1
CUST05754,Rebecca,King,Other,31,rebecca.king5754@example.com,Allentown,Pennsylvania,United States,Middle,Home Office,2020-03-09,2,1014.61,1148.92,756,1
CUST05755,Raymond,Rivera,Other,38,raymond.rivera5755@example.com,Fort Collins,Colorado,United States,Middle,Consumer,2019-08-19,3,3783.76,3871.2,249,1
CUST05756,Laura,Harris,Female,54,laura.harris5756@example.com,Phoenix,Arizona,United States,Upper-Middle,Consumer,2020-08-22,5,4486.57,4678.76,210,1
CUST05757,Jack,Jackson,Other,26,jack.jackson5757@example.com,Atlanta,Georgia,United States,Lower-Middle,Home Office,2025-10-27,1,52.47,55.2,84,0
CUST05758,Camila,Scott,Male,48,camila.scott5758@example.com,Newark,New Jersey,United States,Lower-Middle,Small Business,2020-09-05,4,2648.37,2735.52,343,1
CUST05759,Ronald,Taylor,Male,18,ronald.taylor5759@example.com,Athens,Georgia,United States,Middle,Small Business,2025-05-12,4,7455.110000000001,8302.24,26,0
CUST05760,Paul,Brown,Male,38,paul.brown5760@example.com,Springfield,Massachusetts,United States,Lower-Middle,Small Business,2019-07-18,2,5369.81,5708.98,1274,1
CUST05761,Carol,Campbell,Male,31,carol.campbell5761@example.com,Houston,Texas,United States,Middle,Consumer,2023-05-16,1,901.15,1032.04,145,0
CUST05762,David,Thomas,Male,50,david.thomas5762@example.com,San Diego,California,United States,High,Corporate,2020-09-03,1,313.75,338.82,2148,1
CUST05763,Arjun,Taylor,Male,41,arjun.taylor5763@example.com,Winston-Salem,North Carolina,United States,Low,Home Office,2022-02-06,3,6775.35,7464.89,157,0
CUST05764,Donna,Baker,Male,38,donna.baker5764@example.com,Ann Arbor,Michigan,United States,Upper-Middle,Small Business,2026-06-07,2,4498.969999999999,4800.57,24,0
CUST05765,Raymond,Moore,Female,37,raymond.moore5765@example.com,Athens,Georgia,United States,Middle,Consumer,2023-12-14,5,9798.35,10055.08,16,0
CUST05766,Anthony,Clark,Male,35,anthony.clark5766@example.com,Allentown,Pennsylvania,United States,High,Consumer,2022-02-10,5,3907.2999999999997,4319.47,388,1
CUST05767,Benjamin,Zhang,Other,39,benjamin.zhang5767@example.com,Orlando,Florida,United States,Middle,Small Business,2020-09-28,2,13003.150000000001,13030.07,282,1
CUST05768,Scott,Singh,Male,41,scott.singh5768@example.com,Lowell,Massachusetts,United States,Low,Small Business,2022-05-27,2,1526.55,1559.35,102,0
CUST05769,Jessica,Garcia,Female,37,jessica.garcia5769@example.com,San Francisco,California,United States,Low,Consumer,2022-10-27,3,2349.06,2618.52,282,1
CUST05770,Nancy,Rodriguez,Other,34,nancy.rodriguez5770@example.com,Springfield,Illinois,United States,Middle,Small Business,2022-09-06,4,3168.88,3287.66,79,0
CUST05771,Frank,Costa,Other,43,frank.costa5771@example.com,Akron,Ohio,United States,Upper-Middle,Small Business,2021-09-19,2,1906.35,2157.22,312,1
CUST05772,Mateo,Baker,Prefer not to say,40,mateo.baker5772@example.com,Jacksonville,Florida,United States,Low,Small Business,2024-10-06,4,4370.19,4987.66,12,0
CUST05773,Amy,Young,Female,61,amy.young5773@example.com,Houston,Texas,United States,Lower-Middle,Corporate,2024-10-01,1,473.64,516.58,50,0
CUST05774,Stephen,Harris,Female,47,stephen.harris5774@example.com,Fort Worth,Texas,United States,Lower-Middle,Corporate,2025-09-08,0,0.0,0.0,9999,1
CUST05775,Olivia,Campbell,Other,30,olivia.campbell5775@example.com,Sacramento,California,United States,Lower-Middle,Consumer,2023-08-06,1,700.67,713.95,18,0
CUST05776,Laura,Robinson,Other,31,laura.robinson5776@example.com,Dallas,Texas,United States,Middle,Consumer,2026-06-07,3,1370.9199999999998,1494.59,19,0
CUST05777,Emily,Hernandez,Other,36,emily.hernandez5777@example.com,Mesa,Arizona,United States,Lower-Middle,Home Office,2026-05-25,2,280.86,304.7,16,0
CUST05778,Joyce,Lee,Other,21,joyce.lee5778@example.com,Bellevue,Washington,United States,High,Consumer,2020-03-31,0,0.0,0.0,9999,1
CUST05779,Benjamin,Brown,Female,31,benjamin.brown5779@example.com,Raleigh,North Carolina,United States,Middle,Consumer,2019-10-04,3,6773.7,7239.05,212,1
CUST05780,Scott,Davis,Male,45,scott.davis5780@example.com,Savannah,Georgia,United States,Low,Corporate,2024-06-30,3,2350.11,2558.79,27,0
CUST05781,Jacob,Hernandez,Male,38,jacob.hernandez5781@example.com,Colorado Springs,Colorado,United States,Middle,Home Office,2022-02-18,3,2501.68,2616.45,347,1
CUST05782,Emily,Hall,Other,31,emily.hall5782@example.com,Buffalo,New York,United States,High,Corporate,2021-07-18,2,1479.5,1495.71,417,1
CUST05783,Olivia,Kumar,Male,54,olivia.kumar5783@example.com,Boston,Massachusetts,United States,Lower-Middle,Consumer,2026-03-22,1,25.35,27.45,109,0
CUST05784,Dorothy,Costa,Female,27,dorothy.costa5784@example.com,Scottsdale,Arizona,United States,Lower-Middle,Consumer,2022-07-10,4,2886.1099999999997,3175.58,399,1
CUST05785,Priya,Brown,Male,60,priya.brown5785@example.com,Orlando,Florida,United States,Low,Small Business,2021-05-10,6,15381.42,16518.34,85,0
CUST05786,Eric,Souza,Male,65,eric.souza5786@example.com,Sacramento,California,United States,Upper-Middle,Consumer,2019-12-09,1,362.86,382.89,2231,1
CUST05787,William,Kim,Male,45,william.kim5787@example.com,Philadelphia,Pennsylvania,United States,High,Corporate,2024-07-19,1,785.03,864.11,294,1
CUST05788,Jessica,Lewis,Male,26,jessica.lewis5788@example.com,Newark,New Jersey,United States,Middle,Corporate,2025-10-28,5,8337.54,8997.53,25,0
CUST05789,Jason,Ivanov,Other,33,jason.ivanov5789@example.com,Tacoma,Washington,United States,Upper-Middle,Consumer,2023-09-07,2,1873.52,2143.95,910,1
CUST05790,Carol,Pereira,Other,35,carol.pereira5790@example.com,Philadelphia,Pennsylvania,United States,Lower-Middle,Home Office,2024-11-16,2,1282.42,1314.1,286,1
CUST05791,Joshua,Nelson,Other,40,joshua.nelson5791@example.com,San Diego,California,United States,Upper-Middle,Consumer,2021-10-18,5,3334.93,3558.5,284,1
CUST05792,Chen,Young,Other,42,chen.young5792@example.com,Toledo,Ohio,United States,Lower-Middle,Consumer,2020-04-30,2,9505.54,10291.68,891,1
CUST05793,Laura,Thompson,Female,35,laura.thompson5793@example.com,Greensboro,North Carolina,United States,Lower-Middle,Small Business,2023-07-11,1,1925.02,2086.41,1011,1
CUST05794,Andrew,Moore,Male,53,andrew.moore5794@example.com,San Diego,California,United States,Middle,Consumer,2023-11-03,4,4122.87,4569.25,392,1
CUST05795,Catherine,Adams,Other,37,catherine.adams5795@example.com,Newark,New Jersey,United States,High,Consumer,2025-10-29,2,2708.26,2855.41,216,1
CUST05796,Stephanie,Jackson,Female,36,stephanie.jackson5796@example.com,San Antonio,Texas,United States,Lower-Middle,Consumer,2021-02-17,2,3544.95,3782.42,176,0
CUST05797,Donna,Sanchez,Female,48,donna.sanchez5797@example.com,Boulder,Colorado,United States,Lower-Middle,Home Office,2023-05-08,6,14915.69,16887.02,401,1
CUST05798,Sofia,Carter,Male,18,sofia.carter5798@example.com,Augusta,Georgia,United States,Middle,Home Office,2022-11-05,3,3487.62,3723.21,286,1
CUST05799,Stephen,Singh,Other,44,stephen.singh5799@example.com,Flint,Michigan,United States,Upper-Middle,Small Business,2022-04-02,6,7529.41,8468.16,64,0
CUST05800,Hiroshi,Campbell,Female,24,hiroshi.campbell5800@example.com,Durham,North Carolina,United States,Lower-Middle,Consumer,2024-07-25,6,7976.320000000001,8223.98,38,0
CUST05801,Julie,Lopez,Other,51,julie.lopez5801@example.com,Sacramento,California,United States,Upper-Middle,Consumer,2021-04-17,1,95.28,103.29,1008,1
CUST05802,Rachel,Martin,Male,38,rachel.martin5802@example.com,Cincinnati,Ohio,United States,Middle,Corporate,2025-01-10,10,5498.38,6042.66,19,0
CUST05803,Samuel,Wang,Female,39,samuel.wang5803@example.com,Winston-Salem,North Carolina,United States,Lower-Middle,Consumer,2025-05-25,3,3530.2200000000003,3649.69,32,0
CUST05804,Elizabeth,Lee,Male,36,elizabeth.lee5804@example.com,Rockford,Illinois,United States,Upper-Middle,Consumer,2022-05-24,5,6138.08,6426.11,35,0
CUST05805,Diane,Wright,Other,29,diane.wright5805@example.com,Reading,Pennsylvania,United States,High,Small Business,2023-08-05,0,0.0,0.0,9999,1
CUST05806,Kimberly,Young,Other,38,kimberly.young5806@example.com,Paterson,New Jersey,United States,Low,Consumer,2023-07-28,4,10677.2,12027.39,348,1
CUST05807,Donna,Garcia,Male,41,donna.garcia5807@example.com,Macon,Georgia,United States,Middle,Consumer,2024-04-05,3,3562.25,3753.87,145,0
CUST05808,Nicholas,Wang,Other,34,nicholas.wang5808@example.com,Erie,Pennsylvania,United States,Lower-Middle,Consumer,2023-11-02,3,2513.0,2739.5,360,1
CUST05809,Frank,Moore,Male,45,frank.moore5809@example.com,Boston,Massachusetts,United States,Middle,Small Business,2019-07-23,5,6600.879999999999,7298.81,84,0
CUST05810,Christopher,Muller,Female,52,christopher.muller5810@example.com,Tampa,Florida,United States,Lower-Middle,Consumer,2024-11-18,3,377.02,397.06,25,0
CUST05811,Hiroshi,Rossi,Male,55,hiroshi.rossi5811@example.com,New York City,New York,United States,Upper-Middle,Consumer,2024-08-11,6,5083.0199999999995,5215.31,35,0
CUST05812,Emma,Baker,Other,35,emma.baker5812@example.com,Macon,Georgia,United States,Lower-Middle,Corporate,2022-04-18,2,968.5699999999999,1110.91,621,1
CUST05813,Melissa,Robinson,Male,34,melissa.robinson5813@example.com,Rochester,New York,United States,Lower-Middle,Consumer,2021-01-19,1,1018.95,1051.35,1997,1
CUST05814,John,Smith,Other,24,john.smith5814@example.com,Flint,Michigan,United States,Upper-Middle,Home Office,2020-07-10,2,973.61,1096.28,697,1
CUST05815,Kevin,Dubois,Male,33,kevin.dubois5815@example.com,Lowell,Massachusetts,United States,Middle,Corporate,2021-01-14,1,2192.2,2479.29,838,1
CUST05816,Frank,Clark,Female,25,frank.clark5816@example.com,San Francisco,California,United States,Low,Small Business,2023-05-10,4,4553.46,5028.9,464,1
CUST05817,Ashley,Patel,Male,26,ashley.patel5817@example.com,Pittsburgh,Pennsylvania,United States,Middle,Consumer,2025-05-31,4,5640.570000000001,5963.01,183,1
CUST05818,Jack,Souza,Other,34,jack.souza5818@example.com,Rockford,Illinois,United States,Middle,Home Office,2021-05-05,3,1858.3,2041.13,370,1
CUST05819,Aditya,Chen,Other,36,aditya.chen5819@example.com,Denver,Colorado,United States,Middle,Consumer,2025-12-13,3,7312.389999999999,8026.12,8,0
CUST05820,Jennifer,Brown,Female,39,jennifer.brown5820@example.com,Augusta,Georgia,United States,Low,Consumer,2023-07-22,4,5972.700000000001,6758.85,26,0
CUST05821,Donald,Young,Male,18,donald.young5821@example.com,Fort Collins,Colorado,United States,High,Home Office,2024-02-12,0,0.0,0.0,9999,1
CUST05822,Jack,Hernandez,Female,40,jack.hernandez5822@example.com,Scottsdale,Arizona,United States,Upper-Middle,Consumer,2024-09-13,5,8846.65,9279.96,3,0
CUST05823,Deborah,Chen,Male,44,deborah.chen5823@example.com,San Antonio,Texas,United States,Middle,Corporate,2020-02-13,4,8747.47,9732.21,346,1
CUST05824,Sharon,White,Female,40,sharon.white5824@example.com,Denver,Colorado,United States,Upper-Middle,Corporate,2025-04-06,3,1637.24,1879.81,386,1
CUST05825,Arjun,Hill,Other,45,arjun.hill5825@example.com,Denver,Colorado,United States,Lower-Middle,Small Business,2020-07-11,2,876.19,938.54,1411,1
CUST05826,Vikram,Kowalski,Male,32,vikram.kowalski5826@example.com,Toledo,Ohio,United States,Middle,Consumer,2022-01-24,3,8956.31,9507.26,459,1
CUST05827,Jonathan,Ivanov,Female,43,jonathan.ivanov5827@example.com,Chicago,Illinois,United States,Lower-Middle,Consumer,2024-09-24,7,9643.779999999999,9961.22,51,0
CUST05828,Ming,Robinson,Female,32,ming.robinson5828@example.com,Seattle,Washington,United States,Lower-Middle,Corporate,2023-05-18,4,4326.86,4440.72,144,0
CUST05829,Shirley,Kowalski,Female,31,shirley.kowalski5829@example.com,Savannah,Georgia,United States,Lower-Middle,Consumer,2024-02-07,1,69.6,79.54,184,1
CUST05830,Larry,Thompson,Male,33,larry.thompson5830@example.com,Dallas,Texas,United States,Lower-Middle,Consumer,2025-06-09,4,762.5,805.88,86,0
CUST05831,Wei,Andrade,Male,43,wei.andrade5831@example.com,Jersey City,New Jersey,United States,Lower-Middle,Home Office,2019-12-30,5,1959.76,2197.68,607,1
CUST05832,Mary,Kim,Male,35,mary.kim5832@example.com,Phoenix,Arizona,United States,Upper-Middle,Consumer,2020-08-22,7,15853.7,16493.12,391,1
CUST05833,Frank,Smith,Other,45,frank.smith5833@example.com,Naperville,Illinois,United States,Lower-Middle,Home Office,2025-02-20,4,1774.96,1915.98,236,1
CUST05834,Rebecca,Zhang,Male,60,rebecca.zhang5834@example.com,Paterson,New Jersey,United States,Middle,Home Office,2026-05-28,2,305.98,322.85,11,0
CUST05835,Paul,Anderson,Other,41,paul.anderson5835@example.com,Scottsdale,Arizona,United States,Middle,Consumer,2022-09-20,1,43.73,47.37,384,1
CUST05836,Donna,Green,Other,23,donna.green5836@example.com,Akron,Ohio,United States,Upper-Middle,Corporate,2019-10-29,3,4870.410000000001,5474.26,356,1
CUST05837,Hiroshi,Gonzalez,Female,41,hiroshi.gonzalez5837@example.com,Cincinnati,Ohio,United States,Middle,Consumer,2022-02-26,1,19.97,20.7,388,1
CUST05838,Sofia,Wang,Female,28,sofia.wang5838@example.com,Cambridge,Massachusetts,United States,Upper-Middle,Corporate,2022-11-13,5,8018.08,8444.93,7,0
CUST05839,Deborah,Patel,Female,32,deborah.patel5839@example.com,Aurora,Colorado,United States,High,Consumer,2025-11-10,2,5113.299999999999,5623.28,45,0
CUST05840,Amanda,Taylor,Other,30,amanda.taylor5840@example.com,San Jose,California,United States,Upper-Middle,Consumer,2022-06-30,2,5074.860000000001,5689.14,1111,1
CUST05841,Rachel,Moore,Female,23,rachel.moore5841@example.com,Lansing,Michigan,United States,Lower-Middle,Consumer,2019-12-02,2,743.4,766.57,1200,1
CUST05842,Lisa,Martinez,Male,18,lisa.martinez5842@example.com,Augusta,Georgia,United States,Lower-Middle,Corporate,2024-04-10,1,3760.28,3835.91,644,1
CUST05843,Anna,Ivanov,Other,62,anna.ivanov5843@example.com,Raleigh,North Carolina,United States,Middle,Consumer,2020-07-04,3,2185.46,2214.72,412,1
CUST05844,Charles,Kim,Other,43,charles.kim5844@example.com,Allentown,Pennsylvania,United States,Lower-Middle,Consumer,2024-12-18,2,1266.34,1368.23,225,1
CUST05845,Sharon,Martinez,Female,35,sharon.martinez5845@example.com,Everett,Washington,United States,Middle,Consumer,2024-08-26,2,913.81,960.2,152,0
CUST05846,Scott,Perez,Female,44,scott.perez5846@example.com,Flint,Michigan,United States,Upper-Middle,Consumer,2022-09-14,2,1074.3,1075.58,896,1
CUST05847,Eric,Reddy,Male,56,eric.reddy5847@example.com,Springfield,Massachusetts,United States,Low,Home Office,2025-11-28,7,12176.91,13964.33,72,0
CUST05848,Sarah,Flores,Male,48,sarah.flores5848@example.com,Toledo,Ohio,United States,Middle,Consumer,2020-01-04,8,3732.02,4101.77,227,1
CUST05849,Arjun,Lopez,Male,52,arjun.lopez5849@example.com,Springfield,Illinois,United States,Lower-Middle,Consumer,2021-06-21,0,0.0,0.0,9999,1
CUST05850,Matthew,Walker,Male,22,matthew.walker5850@example.com,Miami,Florida,United States,Lower-Middle,Consumer,2019-11-13,5,7399.25,7578.74,571,1
CUST05851,Wei,Silva,Female,23,wei.silva5851@example.com,Chicago,Illinois,United States,Middle,Consumer,2026-03-07,2,627.83,638.82,20,0
CUST05852,Dorothy,Baker,Female,31,dorothy.baker5852@example.com,Greensboro,North Carolina,United States,Middle,Corporate,2022-02-23,5,6815.83,7798.54,31,0
CUST05853,Amanda,Martin,Male,31,amanda.martin5853@example.com,Lansing,Michigan,United States,Lower-Middle,Consumer,2021-10-01,4,2282.37,2527.95,94,0
CUST05854,Timothy,Zhang,Female,58,timothy.zhang5854@example.com,Trenton,New Jersey,United States,Middle,Small Business,2020-04-20,2,4007.79,4422.23,1531,1
CUST05855,Betty,Green,Other,48,betty.green5855@example.com,San Antonio,Texas,United States,Upper-Middle,Consumer,2021-12-08,3,6192.5,6691.8,306,1
CUST05856,Shirley,Zhang,Other,20,shirley.zhang5856@example.com,Phoenix,Arizona,United States,Lower-Middle,Consumer,2024-03-30,5,2783.9300000000003,3191.73,276,1
CUST05857,Ronald,Gupta,Female,57,ronald.gupta5857@example.com,Elizabeth,New Jersey,United States,High,Consumer,2023-08-25,1,2132.75,2186.72,116,0
CUST05858,Anthony,Pereira,Female,18,anthony.pereira5858@example.com,Chandler,Arizona,United States,Upper-Middle,Corporate,2022-09-17,6,13281.62,15132.47,528,1
CUST05859,Sharon,Allen,Other,47,sharon.allen5859@example.com,San Antonio,Texas,United States,Middle,Consumer,2024-08-24,3,2669.3500000000004,2768.12,135,0
CUST05860,Diego,Roberts,Other,59,diego.roberts5860@example.com,Newark,New Jersey,United States,Lower-Middle,Corporate,2024-09-08,3,9819.95,10917.97,15,0
CUST05861,Samantha,Anderson,Male,42,samantha.anderson5861@example.com,Cambridge,Massachusetts,United States,Lower-Middle,Consumer,2022-11-23,0,0.0,0.0,9999,1
CUST05862,Scott,Flores,Female,18,scott.flores5862@example.com,Bellevue,Washington,United States,Upper-Middle,Consumer,2025-05-09,4,5926.4400000000005,6622.07,37,0
CUST05863,Margaret,Sharma,Female,46,margaret.sharma5863@example.com,Lowell,Massachusetts,United States,Lower-Middle,Consumer,2021-11-23,4,2554.59,2629.51,219,1
CUST05864,George,Anderson,Female,42,george.anderson5864@example.com,Macon,Georgia,United States,Lower-Middle,Consumer,2025-08-24,4,7620.59,8384.06,100,0
CUST05865,Jack,Miller,Male,35,jack.miller5865@example.com,Houston,Texas,United States,Middle,Small Business,2019-09-13,3,783.87,843.42,217,1
CUST05866,Karan,Ivanov,Other,41,karan.ivanov5866@example.com,Denver,Colorado,United States,Upper-Middle,Corporate,2019-08-03,1,536.18,558.18,1753,1
CUST05867,Brandon,Green,Male,63,brandon.green5867@example.com,Colorado Springs,Colorado,United States,Lower-Middle,Small Business,2022-10-05,4,8293.84,9165.51,358,1
CUST05868,Ryan,Lee,Male,39,ryan.lee5868@example.com,Dallas,Texas,United States,Upper-Middle,Home Office,2023-12-21,3,449.47,476.8,228,1
CUST05869,Benjamin,Martinez,Other,22,benjamin.martinez5869@example.com,Detroit,Michigan,United States,Lower-Middle,Consumer,2020-09-04,1,1205.85,1223.12,1800,1
CUST05870,Priya,Carter,Other,29,priya.carter5870@example.com,Rochester,New York,United States,Lower-Middle,Corporate,2019-12-31,5,11132.64,12018.88,287,1
CUST05871,Karen,Jones,Female,36,karen.jones5871@example.com,San Antonio,Texas,United States,Middle,Consumer,2023-10-21,2,6090.610000000001,6777.51,397,1
CUST05872,Priya,Walker,Other,31,priya.walker5872@example.com,Grand Rapids,Michigan,United States,Middle,Consumer,2022-01-26,3,13113.17,14483.68,653,1
CUST05873,Andrew,Harris,Female,47,andrew.harris5873@example.com,Tucson,Arizona,United States,Lower-Middle,Consumer,2024-02-23,2,1600.3400000000001,1644.74,154,0
CUST05874,Brenda,Lopez,Male,38,brenda.lopez5874@example.com,Chicago,Illinois,United States,Low,Consumer,2020-07-27,5,7251.59,8010.6,55,0
CUST05875,Kenneth,Andrade,Male,51,kenneth.andrade5875@example.com,Aurora,Colorado,United States,Middle,Home Office,2019-08-22,4,2445.7200000000003,2635.61,485,1
CUST05876,Linda,Jackson,Other,18,linda.jackson5876@example.com,Trenton,New Jersey,United States,Lower-Middle,Home Office,2024-10-11,3,3470.92,3608.18,191,1
CUST05877,Brian,Miller,Female,27,brian.miller5877@example.com,Augusta,Georgia,United States,Low,Small Business,2021-06-27,3,3026.8999999999996,3082.05,150,0
CUST05878,Katherine,Ramirez,Male,48,katherine.ramirez5878@example.com,Tucson,Arizona,United States,Middle,Home Office,2019-06-25,2,1280.1499999999999,1430.76,1088,1
CUST05879,Benjamin,Kim,Female,28,benjamin.kim5879@example.com,San Francisco,California,United States,Lower-Middle,Consumer,2019-10-21,2,2545.73,2558.9,1059,1
CUST05880,Victoria,Sanchez,Other,65,victoria.sanchez5880@example.com,Houston,Texas,United States,Low,Consumer,2022-11-14,4,6111.95,6515.77,14,0
CUST05881,Gregory,Thompson,Other,28,gregory.thompson5881@example.com,Tampa,Florida,United States,Middle,Small Business,2020-03-04,4,4250.92,4515.0,147,0
CUST05882,Thomas,Dubois,Prefer not to say,20,thomas.dubois5882@example.com,Savannah,Georgia,United States,Middle,Consumer,2020-02-04,2,1793.06,1876.25,203,1
CUST05883,Steven,Chen,Female,46,steven.chen5883@example.com,Columbus,Ohio,United States,Lower-Middle,Consumer,2025-07-18,4,3980.45,4194.55,163,0
CUST05884,Mark,Baker,Other,50,mark.baker5884@example.com,Allentown,Pennsylvania,United States,High,Consumer,2023-09-13,1,807.0,924.16,750,1
CUST05885,Diego,Gonzalez,Female,46,diego.gonzalez5885@example.com,Albany,New York,United States,Middle,Consumer,2019-08-19,1,131.01,144.77,145,0
CUST05886,Alexander,Young,Other,38,alexander.young5886@example.com,Grand Rapids,Michigan,United States,Upper-Middle,Consumer,2020-03-15,5,4193.37,4423.16,921,1
CUST05887,Paul,Thompson,Male,64,paul.thompson5887@example.com,Atlanta,Georgia,United States,High,Consumer,2025-03-31,6,8946.31,10177.66,152,0
CUST05888,Camila,Gonzalez,Male,34,camila.gonzalez5888@example.com,Tampa,Florida,United States,Middle,Corporate,2026-03-09,2,2530.28,2626.06,79,0
CUST05889,Sharon,Lee,Other,47,sharon.lee5889@example.com,Macon,Georgia,United States,Middle,Corporate,2025-08-14,1,937.37,1047.49,331,1
CUST05890,Yuki,Nelson,Female,60,yuki.nelson5890@example.com,Raleigh,North Carolina,United States,Upper-Middle,Consumer,2025-11-18,1,47.27,49.34,164,0
CUST05891,Betty,Rodriguez,Other,28,betty.rodriguez5891@example.com,Colorado Springs,Colorado,United States,Upper-Middle,Home Office,2023-01-22,4,9826.09,10553.88,177,0
CUST05892,Mark,Wang,Other,18,mark.wang5892@example.com,Newark,New Jersey,United States,Middle,Consumer,2021-04-10,1,162.15,184.26,558,1
CUST05893,Jeffrey,Hall,Other,20,jeffrey.hall5893@example.com,Grand Rapids,Michigan,United States,Middle,Consumer,2019-10-15,3,2347.62,2664.49,269,1
CUST05894,Cynthia,Lopez,Male,40,cynthia.lopez5894@example.com,Springfield,Illinois,United States,Upper-Middle,Consumer,2025-05-24,4,7127.1900000000005,7883.86,73,0
CUST05895,Diego,White,Other,18,diego.white5895@example.com,New York City,New York,United States,Middle,Corporate,2022-01-01,3,2835.75,2905.47,1002,1
CUST05896,Carolyn,Adams,Male,51,carolyn.adams5896@example.com,Detroit,Michigan,United States,Low,Consumer,2023-10-06,3,1822.71,1954.02,2,0
CUST05897,Steven,Harris,Male,19,steven.harris5897@example.com,Cincinnati,Ohio,United States,Middle,Consumer,2021-03-05,6,7690.46,8168.62,539,1
CUST05898,Anthony,Lee,Female,50,anthony.lee5898@example.com,Chandler,Arizona,United States,Middle,Consumer,2024-09-18,5,5727.4400000000005,6529.9,24,0
CUST05899,Christopher,Smith,Female,31,christopher.smith5899@example.com,Seattle,Washington,United States,Middle,Consumer,2019-09-05,2,3940.5699999999997,4375.33,659,1
CUST05900,Yuki,Chen,Male,32,yuki.chen5900@example.com,Akron,Ohio,United States,Lower-Middle,Consumer,2023-02-16,4,8715.25,9829.37,282,1
CUST05901,Michael,Kowalski,Other,27,michael.kowalski5901@example.com,Paterson,New Jersey,United States,Lower-Middle,Consumer,2019-11-14,3,2626.46,2953.52,461,1
CUST05902,Linda,Ramirez,Female,30,linda.ramirez5902@example.com,Fort Lauderdale,Florida,United States,Lower-Middle,Consumer,2026-05-31,4,3093.59,3387.25,1,0
CUST05903,Justin,Garcia,Other,55,justin.garcia5903@example.com,Newark,New Jersey,United States,Middle,Corporate,2025-03-27,6,7866.24,8904.63,19,0
CUST05904,Sarah,Baker,Other,24,sarah.baker5904@example.com,Greensboro,North Carolina,United States,High,Small Business,2025-06-29,2,3650.5,3890.61,34,0
CUST05905,Yuki,Nelson,Female,32,yuki.nelson5905@example.com,Peoria,Illinois,United States,Middle,Consumer,2021-10-07,4,1582.79,1760.37,758,1
CUST05906,Nancy,Flores,Male,31,nancy.flores5906@example.com,Atlanta,Georgia,United States,Lower-Middle,Home Office,2020-07-19,3,8443.69,8654.49,35,0
CUST05907,Benjamin,Ramirez,Other,19,benjamin.ramirez5907@example.com,Orlando,Florida,United States,Lower-Middle,Consumer,2024-06-28,5,6159.99,6227.64,163,0
CUST05908,Samuel,Kumar,Female,27,samuel.kumar5908@example.com,Boulder,Colorado,United States,High,Home Office,2024-09-22,2,3489.52,3740.16,161,0
CUST05909,Kevin,Nguyen,Other,50,kevin.nguyen5909@example.com,Scottsdale,Arizona,United States,Lower-Middle,Consumer,2019-07-05,7,14065.43,15828.97,146,0
CUST05910,Kenneth,Ivanov,Male,50,kenneth.ivanov5910@example.com,Tampa,Florida,United States,Upper-Middle,Consumer,2021-10-13,5,4053.71,4479.85,96,0
CUST05911,Susan,Ivanov,Other,55,susan.ivanov5911@example.com,Akron,Ohio,United States,Middle,Corporate,2019-08-12,3,2638.52,2960.6,285,1
CUST05912,Olivia,Campbell,Female,28,olivia.campbell5912@example.com,Elizabeth,New Jersey,United States,Lower-Middle,Consumer,2023-12-07,2,7477.39,7623.91,51,0
CUST05913,Jennifer,Robinson,Female,20,jennifer.robinson5913@example.com,Tucson,Arizona,United States,Upper-Middle,Consumer,2020-09-01,3,2051.1,2124.05,432,1
CUST05914,Olivia,Sharma,Other,51,olivia.sharma5914@example.com,Mesa,Arizona,United States,Lower-Middle,Consumer,2025-02-01,3,2156.17,2401.37,94,0
CUST05915,Mary,Lee,Female,49,mary.lee5915@example.com,Buffalo,New York,United States,Low,Consumer,2026-03-31,3,4450.89,5107.47,95,0
CUST05916,Amanda,Rossi,Other,52,amanda.rossi5916@example.com,Elizabeth,New Jersey,United States,Middle,Corporate,2024-11-07,2,3434.8,3812.08,108,0
CUST05917,Ryan,Taylor,Female,18,ryan.taylor5917@example.com,Jacksonville,Florida,United States,Middle,Consumer,2023-01-18,3,2582.23,2792.07,21,0
CUST05918,Andrew,Jackson,Female,29,andrew.jackson5918@example.com,Paterson,New Jersey,United States,Lower-Middle,Consumer,2020-12-16,3,193.62,219.07,914,1
CUST05919,Karan,Muller,Male,33,karan.muller5919@example.com,San Jose,California,United States,Lower-Middle,Consumer,2023-05-16,2,9498.79,10406.06,814,1
CUST05920,Daniel,Jackson,Other,53,daniel.jackson5920@example.com,Houston,Texas,United States,Upper-Middle,Consumer,2020-03-02,3,1311.59,1425.92,270,1
CUST05921,Julie,Martin,Other,23,julie.martin5921@example.com,Springfield,Illinois,United States,Lower-Middle,Corporate,2022-10-20,5,3845.8099999999995,4264.95,562,1
CUST05922,Melissa,Jones,Other,23,melissa.jones5922@example.com,Austin,Texas,United States,Middle,Consumer,2022-02-07,1,792.46,885.74,534,1
CUST05923,Kimberly,Brown,Other,44,kimberly.brown5923@example.com,Athens,Georgia,United States,Middle,Corporate,2024-01-22,0,0.0,0.0,9999,1
CUST05924,Kevin,Sanchez,Other,54,kevin.sanchez5924@example.com,Detroit,Michigan,United States,Middle,Small Business,2024-11-12,2,168.35,168.4,307,1
CUST05925,Catherine,Nguyen,Female,34,catherine.nguyen5925@example.com,Cambridge,Massachusetts,United States,Middle,Corporate,2023-04-15,2,3713.34,4211.87,89,0
CUST05926,Michael,Chen,Female,35,michael.chen5926@example.com,Raleigh,North Carolina,United States,Lower-Middle,Consumer,2020-08-11,2,2831.71,3160.86,378,1
CUST05927,Ronald,Carter,Other,35,ronald.carter5927@example.com,Ann Arbor,Michigan,United States,Middle,Consumer,2019-06-23,1,295.97,336.37,705,1
CUST05928,Alexander,Smith,Other,37,alexander.smith5928@example.com,Everett,Washington,United States,Lower-Middle,Consumer,2020-04-11,3,1600.0700000000002,1618.98,164,0
CUST05929,Shirley,Lee,Other,32,shirley.lee5929@example.com,Trenton,New Jersey,United States,Low,Consumer,2022-04-11,4,4577.9,4818.54,552,1
CUST05930,Samantha,White,Male,28,samantha.white5930@example.com,Erie,Pennsylvania,United States,Middle,Home Office,2022-01-30,4,4662.12,4875.41,293,1
CUST05931,Edward,Carter,Male,45,edward.carter5931@example.com,Grand Rapids,Michigan,United States,Upper-Middle,Home Office,2019-11-06,9,16734.04,19200.39,52,0
CUST05932,Dorothy,Wang,Female,47,dorothy.wang5932@example.com,Tucson,Arizona,United States,Lower-Middle,Small Business,2026-01-11,2,1251.48,1310.48,38,0
CUST05933,Raymond,Kumar,Other,40,raymond.kumar5933@example.com,Elizabeth,New Jersey,United States,Middle,Consumer,2025-09-08,1,140.46,147.28,158,0
CUST05934,Linda,Wright,Male,35,linda.wright5934@example.com,Savannah,Georgia,United States,Upper-Middle,Corporate,2023-09-16,2,3111.17,3509.81,512,1
CUST05935,Steven,Allen,Female,36,steven.allen5935@example.com,Paterson,New Jersey,United States,Middle,Consumer,2021-03-16,2,3637.7599999999998,3717.55,699,1
CUST05936,Richard,Hill,Male,42,richard.hill5936@example.com,Lansing,Michigan,United States,Middle,Small Business,2024-02-09,1,276.05,282.87,648,1
CUST05937,Wei,Silva,Other,46,wei.silva5937@example.com,Cleveland,Ohio,United States,Upper-Middle,Consumer,2022-02-07,4,5073.97,5132.71,218,1
CUST05938,Diane,Costa,Female,43,diane.costa5938@example.com,Chandler,Arizona,United States,High,Corporate,2022-01-08,1,1491.11,1636.5,1588,1
CUST05939,Nancy,Wright,Female,37,nancy.wright5939@example.com,Rockford,Illinois,United States,Upper-Middle,Home Office,2020-01-28,4,6792.66,7524.0,269,1
CUST05940,Alexander,Campbell,Female,31,alexander.campbell5940@example.com,Fort Worth,Texas,United States,Middle,Consumer,2021-05-27,1,627.84,672.88,1358,1
CUST05941,Arjun,Lopez,Female,18,arjun.lopez5941@example.com,Tampa,Florida,United States,Low,Corporate,2020-10-01,5,2688.37,2734.55,101,0
CUST05942,Jonathan,Robinson,Male,43,jonathan.robinson5942@example.com,Tucson,Arizona,United States,Middle,Consumer,2024-08-15,2,9616.0,10800.18,196,1
CUST05943,Jessica,Sharma,Female,39,jessica.sharma5943@example.com,Grand Rapids,Michigan,United States,Middle,Corporate,2021-01-17,5,1479.3899999999999,1639.65,633,1
CUST05944,Arjun,Moore,Female,18,arjun.moore5944@example.com,Spokane,Washington,United States,High,Corporate,2022-07-31,1,493.98,505.76,745,1
CUST05945,Victoria,Young,Other,37,victoria.young5945@example.com,Everett,Washington,United States,Upper-Middle,Consumer,2021-12-15,4,13344.98,15108.21,420,1
CUST05946,Carolyn,Lee,Male,63,carolyn.lee5946@example.com,New York City,New York,United States,Middle,Consumer,2020-06-27,1,4893.96,5012.0,1235,1
CUST05947,Jerry,Campbell,Male,36,jerry.campbell5947@example.com,New York City,New York,United States,Middle,Consumer,2020-04-02,3,3614.1400000000003,4070.56,355,1
CUST05948,Richard,Campbell,Male,51,richard.campbell5948@example.com,Buffalo,New York,United States,High,Consumer,2025-03-22,4,5940.01,6054.21,37,0
CUST05949,Neha,Sharma,Other,18,neha.sharma5949@example.com,Spokane,Washington,United States,Low,Home Office,2022-05-19,4,545.12,556.0,96,0
CUST05950,Justin,Thompson,Female,39,justin.thompson5950@example.com,Dallas,Texas,United States,Low,Consumer,2020-10-25,5,2673.64,2940.46,445,1
CUST05951,Emma,Gupta,Male,41,emma.gupta5951@example.com,Savannah,Georgia,United States,Upper-Middle,Consumer,2023-08-09,5,8497.5,8868.86,48,0
CUST05952,Brian,Williams,Male,18,brian.williams5952@example.com,Jersey City,New Jersey,United States,Middle,Consumer,2024-01-05,2,4143.75,4672.29,244,1
CUST05953,Benjamin,Green,Other,26,benjamin.green5953@example.com,Akron,Ohio,United States,Middle,Consumer,2019-11-09,1,142.47,155.59,1065,1
CUST05954,James,Wilson,Other,43,james.wilson5954@example.com,Everett,Washington,United States,High,Corporate,2025-08-14,4,3427.05,3446.55,104,0
CUST05955,Cynthia,Carter,Male,31,cynthia.carter5955@example.com,Aurora,Colorado,United States,Upper-Middle,Consumer,2019-09-30,2,210.82999999999998,230.17,1807,1
CUST05956,Donna,Flores,Female,37,donna.flores5956@example.com,Raleigh,North Carolina,United States,High,Home Office,2020-11-02,5,4831.03,5223.84,129,0
CUST05957,Nicholas,Rossi,Male,18,nicholas.rossi5957@example.com,Austin,Texas,United States,Lower-Middle,Corporate,2020-04-05,2,1544.73,1737.8,1518,1
CUST05958,Joshua,Reddy,Prefer not to say,32,joshua.reddy5958@example.com,Detroit,Michigan,United States,Lower-Middle,Small Business,2019-11-01,5,3829.62,4127.6,150,0
CUST05959,Linda,Wang,Female,21,linda.wang5959@example.com,San Francisco,California,United States,Lower-Middle,Small Business,2019-06-19,2,412.28000000000003,451.83,1454,1
CUST05960,Chen,Jones,Male,47,chen.jones5960@example.com,Aurora,Colorado,United States,Low,Consumer,2021-08-12,3,3688.34,4047.3,84,0
CUST05961,Jack,Costa,Other,42,jack.costa5961@example.com,San Jose,California,United States,Lower-Middle,Corporate,2022-10-16,3,6128.3,6443.29,233,1
CUST05962,Olivia,Anderson,Male,37,olivia.anderson5962@example.com,Buffalo,New York,United States,Lower-Middle,Corporate,2025-05-17,5,4686.74,5345.7,100,0
CUST05963,Mary,Brown,Other,64,mary.brown5963@example.com,Reading,Pennsylvania,United States,Lower-Middle,Consumer,2021-07-15,5,3895.39,4283.03,970,1
CUST05964,Elizabeth,Pereira,Other,46,elizabeth.pereira5964@example.com,Orlando,Florida,United States,Upper-Middle,Consumer,2024-08-23,1,5009.86,5734.52,594,1
CUST05965,Raymond,Wang,Female,36,raymond.wang5965@example.com,Cleveland,Ohio,United States,Lower-Middle,Home Office,2024-07-03,4,1367.84,1520.21,96,0
CUST05966,Yuki,Lee,Male,37,yuki.lee5966@example.com,Dallas,Texas,United States,Low,Consumer,2019-07-05,2,4474.610000000001,5024.18,266,1
CUST05967,Brian,Nguyen,Other,28,brian.nguyen5967@example.com,Syracuse,New York,United States,Lower-Middle,Home Office,2020-09-21,3,2067.61,2342.16,1111,1
CUST05968,Gary,Brown,Female,35,gary.brown5968@example.com,Houston,Texas,United States,Middle,Consumer,2024-10-02,4,1181.88,1263.46,418,1
CUST05969,Arjun,Reddy,Other,26,arjun.reddy5969@example.com,Paterson,New Jersey,United States,Middle,Corporate,2026-06-16,2,3797.42,3933.7,14,0
CUST05970,Katherine,Smith,Male,48,katherine.smith5970@example.com,Rochester,New York,United States,Lower-Middle,Consumer,2023-06-03,3,7333.370000000001,7733.01,468,1
CUST05971,Wei,Allen,Female,23,wei.allen5971@example.com,Worcester,Massachusetts,United States,Middle,Home Office,2024-01-15,1,959.4,1054.45,39,0
CUST05972,Nancy,Perez,Other,39,nancy.perez5972@example.com,San Jose,California,United States,Lower-Middle,Consumer,2020-05-31,0,0.0,0.0,9999,1
CUST05973,Ananya,Baker,Female,64,ananya.baker5973@example.com,Miami,Florida,United States,High,Consumer,2022-03-28,2,9822.73,11081.22,104,0
CUST05974,Priya,Sanchez,Other,36,priya.sanchez5974@example.com,Fort Worth,Texas,United States,Lower-Middle,Consumer,2021-07-04,6,3201.77,3289.58,679,1
CUST05975,Gregory,Baker,Female,47,gregory.baker5975@example.com,Sacramento,California,United States,Upper-Middle,Consumer,2026-03-07,8,8089.8099999999995,9011.25,9,0
CUST05976,Kimberly,Kowalski,Other,18,kimberly.kowalski5976@example.com,Pittsburgh,Pennsylvania,United States,Lower-Middle,Small Business,2021-10-12,4,1924.44,2178.53,1116,1
CUST05977,Laura,Davis,Other,33,laura.davis5977@example.com,Jacksonville,Florida,United States,Lower-Middle,Consumer,2024-04-27,4,3018.6,3155.21,413,1
CUST05978,Angela,Miller,Prefer not to say,34,angela.miller5978@example.com,Phoenix,Arizona,United States,Middle,Corporate,2024-08-19,1,319.23,357.42,353,1
CUST05979,Patricia,Wang,Other,45,patricia.wang5979@example.com,Cincinnati,Ohio,United States,Lower-Middle,Consumer,2019-07-29,5,5027.7699999999995,5421.88,1073,1
CUST05980,Camila,Silva,Female,38,camila.silva5980@example.com,Tampa,Florida,United States,Upper-Middle,Consumer,2021-04-05,1,411.83,459.92,1810,1
CUST05981,Gary,Lee,Female,41,gary.lee5981@example.com,Savannah,Georgia,United States,Middle,Small Business,2026-05-21,6,4475.2699999999995,4918.39,1,0
CUST05982,Ashley,Moore,Other,46,ashley.moore5982@example.com,Raleigh,North Carolina,United States,Low,Home Office,2022-05-13,2,581.8,635.43,334,1
CUST05983,Emma,Walker,Prefer not to say,46,emma.walker5983@example.com,New York City,New York,United States,Middle,Consumer,2024-06-18,2,962.56,1049.97,135,0
CUST05984,Christopher,Rodriguez,Female,39,christopher.rodriguez5984@example.com,Colorado Springs,Colorado,United States,Low,Home Office,2019-08-16,0,0.0,0.0,9999,1
CUST05985,Karan,Roberts,Male,48,karan.roberts5985@example.com,Charlotte,North Carolina,United States,Upper-Middle,Corporate,2026-06-16,7,8584.18,8672.72,10,0
CUST05986,George,Brown,Male,50,george.brown5986@example.com,Rochester,New York,United States,Middle,Consumer,2023-07-22,4,8010.53,8057.1,29,0
CUST05987,Carolyn,Muller,Female,47,carolyn.muller5987@example.com,Tacoma,Washington,United States,Upper-Middle,Corporate,2025-06-26,3,1760.05,1960.23,203,1
CUST05988,Ryan,Miller,Female,40,ryan.miller5988@example.com,Bellevue,Washington,United States,Middle,Small Business,2025-10-21,3,653.91,719.7,10,0
CUST05989,Meera,Chen,Other,22,meera.chen5989@example.com,Lansing,Michigan,United States,Middle,Small Business,2020-05-21,5,6414.76,6853.22,94,0
CUST05990,Debra,Lopez,Male,54,debra.lopez5990@example.com,Rochester,New York,United States,Middle,Corporate,2019-08-06,2,1966.96,2206.24,1861,1
CUST05991,Patricia,Flores,Other,32,patricia.flores5991@example.com,Tacoma,Washington,United States,Middle,Small Business,2025-07-17,0,0.0,0.0,9999,1
CUST05992,Jonathan,Costa,Male,41,jonathan.costa5992@example.com,Fort Worth,Texas,United States,High,Consumer,2024-02-04,1,1328.83,1364.21,84,0
CUST05993,Julie,Scott,Other,32,julie.scott5993@example.com,Aurora,Colorado,United States,Middle,Home Office,2024-08-06,3,9981.34,10907.62,110,0
CUST05994,Stephanie,Kim,Male,46,stephanie.kim5994@example.com,Athens,Georgia,United States,Middle,Consumer,2025-10-04,2,1985.77,2090.27,59,0
CUST05995,Paul,Patel,Male,43,paul.patel5995@example.com,Phoenix,Arizona,United States,Middle,Corporate,2021-09-12,3,3208.3999999999996,3224.71,1048,1
CUST05996,Priya,Gonzalez,Female,30,priya.gonzalez5996@example.com,Athens,Georgia,United States,Lower-Middle,Small Business,2023-10-02,7,9360.36,9799.53,97,0
CUST05997,Jacob,Kim,Male,29,jacob.kim5997@example.com,Boston,Massachusetts,United States,Upper-Middle,Corporate,2024-03-02,5,9035.43,10071.22,13,0
CUST05998,Stephen,Smith,Male,21,stephen.smith5998@example.com,Naperville,Illinois,United States,Lower-Middle,Consumer,2022-10-20,3,3216.32,3312.32,56,0
CUST05999,Christopher,Chen,Female,49,christopher.chen5999@example.com,Savannah,Georgia,United States,Upper-Middle,Corporate,2025-08-09,4,2549.36,2608.23,47,0
CUST06000,Linda,Rivera,Other,51,linda.rivera6000@example.com,Everett,Washington,United States,Middle,Consumer,2022-12-30,2,564.74,642.89,1004,1
