Shipping_ID,Order_ID,Shipping_Mode,Carrier,Ship_Date,Delivery_Days,Shipping_City
SHIP000001,ORD000001,Standard,IndiaPost,2026-07-11,2,Savannah
SHIP000002,ORD000002,Express,Delhivery,2019-12-18,4,Rochester
SHIP000004,ORD000004,Express,DHL,2026-05-01,6,Cincinnati
SHIP000005,ORD000005,Standard,Delhivery,2024-01-23,9,Buffalo
SHIP000006,ORD000006,Standard,Delhivery,2024-08-31,3,Denver
SHIP000007,ORD000007,Economy,Delhivery,2021-04-22,4,Albany
SHIP000008,ORD000008,Standard,BlueDart,2024-07-21,8,Atlanta
SHIP000009,ORD000009,Economy,Delhivery,2024-06-21,7,Tacoma
SHIP000010,ORD000010,Standard,IndiaPost,2021-09-28,4,Ann Arbor
SHIP000011,ORD000011,Standard,IndiaPost,2024-04-13,4,Springfield
SHIP000012,ORD000012,Standard,IndiaPost,2026-07-24,3,Paterson
SHIP000013,ORD000013,Standard,BlueDart,2025-02-27,5,Tucson
SHIP000014,ORD000014,Standard,FedEx,2024-11-18,6,Philadelphia
SHIP000015,ORD000015,Standard,BlueDart,2026-04-16,9,Macon
SHIP000016,ORD000016,Express,BlueDart,2025-07-06,6,Greensboro
SHIP000017,ORD000017,Express,DHL,2022-12-19,1,Sacramento
SHIP000018,ORD000018,Standard,Delhivery,2024-10-06,4,Scottsdale
SHIP000019,ORD000019,Economy,IndiaPost,2026-03-28,4,Detroit
SHIP000020,ORD000020,Standard,UPS,2025-01-16,5,Detroit
SHIP000021,ORD000021,Express,DHL,2025-10-17,1,Albany
SHIP000022,ORD000022,Express,BlueDart,2026-06-20,1,Dallas
SHIP000023,ORD000023,Standard,DHL,2026-06-29,9,Macon
SHIP000024,ORD000024,Standard,Delhivery,2020-09-19,8,Austin
SHIP000025,ORD000025,Express,BlueDart,2024-08-14,4,Greensboro
SHIP000026,ORD000026,Economy,Delhivery,2025-02-10,7,Reading
SHIP000028,ORD000028,Standard,BlueDart,2026-07-27,3,Erie
SHIP000029,ORD000029,Express,Delhivery,2024-05-16,8,San Diego
SHIP000030,ORD000030,Standard,DHL,2019-10-07,6,Springfield
SHIP000031,ORD000031,Standard,Delhivery,2023-09-03,5,Syracuse
SHIP000032,ORD000032,Express,FedEx,2026-03-07,5,Houston
SHIP000033,ORD000033,Standard,FedEx,2023-05-22,6,Jersey City
SHIP000034,ORD000034,Express,UPS,2025-05-31,8,Ann Arbor
SHIP000036,ORD000036,Standard,Delhivery,2023-10-05,9,Dallas
SHIP000040,ORD000040,Standard,IndiaPost,2025-01-02,9,San Francisco
SHIP000041,ORD000041,Standard,FedEx,2020-01-14,9,Phoenix
SHIP000042,ORD000042,Standard,Delhivery,2024-03-24,7,Dallas
SHIP000044,ORD000044,Standard,FedEx,2026-07-11,8,Durham
SHIP000045,ORD000045,Standard,IndiaPost,2026-04-23,6,Savannah
SHIP000046,ORD000046,Standard,IndiaPost,2023-08-21,9,Fort Worth
SHIP000047,ORD000047,Same-Day,IndiaPost,2025-12-01,3,Naperville
SHIP000048,ORD000048,Standard,UPS,2024-07-21,1,New York City
SHIP000049,ORD000049,Standard,IndiaPost,2022-12-06,8,Tucson
SHIP000053,ORD000053,Express,BlueDart,2026-07-23,7,Pittsburgh
SHIP000055,ORD000055,Standard,DHL,2022-09-17,1,Boston
SHIP000056,ORD000056,Express,DHL,2026-02-11,1,Philadelphia
SHIP000057,ORD000057,Economy,UPS,2025-07-15,9,Raleigh
SHIP000058,ORD000058,Standard,FedEx,2026-01-24,5,Erie
SHIP000059,ORD000059,Standard,DHL,2026-07-17,4,Jacksonville
SHIP000060,ORD000060,Standard,DHL,2026-07-10,1,Lowell
SHIP000062,ORD000062,Economy,Delhivery,2024-11-14,7,Peoria
SHIP000063,ORD000063,Standard,DHL,2024-08-31,9,Colorado Springs
SHIP000064,ORD000064,Express,FedEx,2026-03-30,8,Winston-Salem
SHIP000065,ORD000065,Express,FedEx,2026-01-03,5,Grand Rapids
SHIP000066,ORD000066,Express,FedEx,2026-07-10,7,Chicago
SHIP000067,ORD000067,Express,DHL,2024-04-22,8,Columbus
SHIP000068,ORD000068,Express,FedEx,2021-10-21,5,Flint
SHIP000070,ORD000070,Standard,UPS,2024-04-18,9,Elizabeth
SHIP000072,ORD000072,Standard,UPS,2024-03-29,2,Ann Arbor
SHIP000073,ORD000073,Standard,DHL,2024-05-18,9,San Diego
SHIP000075,ORD000075,Standard,BlueDart,2026-03-02,5,Philadelphia
SHIP000076,ORD000076,Standard,IndiaPost,2026-07-06,9,Mesa
SHIP000078,ORD000078,Standard,Delhivery,2026-07-18,6,Tucson
SHIP000079,ORD000079,Standard,UPS,2023-08-05,6,Miami
SHIP000080,ORD000080,Standard,BlueDart,2026-08-02,4,Seattle
SHIP000081,ORD000081,Express,UPS,2026-02-04,5,Buffalo
SHIP000082,ORD000082,Standard,UPS,2024-11-05,8,Ann Arbor
SHIP000083,ORD000083,Same-Day,FedEx,2024-03-07,5,Phoenix
SHIP000085,ORD000085,Standard,UPS,2026-02-08,4,Springfield
SHIP000086,ORD000086,Same-Day,BlueDart,2024-08-19,7,Charlotte
SHIP000088,ORD000088,Standard,FedEx,2025-06-25,7,Lowell
SHIP000091,ORD000091,Express,BlueDart,2025-08-05,1,Ann Arbor
SHIP000093,ORD000093,Standard,Delhivery,2023-06-01,3,Mesa
SHIP000094,ORD000094,Express,UPS,2026-01-16,4,Atlanta
SHIP000095,ORD000095,Standard,IndiaPost,2026-03-24,4,Winston-Salem
SHIP000096,ORD000096,Standard,FedEx,2026-04-27,4,Rockford
SHIP000097,ORD000097,Express,UPS,2022-08-24,6,Cincinnati
SHIP000098,ORD000098,Economy,BlueDart,2025-05-17,2,Scottsdale
SHIP000100,ORD000100,Same-Day,UPS,2026-05-08,4,Dallas
SHIP000101,ORD000101,Express,FedEx,2022-04-01,8,Ann Arbor
SHIP000102,ORD000102,Standard,BlueDart,2020-07-06,6,Los Angeles
SHIP000103,ORD000103,Standard,IndiaPost,2023-11-13,4,Paterson
SHIP000104,ORD000104,Express,IndiaPost,2021-11-05,7,Toledo
SHIP000105,ORD000105,Standard,UPS,2021-02-21,3,Atlanta
SHIP000106,ORD000106,Express,BlueDart,2025-09-30,1,Athens
SHIP000107,ORD000107,Economy,IndiaPost,2024-05-15,3,Allentown
SHIP000109,ORD000109,Standard,FedEx,2026-02-12,7,Grand Rapids
SHIP000111,ORD000111,Express,FedEx,2026-05-26,3,Columbus
SHIP000112,ORD000112,Standard,FedEx,2023-05-25,2,Detroit
SHIP000113,ORD000113,Standard,UPS,2020-02-08,9,Worcester
SHIP000114,ORD000114,Express,IndiaPost,2025-10-21,8,San Jose
SHIP000115,ORD000115,Standard,BlueDart,2023-04-27,7,Miami
SHIP000116,ORD000116,Standard,Delhivery,2024-08-11,2,Seattle
SHIP000117,ORD000117,Express,DHL,2023-01-26,6,Denver
SHIP000118,ORD000118,Express,DHL,2024-05-11,7,Flint
SHIP000119,ORD000119,Standard,IndiaPost,2023-09-08,8,Athens
SHIP000120,ORD000120,Same-Day,BlueDart,2024-09-04,9,Winston-Salem
SHIP000122,ORD000122,Standard,DHL,2026-05-01,1,Tucson
SHIP000123,ORD000123,Standard,Delhivery,2026-07-17,7,Lansing
SHIP000124,ORD000124,Express,DHL,2025-08-22,4,Durham
SHIP000125,ORD000125,Standard,UPS,2025-04-16,1,Athens
SHIP000127,ORD000127,Economy,FedEx,2023-02-01,4,Greensboro
SHIP000129,ORD000129,Standard,UPS,2026-03-03,4,Colorado Springs
SHIP000130,ORD000130,Standard,FedEx,2024-10-03,3,Cincinnati
SHIP000132,ORD000132,Economy,BlueDart,2021-08-31,2,Pittsburgh
SHIP000133,ORD000133,Standard,IndiaPost,2025-05-05,9,Houston
SHIP000134,ORD000134,Standard,BlueDart,2023-07-05,2,Philadelphia
SHIP000135,ORD000135,Express,FedEx,2025-06-07,5,Sacramento
SHIP000136,ORD000136,Standard,UPS,2025-04-22,7,San Francisco
SHIP000137,ORD000137,Standard,DHL,2024-08-30,2,Tucson
SHIP000138,ORD000138,Standard,DHL,2026-03-21,5,Philadelphia
SHIP000140,ORD000140,Standard,Delhivery,2022-03-04,3,Syracuse
SHIP000141,ORD000141,Express,UPS,2020-08-29,7,Buffalo
SHIP000142,ORD000142,Express,UPS,2026-02-25,9,Tucson
SHIP000143,ORD000143,Economy,BlueDart,2025-11-23,8,Tucson
SHIP000144,ORD000144,Standard,UPS,2025-12-10,9,Fort Lauderdale
SHIP000146,ORD000146,Standard,BlueDart,2020-12-19,2,Boston
SHIP000148,ORD000148,Express,UPS,2026-03-20,7,Lowell
SHIP000149,ORD000149,Express,Delhivery,2023-07-01,6,San Jose
SHIP000150,ORD000150,Standard,UPS,2025-12-23,8,Spokane
SHIP000151,ORD000151,Standard,IndiaPost,2025-04-21,7,San Jose
SHIP000153,ORD000153,Standard,BlueDart,2026-02-07,7,San Antonio
SHIP000154,ORD000154,Economy,UPS,2021-06-17,4,Syracuse
SHIP000155,ORD000155,Same-Day,UPS,2025-03-03,8,Tampa
SHIP000156,ORD000156,Standard,FedEx,2025-12-07,1,Jacksonville
SHIP000157,ORD000157,Express,DHL,2024-03-18,4,Durham
SHIP000158,ORD000158,Standard,UPS,2021-12-20,7,Toledo
SHIP000159,ORD000159,Standard,FedEx,2024-05-29,9,Detroit
SHIP000160,ORD000160,Standard,Delhivery,2026-06-04,8,Colorado Springs
SHIP000161,ORD000161,Standard,IndiaPost,2026-07-24,1,Erie
SHIP000163,ORD000163,Same-Day,DHL,2025-02-26,8,Sacramento
SHIP000165,ORD000165,Standard,Delhivery,2026-06-27,9,Toledo
SHIP000166,ORD000166,Standard,FedEx,2024-07-06,8,Austin
SHIP000167,ORD000167,Express,IndiaPost,2026-01-10,2,Rockford
SHIP000168,ORD000168,Standard,IndiaPost,2026-01-08,3,Worcester
SHIP000169,ORD000169,Standard,BlueDart,2025-11-27,8,Cleveland
SHIP000170,ORD000170,Standard,IndiaPost,2021-09-24,4,Elizabeth
SHIP000171,ORD000171,Express,DHL,2020-08-16,6,Colorado Springs
SHIP000172,ORD000172,Same-Day,Delhivery,2024-05-26,7,Athens
SHIP000173,ORD000173,Express,Delhivery,2024-02-20,4,Reading
SHIP000174,ORD000174,Standard,FedEx,2025-09-24,3,Cleveland
SHIP000175,ORD000175,Economy,DHL,2025-01-27,8,Springfield
SHIP000176,ORD000176,Same-Day,FedEx,2024-08-29,3,Fort Worth
SHIP000178,ORD000178,Express,FedEx,2024-01-13,2,Atlanta
SHIP000180,ORD000180,Express,UPS,2022-04-25,2,Augusta
SHIP000181,ORD000181,Standard,FedEx,2026-07-22,3,Charlotte
SHIP000182,ORD000182,Standard,Delhivery,2024-03-21,6,Colorado Springs
SHIP000183,ORD000183,Standard,FedEx,2023-09-12,5,Ann Arbor
SHIP000184,ORD000184,Economy,IndiaPost,2020-04-07,8,Miami
SHIP000185,ORD000185,Standard,BlueDart,2024-11-25,4,Everett
SHIP000186,ORD000186,Standard,IndiaPost,2026-03-06,6,Grand Rapids
SHIP000187,ORD000187,Standard,Delhivery,2024-07-22,7,Pittsburgh
SHIP000188,ORD000188,Standard,DHL,2024-10-03,5,Savannah
SHIP000190,ORD000190,Standard,IndiaPost,2026-01-18,3,Naperville
SHIP000191,ORD000191,Express,BlueDart,2024-06-17,8,Houston
SHIP000192,ORD000192,Express,Delhivery,2026-04-03,2,Newark
SHIP000194,ORD000194,Same-Day,FedEx,2022-09-10,9,Winston-Salem
SHIP000195,ORD000195,Standard,DHL,2026-05-14,2,Erie
SHIP000197,ORD000197,Express,IndiaPost,2023-09-02,2,Winston-Salem
SHIP000199,ORD000199,Express,DHL,2025-08-31,1,Durham
SHIP000200,ORD000200,Standard,UPS,2026-03-30,2,Denver
SHIP000201,ORD000201,Standard,FedEx,2025-02-13,1,Chicago
SHIP000202,ORD000202,Standard,UPS,2023-02-18,7,Boston
SHIP000203,ORD000203,Standard,Delhivery,2025-07-13,3,Chandler
SHIP000204,ORD000204,Standard,Delhivery,2023-10-30,7,Boulder
SHIP000206,ORD000206,Same-Day,UPS,2022-06-02,5,Tucson
SHIP000207,ORD000207,Express,UPS,2020-10-27,2,Athens
SHIP000208,ORD000208,Standard,Delhivery,2023-01-04,6,Springfield
SHIP000209,ORD000209,Standard,FedEx,2026-05-28,5,Toledo
SHIP000210,ORD000210,Economy,Delhivery,2026-07-06,3,Sacramento
SHIP000211,ORD000211,Express,FedEx,2021-07-12,1,Fort Lauderdale
SHIP000212,ORD000212,Standard,UPS,2026-02-14,7,Mesa
SHIP000213,ORD000213,Express,BlueDart,2022-05-05,4,Reading
SHIP000214,ORD000214,Same-Day,UPS,2026-03-30,4,Elizabeth
SHIP000215,ORD000215,Standard,FedEx,2025-10-27,7,Newark
SHIP000216,ORD000216,Economy,UPS,2020-02-24,5,Tampa
SHIP000217,ORD000217,Standard,Delhivery,2024-07-15,4,Fort Collins
SHIP000218,ORD000218,Standard,FedEx,2025-09-29,1,Tucson
SHIP000219,ORD000219,Standard,Delhivery,2025-07-30,3,Greensboro
SHIP000220,ORD000220,Standard,DHL,2021-10-15,7,New York City
SHIP000221,ORD000221,Express,Delhivery,2021-12-26,9,Naperville
SHIP000223,ORD000223,Express,FedEx,2022-08-17,9,Greensboro
SHIP000224,ORD000224,Express,IndiaPost,2023-12-24,2,Spokane
SHIP000225,ORD000225,Standard,DHL,2024-02-10,4,Lowell
SHIP000226,ORD000226,Express,DHL,2024-11-12,3,Miami
SHIP000227,ORD000227,Economy,IndiaPost,2022-09-12,9,Cleveland
SHIP000228,ORD000228,Express,UPS,2026-03-26,6,Orlando
SHIP000229,ORD000229,Standard,DHL,2024-04-24,5,Dallas
SHIP000230,ORD000230,Express,FedEx,2025-08-31,5,Winston-Salem
SHIP000231,ORD000231,Same-Day,Delhivery,2024-06-24,3,Newark
SHIP000233,ORD000233,Standard,FedEx,2024-05-14,2,Everett
SHIP000234,ORD000234,Same-Day,Delhivery,2022-07-05,2,Philadelphia
SHIP000236,ORD000236,Express,FedEx,2026-05-07,2,Dallas
SHIP000237,ORD000237,Economy,DHL,2026-03-01,1,Athens
SHIP000238,ORD000238,Standard,Delhivery,2026-07-19,8,Raleigh
SHIP000239,ORD000239,Standard,IndiaPost,2026-06-06,6,Durham
SHIP000241,ORD000241,Standard,Delhivery,2021-11-01,8,Cincinnati
SHIP000242,ORD000242,Same-Day,UPS,2026-07-02,5,Elizabeth
SHIP000243,ORD000243,Same-Day,DHL,2026-07-04,6,Springfield
SHIP000244,ORD000244,Express,BlueDart,2025-06-18,1,Buffalo
SHIP000245,ORD000245,Economy,IndiaPost,2026-06-04,9,Cincinnati
SHIP000247,ORD000247,Standard,BlueDart,2026-08-03,5,Tacoma
SHIP000248,ORD000248,Standard,UPS,2026-03-13,8,Grand Rapids
SHIP000249,ORD000249,Express,UPS,2026-08-06,9,Buffalo
SHIP000250,ORD000250,Standard,IndiaPost,2026-05-21,6,Chandler
SHIP000251,ORD000251,Express,Delhivery,2025-10-15,2,San Francisco
SHIP000253,ORD000253,Standard,IndiaPost,2026-06-04,6,Savannah
SHIP000254,ORD000254,Standard,Delhivery,2023-11-14,4,Fort Lauderdale
SHIP000255,ORD000255,Standard,Delhivery,2025-11-19,5,Greensboro
SHIP000256,ORD000256,Standard,UPS,2026-07-25,3,Augusta
SHIP000257,ORD000257,Standard,FedEx,2022-10-09,2,Raleigh
SHIP000258,ORD000258,Express,IndiaPost,2022-12-29,6,Spokane
SHIP000260,ORD000260,Standard,UPS,2023-10-04,9,Worcester
SHIP000261,ORD000261,Standard,FedEx,2024-07-16,2,Trenton
SHIP000262,ORD000262,Standard,IndiaPost,2024-10-21,2,Boulder
SHIP000263,ORD000263,Standard,DHL,2026-07-05,2,Elizabeth
SHIP000264,ORD000264,Same-Day,Delhivery,2023-04-25,3,Everett
SHIP000265,ORD000265,Economy,BlueDart,2023-09-14,9,Trenton
SHIP000266,ORD000266,Express,UPS,2026-02-15,1,Charlotte
SHIP000267,ORD000267,Same-Day,FedEx,2025-05-30,2,Boulder
SHIP000268,ORD000268,Standard,IndiaPost,2026-05-18,7,Houston
SHIP000269,ORD000269,Economy,DHL,2024-02-29,6,Los Angeles
SHIP000270,ORD000270,Standard,BlueDart,2025-07-09,9,Fort Lauderdale
SHIP000271,ORD000271,Express,UPS,2025-02-17,1,Detroit
SHIP000272,ORD000272,Express,FedEx,2026-02-10,6,Austin
SHIP000273,ORD000273,Standard,DHL,2024-12-04,9,Ann Arbor
SHIP000274,ORD000274,Express,Delhivery,2024-05-08,7,Boston
SHIP000275,ORD000275,Standard,DHL,2025-12-22,5,Savannah
SHIP000276,ORD000276,Economy,FedEx,2023-03-21,3,Philadelphia
SHIP000277,ORD000277,Express,BlueDart,2026-06-30,1,Aurora
SHIP000278,ORD000278,Express,UPS,2020-03-03,7,Athens
SHIP000279,ORD000279,Standard,UPS,2024-07-23,6,Miami
SHIP000280,ORD000280,Standard,UPS,2024-06-19,6,Everett
SHIP000281,ORD000281,Same-Day,UPS,2024-03-13,6,Peoria
SHIP000282,ORD000282,Standard,BlueDart,2025-06-08,1,Tampa
SHIP000283,ORD000283,Standard,BlueDart,2026-06-30,2,Worcester
SHIP000285,ORD000285,Standard,Delhivery,2026-07-24,6,Savannah
SHIP000286,ORD000286,Economy,DHL,2026-07-25,6,Columbus
SHIP000287,ORD000287,Standard,Delhivery,2024-12-19,5,Jersey City
SHIP000288,ORD000288,Standard,Delhivery,2024-01-11,4,Fort Lauderdale
SHIP000289,ORD000289,Standard,FedEx,2026-03-24,1,Cleveland
SHIP000290,ORD000290,Standard,Delhivery,2023-07-18,9,Chicago
SHIP000291,ORD000291,Standard,IndiaPost,2025-06-15,2,Tampa
SHIP000293,ORD000293,Express,BlueDart,2026-02-19,2,Ann Arbor
SHIP000294,ORD000294,Standard,FedEx,2025-05-08,5,Rockford
SHIP000295,ORD000295,Economy,IndiaPost,2025-12-23,8,Allentown
SHIP000296,ORD000296,Same-Day,Delhivery,2025-07-10,2,Orlando
SHIP000297,ORD000297,Standard,BlueDart,2025-11-18,8,Winston-Salem
SHIP000298,ORD000298,Standard,FedEx,2023-07-02,9,Rochester
SHIP000299,ORD000299,Express,BlueDart,2024-10-30,3,Pittsburgh
SHIP000300,ORD000300,Standard,UPS,2025-02-16,9,Worcester
SHIP000301,ORD000301,Standard,BlueDart,2026-06-22,4,Syracuse
SHIP000302,ORD000302,Standard,UPS,2026-07-25,2,Albany
SHIP000303,ORD000303,Express,FedEx,2025-12-31,3,Newark
SHIP000305,ORD000305,Express,DHL,2025-09-07,9,Mesa
SHIP000306,ORD000306,Express,FedEx,2021-12-22,6,Everett
SHIP000308,ORD000308,Same-Day,IndiaPost,2023-06-19,1,Chandler
SHIP000309,ORD000309,Standard,BlueDart,2026-04-02,2,Athens
SHIP000310,ORD000310,Standard,BlueDart,2026-02-22,8,Fort Collins
SHIP000311,ORD000311,Same-Day,IndiaPost,2022-12-28,4,Savannah
SHIP000312,ORD000312,Standard,IndiaPost,2025-08-28,4,Philadelphia
SHIP000313,ORD000313,Express,Delhivery,2024-12-28,9,Syracuse
SHIP000314,ORD000314,Standard,UPS,2026-07-17,9,Flint
SHIP000315,ORD000315,Standard,BlueDart,2026-03-08,4,Pittsburgh
SHIP000316,ORD000316,Standard,DHL,2025-05-08,3,Ann Arbor
SHIP000318,ORD000318,Express,UPS,2021-11-23,9,Dallas
SHIP000319,ORD000319,Express,FedEx,2024-06-27,1,Elizabeth
SHIP000321,ORD000321,Express,DHL,2025-09-03,6,Savannah
SHIP000322,ORD000322,Same-Day,Delhivery,2021-03-20,8,Dallas
SHIP000323,ORD000323,Standard,UPS,2024-06-22,4,Tampa
SHIP000325,ORD000325,Express,Delhivery,2023-05-14,7,Lansing
SHIP000326,ORD000326,Same-Day,Delhivery,2026-07-25,8,Albany
SHIP000327,ORD000327,Express,IndiaPost,2024-02-11,4,Raleigh
SHIP000330,ORD000330,Express,BlueDart,2026-06-11,6,Syracuse
SHIP000331,ORD000331,Express,BlueDart,2026-05-05,4,Albany
SHIP000332,ORD000332,Express,FedEx,2026-05-21,9,Toledo
SHIP000333,ORD000333,Economy,Delhivery,2026-06-27,6,Savannah
SHIP000335,ORD000335,Same-Day,BlueDart,2025-07-04,1,Philadelphia
SHIP000336,ORD000336,Standard,IndiaPost,2025-05-09,2,New York City
SHIP000337,ORD000337,Economy,IndiaPost,2022-09-29,4,Jacksonville
SHIP000339,ORD000339,Standard,IndiaPost,2024-10-11,8,Akron
SHIP000340,ORD000340,Economy,IndiaPost,2022-01-20,2,Toledo
SHIP000341,ORD000341,Standard,DHL,2023-07-18,1,Tampa
SHIP000342,ORD000342,Express,Delhivery,2021-02-05,2,Athens
SHIP000343,ORD000343,Same-Day,Delhivery,2024-10-29,2,Chandler
SHIP000344,ORD000344,Standard,DHL,2026-05-18,7,Buffalo
SHIP000345,ORD000345,Standard,Delhivery,2023-03-31,4,Charlotte
SHIP000346,ORD000346,Express,UPS,2026-01-08,2,Trenton
SHIP000347,ORD000347,Standard,FedEx,2024-04-19,2,Seattle
SHIP000348,ORD000348,Express,FedEx,2024-02-26,8,Augusta
SHIP000349,ORD000349,Standard,Delhivery,2025-03-10,9,Akron
SHIP000350,ORD000350,Standard,IndiaPost,2025-02-04,7,Cincinnati
SHIP000352,ORD000352,Standard,FedEx,2026-01-31,9,Raleigh
SHIP000353,ORD000353,Standard,DHL,2025-04-20,9,Everett
SHIP000355,ORD000355,Express,IndiaPost,2024-05-15,5,Toledo
SHIP000356,ORD000356,Standard,UPS,2025-06-07,5,Atlanta
SHIP000357,ORD000357,Same-Day,BlueDart,2022-08-25,4,Durham
SHIP000358,ORD000358,Standard,FedEx,2023-07-19,5,Allentown
SHIP000359,ORD000359,Same-Day,BlueDart,2025-09-01,8,Jacksonville
SHIP000360,ORD000360,Express,BlueDart,2022-10-04,9,Syracuse
SHIP000362,ORD000362,Express,DHL,2026-06-09,4,San Antonio
SHIP000364,ORD000364,Standard,DHL,2026-01-18,9,Austin
SHIP000365,ORD000365,Economy,IndiaPost,2025-09-04,7,Akron
SHIP000366,ORD000366,Same-Day,FedEx,2021-08-28,9,Paterson
SHIP000367,ORD000367,Standard,UPS,2026-04-20,7,Cincinnati
SHIP000368,ORD000368,Express,FedEx,2022-11-20,3,Augusta
SHIP000369,ORD000369,Standard,Delhivery,2026-01-08,1,Pittsburgh
SHIP000370,ORD000370,Same-Day,BlueDart,2026-08-03,6,Fort Lauderdale
SHIP000373,ORD000373,Standard,BlueDart,2020-06-26,3,Albany
SHIP000374,ORD000374,Express,FedEx,2021-12-23,9,Orlando
SHIP000375,ORD000375,Economy,UPS,2025-09-06,4,Toledo
SHIP000376,ORD000376,Standard,Delhivery,2025-06-18,6,Rockford
SHIP000377,ORD000377,Express,BlueDart,2026-02-22,4,Jacksonville
SHIP000378,ORD000378,Standard,UPS,2025-10-20,8,Rockford
SHIP000380,ORD000380,Economy,FedEx,2026-07-26,2,Tucson
SHIP000381,ORD000381,Express,BlueDart,2025-12-31,8,Raleigh
SHIP000382,ORD000382,Same-Day,IndiaPost,2024-07-01,6,Buffalo
SHIP000383,ORD000383,Standard,BlueDart,2025-05-27,5,Boulder
SHIP000385,ORD000385,Express,DHL,2023-12-03,2,Houston
SHIP000386,ORD000386,Standard,BlueDart,2025-10-07,3,Cincinnati
SHIP000387,ORD000387,Standard,Delhivery,2026-02-06,7,Rochester
SHIP000388,ORD000388,Standard,DHL,2024-06-19,9,Lowell
SHIP000389,ORD000389,Standard,DHL,2025-03-24,2,Erie
SHIP000391,ORD000391,Economy,FedEx,2021-06-05,9,Jacksonville
SHIP000392,ORD000392,Standard,DHL,2024-06-20,7,Jacksonville
SHIP000393,ORD000393,Standard,FedEx,2022-12-08,8,Cambridge
SHIP000394,ORD000394,Economy,Delhivery,2026-04-05,4,Augusta
SHIP000396,ORD000396,Economy,DHL,2024-02-05,4,Syracuse
SHIP000397,ORD000397,Standard,DHL,2025-03-08,1,Austin
SHIP000398,ORD000398,Standard,DHL,2021-12-26,5,Peoria
SHIP000399,ORD000399,Standard,IndiaPost,2020-07-21,8,Peoria
SHIP000400,ORD000400,Economy,DHL,2025-11-23,9,Tacoma
SHIP000401,ORD000401,Standard,DHL,2024-12-08,1,Fort Collins
SHIP000402,ORD000402,Express,FedEx,2024-06-13,1,Dallas
SHIP000403,ORD000403,Standard,FedEx,2026-02-25,1,Columbus
SHIP000405,ORD000405,Express,Delhivery,2025-06-24,4,San Antonio
SHIP000406,ORD000406,Standard,FedEx,2024-05-11,2,Atlanta
SHIP000407,ORD000407,Same-Day,IndiaPost,2025-03-19,6,Los Angeles
SHIP000408,ORD000408,Standard,BlueDart,2025-07-09,4,Philadelphia
SHIP000409,ORD000409,Express,BlueDart,2023-11-03,3,San Francisco
SHIP000410,ORD000410,Standard,FedEx,2025-09-26,6,Grand Rapids
SHIP000411,ORD000411,Standard,FedEx,2026-03-18,2,San Antonio
SHIP000412,ORD000412,Economy,IndiaPost,2024-01-19,5,Fort Collins
SHIP000413,ORD000413,Express,IndiaPost,2025-08-05,9,Boulder
SHIP000415,ORD000415,Standard,FedEx,2022-07-23,3,Mesa
SHIP000416,ORD000416,Economy,FedEx,2026-04-24,5,Augusta
SHIP000417,ORD000417,Express,DHL,2026-06-24,5,Durham
SHIP000418,ORD000418,Economy,FedEx,2023-06-24,1,Columbus
SHIP000419,ORD000419,Express,IndiaPost,2025-08-01,7,Seattle
SHIP000420,ORD000420,Express,Delhivery,2025-07-29,8,Tacoma
SHIP000423,ORD000423,Same-Day,FedEx,2020-05-29,5,Peoria
SHIP000425,ORD000425,Express,BlueDart,2025-09-25,5,Boston
SHIP000428,ORD000428,Economy,FedEx,2022-07-20,8,Springfield
SHIP000429,ORD000429,Same-Day,Delhivery,2025-07-28,2,Houston
SHIP000432,ORD000432,Same-Day,IndiaPost,2025-06-12,5,Mesa
SHIP000433,ORD000433,Standard,IndiaPost,2021-12-12,3,San Diego
SHIP000434,ORD000434,Standard,Delhivery,2024-03-03,7,Peoria
SHIP000435,ORD000435,Same-Day,Delhivery,2024-02-09,5,Savannah
SHIP000436,ORD000436,Express,IndiaPost,2026-01-29,1,Rochester
SHIP000437,ORD000437,Standard,BlueDart,2026-06-18,7,Houston
SHIP000438,ORD000438,Express,Delhivery,2026-03-21,5,Philadelphia
SHIP000439,ORD000439,Standard,IndiaPost,2025-07-11,7,Fort Lauderdale
SHIP000440,ORD000440,Standard,Delhivery,2024-11-19,1,Ann Arbor
SHIP000441,ORD000441,Standard,IndiaPost,2026-07-17,6,Charlotte
SHIP000442,ORD000442,Express,DHL,2025-08-20,7,Elizabeth
SHIP000443,ORD000443,Standard,BlueDart,2025-10-08,2,Athens
SHIP000444,ORD000444,Standard,UPS,2026-03-03,7,Albany
SHIP000445,ORD000445,Standard,Delhivery,2026-06-22,5,Scottsdale
SHIP000446,ORD000446,Standard,FedEx,2021-05-18,4,Jacksonville
SHIP000447,ORD000447,Standard,DHL,2024-06-14,8,Aurora
SHIP000448,ORD000448,Express,Delhivery,2025-06-14,9,Cincinnati
SHIP000449,ORD000449,Express,IndiaPost,2026-05-03,2,San Antonio
SHIP000450,ORD000450,Express,FedEx,2022-11-10,4,Seattle
SHIP000451,ORD000451,Standard,Delhivery,2021-01-01,7,Aurora
SHIP000452,ORD000452,Express,DHL,2026-04-07,5,Newark
SHIP000453,ORD000453,Same-Day,Delhivery,2025-09-02,6,Atlanta
SHIP000454,ORD000454,Economy,UPS,2022-05-17,3,Jacksonville
SHIP000455,ORD000455,Standard,FedEx,2026-07-25,5,Grand Rapids
SHIP000457,ORD000457,Same-Day,Delhivery,2026-02-16,9,Charlotte
SHIP000458,ORD000458,Standard,IndiaPost,2026-06-09,9,Rochester
SHIP000459,ORD000459,Standard,IndiaPost,2026-03-02,8,Tampa
SHIP000460,ORD000460,Economy,IndiaPost,2024-09-05,4,San Francisco
SHIP000462,ORD000462,Standard,BlueDart,2021-01-11,3,Sacramento
SHIP000463,ORD000463,Express,BlueDart,2022-05-18,7,Miami
SHIP000464,ORD000464,Standard,IndiaPost,2024-04-16,6,Tucson
SHIP000465,ORD000465,Standard,FedEx,2022-02-16,2,Macon
SHIP000466,ORD000466,Standard,DHL,2025-11-16,9,Sacramento
SHIP000469,ORD000469,Economy,BlueDart,2026-05-19,7,Phoenix
SHIP000470,ORD000470,Same-Day,FedEx,2025-12-31,5,Allentown
SHIP000472,ORD000472,Express,Delhivery,2025-09-08,6,Charlotte
SHIP000473,ORD000473,Standard,DHL,2022-06-12,7,Trenton
SHIP000474,ORD000474,Express,IndiaPost,2026-03-08,1,Spokane
SHIP000476,ORD000476,Standard,FedEx,2021-04-16,9,Atlanta
SHIP000477,ORD000477,Standard,UPS,2025-12-02,5,Durham
SHIP000478,ORD000478,Standard,UPS,2025-06-15,4,Tampa
SHIP000479,ORD000479,Standard,DHL,2023-09-24,7,Rochester
SHIP000480,ORD000480,Standard,Delhivery,2021-07-14,8,Philadelphia
SHIP000481,ORD000481,Standard,UPS,2025-06-28,3,Tacoma
SHIP000482,ORD000482,Standard,FedEx,2026-05-03,6,Austin
SHIP000483,ORD000483,Same-Day,UPS,2026-06-25,8,Scottsdale
SHIP000485,ORD000485,Standard,BlueDart,2024-10-09,7,Columbus
SHIP000486,ORD000486,Economy,IndiaPost,2026-07-10,1,Rochester
SHIP000487,ORD000487,Same-Day,BlueDart,2026-06-13,3,Spokane
SHIP000490,ORD000490,Economy,IndiaPost,2026-04-28,9,Ann Arbor
SHIP000493,ORD000493,Standard,UPS,2022-11-29,1,Rockford
SHIP000496,ORD000496,Standard,UPS,2023-02-08,2,Columbus
SHIP000497,ORD000497,Standard,IndiaPost,2025-09-20,4,Newark
SHIP000498,ORD000498,Standard,Delhivery,2021-11-11,4,Worcester
SHIP000499,ORD000499,Express,DHL,2024-09-02,7,Athens
SHIP000500,ORD000500,Economy,BlueDart,2025-04-22,2,Phoenix
SHIP000501,ORD000501,Economy,DHL,2021-05-01,5,Durham
SHIP000502,ORD000502,Standard,UPS,2026-03-06,7,Aurora
SHIP000503,ORD000503,Standard,DHL,2022-08-02,6,Ann Arbor
SHIP000504,ORD000504,Standard,BlueDart,2025-05-12,6,Ann Arbor
SHIP000505,ORD000505,Same-Day,DHL,2024-12-11,4,Colorado Springs
SHIP000506,ORD000506,Standard,DHL,2026-05-30,5,Syracuse
SHIP000507,ORD000507,Standard,DHL,2023-06-27,9,Athens
SHIP000508,ORD000508,Standard,FedEx,2026-07-28,5,Bellevue
SHIP000509,ORD000509,Express,UPS,2022-11-22,6,Erie
SHIP000510,ORD000510,Standard,BlueDart,2021-10-23,3,Seattle
SHIP000511,ORD000511,Standard,IndiaPost,2026-02-02,6,Jacksonville
SHIP000512,ORD000512,Standard,IndiaPost,2025-08-28,7,Charlotte
SHIP000513,ORD000513,Standard,IndiaPost,2025-10-19,1,Detroit
SHIP000514,ORD000514,Same-Day,BlueDart,2026-02-01,8,Detroit
SHIP000515,ORD000515,Express,Delhivery,2025-12-30,8,Buffalo
SHIP000517,ORD000517,Standard,DHL,2026-06-04,1,Miami
SHIP000518,ORD000518,Standard,FedEx,2025-02-17,3,Philadelphia
SHIP000519,ORD000519,Standard,BlueDart,2023-07-01,6,Aurora
SHIP000520,ORD000520,Economy,UPS,2025-03-31,8,Scottsdale
SHIP000521,ORD000521,Standard,IndiaPost,2022-10-03,7,Syracuse
SHIP000522,ORD000522,Standard,IndiaPost,2024-11-10,8,Chicago
SHIP000523,ORD000523,Standard,UPS,2022-02-03,7,Aurora
SHIP000524,ORD000524,Standard,FedEx,2026-04-03,9,Chicago
SHIP000525,ORD000525,Standard,DHL,2025-12-24,6,Tucson
SHIP000526,ORD000526,Standard,FedEx,2026-02-06,7,Cleveland
SHIP000527,ORD000527,Standard,FedEx,2023-08-11,8,Austin
SHIP000528,ORD000528,Standard,BlueDart,2025-07-30,6,Phoenix
SHIP000529,ORD000529,Standard,FedEx,2024-03-05,2,San Antonio
SHIP000530,ORD000530,Express,Delhivery,2024-06-24,6,Houston
SHIP000531,ORD000531,Express,IndiaPost,2021-03-10,8,Buffalo
SHIP000532,ORD000532,Express,Delhivery,2026-06-08,6,Paterson
SHIP000533,ORD000533,Standard,UPS,2025-02-10,7,Boulder
SHIP000537,ORD000537,Economy,DHL,2023-04-14,3,Aurora
SHIP000538,ORD000538,Same-Day,UPS,2024-08-28,6,Boston
SHIP000539,ORD000539,Same-Day,DHL,2026-06-25,7,Chandler
SHIP000540,ORD000540,Express,IndiaPost,2026-04-03,8,Boston
SHIP000541,ORD000541,Standard,Delhivery,2023-08-15,1,Aurora
SHIP000542,ORD000542,Express,BlueDart,2025-10-28,2,Trenton
SHIP000543,ORD000543,Standard,FedEx,2024-07-11,3,Denver
SHIP000544,ORD000544,Standard,BlueDart,2024-10-09,1,Rockford
SHIP000545,ORD000545,Standard,FedEx,2024-03-26,7,Denver
SHIP000546,ORD000546,Standard,FedEx,2025-04-12,6,Austin
SHIP000547,ORD000547,Standard,FedEx,2024-09-15,6,San Antonio
SHIP000548,ORD000548,Express,FedEx,2026-02-19,4,Fort Collins
SHIP000549,ORD000549,Standard,FedEx,2022-05-21,4,Athens
SHIP000550,ORD000550,Standard,UPS,2026-05-23,7,Greensboro
SHIP000551,ORD000551,Standard,Delhivery,2024-10-05,3,Colorado Springs
SHIP000552,ORD000552,Standard,BlueDart,2024-02-15,4,Albany
SHIP000553,ORD000553,Economy,UPS,2026-01-22,6,Chicago
SHIP000554,ORD000554,Express,UPS,2026-07-21,4,Boulder
SHIP000555,ORD000555,Standard,IndiaPost,2026-01-06,1,Houston
SHIP000556,ORD000556,Same-Day,UPS,2020-09-29,2,New York City
SHIP000557,ORD000557,Standard,IndiaPost,2025-09-12,3,San Antonio
SHIP000559,ORD000559,Same-Day,UPS,2026-07-22,1,San Francisco
SHIP000560,ORD000560,Same-Day,DHL,2025-01-25,3,Philadelphia
SHIP000561,ORD000561,Same-Day,UPS,2023-02-24,3,Boulder
SHIP000564,ORD000564,Standard,IndiaPost,2026-03-22,2,Los Angeles
SHIP000565,ORD000565,Express,Delhivery,2026-05-17,6,San Jose
SHIP000566,ORD000566,Standard,BlueDart,2026-01-28,2,Detroit
SHIP000567,ORD000567,Express,Delhivery,2024-02-21,3,Miami
SHIP000568,ORD000568,Standard,UPS,2025-01-30,9,Philadelphia
SHIP000569,ORD000569,Same-Day,FedEx,2023-07-25,9,Fort Worth
SHIP000571,ORD000571,Standard,IndiaPost,2023-10-04,1,Philadelphia
SHIP000572,ORD000572,Standard,FedEx,2025-03-12,8,Pittsburgh
SHIP000573,ORD000573,Express,UPS,2020-12-24,9,Springfield
SHIP000574,ORD000574,Express,Delhivery,2026-04-08,9,Elizabeth
SHIP000575,ORD000575,Economy,Delhivery,2026-03-10,8,Sacramento
SHIP000576,ORD000576,Standard,DHL,2026-08-04,5,Akron
SHIP000578,ORD000578,Same-Day,IndiaPost,2024-03-19,8,Ann Arbor
SHIP000579,ORD000579,Economy,IndiaPost,2025-10-29,3,Tacoma
SHIP000581,ORD000581,Standard,FedEx,2025-11-28,8,Reading
SHIP000582,ORD000582,Economy,BlueDart,2025-01-27,7,Pittsburgh
SHIP000583,ORD000583,Standard,DHL,2025-12-29,3,Akron
SHIP000584,ORD000584,Standard,Delhivery,2024-10-21,6,Seattle
SHIP000585,ORD000585,Standard,BlueDart,2026-05-21,1,Seattle
SHIP000586,ORD000586,Standard,BlueDart,2023-12-03,6,Lansing
SHIP000587,ORD000587,Economy,IndiaPost,2021-10-21,5,Paterson
SHIP000588,ORD000588,Standard,BlueDart,2025-12-21,5,Tucson
SHIP000589,ORD000589,Standard,BlueDart,2025-07-05,5,San Diego
SHIP000590,ORD000590,Standard,BlueDart,2024-09-20,6,Denver
SHIP000591,ORD000591,Standard,IndiaPost,2025-06-12,3,Athens
SHIP000592,ORD000592,Standard,FedEx,2024-06-02,6,Greensboro
SHIP000593,ORD000593,Express,IndiaPost,2019-11-16,2,San Antonio
SHIP000595,ORD000595,Express,UPS,2022-03-01,8,Springfield
SHIP000596,ORD000596,Express,FedEx,2026-06-25,6,Grand Rapids
SHIP000597,ORD000597,Express,FedEx,2026-04-05,7,Raleigh
SHIP000598,ORD000598,Economy,DHL,2024-08-09,6,Macon
SHIP000599,ORD000599,Standard,BlueDart,2025-09-26,8,New York City
SHIP000600,ORD000600,Express,Delhivery,2026-01-28,1,Lansing
SHIP000601,ORD000601,Express,Delhivery,2025-12-26,2,Tucson
SHIP000602,ORD000602,Standard,IndiaPost,2025-07-04,8,Chicago
SHIP000603,ORD000603,Standard,Delhivery,2025-11-18,1,Phoenix
SHIP000605,ORD000605,Standard,Delhivery,2025-03-01,5,Miami
SHIP000606,ORD000606,Standard,IndiaPost,2022-07-28,7,Cleveland
SHIP000607,ORD000607,Express,DHL,2022-12-10,9,Cincinnati
SHIP000608,ORD000608,Standard,Delhivery,2026-02-15,4,Tacoma
SHIP000609,ORD000609,Standard,DHL,2026-03-24,1,Reading
SHIP000610,ORD000610,Economy,FedEx,2026-05-11,8,Buffalo
SHIP000611,ORD000611,Standard,BlueDart,2026-02-22,9,Savannah
SHIP000612,ORD000612,Standard,IndiaPost,2026-06-23,9,Fort Lauderdale
SHIP000613,ORD000613,Standard,IndiaPost,2021-11-12,8,Columbus
SHIP000614,ORD000614,Standard,IndiaPost,2021-11-18,5,Trenton
SHIP000615,ORD000615,Standard,IndiaPost,2026-03-07,8,Albany
SHIP000616,ORD000616,Standard,Delhivery,2025-09-15,5,Fort Collins
SHIP000618,ORD000618,Standard,FedEx,2026-02-25,3,Reading
SHIP000619,ORD000619,Same-Day,DHL,2025-07-25,9,Albany
SHIP000620,ORD000620,Standard,Delhivery,2024-10-17,5,Colorado Springs
SHIP000621,ORD000621,Express,UPS,2023-05-27,5,Colorado Springs
SHIP000622,ORD000622,Standard,UPS,2023-08-12,2,Cambridge
SHIP000625,ORD000625,Express,DHL,2023-12-13,8,Cincinnati
SHIP000627,ORD000627,Standard,IndiaPost,2023-06-17,6,Ann Arbor
SHIP000628,ORD000628,Express,DHL,2025-12-07,1,Elizabeth
SHIP000630,ORD000630,Economy,FedEx,2022-07-15,2,Orlando
SHIP000631,ORD000631,Economy,Delhivery,2026-02-18,4,Ann Arbor
SHIP000632,ORD000632,Express,UPS,2026-05-31,2,Mesa
SHIP000633,ORD000633,Express,Delhivery,2025-12-26,1,Cincinnati
SHIP000634,ORD000634,Standard,FedEx,2025-01-11,4,Flint
SHIP000635,ORD000635,Express,BlueDart,2025-10-02,9,Miami
SHIP000636,ORD000636,Standard,BlueDart,2025-07-18,6,Detroit
SHIP000637,ORD000637,Standard,FedEx,2024-05-06,2,Boulder
SHIP000638,ORD000638,Express,FedEx,2026-02-19,5,Worcester
SHIP000639,ORD000639,Express,UPS,2021-04-09,9,Charlotte
SHIP000641,ORD000641,Express,IndiaPost,2025-06-23,2,Tacoma
SHIP000642,ORD000642,Standard,BlueDart,2024-05-20,7,Spokane
SHIP000643,ORD000643,Economy,Delhivery,2025-04-22,2,Sacramento
SHIP000644,ORD000644,Express,Delhivery,2022-08-09,7,Bellevue
SHIP000645,ORD000645,Express,DHL,2026-03-06,5,Colorado Springs
SHIP000646,ORD000646,Standard,FedEx,2025-11-02,6,Atlanta
SHIP000647,ORD000647,Standard,UPS,2024-06-30,6,Pittsburgh
SHIP000648,ORD000648,Standard,BlueDart,2025-12-02,4,Boston
SHIP000649,ORD000649,Economy,IndiaPost,2022-07-29,7,Macon
SHIP000650,ORD000650,Standard,FedEx,2020-04-30,2,Springfield
SHIP000651,ORD000651,Economy,Delhivery,2024-03-02,5,Austin
SHIP000652,ORD000652,Standard,Delhivery,2020-09-08,9,Worcester
SHIP000653,ORD000653,Same-Day,DHL,2026-05-19,2,Newark
SHIP000655,ORD000655,Standard,IndiaPost,2022-05-17,2,Boulder
SHIP000657,ORD000657,Express,FedEx,2023-01-21,4,San Diego
SHIP000659,ORD000659,Same-Day,Delhivery,2024-08-12,7,Augusta
SHIP000661,ORD000661,Express,BlueDart,2022-11-12,3,Worcester
SHIP000662,ORD000662,Same-Day,DHL,2025-10-06,3,Naperville
SHIP000663,ORD000663,Economy,IndiaPost,2024-10-21,4,Cambridge
SHIP000664,ORD000664,Standard,DHL,2025-09-05,8,Jersey City
SHIP000665,ORD000665,Standard,BlueDart,2026-07-04,5,Seattle
SHIP000667,ORD000667,Standard,DHL,2026-03-29,1,Newark
SHIP000668,ORD000668,Economy,FedEx,2024-07-15,5,Mesa
SHIP000669,ORD000669,Standard,FedEx,2024-10-11,3,Albany
SHIP000670,ORD000670,Standard,UPS,2026-07-21,9,Savannah
SHIP000671,ORD000671,Standard,FedEx,2026-04-30,9,Reading
SHIP000672,ORD000672,Express,UPS,2023-07-11,8,New York City
SHIP000673,ORD000673,Standard,DHL,2022-08-03,6,Fort Collins
SHIP000675,ORD000675,Express,FedEx,2025-10-12,4,Fort Collins
SHIP000676,ORD000676,Standard,FedEx,2023-08-01,4,Denver
SHIP000677,ORD000677,Standard,DHL,2024-07-15,1,Macon
SHIP000679,ORD000679,Standard,IndiaPost,2024-08-13,4,Lansing
SHIP000681,ORD000681,Standard,IndiaPost,2026-01-27,9,Worcester
SHIP000682,ORD000682,Standard,Delhivery,2026-06-04,8,Denver
SHIP000683,ORD000683,Standard,DHL,2022-10-11,6,Worcester
SHIP000684,ORD000684,Standard,DHL,2023-10-18,4,Lowell
SHIP000685,ORD000685,Express,DHL,2026-03-11,2,Cincinnati
SHIP000686,ORD000686,Standard,Delhivery,2023-07-10,9,Worcester
SHIP000687,ORD000687,Same-Day,Delhivery,2025-03-27,5,Austin
SHIP000688,ORD000688,Same-Day,IndiaPost,2025-10-28,6,San Diego
SHIP000689,ORD000689,Express,DHL,2022-09-18,3,Charlotte
SHIP000690,ORD000690,Economy,FedEx,2026-07-26,8,Phoenix
SHIP000691,ORD000691,Same-Day,UPS,2023-12-19,8,Charlotte
SHIP000692,ORD000692,Standard,Delhivery,2025-07-01,5,San Antonio
SHIP000693,ORD000693,Standard,UPS,2026-03-23,6,San Diego
SHIP000694,ORD000694,Standard,Delhivery,2025-09-09,6,Lansing
SHIP000695,ORD000695,Standard,DHL,2020-04-30,4,Lowell
SHIP000696,ORD000696,Express,DHL,2021-01-18,4,Bellevue
SHIP000697,ORD000697,Standard,UPS,2022-05-09,4,Rockford
SHIP000698,ORD000698,Standard,UPS,2025-06-21,5,Reading
SHIP000700,ORD000700,Standard,FedEx,2025-11-08,5,Seattle
SHIP000701,ORD000701,Same-Day,DHL,2025-04-27,3,Orlando
SHIP000702,ORD000702,Standard,Delhivery,2021-06-11,3,Springfield
SHIP000703,ORD000703,Economy,DHL,2026-05-02,7,Syracuse
SHIP000704,ORD000704,Standard,Delhivery,2025-06-02,3,Mesa
SHIP000705,ORD000705,Standard,IndiaPost,2024-12-22,2,Trenton
SHIP000706,ORD000706,Express,DHL,2023-12-03,4,Greensboro
SHIP000707,ORD000707,Express,UPS,2026-05-23,9,Columbus
SHIP000708,ORD000708,Economy,BlueDart,2024-10-06,7,Seattle
SHIP000709,ORD000709,Economy,Delhivery,2024-03-16,1,Phoenix
SHIP000711,ORD000711,Standard,IndiaPost,2024-04-20,9,Bellevue
SHIP000712,ORD000712,Standard,UPS,2023-04-12,5,San Diego
SHIP000713,ORD000713,Standard,Delhivery,2025-11-09,5,Worcester
SHIP000715,ORD000715,Economy,BlueDart,2026-05-22,2,New York City
SHIP000716,ORD000716,Express,BlueDart,2025-04-11,9,Bellevue
SHIP000717,ORD000717,Express,UPS,2024-10-13,4,Worcester
SHIP000718,ORD000718,Same-Day,Delhivery,2022-01-02,4,Fort Lauderdale
SHIP000719,ORD000719,Express,DHL,2026-08-07,8,Macon
SHIP000720,ORD000720,Standard,Delhivery,2023-01-10,9,San Diego
SHIP000721,ORD000721,Express,FedEx,2023-02-21,5,Akron
SHIP000722,ORD000722,Express,IndiaPost,2026-01-13,6,Seattle
SHIP000723,ORD000723,Standard,FedEx,2022-12-30,6,Houston
SHIP000724,ORD000724,Standard,UPS,2026-06-13,4,Durham
SHIP000725,ORD000725,Standard,UPS,2025-12-17,7,Dallas
SHIP000726,ORD000726,Same-Day,BlueDart,2022-09-21,1,Worcester
SHIP000727,ORD000727,Express,DHL,2025-04-30,8,San Jose
SHIP000728,ORD000728,Express,IndiaPost,2023-03-13,7,Springfield
SHIP000729,ORD000729,Standard,DHL,2022-12-05,1,Detroit
SHIP000730,ORD000730,Standard,UPS,2025-06-11,1,San Francisco
SHIP000731,ORD000731,Express,UPS,2025-06-13,9,San Diego
SHIP000732,ORD000732,Standard,FedEx,2024-11-05,6,Grand Rapids
SHIP000733,ORD000733,Standard,IndiaPost,2024-04-04,4,Ann Arbor
SHIP000734,ORD000734,Same-Day,Delhivery,2024-07-27,8,Springfield
SHIP000735,ORD000735,Standard,Delhivery,2026-07-18,6,San Francisco
SHIP000737,ORD000737,Standard,UPS,2025-02-14,8,Paterson
SHIP000738,ORD000738,Economy,IndiaPost,2026-07-10,9,Sacramento
SHIP000739,ORD000739,Express,UPS,2026-03-02,2,Cleveland
SHIP000740,ORD000740,Standard,FedEx,2026-02-02,3,San Diego
SHIP000741,ORD000741,Standard,BlueDart,2023-10-05,5,Toledo
SHIP000742,ORD000742,Standard,BlueDart,2025-11-25,4,Bellevue
SHIP000743,ORD000743,Express,FedEx,2024-01-08,5,Boulder
SHIP000744,ORD000744,Standard,UPS,2023-03-31,4,Austin
SHIP000745,ORD000745,Same-Day,DHL,2026-05-13,9,Reading
SHIP000746,ORD000746,Standard,FedEx,2025-03-24,6,Philadelphia
SHIP000747,ORD000747,Express,Delhivery,2021-08-21,1,Albany
SHIP000748,ORD000748,Express,BlueDart,2026-06-10,8,Everett
SHIP000750,ORD000750,Economy,IndiaPost,2021-10-01,9,Houston
SHIP000751,ORD000751,Standard,DHL,2025-08-31,5,Albany
SHIP000752,ORD000752,Standard,DHL,2026-03-26,1,Charlotte
SHIP000753,ORD000753,Standard,DHL,2025-04-25,9,Tampa
SHIP000755,ORD000755,Express,FedEx,2023-08-24,9,Rochester
SHIP000756,ORD000756,Standard,Delhivery,2026-06-03,3,San Francisco
SHIP000757,ORD000757,Standard,UPS,2025-12-16,7,Rochester
SHIP000758,ORD000758,Express,DHL,2023-09-09,4,Athens
SHIP000759,ORD000759,Economy,DHL,2026-07-12,4,Augusta
SHIP000760,ORD000760,Express,UPS,2025-07-23,7,Reading
SHIP000761,ORD000761,Express,IndiaPost,2024-09-03,8,Detroit
SHIP000762,ORD000762,Express,Delhivery,2024-11-29,1,Erie
SHIP000763,ORD000763,Standard,UPS,2022-01-11,4,Durham
SHIP000764,ORD000764,Express,FedEx,2024-09-01,7,Austin
SHIP000765,ORD000765,Express,IndiaPost,2024-07-04,7,Syracuse
SHIP000766,ORD000766,Standard,DHL,2024-09-15,7,Spokane
SHIP000767,ORD000767,Same-Day,Delhivery,2026-05-03,4,Greensboro
SHIP000769,ORD000769,Express,IndiaPost,2026-01-29,7,Newark
SHIP000770,ORD000770,Same-Day,BlueDart,2020-10-28,9,Fort Lauderdale
SHIP000771,ORD000771,Express,BlueDart,2024-08-11,1,Denver
SHIP000775,ORD000775,Standard,Delhivery,2023-12-08,1,Springfield
SHIP000776,ORD000776,Economy,DHL,2020-09-24,7,Atlanta
SHIP000777,ORD000777,Standard,BlueDart,2021-12-13,5,Sacramento
SHIP000778,ORD000778,Standard,Delhivery,2025-02-23,9,Bellevue
SHIP000780,ORD000780,Standard,BlueDart,2023-04-11,4,Charlotte
SHIP000781,ORD000781,Same-Day,DHL,2026-03-11,3,Atlanta
SHIP000782,ORD000782,Economy,Delhivery,2025-09-03,9,Athens
SHIP000783,ORD000783,Express,BlueDart,2026-07-28,3,Chicago
SHIP000785,ORD000785,Express,Delhivery,2025-11-28,1,San Jose
SHIP000786,ORD000786,Economy,DHL,2025-05-11,9,San Jose
SHIP000787,ORD000787,Standard,Delhivery,2026-05-19,6,Peoria
SHIP000788,ORD000788,Standard,UPS,2025-06-10,9,Lowell
SHIP000789,ORD000789,Standard,IndiaPost,2020-07-03,7,Savannah
SHIP000790,ORD000790,Standard,Delhivery,2026-05-11,7,Tucson
SHIP000791,ORD000791,Standard,Delhivery,2024-09-25,6,Greensboro
SHIP000793,ORD000793,Express,BlueDart,2025-11-19,6,Rochester
SHIP000794,ORD000794,Standard,FedEx,2024-10-06,2,Spokane
SHIP000795,ORD000795,Standard,IndiaPost,2025-08-22,4,San Francisco
SHIP000796,ORD000796,Standard,IndiaPost,2025-05-20,1,San Diego
SHIP000797,ORD000797,Express,IndiaPost,2023-01-28,8,Reading
SHIP000799,ORD000799,Standard,DHL,2022-07-28,3,Cambridge
SHIP000800,ORD000800,Standard,BlueDart,2022-07-06,7,Rochester
SHIP000801,ORD000801,Standard,UPS,2026-07-10,4,Austin
SHIP000802,ORD000802,Standard,BlueDart,2023-11-23,2,Raleigh
SHIP000803,ORD000803,Standard,UPS,2025-06-16,4,Fort Collins
SHIP000804,ORD000804,Economy,UPS,2025-01-16,2,Sacramento
SHIP000805,ORD000805,Standard,IndiaPost,2026-04-27,4,Erie
SHIP000806,ORD000806,Economy,BlueDart,2023-08-28,5,Toledo
SHIP000807,ORD000807,Standard,IndiaPost,2025-05-31,4,Syracuse
SHIP000808,ORD000808,Standard,Delhivery,2026-07-16,9,Naperville
SHIP000810,ORD000810,Standard,BlueDart,2026-07-23,5,Fort Collins
SHIP000811,ORD000811,Standard,IndiaPost,2025-12-30,8,Reading
SHIP000812,ORD000812,Standard,FedEx,2026-02-15,5,Lowell
SHIP000813,ORD000813,Standard,Delhivery,2021-05-24,8,Flint
SHIP000814,ORD000814,Same-Day,FedEx,2026-05-10,7,Boulder
SHIP000815,ORD000815,Express,DHL,2026-05-30,7,Rochester
SHIP000816,ORD000816,Standard,DHL,2026-01-14,6,Greensboro
SHIP000817,ORD000817,Express,Delhivery,2025-05-10,9,San Diego
SHIP000818,ORD000818,Express,FedEx,2024-08-09,6,Paterson
SHIP000819,ORD000819,Standard,FedEx,2024-09-23,2,Columbus
SHIP000820,ORD000820,Same-Day,UPS,2026-04-15,1,Augusta
SHIP000821,ORD000821,Express,DHL,2025-01-28,8,Albany
SHIP000822,ORD000822,Standard,Delhivery,2024-06-27,1,Chandler
SHIP000823,ORD000823,Standard,Delhivery,2026-04-07,7,Cleveland
SHIP000824,ORD000824,Standard,IndiaPost,2026-05-27,6,Buffalo
SHIP000825,ORD000825,Express,FedEx,2025-10-19,6,Dallas
SHIP000826,ORD000826,Standard,FedEx,2025-04-17,9,Erie
SHIP000827,ORD000827,Standard,FedEx,2024-08-18,4,Jacksonville
SHIP000828,ORD000828,Economy,FedEx,2020-09-23,3,San Diego
SHIP000829,ORD000829,Same-Day,DHL,2026-07-24,7,Spokane
SHIP000830,ORD000830,Express,FedEx,2026-07-28,3,Augusta
SHIP000831,ORD000831,Standard,DHL,2023-04-16,2,San Francisco
SHIP000832,ORD000832,Standard,Delhivery,2026-02-01,2,Akron
SHIP000833,ORD000833,Standard,IndiaPost,2025-08-30,8,Boulder
SHIP000834,ORD000834,Standard,UPS,2023-11-08,1,Fort Lauderdale
SHIP000835,ORD000835,Express,Delhivery,2022-02-02,5,Ann Arbor
SHIP000836,ORD000836,Standard,UPS,2023-07-18,3,Naperville
SHIP000837,ORD000837,Same-Day,UPS,2025-06-01,5,Syracuse
SHIP000838,ORD000838,Standard,DHL,2026-03-06,4,San Francisco
SHIP000839,ORD000839,Express,IndiaPost,2025-02-20,9,Reading
SHIP000840,ORD000840,Express,Delhivery,2026-05-26,7,Boulder
SHIP000841,ORD000841,Express,DHL,2025-07-26,5,Cambridge
SHIP000842,ORD000842,Standard,UPS,2026-07-04,8,Toledo
SHIP000843,ORD000843,Standard,IndiaPost,2025-12-07,5,San Francisco
SHIP000844,ORD000844,Standard,DHL,2026-02-21,5,Allentown
SHIP000845,ORD000845,Standard,FedEx,2026-04-16,7,Bellevue
SHIP000846,ORD000846,Economy,FedEx,2025-11-12,6,Lowell
SHIP000848,ORD000848,Economy,FedEx,2026-01-14,9,Newark
SHIP000849,ORD000849,Standard,BlueDart,2021-10-10,5,Greensboro
SHIP000850,ORD000850,Economy,Delhivery,2025-02-14,7,Grand Rapids
SHIP000851,ORD000851,Standard,UPS,2022-07-22,7,Colorado Springs
SHIP000853,ORD000853,Express,DHL,2025-07-12,4,Cincinnati
SHIP000855,ORD000855,Same-Day,FedEx,2025-08-31,7,Boulder
SHIP000856,ORD000856,Standard,BlueDart,2025-05-26,3,Aurora
SHIP000857,ORD000857,Express,Delhivery,2025-01-29,3,Macon
SHIP000859,ORD000859,Express,DHL,2024-08-06,4,Durham
SHIP000860,ORD000860,Standard,DHL,2024-03-30,5,Allentown
SHIP000861,ORD000861,Standard,Delhivery,2021-12-28,7,Lansing
SHIP000862,ORD000862,Standard,BlueDart,2025-11-16,9,Durham
SHIP000863,ORD000863,Standard,BlueDart,2026-03-24,3,Mesa
SHIP000864,ORD000864,Standard,BlueDart,2024-11-29,9,Philadelphia
SHIP000865,ORD000865,Express,DHL,2026-05-23,6,Worcester
SHIP000866,ORD000866,Economy,Delhivery,2026-03-25,4,Colorado Springs
SHIP000867,ORD000867,Express,IndiaPost,2025-07-11,7,Colorado Springs
SHIP000868,ORD000868,Express,FedEx,2024-02-01,6,Philadelphia
SHIP000869,ORD000869,Economy,IndiaPost,2025-10-27,8,Lowell
SHIP000870,ORD000870,Express,BlueDart,2026-03-06,9,Raleigh
SHIP000871,ORD000871,Express,DHL,2021-12-15,4,Flint
SHIP000872,ORD000872,Standard,Delhivery,2022-08-29,6,Scottsdale
SHIP000873,ORD000873,Same-Day,IndiaPost,2026-07-25,2,Greensboro
SHIP000874,ORD000874,Express,FedEx,2021-04-22,1,Sacramento
SHIP000877,ORD000877,Express,DHL,2024-05-05,3,Naperville
SHIP000878,ORD000878,Economy,FedEx,2026-05-29,8,Everett
SHIP000879,ORD000879,Standard,UPS,2026-03-15,5,Syracuse
SHIP000880,ORD000880,Standard,UPS,2022-11-19,9,Cincinnati
SHIP000881,ORD000881,Standard,DHL,2026-07-19,9,New York City
SHIP000882,ORD000882,Economy,BlueDart,2026-02-03,3,Newark
SHIP000885,ORD000885,Standard,DHL,2023-02-16,2,Mesa
SHIP000886,ORD000886,Standard,FedEx,2025-04-13,2,Spokane
SHIP000889,ORD000889,Express,UPS,2024-01-06,6,Bellevue
SHIP000890,ORD000890,Standard,IndiaPost,2025-04-22,6,Orlando
SHIP000891,ORD000891,Same-Day,FedEx,2023-02-12,6,Lowell
SHIP000892,ORD000892,Standard,DHL,2024-07-02,8,Boston
SHIP000893,ORD000893,Standard,FedEx,2024-10-19,8,Cambridge
SHIP000894,ORD000894,Standard,IndiaPost,2026-06-21,2,Chicago
SHIP000895,ORD000895,Same-Day,BlueDart,2024-02-11,1,Spokane
SHIP000896,ORD000896,Express,BlueDart,2022-09-19,8,Denver
SHIP000897,ORD000897,Express,BlueDart,2024-06-09,4,Charlotte
SHIP000898,ORD000898,Economy,UPS,2025-08-07,6,New York City
SHIP000899,ORD000899,Same-Day,Delhivery,2024-10-27,7,Toledo
SHIP000901,ORD000901,Standard,UPS,2025-06-15,9,Greensboro
SHIP000902,ORD000902,Standard,UPS,2024-05-03,3,Pittsburgh
SHIP000903,ORD000903,Economy,UPS,2019-12-12,8,Winston-Salem
SHIP000904,ORD000904,Express,Delhivery,2025-08-08,7,Bellevue
SHIP000905,ORD000905,Economy,Delhivery,2026-07-08,5,Bellevue
SHIP000907,ORD000907,Standard,UPS,2024-12-14,4,Austin
SHIP000908,ORD000908,Standard,BlueDart,2025-05-25,9,Lowell
SHIP000909,ORD000909,Standard,UPS,2025-01-03,4,Chandler
SHIP000910,ORD000910,Economy,FedEx,2025-06-03,2,Flint
SHIP000911,ORD000911,Standard,IndiaPost,2026-06-13,9,Grand Rapids
SHIP000912,ORD000912,Standard,Delhivery,2023-09-05,7,Cleveland
SHIP000914,ORD000914,Standard,BlueDart,2024-01-02,4,Raleigh
SHIP000915,ORD000915,Standard,Delhivery,2026-07-12,9,Aurora
SHIP000916,ORD000916,Standard,BlueDart,2024-11-01,2,Jersey City
SHIP000917,ORD000917,Express,Delhivery,2024-09-02,8,Boulder
SHIP000918,ORD000918,Economy,UPS,2022-09-21,2,Mesa
SHIP000920,ORD000920,Standard,IndiaPost,2024-11-11,6,Augusta
SHIP000921,ORD000921,Express,Delhivery,2025-12-01,2,Philadelphia
SHIP000922,ORD000922,Standard,UPS,2024-09-28,6,Rockford
SHIP000923,ORD000923,Express,DHL,2025-01-10,8,Raleigh
SHIP000926,ORD000926,Standard,DHL,2025-05-04,9,Everett
SHIP000927,ORD000927,Express,Delhivery,2025-08-21,7,Newark
SHIP000928,ORD000928,Standard,BlueDart,2026-07-15,6,Dallas
SHIP000929,ORD000929,Economy,IndiaPost,2022-11-24,8,Fort Lauderdale
SHIP000931,ORD000931,Standard,Delhivery,2024-12-18,9,Lowell
SHIP000932,ORD000932,Express,FedEx,2023-08-10,3,Cambridge
SHIP000933,ORD000933,Standard,BlueDart,2024-02-05,9,Naperville
SHIP000935,ORD000935,Same-Day,Delhivery,2026-07-05,5,Boulder
SHIP000936,ORD000936,Standard,Delhivery,2025-12-27,6,Buffalo
SHIP000938,ORD000938,Standard,BlueDart,2026-03-06,2,Chandler
SHIP000939,ORD000939,Standard,Delhivery,2025-12-15,8,Flint
SHIP000940,ORD000940,Standard,Delhivery,2023-12-22,8,Boulder
SHIP000942,ORD000942,Express,IndiaPost,2023-02-16,3,Elizabeth
SHIP000943,ORD000943,Standard,Delhivery,2024-07-27,4,Tampa
SHIP000946,ORD000946,Standard,IndiaPost,2021-02-15,6,Miami
SHIP000947,ORD000947,Standard,IndiaPost,2024-10-16,7,Toledo
SHIP000948,ORD000948,Express,IndiaPost,2025-09-22,7,Winston-Salem
SHIP000949,ORD000949,Standard,IndiaPost,2025-02-06,8,Fort Worth
SHIP000950,ORD000950,Express,DHL,2026-07-20,2,Rockford
SHIP000951,ORD000951,Standard,BlueDart,2025-05-13,7,Winston-Salem
SHIP000952,ORD000952,Same-Day,FedEx,2022-10-14,9,Charlotte
SHIP000953,ORD000953,Same-Day,DHL,2026-07-09,6,Springfield
SHIP000954,ORD000954,Same-Day,DHL,2025-09-28,7,Akron
SHIP000955,ORD000955,Standard,Delhivery,2023-12-14,6,Austin
SHIP000956,ORD000956,Standard,Delhivery,2025-01-18,2,Ann Arbor
SHIP000957,ORD000957,Express,FedEx,2025-08-14,5,Sacramento
SHIP000958,ORD000958,Express,UPS,2024-07-21,7,Jersey City
SHIP000959,ORD000959,Standard,IndiaPost,2025-08-14,5,Savannah
SHIP000960,ORD000960,Standard,Delhivery,2025-06-30,5,Scottsdale
SHIP000961,ORD000961,Standard,FedEx,2026-08-05,7,Aurora
SHIP000962,ORD000962,Same-Day,UPS,2024-11-30,4,Savannah
SHIP000963,ORD000963,Standard,UPS,2022-07-08,3,Augusta
SHIP000964,ORD000964,Standard,IndiaPost,2026-04-05,3,Scottsdale
SHIP000965,ORD000965,Standard,UPS,2025-12-19,3,Greensboro
SHIP000966,ORD000966,Standard,DHL,2023-08-27,4,Orlando
SHIP000967,ORD000967,Express,Delhivery,2023-09-26,6,Durham
SHIP000968,ORD000968,Express,Delhivery,2021-08-02,7,Orlando
SHIP000969,ORD000969,Standard,IndiaPost,2024-04-13,2,Columbus
SHIP000970,ORD000970,Standard,IndiaPost,2026-04-19,5,Ann Arbor
SHIP000971,ORD000971,Same-Day,BlueDart,2025-12-16,1,Spokane
SHIP000972,ORD000972,Standard,Delhivery,2024-12-18,7,Charlotte
SHIP000973,ORD000973,Express,IndiaPost,2025-09-14,4,San Jose
SHIP000974,ORD000974,Express,BlueDart,2024-01-21,8,Ann Arbor
SHIP000975,ORD000975,Express,IndiaPost,2024-08-11,8,Chandler
SHIP000976,ORD000976,Standard,Delhivery,2021-08-14,8,Seattle
SHIP000977,ORD000977,Same-Day,FedEx,2026-01-16,5,Miami
SHIP000978,ORD000978,Express,IndiaPost,2024-10-21,1,Naperville
SHIP000979,ORD000979,Express,FedEx,2026-05-29,5,Akron
SHIP000980,ORD000980,Standard,BlueDart,2025-03-12,7,Trenton
SHIP000981,ORD000981,Standard,Delhivery,2024-04-05,4,Allentown
SHIP000982,ORD000982,Standard,BlueDart,2025-02-01,2,Trenton
SHIP000983,ORD000983,Standard,FedEx,2026-06-30,6,San Antonio
SHIP000984,ORD000984,Standard,UPS,2024-05-09,3,Aurora
SHIP000985,ORD000985,Economy,Delhivery,2023-09-24,1,Paterson
SHIP000986,ORD000986,Economy,Delhivery,2026-03-31,4,San Francisco
SHIP000987,ORD000987,Same-Day,DHL,2025-12-13,8,San Antonio
SHIP000988,ORD000988,Standard,Delhivery,2026-01-14,1,Pittsburgh
SHIP000989,ORD000989,Economy,DHL,2023-10-06,7,Trenton
SHIP000990,ORD000990,Standard,FedEx,2025-05-10,4,Everett
SHIP000991,ORD000991,Express,IndiaPost,2023-07-28,1,Spokane
SHIP000992,ORD000992,Standard,IndiaPost,2026-06-13,6,Fort Lauderdale
SHIP000993,ORD000993,Same-Day,BlueDart,2025-09-17,5,Colorado Springs
SHIP000994,ORD000994,Standard,FedEx,2026-06-12,5,Augusta
SHIP000995,ORD000995,Express,IndiaPost,2020-12-15,5,Seattle
SHIP000996,ORD000996,Standard,BlueDart,2022-03-13,6,San Diego
SHIP000997,ORD000997,Same-Day,UPS,2026-06-17,3,Dallas
SHIP000998,ORD000998,Same-Day,FedEx,2026-08-03,5,Tucson
SHIP000999,ORD000999,Standard,BlueDart,2023-10-10,4,Greensboro
SHIP001001,ORD001001,Standard,Delhivery,2021-11-01,5,Los Angeles
SHIP001002,ORD001002,Express,Delhivery,2026-04-27,6,Springfield
SHIP001003,ORD001003,Standard,BlueDart,2024-09-27,7,Worcester
SHIP001004,ORD001004,Standard,UPS,2026-08-01,6,Rockford
SHIP001005,ORD001005,Same-Day,IndiaPost,2026-05-11,7,Macon
SHIP001006,ORD001006,Standard,UPS,2025-05-04,9,Jersey City
SHIP001007,ORD001007,Economy,Delhivery,2025-05-12,2,Toledo
SHIP001008,ORD001008,Standard,BlueDart,2026-07-01,8,Grand Rapids
SHIP001009,ORD001009,Express,BlueDart,2024-11-23,6,Fort Lauderdale
SHIP001010,ORD001010,Economy,BlueDart,2023-07-02,2,Raleigh
SHIP001011,ORD001011,Standard,DHL,2024-06-24,7,Buffalo
SHIP001012,ORD001012,Express,FedEx,2023-06-19,4,Aurora
SHIP001014,ORD001014,Standard,Delhivery,2025-01-07,8,Aurora
SHIP001015,ORD001015,Standard,BlueDart,2022-11-08,4,Augusta
SHIP001016,ORD001016,Standard,BlueDart,2023-11-04,3,Greensboro
SHIP001017,ORD001017,Economy,Delhivery,2025-04-28,9,Elizabeth
SHIP001018,ORD001018,Express,DHL,2025-12-28,1,Reading
SHIP001019,ORD001019,Standard,IndiaPost,2025-05-15,9,Newark
SHIP001020,ORD001020,Standard,DHL,2025-08-10,7,Detroit
SHIP001021,ORD001021,Standard,DHL,2025-11-30,6,Bellevue
SHIP001022,ORD001022,Standard,Delhivery,2025-06-28,2,Rochester
SHIP001023,ORD001023,Standard,Delhivery,2025-04-26,2,Seattle
SHIP001024,ORD001024,Express,UPS,2022-03-09,4,Athens
SHIP001025,ORD001025,Standard,DHL,2023-06-11,2,Orlando
SHIP001027,ORD001027,Standard,Delhivery,2025-01-30,8,Columbus
SHIP001028,ORD001028,Express,FedEx,2021-08-20,1,Erie
SHIP001029,ORD001029,Standard,DHL,2021-06-05,5,Dallas
SHIP001030,ORD001030,Standard,BlueDart,2026-03-19,4,Spokane
SHIP001031,ORD001031,Standard,Delhivery,2025-03-17,3,Rochester
SHIP001032,ORD001032,Standard,FedEx,2026-03-11,7,Greensboro
SHIP001033,ORD001033,Same-Day,FedEx,2026-01-23,8,Seattle
SHIP001034,ORD001034,Economy,BlueDart,2025-01-31,6,Rockford
SHIP001035,ORD001035,Standard,FedEx,2025-08-27,2,Tacoma
SHIP001036,ORD001036,Standard,FedEx,2023-09-18,2,Reading
SHIP001037,ORD001037,Standard,Delhivery,2026-08-03,9,Austin
SHIP001038,ORD001038,Standard,UPS,2024-03-09,9,Spokane
SHIP001039,ORD001039,Standard,DHL,2023-02-28,5,San Antonio
SHIP001041,ORD001041,Same-Day,Delhivery,2021-09-25,4,Philadelphia
SHIP001042,ORD001042,Standard,BlueDart,2023-10-01,6,Phoenix
SHIP001043,ORD001043,Standard,BlueDart,2023-06-25,7,San Jose
SHIP001044,ORD001044,Express,Delhivery,2025-01-13,8,Chandler
SHIP001045,ORD001045,Express,IndiaPost,2026-02-14,4,Flint
SHIP001046,ORD001046,Express,DHL,2026-05-12,3,San Jose
SHIP001047,ORD001047,Standard,IndiaPost,2023-12-31,8,Phoenix
SHIP001048,ORD001048,Standard,FedEx,2025-12-15,6,Ann Arbor
SHIP001049,ORD001049,Standard,FedEx,2025-04-26,9,Cincinnati
SHIP001050,ORD001050,Same-Day,UPS,2025-05-29,9,Trenton
SHIP001051,ORD001051,Standard,Delhivery,2026-02-15,2,Athens
SHIP001052,ORD001052,Standard,FedEx,2024-05-13,5,Worcester
SHIP001053,ORD001053,Standard,DHL,2026-07-07,7,New York City
SHIP001054,ORD001054,Express,BlueDart,2025-11-22,9,Philadelphia
SHIP001055,ORD001055,Standard,IndiaPost,2020-11-14,2,Houston
SHIP001056,ORD001056,Express,Delhivery,2024-12-22,3,Bellevue
SHIP001058,ORD001058,Express,UPS,2023-06-21,8,Athens
SHIP001059,ORD001059,Express,FedEx,2025-01-02,7,Philadelphia
SHIP001060,ORD001060,Express,FedEx,2024-04-20,5,Flint
SHIP001061,ORD001061,Express,IndiaPost,2026-06-08,3,Boston
SHIP001062,ORD001062,Standard,FedEx,2025-02-02,3,Fort Worth
SHIP001063,ORD001063,Standard,IndiaPost,2025-06-13,8,Macon
SHIP001064,ORD001064,Same-Day,IndiaPost,2025-03-22,2,Phoenix
SHIP001065,ORD001065,Economy,Delhivery,2022-09-10,2,Boston
SHIP001066,ORD001066,Same-Day,Delhivery,2023-05-31,4,Jersey City
SHIP001067,ORD001067,Standard,IndiaPost,2026-07-24,3,Aurora
SHIP001068,ORD001068,Standard,DHL,2026-03-23,4,Bellevue
SHIP001069,ORD001069,Standard,BlueDart,2025-07-03,4,Charlotte
SHIP001070,ORD001070,Standard,Delhivery,2025-07-07,7,Denver
SHIP001071,ORD001071,Standard,UPS,2022-07-14,5,Everett
SHIP001072,ORD001072,Standard,DHL,2022-10-12,3,Toledo
SHIP001073,ORD001073,Standard,DHL,2023-01-25,5,Ann Arbor
SHIP001074,ORD001074,Economy,BlueDart,2024-09-06,4,Scottsdale
SHIP001075,ORD001075,Standard,UPS,2022-01-20,5,Colorado Springs
SHIP001076,ORD001076,Standard,Delhivery,2022-01-29,4,Erie
SHIP001077,ORD001077,Express,IndiaPost,2022-03-27,3,Orlando
SHIP001078,ORD001078,Standard,FedEx,2025-12-23,5,Buffalo
SHIP001079,ORD001079,Standard,DHL,2025-08-04,7,Orlando
SHIP001080,ORD001080,Express,Delhivery,2023-11-27,9,Detroit
SHIP001081,ORD001081,Express,BlueDart,2023-05-05,9,Los Angeles
SHIP001082,ORD001082,Express,FedEx,2023-04-06,2,Jersey City
SHIP001083,ORD001083,Standard,IndiaPost,2026-06-22,1,Houston
SHIP001085,ORD001085,Standard,IndiaPost,2026-07-31,1,Grand Rapids
SHIP001088,ORD001088,Express,BlueDart,2025-07-25,3,Cincinnati
SHIP001089,ORD001089,Standard,FedEx,2026-07-12,7,Macon
SHIP001090,ORD001090,Standard,FedEx,2024-01-08,1,Raleigh
SHIP001092,ORD001092,Standard,IndiaPost,2026-07-08,5,Cambridge
SHIP001093,ORD001093,Standard,DHL,2022-05-30,7,Springfield
SHIP001094,ORD001094,Standard,UPS,2024-04-02,2,Allentown
SHIP001095,ORD001095,Standard,DHL,2024-01-28,3,Peoria
SHIP001096,ORD001096,Standard,DHL,2026-06-09,8,Phoenix
SHIP001097,ORD001097,Standard,BlueDart,2023-06-15,6,Durham
SHIP001098,ORD001098,Standard,FedEx,2026-06-06,6,Tacoma
SHIP001099,ORD001099,Same-Day,FedEx,2020-09-06,7,Grand Rapids
SHIP001100,ORD001100,Standard,IndiaPost,2024-09-29,9,Lowell
SHIP001101,ORD001101,Standard,UPS,2026-01-28,4,Newark
SHIP001102,ORD001102,Economy,UPS,2023-12-28,1,Syracuse
SHIP001104,ORD001104,Standard,FedEx,2024-05-23,2,Rockford
SHIP001105,ORD001105,Economy,Delhivery,2025-11-17,2,New York City
SHIP001106,ORD001106,Standard,DHL,2022-10-16,1,Tucson
SHIP001107,ORD001107,Same-Day,Delhivery,2026-03-20,6,Albany
SHIP001108,ORD001108,Standard,Delhivery,2025-10-23,3,Boulder
SHIP001109,ORD001109,Standard,DHL,2024-03-15,6,Syracuse
SHIP001110,ORD001110,Standard,DHL,2024-07-30,6,Colorado Springs
SHIP001111,ORD001111,Standard,FedEx,2023-01-17,7,Akron
SHIP001112,ORD001112,Economy,DHL,2025-09-23,3,Albany
SHIP001113,ORD001113,Standard,UPS,2025-11-07,7,Paterson
SHIP001114,ORD001114,Standard,FedEx,2022-04-03,1,Greensboro
SHIP001115,ORD001115,Standard,UPS,2023-06-30,8,Denver
SHIP001116,ORD001116,Same-Day,UPS,2025-12-08,7,Cleveland
SHIP001117,ORD001117,Standard,IndiaPost,2026-07-04,9,Sacramento
SHIP001118,ORD001118,Express,Delhivery,2026-07-21,5,Macon
SHIP001119,ORD001119,Economy,DHL,2026-07-15,7,Flint
SHIP001120,ORD001120,Standard,BlueDart,2025-02-12,2,Springfield
SHIP001121,ORD001121,Economy,BlueDart,2025-06-24,1,Charlotte
SHIP001122,ORD001122,Same-Day,BlueDart,2026-07-29,3,Dallas
SHIP001123,ORD001123,Standard,DHL,2026-07-25,7,Philadelphia
SHIP001124,ORD001124,Same-Day,BlueDart,2024-12-21,3,Houston
SHIP001125,ORD001125,Standard,IndiaPost,2024-01-22,3,Flint
SHIP001126,ORD001126,Standard,UPS,2022-10-12,7,San Antonio
SHIP001127,ORD001127,Same-Day,DHL,2025-12-19,9,Tampa
SHIP001128,ORD001128,Economy,DHL,2026-05-26,2,Naperville
SHIP001129,ORD001129,Express,BlueDart,2022-06-23,1,Cambridge
SHIP001130,ORD001130,Express,BlueDart,2022-10-06,6,Colorado Springs
SHIP001131,ORD001131,Express,BlueDart,2024-07-07,2,Springfield
SHIP001132,ORD001132,Express,IndiaPost,2025-09-04,2,Fort Lauderdale
SHIP001133,ORD001133,Standard,BlueDart,2025-03-28,5,Chandler
SHIP001134,ORD001134,Economy,Delhivery,2026-06-22,7,Tacoma
SHIP001135,ORD001135,Express,UPS,2026-05-06,7,Boston
SHIP001136,ORD001136,Standard,FedEx,2025-10-02,5,Denver
SHIP001138,ORD001138,Economy,FedEx,2026-03-09,6,Augusta
SHIP001139,ORD001139,Express,DHL,2024-12-07,4,Flint
SHIP001140,ORD001140,Standard,IndiaPost,2024-11-19,6,Elizabeth
SHIP001141,ORD001141,Express,UPS,2026-01-27,8,Reading
SHIP001142,ORD001142,Economy,FedEx,2024-05-07,8,Los Angeles
SHIP001144,ORD001144,Express,DHL,2023-12-25,9,Tampa
SHIP001145,ORD001145,Standard,UPS,2026-02-11,7,Austin
SHIP001146,ORD001146,Express,DHL,2026-05-27,8,Winston-Salem
SHIP001147,ORD001147,Standard,FedEx,2026-05-19,6,Rockford
SHIP001148,ORD001148,Express,UPS,2024-09-15,9,Orlando
SHIP001149,ORD001149,Standard,FedEx,2019-11-14,8,Everett
SHIP001150,ORD001150,Standard,UPS,2026-05-19,6,San Jose
SHIP001151,ORD001151,Same-Day,IndiaPost,2026-03-03,9,Akron
SHIP001152,ORD001152,Express,DHL,2025-02-21,4,Lowell
SHIP001153,ORD001153,Standard,IndiaPost,2024-01-01,8,Atlanta
SHIP001154,ORD001154,Standard,IndiaPost,2024-12-30,3,Tacoma
SHIP001155,ORD001155,Standard,BlueDart,2026-06-06,8,San Jose
SHIP001156,ORD001156,Express,FedEx,2026-05-05,1,Charlotte
SHIP001157,ORD001157,Standard,FedEx,2024-11-15,6,Rockford
SHIP001158,ORD001158,Standard,Delhivery,2026-06-14,8,Tampa
SHIP001160,ORD001160,Express,BlueDart,2023-03-08,5,Chandler
SHIP001161,ORD001161,Express,BlueDart,2024-11-28,7,Austin
SHIP001162,ORD001162,Standard,BlueDart,2024-03-10,6,Boston
SHIP001163,ORD001163,Standard,FedEx,2025-08-07,2,Cambridge
SHIP001164,ORD001164,Standard,Delhivery,2025-07-20,7,Houston
SHIP001165,ORD001165,Standard,BlueDart,2024-04-12,6,Raleigh
SHIP001166,ORD001166,Same-Day,UPS,2025-02-22,6,Syracuse
SHIP001167,ORD001167,Express,Delhivery,2026-03-13,3,San Jose
SHIP001168,ORD001168,Standard,UPS,2023-07-14,3,San Jose
SHIP001169,ORD001169,Economy,FedEx,2026-01-19,5,Trenton
SHIP001171,ORD001171,Express,BlueDart,2023-02-14,6,Buffalo
SHIP001172,ORD001172,Express,Delhivery,2025-05-14,6,Flint
SHIP001173,ORD001173,Standard,BlueDart,2024-03-03,8,Boston
SHIP001174,ORD001174,Same-Day,DHL,2026-03-12,2,Charlotte
SHIP001175,ORD001175,Express,BlueDart,2025-09-09,5,Miami
SHIP001176,ORD001176,Standard,FedEx,2026-07-04,7,Dallas
SHIP001177,ORD001177,Standard,DHL,2025-08-31,1,Elizabeth
SHIP001178,ORD001178,Standard,Delhivery,2025-09-24,3,San Diego
SHIP001179,ORD001179,Economy,IndiaPost,2025-11-16,2,Tucson
SHIP001180,ORD001180,Express,UPS,2024-11-10,5,Springfield
SHIP001181,ORD001181,Standard,DHL,2024-05-18,1,San Diego
SHIP001182,ORD001182,Same-Day,UPS,2024-01-07,1,San Diego
SHIP001183,ORD001183,Standard,BlueDart,2020-04-24,3,Charlotte
SHIP001184,ORD001184,Standard,UPS,2024-08-09,8,Peoria
SHIP001185,ORD001185,Express,FedEx,2026-07-23,6,Austin
SHIP001186,ORD001186,Standard,BlueDart,2022-01-10,8,Allentown
SHIP001187,ORD001187,Same-Day,Delhivery,2026-07-25,3,Reading
SHIP001188,ORD001188,Standard,BlueDart,2024-09-22,3,Springfield
SHIP001189,ORD001189,Standard,FedEx,2024-06-10,3,Fort Collins
SHIP001190,ORD001190,Standard,Delhivery,2026-05-13,6,Rockford
SHIP001191,ORD001191,Same-Day,IndiaPost,2024-09-10,3,Toledo
SHIP001192,ORD001192,Standard,UPS,2021-07-03,6,Winston-Salem
SHIP001193,ORD001193,Express,DHL,2026-06-27,8,Macon
SHIP001194,ORD001194,Express,BlueDart,2025-05-07,6,Seattle
SHIP001195,ORD001195,Express,Delhivery,2026-07-03,7,Tacoma
SHIP001196,ORD001196,Same-Day,UPS,2026-07-04,1,Seattle
SHIP001197,ORD001197,Standard,FedEx,2023-07-27,1,Miami
SHIP001198,ORD001198,Express,BlueDart,2022-01-30,8,Durham
SHIP001199,ORD001199,Express,DHL,2020-05-04,7,Jersey City
SHIP001201,ORD001201,Standard,BlueDart,2025-11-07,1,Syracuse
SHIP001202,ORD001202,Standard,FedEx,2024-11-04,9,Rockford
SHIP001203,ORD001203,Standard,Delhivery,2024-06-06,7,Rockford
SHIP001204,ORD001204,Express,FedEx,2026-06-21,5,New York City
SHIP001205,ORD001205,Standard,DHL,2025-06-06,4,Elizabeth
SHIP001207,ORD001207,Standard,BlueDart,2023-11-02,4,Lansing
SHIP001208,ORD001208,Standard,UPS,2023-10-11,8,New York City
SHIP001209,ORD001209,Express,UPS,2026-03-22,9,Syracuse
SHIP001210,ORD001210,Express,DHL,2025-10-03,3,Tampa
SHIP001211,ORD001211,Standard,BlueDart,2025-08-06,3,Greensboro
SHIP001212,ORD001212,Standard,Delhivery,2023-10-12,3,Trenton
SHIP001213,ORD001213,Express,Delhivery,2025-04-13,8,Everett
SHIP001214,ORD001214,Express,BlueDart,2025-06-02,1,Grand Rapids
SHIP001215,ORD001215,Standard,BlueDart,2021-10-07,5,Philadelphia
SHIP001216,ORD001216,Express,BlueDart,2026-02-17,9,Naperville
SHIP001217,ORD001217,Standard,Delhivery,2023-07-30,5,San Antonio
SHIP001218,ORD001218,Standard,Delhivery,2022-08-23,7,Scottsdale
SHIP001220,ORD001220,Standard,DHL,2026-06-28,2,Fort Worth
SHIP001221,ORD001221,Standard,Delhivery,2025-08-09,4,Newark
SHIP001222,ORD001222,Economy,DHL,2024-05-26,9,Cambridge
SHIP001223,ORD001223,Standard,Delhivery,2026-06-29,3,Colorado Springs
SHIP001224,ORD001224,Standard,UPS,2024-03-29,7,Dallas
SHIP001225,ORD001225,Express,BlueDart,2026-05-17,2,Syracuse
SHIP001227,ORD001227,Express,BlueDart,2025-08-26,4,Aurora
SHIP001229,ORD001229,Standard,BlueDart,2022-04-09,8,Seattle
SHIP001231,ORD001231,Economy,UPS,2025-10-28,7,San Jose
SHIP001232,ORD001232,Standard,IndiaPost,2025-04-14,4,San Francisco
SHIP001233,ORD001233,Standard,BlueDart,2019-07-22,6,Grand Rapids
SHIP001234,ORD001234,Standard,IndiaPost,2024-10-01,8,Albany
SHIP001235,ORD001235,Express,Delhivery,2026-07-23,8,Raleigh
SHIP001236,ORD001236,Standard,Delhivery,2025-09-16,6,Fort Worth
SHIP001237,ORD001237,Express,FedEx,2025-07-30,5,Jacksonville
SHIP001238,ORD001238,Express,Delhivery,2023-10-24,4,Savannah
SHIP001240,ORD001240,Standard,DHL,2022-05-27,1,San Antonio
SHIP001242,ORD001242,Same-Day,UPS,2025-07-26,4,San Diego
SHIP001243,ORD001243,Standard,Delhivery,2023-11-19,5,Atlanta
SHIP001244,ORD001244,Standard,Delhivery,2024-01-09,7,Buffalo
SHIP001245,ORD001245,Standard,IndiaPost,2024-07-28,6,Newark
SHIP001246,ORD001246,Express,IndiaPost,2025-12-06,1,Lowell
SHIP001248,ORD001248,Standard,Delhivery,2024-10-27,4,Rochester
SHIP001249,ORD001249,Express,DHL,2026-03-01,8,Springfield
SHIP001250,ORD001250,Same-Day,IndiaPost,2026-07-08,3,Fort Lauderdale
SHIP001251,ORD001251,Standard,UPS,2025-11-26,6,Augusta
SHIP001252,ORD001252,Express,BlueDart,2025-06-22,5,Philadelphia
SHIP001253,ORD001253,Economy,FedEx,2025-01-21,4,Erie
SHIP001254,ORD001254,Economy,UPS,2026-03-11,2,Detroit
SHIP001255,ORD001255,Standard,BlueDart,2025-01-23,1,Everett
SHIP001256,ORD001256,Economy,IndiaPost,2024-09-22,4,Tucson
SHIP001257,ORD001257,Standard,DHL,2024-12-30,3,Charlotte
SHIP001259,ORD001259,Express,IndiaPost,2026-07-31,4,Austin
SHIP001260,ORD001260,Economy,IndiaPost,2022-07-05,2,Dallas
SHIP001261,ORD001261,Standard,DHL,2024-07-28,2,Jacksonville
SHIP001262,ORD001262,Express,IndiaPost,2024-08-18,6,Aurora
SHIP001264,ORD001264,Standard,BlueDart,2026-06-27,1,Boston
SHIP001265,ORD001265,Standard,UPS,2025-10-20,1,Chandler
SHIP001266,ORD001266,Express,FedEx,2025-11-29,9,Rochester
SHIP001267,ORD001267,Standard,FedEx,2026-06-27,3,Fort Lauderdale
SHIP001268,ORD001268,Standard,DHL,2025-11-20,7,Athens
SHIP001269,ORD001269,Economy,DHL,2020-05-27,4,Boston
SHIP001270,ORD001270,Standard,BlueDart,2025-02-04,8,Tacoma
SHIP001271,ORD001271,Standard,BlueDart,2022-02-27,2,Lansing
SHIP001272,ORD001272,Standard,IndiaPost,2026-02-05,7,Cambridge
SHIP001273,ORD001273,Standard,BlueDart,2024-08-01,5,Mesa
SHIP001274,ORD001274,Standard,FedEx,2025-08-30,4,San Antonio
SHIP001276,ORD001276,Express,IndiaPost,2025-06-26,2,Syracuse
SHIP001277,ORD001277,Express,IndiaPost,2022-10-27,3,Tucson
SHIP001278,ORD001278,Standard,IndiaPost,2023-06-06,7,Miami
SHIP001282,ORD001282,Standard,UPS,2023-06-23,8,Jersey City
SHIP001283,ORD001283,Standard,DHL,2026-07-16,4,Seattle
SHIP001284,ORD001284,Express,FedEx,2025-08-20,4,Chicago
SHIP001285,ORD001285,Standard,FedEx,2026-07-20,2,Raleigh
SHIP001286,ORD001286,Standard,IndiaPost,2025-07-18,2,Syracuse
SHIP001287,ORD001287,Standard,UPS,2024-11-27,8,Detroit
SHIP001288,ORD001288,Economy,IndiaPost,2026-07-01,2,Augusta
SHIP001289,ORD001289,Standard,BlueDart,2025-05-08,9,Fort Lauderdale
SHIP001291,ORD001291,Express,DHL,2024-12-09,6,Mesa
SHIP001292,ORD001292,Standard,Delhivery,2025-12-30,5,Jersey City
SHIP001293,ORD001293,Economy,FedEx,2026-07-01,1,Scottsdale
SHIP001294,ORD001294,Express,UPS,2025-12-08,1,Paterson
SHIP001295,ORD001295,Express,Delhivery,2025-11-19,5,Houston
SHIP001298,ORD001298,Standard,DHL,2025-08-26,9,Chicago
SHIP001299,ORD001299,Express,UPS,2023-12-11,1,Greensboro
SHIP001300,ORD001300,Standard,BlueDart,2024-07-31,6,Rockford
SHIP001301,ORD001301,Standard,FedEx,2025-08-21,5,San Jose
SHIP001302,ORD001302,Same-Day,IndiaPost,2024-11-15,2,Grand Rapids
SHIP001303,ORD001303,Standard,BlueDart,2025-03-01,4,Raleigh
SHIP001304,ORD001304,Standard,DHL,2026-05-27,6,San Francisco
SHIP001305,ORD001305,Standard,Delhivery,2023-08-15,2,Durham
SHIP001306,ORD001306,Express,Delhivery,2026-03-25,8,Trenton
SHIP001307,ORD001307,Standard,IndiaPost,2025-01-03,1,Augusta
SHIP001308,ORD001308,Express,BlueDart,2025-08-14,6,New York City
SHIP001309,ORD001309,Express,BlueDart,2020-08-16,2,San Francisco
SHIP001310,ORD001310,Economy,BlueDart,2023-04-03,8,Elizabeth
SHIP001311,ORD001311,Same-Day,DHL,2025-03-18,3,Dallas
SHIP001312,ORD001312,Standard,IndiaPost,2021-10-14,3,Jersey City
SHIP001313,ORD001313,Standard,UPS,2023-11-07,4,Boulder
SHIP001314,ORD001314,Standard,BlueDart,2025-11-11,7,Reading
SHIP001315,ORD001315,Economy,UPS,2024-03-16,7,Cleveland
SHIP001316,ORD001316,Standard,IndiaPost,2026-07-21,4,Elizabeth
SHIP001320,ORD001320,Standard,UPS,2026-07-06,4,San Diego
SHIP001321,ORD001321,Express,UPS,2025-12-09,1,Lowell
SHIP001323,ORD001323,Standard,UPS,2020-02-29,7,San Diego
SHIP001324,ORD001324,Express,FedEx,2021-10-23,1,Bellevue
SHIP001325,ORD001325,Express,Delhivery,2021-07-23,8,San Jose
SHIP001326,ORD001326,Standard,FedEx,2020-12-15,6,Aurora
SHIP001327,ORD001327,Same-Day,BlueDart,2025-06-03,5,Cleveland
SHIP001328,ORD001328,Standard,Delhivery,2022-04-25,7,Seattle
SHIP001329,ORD001329,Standard,DHL,2025-07-23,1,Spokane
SHIP001330,ORD001330,Express,IndiaPost,2026-06-26,5,Denver
SHIP001331,ORD001331,Standard,FedEx,2025-09-04,5,San Jose
SHIP001332,ORD001332,Standard,IndiaPost,2024-12-06,1,Boston
SHIP001333,ORD001333,Express,FedEx,2026-06-30,5,Detroit
SHIP001334,ORD001334,Express,DHL,2026-02-28,2,Columbus
SHIP001335,ORD001335,Express,DHL,2026-07-01,2,Reading
SHIP001336,ORD001336,Standard,Delhivery,2025-04-27,2,San Jose
SHIP001338,ORD001338,Standard,DHL,2023-09-16,9,Philadelphia
SHIP001339,ORD001339,Economy,UPS,2021-08-27,8,Fort Collins
SHIP001340,ORD001340,Standard,IndiaPost,2020-07-20,1,Boulder
SHIP001341,ORD001341,Same-Day,IndiaPost,2022-06-01,2,Raleigh
SHIP001342,ORD001342,Same-Day,BlueDart,2026-02-25,3,Akron
SHIP001343,ORD001343,Standard,FedEx,2023-09-14,3,San Jose
SHIP001344,ORD001344,Standard,Delhivery,2024-05-20,2,Denver
SHIP001345,ORD001345,Standard,FedEx,2026-03-20,9,Cambridge
SHIP001346,ORD001346,Standard,BlueDart,2024-03-23,5,Reading
SHIP001347,ORD001347,Express,Delhivery,2024-06-17,1,Phoenix
SHIP001348,ORD001348,Economy,Delhivery,2024-05-22,7,Orlando
SHIP001349,ORD001349,Same-Day,UPS,2026-04-24,5,Boston
SHIP001350,ORD001350,Same-Day,FedEx,2025-07-13,8,Phoenix
SHIP001351,ORD001351,Standard,FedEx,2022-02-25,2,Durham
SHIP001353,ORD001353,Express,IndiaPost,2024-01-21,6,San Francisco
SHIP001354,ORD001354,Express,FedEx,2023-11-14,8,Raleigh
SHIP001355,ORD001355,Standard,BlueDart,2025-11-13,2,Miami
SHIP001356,ORD001356,Standard,UPS,2026-07-26,5,Tampa
SHIP001357,ORD001357,Standard,FedEx,2024-08-12,7,Trenton
SHIP001358,ORD001358,Standard,DHL,2021-08-15,8,Houston
SHIP001359,ORD001359,Standard,FedEx,2021-04-21,8,Dallas
SHIP001360,ORD001360,Standard,Delhivery,2026-05-02,2,Colorado Springs
SHIP001361,ORD001361,Economy,Delhivery,2025-08-20,2,Elizabeth
SHIP001362,ORD001362,Standard,IndiaPost,2025-02-13,4,Flint
SHIP001363,ORD001363,Standard,BlueDart,2023-11-16,3,Savannah
SHIP001365,ORD001365,Same-Day,DHL,2021-11-18,7,Philadelphia
SHIP001366,ORD001366,Express,FedEx,2026-04-27,9,Mesa
SHIP001367,ORD001367,Same-Day,FedEx,2022-11-22,1,Grand Rapids
SHIP001368,ORD001368,Standard,IndiaPost,2025-09-01,3,Cambridge
SHIP001369,ORD001369,Standard,Delhivery,2026-07-11,6,Allentown
SHIP001370,ORD001370,Express,FedEx,2024-06-18,1,Boulder
SHIP001371,ORD001371,Economy,UPS,2026-05-14,9,Sacramento
SHIP001373,ORD001373,Standard,IndiaPost,2026-06-25,6,Raleigh
SHIP001374,ORD001374,Standard,IndiaPost,2023-10-12,4,Springfield
SHIP001375,ORD001375,Express,Delhivery,2025-09-16,3,Charlotte
SHIP001376,ORD001376,Express,Delhivery,2026-04-30,7,Springfield
SHIP001377,ORD001377,Standard,Delhivery,2025-10-19,1,Lansing
SHIP001378,ORD001378,Same-Day,FedEx,2026-06-16,4,Detroit
SHIP001379,ORD001379,Standard,BlueDart,2026-06-17,8,Macon
SHIP001381,ORD001381,Same-Day,IndiaPost,2026-06-13,5,Spokane
SHIP001382,ORD001382,Economy,BlueDart,2021-08-16,7,Athens
SHIP001383,ORD001383,Standard,IndiaPost,2026-02-11,4,Fort Worth
SHIP001384,ORD001384,Same-Day,DHL,2025-03-05,7,Los Angeles
SHIP001385,ORD001385,Express,FedEx,2026-06-15,6,Buffalo
SHIP001386,ORD001386,Standard,BlueDart,2025-07-30,1,Akron
SHIP001387,ORD001387,Economy,UPS,2026-05-16,8,Fort Lauderdale
SHIP001389,ORD001389,Standard,UPS,2026-06-13,7,San Francisco
SHIP001390,ORD001390,Economy,UPS,2025-09-18,7,Philadelphia
SHIP001391,ORD001391,Standard,FedEx,2025-11-23,4,Cleveland
SHIP001392,ORD001392,Economy,Delhivery,2026-06-22,4,Tacoma
SHIP001394,ORD001394,Standard,FedEx,2024-11-09,9,Reading
SHIP001395,ORD001395,Standard,BlueDart,2025-05-20,3,Peoria
SHIP001396,ORD001396,Standard,FedEx,2023-07-27,7,Bellevue
SHIP001397,ORD001397,Express,BlueDart,2026-07-07,3,Reading
SHIP001398,ORD001398,Standard,IndiaPost,2024-10-26,7,Springfield
SHIP001399,ORD001399,Standard,BlueDart,2025-07-30,5,Columbus
SHIP001400,ORD001400,Express,Delhivery,2022-12-11,6,Tacoma
SHIP001402,ORD001402,Express,FedEx,2024-04-21,1,Akron
SHIP001403,ORD001403,Standard,Delhivery,2025-11-26,1,Reading
SHIP001405,ORD001405,Economy,DHL,2026-06-11,5,Everett
SHIP001406,ORD001406,Standard,Delhivery,2022-03-03,5,Sacramento
SHIP001408,ORD001408,Standard,UPS,2025-07-27,7,Lowell
SHIP001409,ORD001409,Standard,UPS,2025-03-20,2,Everett
SHIP001410,ORD001410,Express,BlueDart,2025-06-27,9,Ann Arbor
SHIP001411,ORD001411,Same-Day,IndiaPost,2024-09-06,1,Erie
SHIP001412,ORD001412,Express,Delhivery,2026-06-18,8,Austin
SHIP001414,ORD001414,Standard,Delhivery,2024-11-28,4,Chandler
SHIP001415,ORD001415,Same-Day,BlueDart,2026-05-17,1,Worcester
SHIP001416,ORD001416,Express,FedEx,2021-10-21,3,Savannah
SHIP001417,ORD001417,Standard,BlueDart,2024-11-27,6,Grand Rapids
SHIP001418,ORD001418,Standard,FedEx,2026-07-14,2,Scottsdale
SHIP001419,ORD001419,Express,UPS,2025-02-09,5,Fort Worth
SHIP001420,ORD001420,Express,BlueDart,2024-04-27,6,New York City
SHIP001421,ORD001421,Same-Day,FedEx,2024-03-31,4,Los Angeles
SHIP001422,ORD001422,Standard,IndiaPost,2024-09-29,7,Rockford
SHIP001423,ORD001423,Standard,FedEx,2025-07-22,3,Austin
SHIP001424,ORD001424,Standard,BlueDart,2026-07-12,3,Lansing
SHIP001425,ORD001425,Standard,UPS,2026-08-01,2,Houston
SHIP001426,ORD001426,Express,DHL,2023-10-11,3,Lansing
SHIP001427,ORD001427,Economy,BlueDart,2026-07-24,7,Fort Worth
SHIP001428,ORD001428,Express,DHL,2024-04-03,2,Reading
SHIP001429,ORD001429,Standard,UPS,2025-12-26,5,Pittsburgh
SHIP001430,ORD001430,Standard,UPS,2026-02-19,2,Dallas
SHIP001431,ORD001431,Standard,BlueDart,2021-03-28,1,Fort Worth
SHIP001432,ORD001432,Standard,Delhivery,2023-11-07,7,Sacramento
SHIP001433,ORD001433,Standard,UPS,2024-04-23,1,Fort Collins
SHIP001434,ORD001434,Express,Delhivery,2023-12-22,8,Cincinnati
SHIP001435,ORD001435,Same-Day,DHL,2023-05-28,3,Ann Arbor
SHIP001436,ORD001436,Standard,DHL,2026-05-04,6,Phoenix
SHIP001437,ORD001437,Same-Day,Delhivery,2023-10-09,2,Greensboro
SHIP001438,ORD001438,Economy,UPS,2025-03-09,9,Rockford
SHIP001439,ORD001439,Express,FedEx,2022-12-02,7,New York City
SHIP001440,ORD001440,Standard,IndiaPost,2025-10-10,9,Jersey City
SHIP001441,ORD001441,Express,DHL,2026-07-03,4,Tampa
SHIP001442,ORD001442,Express,IndiaPost,2022-02-07,7,Scottsdale
SHIP001443,ORD001443,Standard,IndiaPost,2026-06-25,8,Dallas
SHIP001445,ORD001445,Standard,FedEx,2026-06-13,2,Lowell
SHIP001446,ORD001446,Standard,IndiaPost,2023-01-11,8,Reading
SHIP001448,ORD001448,Same-Day,DHL,2026-01-14,1,Boulder
SHIP001449,ORD001449,Express,IndiaPost,2026-05-21,7,Houston
SHIP001450,ORD001450,Standard,BlueDart,2025-04-29,4,Sacramento
SHIP001451,ORD001451,Standard,Delhivery,2025-12-01,6,San Jose
SHIP001452,ORD001452,Express,BlueDart,2020-01-28,1,Houston
SHIP001453,ORD001453,Economy,UPS,2025-02-22,7,Chicago
SHIP001455,ORD001455,Standard,Delhivery,2024-08-09,1,Elizabeth
SHIP001456,ORD001456,Express,IndiaPost,2025-11-26,1,Aurora
SHIP001458,ORD001458,Standard,IndiaPost,2023-03-18,1,Colorado Springs
SHIP001459,ORD001459,Standard,IndiaPost,2022-05-18,5,Rochester
SHIP001460,ORD001460,Express,FedEx,2022-12-27,2,Fort Collins
SHIP001461,ORD001461,Express,Delhivery,2026-07-31,9,Toledo
SHIP001462,ORD001462,Standard,FedEx,2025-10-23,9,Spokane
SHIP001463,ORD001463,Standard,Delhivery,2026-04-08,7,Tacoma
SHIP001464,ORD001464,Standard,FedEx,2026-05-28,9,Houston
SHIP001465,ORD001465,Standard,UPS,2026-03-23,9,Rockford
SHIP001466,ORD001466,Standard,DHL,2022-01-03,3,Greensboro
SHIP001467,ORD001467,Standard,BlueDart,2025-05-14,1,Chandler
SHIP001468,ORD001468,Standard,BlueDart,2025-05-03,2,Albany
SHIP001469,ORD001469,Express,FedEx,2024-10-24,8,San Jose
SHIP001470,ORD001470,Standard,Delhivery,2024-11-15,2,Philadelphia
SHIP001471,ORD001471,Standard,IndiaPost,2025-06-20,7,Mesa
SHIP001473,ORD001473,Express,Delhivery,2021-09-19,9,Allentown
SHIP001474,ORD001474,Express,Delhivery,2025-07-12,6,Boston
SHIP001475,ORD001475,Standard,BlueDart,2026-04-29,7,Seattle
SHIP001478,ORD001478,Standard,BlueDart,2026-06-13,7,Augusta
SHIP001480,ORD001480,Standard,FedEx,2026-07-06,9,San Antonio
SHIP001481,ORD001481,Express,BlueDart,2025-09-14,9,Miami
SHIP001482,ORD001482,Standard,DHL,2026-03-04,6,Scottsdale
SHIP001483,ORD001483,Standard,DHL,2024-03-05,8,Colorado Springs
SHIP001484,ORD001484,Standard,DHL,2023-10-15,7,Springfield
SHIP001485,ORD001485,Express,DHL,2022-08-21,5,Cambridge
SHIP001486,ORD001486,Standard,UPS,2025-02-07,4,Spokane
SHIP001488,ORD001488,Economy,FedEx,2021-08-04,6,Greensboro
SHIP001489,ORD001489,Express,UPS,2026-03-07,3,Athens
SHIP001490,ORD001490,Standard,UPS,2025-03-11,4,Detroit
SHIP001491,ORD001491,Standard,UPS,2024-07-21,7,Phoenix
SHIP001493,ORD001493,Economy,Delhivery,2023-03-15,6,Scottsdale
SHIP001494,ORD001494,Standard,IndiaPost,2025-02-12,7,Athens
SHIP001495,ORD001495,Standard,IndiaPost,2023-11-22,3,Albany
SHIP001496,ORD001496,Standard,BlueDart,2025-12-19,6,Colorado Springs
SHIP001497,ORD001497,Standard,UPS,2025-10-19,9,Augusta
SHIP001498,ORD001498,Same-Day,IndiaPost,2020-04-26,5,Fort Collins
SHIP001499,ORD001499,Standard,DHL,2026-03-04,4,Athens
SHIP001501,ORD001501,Express,IndiaPost,2024-04-28,9,Cleveland
SHIP001502,ORD001502,Standard,FedEx,2026-03-14,8,Dallas
SHIP001503,ORD001503,Standard,Delhivery,2022-04-02,2,Denver
SHIP001504,ORD001504,Express,Delhivery,2025-05-13,8,Lansing
SHIP001506,ORD001506,Same-Day,Delhivery,2021-06-20,8,Everett
SHIP001507,ORD001507,Standard,Delhivery,2025-05-19,7,San Francisco
SHIP001509,ORD001509,Economy,FedEx,2026-07-18,7,Savannah
SHIP001510,ORD001510,Standard,DHL,2023-06-20,7,Lowell
SHIP001511,ORD001511,Standard,DHL,2025-08-13,9,Greensboro
SHIP001512,ORD001512,Standard,IndiaPost,2023-12-18,2,Elizabeth
SHIP001513,ORD001513,Express,BlueDart,2026-05-14,6,Ann Arbor
SHIP001514,ORD001514,Express,IndiaPost,2023-05-09,8,Springfield
SHIP001515,ORD001515,Standard,DHL,2025-05-14,8,Miami
SHIP001517,ORD001517,Economy,FedEx,2025-03-20,6,Orlando
SHIP001518,ORD001518,Standard,IndiaPost,2025-10-05,9,Phoenix
SHIP001519,ORD001519,Standard,FedEx,2026-07-04,1,Lowell
SHIP001520,ORD001520,Standard,FedEx,2023-09-14,4,Fort Lauderdale
SHIP001521,ORD001521,Same-Day,IndiaPost,2024-08-27,8,Mesa
SHIP001522,ORD001522,Express,DHL,2026-07-12,4,San Diego
SHIP001523,ORD001523,Standard,BlueDart,2023-04-06,5,Springfield
SHIP001524,ORD001524,Standard,Delhivery,2024-02-17,9,Lowell
SHIP001526,ORD001526,Express,UPS,2023-04-19,1,Sacramento
SHIP001527,ORD001527,Standard,Delhivery,2025-06-29,4,Aurora
SHIP001528,ORD001528,Standard,DHL,2022-03-13,6,Cincinnati
SHIP001529,ORD001529,Standard,BlueDart,2025-04-24,8,Erie
SHIP001530,ORD001530,Express,IndiaPost,2023-11-19,2,Fort Lauderdale
SHIP001531,ORD001531,Express,UPS,2026-08-03,4,San Francisco
SHIP001532,ORD001532,Standard,BlueDart,2023-11-24,8,Aurora
SHIP001533,ORD001533,Standard,DHL,2025-06-25,4,Reading
SHIP001534,ORD001534,Express,DHL,2025-06-05,7,Greensboro
SHIP001535,ORD001535,Standard,UPS,2025-01-17,1,San Francisco
SHIP001536,ORD001536,Standard,IndiaPost,2026-05-10,2,Scottsdale
SHIP001537,ORD001537,Standard,BlueDart,2026-04-15,2,Augusta
SHIP001538,ORD001538,Express,DHL,2026-01-15,5,San Jose
SHIP001540,ORD001540,Standard,IndiaPost,2022-05-24,1,Everett
SHIP001541,ORD001541,Standard,DHL,2024-07-30,2,Macon
SHIP001542,ORD001542,Express,IndiaPost,2024-08-17,1,Fort Lauderdale
SHIP001543,ORD001543,Standard,IndiaPost,2024-03-27,9,Scottsdale
SHIP001544,ORD001544,Standard,UPS,2026-07-11,5,Fort Collins
SHIP001545,ORD001545,Same-Day,UPS,2022-07-24,4,Everett
SHIP001546,ORD001546,Standard,DHL,2025-07-18,8,Flint
SHIP001547,ORD001547,Economy,BlueDart,2026-03-08,2,Trenton
SHIP001548,ORD001548,Standard,Delhivery,2026-05-02,3,Charlotte
SHIP001549,ORD001549,Economy,UPS,2022-01-15,1,Spokane
SHIP001550,ORD001550,Express,Delhivery,2024-12-21,2,Peoria
SHIP001552,ORD001552,Standard,UPS,2026-06-12,8,Tucson
SHIP001553,ORD001553,Standard,IndiaPost,2021-11-20,9,Detroit
SHIP001554,ORD001554,Standard,UPS,2024-09-03,9,Erie
SHIP001555,ORD001555,Express,UPS,2022-03-12,6,Durham
SHIP001556,ORD001556,Express,IndiaPost,2021-09-22,3,Mesa
SHIP001557,ORD001557,Standard,UPS,2025-02-08,1,Everett
SHIP001558,ORD001558,Express,DHL,2026-07-02,2,Trenton
SHIP001560,ORD001560,Standard,DHL,2025-05-13,1,Cincinnati
SHIP001561,ORD001561,Standard,Delhivery,2026-06-29,1,Buffalo
SHIP001562,ORD001562,Standard,UPS,2023-07-29,4,Augusta
SHIP001564,ORD001564,Standard,DHL,2021-12-12,2,Pittsburgh
SHIP001565,ORD001565,Standard,FedEx,2026-03-14,4,Newark
SHIP001566,ORD001566,Express,IndiaPost,2026-06-06,6,Allentown
SHIP001569,ORD001569,Express,BlueDart,2023-01-08,3,Lowell
SHIP001570,ORD001570,Standard,FedEx,2026-07-17,8,Erie
SHIP001571,ORD001571,Same-Day,FedEx,2025-08-20,2,Greensboro
SHIP001572,ORD001572,Economy,BlueDart,2024-06-15,7,Bellevue
SHIP001573,ORD001573,Standard,IndiaPost,2024-01-13,3,Winston-Salem
SHIP001574,ORD001574,Standard,BlueDart,2025-06-21,2,Philadelphia
SHIP001575,ORD001575,Express,FedEx,2025-10-23,2,Albany
SHIP001576,ORD001576,Economy,IndiaPost,2025-06-04,6,Chicago
SHIP001579,ORD001579,Express,FedEx,2025-09-13,8,Naperville
SHIP001580,ORD001580,Same-Day,BlueDart,2024-06-22,9,Jersey City
SHIP001581,ORD001581,Same-Day,UPS,2026-07-31,4,Aurora
SHIP001582,ORD001582,Standard,Delhivery,2024-11-21,7,Athens
SHIP001583,ORD001583,Express,IndiaPost,2023-05-27,8,Fort Lauderdale
SHIP001585,ORD001585,Same-Day,UPS,2026-05-03,9,San Jose
SHIP001586,ORD001586,Standard,UPS,2023-05-03,9,Springfield
SHIP001587,ORD001587,Standard,FedEx,2024-04-29,3,Bellevue
SHIP001588,ORD001588,Standard,BlueDart,2025-04-01,4,Elizabeth
SHIP001589,ORD001589,Standard,FedEx,2023-04-06,5,Cleveland
SHIP001590,ORD001590,Same-Day,BlueDart,2022-02-22,8,Cincinnati
SHIP001591,ORD001591,Standard,IndiaPost,2025-03-24,9,San Diego
SHIP001592,ORD001592,Economy,FedEx,2026-04-04,6,Aurora
SHIP001593,ORD001593,Standard,DHL,2024-10-30,7,Fort Worth
SHIP001594,ORD001594,Same-Day,Delhivery,2021-05-23,9,Detroit
SHIP001596,ORD001596,Express,Delhivery,2026-06-04,9,Chicago
SHIP001597,ORD001597,Standard,DHL,2025-07-19,5,Albany
SHIP001598,ORD001598,Express,Delhivery,2021-05-13,5,Jacksonville
SHIP001599,ORD001599,Express,IndiaPost,2025-11-19,3,Buffalo
SHIP001600,ORD001600,Standard,BlueDart,2023-10-30,9,Cincinnati
SHIP001602,ORD001602,Standard,BlueDart,2026-02-08,5,Tacoma
SHIP001603,ORD001603,Same-Day,UPS,2021-05-05,9,Albany
SHIP001604,ORD001604,Standard,BlueDart,2021-10-19,4,Tucson
SHIP001605,ORD001605,Express,UPS,2023-06-03,6,Jersey City
SHIP001606,ORD001606,Express,Delhivery,2024-12-30,2,Augusta
SHIP001607,ORD001607,Standard,UPS,2021-09-23,7,Savannah
SHIP001608,ORD001608,Standard,FedEx,2024-09-28,3,Raleigh
SHIP001609,ORD001609,Standard,IndiaPost,2024-10-11,4,Allentown
SHIP001610,ORD001610,Standard,IndiaPost,2024-05-20,4,San Antonio
SHIP001611,ORD001611,Standard,UPS,2026-06-17,3,Newark
SHIP001612,ORD001612,Same-Day,DHL,2023-10-08,2,Los Angeles
SHIP001613,ORD001613,Standard,IndiaPost,2022-06-03,7,Chandler
SHIP001614,ORD001614,Express,FedEx,2025-05-21,8,Atlanta
SHIP001615,ORD001615,Standard,DHL,2025-06-10,5,Worcester
SHIP001616,ORD001616,Standard,UPS,2024-11-09,5,Toledo
SHIP001617,ORD001617,Standard,IndiaPost,2025-12-06,7,Savannah
SHIP001618,ORD001618,Standard,DHL,2025-10-21,7,Miami
SHIP001619,ORD001619,Standard,IndiaPost,2026-07-11,9,Fort Worth
SHIP001620,ORD001620,Standard,UPS,2026-03-05,4,Jacksonville
SHIP001623,ORD001623,Economy,Delhivery,2024-12-05,9,Rockford
SHIP001624,ORD001624,Same-Day,DHL,2025-03-09,3,Lansing
SHIP001625,ORD001625,Standard,Delhivery,2026-04-23,7,Springfield
SHIP001627,ORD001627,Economy,Delhivery,2023-01-20,9,Rochester
SHIP001629,ORD001629,Standard,IndiaPost,2025-08-19,6,Everett
SHIP001631,ORD001631,Standard,UPS,2025-10-11,1,Dallas
SHIP001633,ORD001633,Economy,Delhivery,2026-05-06,2,Augusta
SHIP001634,ORD001634,Standard,DHL,2025-10-10,2,Springfield
SHIP001635,ORD001635,Standard,IndiaPost,2023-07-29,2,Raleigh
SHIP001636,ORD001636,Standard,BlueDart,2025-08-16,5,Colorado Springs
SHIP001637,ORD001637,Economy,Delhivery,2025-04-24,3,Cambridge
SHIP001639,ORD001639,Express,FedEx,2023-07-18,2,Houston
SHIP001641,ORD001641,Economy,BlueDart,2025-10-13,6,Cleveland
SHIP001642,ORD001642,Standard,FedEx,2023-09-29,7,Fort Worth
SHIP001643,ORD001643,Express,FedEx,2023-08-05,6,Tacoma
SHIP001644,ORD001644,Express,Delhivery,2026-07-20,6,Tampa
SHIP001645,ORD001645,Express,BlueDart,2020-10-03,1,Boulder
SHIP001646,ORD001646,Standard,DHL,2024-08-15,2,Macon
SHIP001647,ORD001647,Same-Day,BlueDart,2024-06-28,7,Erie
SHIP001648,ORD001648,Express,FedEx,2026-07-25,6,Philadelphia
SHIP001649,ORD001649,Same-Day,FedEx,2024-10-28,9,Everett
SHIP001650,ORD001650,Express,FedEx,2025-09-21,1,Seattle
SHIP001651,ORD001651,Standard,DHL,2024-01-28,5,Cleveland
SHIP001652,ORD001652,Express,IndiaPost,2026-05-17,1,Toledo
SHIP001653,ORD001653,Standard,FedEx,2026-03-26,9,New York City
SHIP001654,ORD001654,Standard,IndiaPost,2024-11-09,3,Savannah
SHIP001656,ORD001656,Economy,IndiaPost,2026-02-15,3,Springfield
SHIP001657,ORD001657,Standard,IndiaPost,2025-10-27,9,Springfield
SHIP001658,ORD001658,Standard,Delhivery,2026-03-12,7,Reading
SHIP001659,ORD001659,Express,FedEx,2024-03-24,2,San Jose
SHIP001660,ORD001660,Express,DHL,2026-06-07,1,Chicago
SHIP001661,ORD001661,Express,DHL,2024-04-13,2,Lansing
SHIP001662,ORD001662,Standard,UPS,2020-06-07,9,Mesa
SHIP001663,ORD001663,Standard,DHL,2026-05-14,6,San Jose
SHIP001664,ORD001664,Same-Day,Delhivery,2025-11-01,7,Cambridge
SHIP001665,ORD001665,Standard,UPS,2026-08-04,7,New York City
SHIP001666,ORD001666,Standard,UPS,2026-03-11,9,Trenton
SHIP001667,ORD001667,Express,IndiaPost,2026-06-03,6,Macon
SHIP001668,ORD001668,Standard,BlueDart,2025-02-24,3,Atlanta
SHIP001669,ORD001669,Standard,UPS,2022-03-26,6,Jersey City
SHIP001670,ORD001670,Standard,FedEx,2026-04-12,6,Los Angeles
SHIP001671,ORD001671,Standard,DHL,2025-04-19,4,Chicago
SHIP001673,ORD001673,Standard,Delhivery,2023-01-21,5,Albany
SHIP001674,ORD001674,Express,FedEx,2023-05-20,4,Boulder
SHIP001675,ORD001675,Standard,FedEx,2026-03-23,3,Cincinnati
SHIP001677,ORD001677,Express,IndiaPost,2026-07-07,3,Tucson
SHIP001678,ORD001678,Standard,UPS,2024-10-18,2,Raleigh
SHIP001679,ORD001679,Standard,DHL,2021-09-01,3,Miami
SHIP001680,ORD001680,Standard,UPS,2021-03-14,6,Atlanta
SHIP001681,ORD001681,Express,FedEx,2025-01-17,7,Albany
SHIP001682,ORD001682,Economy,DHL,2021-03-22,5,Jacksonville
SHIP001683,ORD001683,Standard,Delhivery,2025-09-14,5,Savannah
SHIP001684,ORD001684,Express,Delhivery,2025-12-07,7,New York City
SHIP001685,ORD001685,Standard,IndiaPost,2026-01-08,2,Fort Worth
SHIP001686,ORD001686,Express,UPS,2026-02-09,9,Worcester
SHIP001687,ORD001687,Same-Day,FedEx,2025-06-23,7,Raleigh
SHIP001688,ORD001688,Express,FedEx,2022-10-21,2,Lansing
SHIP001689,ORD001689,Standard,IndiaPost,2024-09-14,9,Newark
SHIP001690,ORD001690,Standard,BlueDart,2026-07-20,7,Scottsdale
SHIP001691,ORD001691,Standard,Delhivery,2022-04-03,4,Fort Lauderdale
SHIP001693,ORD001693,Standard,BlueDart,2025-05-16,8,San Francisco
SHIP001694,ORD001694,Express,IndiaPost,2026-06-03,7,Philadelphia
SHIP001695,ORD001695,Economy,IndiaPost,2023-01-03,7,Toledo
SHIP001698,ORD001698,Standard,UPS,2024-11-27,7,Sacramento
SHIP001699,ORD001699,Express,IndiaPost,2026-05-20,2,Flint
SHIP001700,ORD001700,Standard,FedEx,2021-03-04,8,Los Angeles
SHIP001701,ORD001701,Express,FedEx,2023-12-11,9,Charlotte
SHIP001702,ORD001702,Express,UPS,2026-01-23,5,Rockford
SHIP001703,ORD001703,Standard,BlueDart,2026-05-19,7,Boulder
SHIP001704,ORD001704,Economy,Delhivery,2025-12-10,5,Worcester
SHIP001706,ORD001706,Standard,DHL,2025-04-12,4,Tacoma
SHIP001707,ORD001707,Same-Day,UPS,2021-03-28,2,Reading
SHIP001708,ORD001708,Standard,IndiaPost,2023-05-02,5,Philadelphia
SHIP001709,ORD001709,Express,DHL,2023-02-20,9,Akron
SHIP001711,ORD001711,Same-Day,Delhivery,2025-12-08,3,Seattle
SHIP001712,ORD001712,Express,BlueDart,2025-07-04,3,Pittsburgh
SHIP001713,ORD001713,Standard,FedEx,2022-11-11,8,Chicago
SHIP001714,ORD001714,Express,IndiaPost,2022-09-30,7,Macon
SHIP001715,ORD001715,Express,Delhivery,2024-10-19,7,Fort Worth
SHIP001718,ORD001718,Express,FedEx,2025-10-23,3,Boulder
SHIP001719,ORD001719,Standard,DHL,2021-04-15,5,Reading
SHIP001720,ORD001720,Economy,FedEx,2025-09-04,6,Lansing
SHIP001721,ORD001721,Standard,IndiaPost,2024-02-03,9,Seattle
SHIP001722,ORD001722,Standard,UPS,2025-08-21,3,Phoenix
SHIP001723,ORD001723,Standard,Delhivery,2021-04-15,7,Jersey City
SHIP001724,ORD001724,Express,UPS,2024-03-09,3,Grand Rapids
SHIP001725,ORD001725,Standard,DHL,2021-11-17,7,Savannah
SHIP001726,ORD001726,Express,FedEx,2026-02-16,4,Detroit
SHIP001727,ORD001727,Standard,FedEx,2025-07-23,2,Tucson
SHIP001728,ORD001728,Standard,UPS,2026-05-20,8,Chandler
SHIP001729,ORD001729,Economy,Delhivery,2024-12-23,3,Seattle
SHIP001730,ORD001730,Standard,DHL,2024-07-18,6,Toledo
SHIP001731,ORD001731,Standard,BlueDart,2023-06-25,6,Atlanta
SHIP001732,ORD001732,Standard,IndiaPost,2025-11-15,1,Reading
SHIP001733,ORD001733,Standard,BlueDart,2025-01-14,5,Aurora
SHIP001734,ORD001734,Economy,Delhivery,2021-12-04,9,Jersey City
SHIP001735,ORD001735,Standard,IndiaPost,2025-09-07,2,Lowell
SHIP001736,ORD001736,Same-Day,Delhivery,2025-09-27,3,Durham
SHIP001737,ORD001737,Standard,Delhivery,2026-08-06,9,Elizabeth
SHIP001738,ORD001738,Standard,UPS,2022-08-14,8,Rockford
SHIP001740,ORD001740,Standard,IndiaPost,2024-06-20,5,Reading
SHIP001741,ORD001741,Express,IndiaPost,2023-06-06,7,Newark
SHIP001742,ORD001742,Standard,IndiaPost,2025-03-28,7,Albany
SHIP001744,ORD001744,Express,Delhivery,2024-11-22,5,Scottsdale
SHIP001745,ORD001745,Express,FedEx,2026-07-15,9,Naperville
SHIP001746,ORD001746,Same-Day,IndiaPost,2025-11-19,5,Augusta
SHIP001747,ORD001747,Express,IndiaPost,2022-10-22,4,Lowell
SHIP001748,ORD001748,Standard,IndiaPost,2022-10-11,8,Augusta
SHIP001749,ORD001749,Express,Delhivery,2026-07-19,3,Aurora
SHIP001750,ORD001750,Economy,FedEx,2025-10-09,2,Chicago
SHIP001751,ORD001751,Same-Day,DHL,2024-04-30,9,Jersey City
SHIP001752,ORD001752,Standard,IndiaPost,2022-03-18,6,Naperville
SHIP001753,ORD001753,Economy,FedEx,2023-08-10,7,San Jose
SHIP001754,ORD001754,Standard,Delhivery,2024-09-10,6,Cambridge
SHIP001756,ORD001756,Standard,FedEx,2026-02-21,1,San Francisco
SHIP001758,ORD001758,Economy,IndiaPost,2023-06-29,8,Allentown
SHIP001759,ORD001759,Standard,FedEx,2026-07-19,3,Fort Collins
SHIP001760,ORD001760,Standard,UPS,2025-06-23,6,Buffalo
SHIP001761,ORD001761,Standard,IndiaPost,2024-06-29,3,Phoenix
SHIP001762,ORD001762,Express,FedEx,2025-05-18,7,Orlando
SHIP001763,ORD001763,Standard,IndiaPost,2026-04-30,5,Colorado Springs
SHIP001764,ORD001764,Standard,UPS,2024-08-10,6,Augusta
SHIP001765,ORD001765,Standard,DHL,2022-10-12,7,Lowell
SHIP001766,ORD001766,Express,Delhivery,2024-08-28,5,Philadelphia
SHIP001767,ORD001767,Standard,BlueDart,2023-04-25,6,Fort Worth
SHIP001768,ORD001768,Standard,FedEx,2025-10-28,4,Greensboro
SHIP001769,ORD001769,Standard,FedEx,2025-11-06,4,Savannah
SHIP001770,ORD001770,Express,UPS,2021-05-30,3,Winston-Salem
SHIP001771,ORD001771,Standard,UPS,2021-12-12,8,Peoria
SHIP001772,ORD001772,Standard,BlueDart,2026-01-31,5,Newark
SHIP001775,ORD001775,Standard,FedEx,2021-08-04,2,Springfield
SHIP001776,ORD001776,Standard,DHL,2020-04-04,2,Colorado Springs
SHIP001777,ORD001777,Express,DHL,2026-02-11,3,Greensboro
SHIP001779,ORD001779,Standard,Delhivery,2019-12-22,6,Los Angeles
SHIP001780,ORD001780,Express,Delhivery,2023-06-14,6,Durham
SHIP001781,ORD001781,Same-Day,BlueDart,2022-12-26,8,Dallas
SHIP001782,ORD001782,Same-Day,IndiaPost,2025-05-02,5,Rockford
SHIP001783,ORD001783,Express,BlueDart,2026-07-06,8,Cambridge
SHIP001784,ORD001784,Standard,Delhivery,2026-05-06,5,San Francisco
SHIP001786,ORD001786,Economy,BlueDart,2022-09-28,2,Fort Collins
SHIP001788,ORD001788,Standard,Delhivery,2026-05-08,8,Springfield
SHIP001790,ORD001790,Standard,FedEx,2024-04-07,3,Boston
SHIP001791,ORD001791,Economy,BlueDart,2026-06-14,2,Atlanta
SHIP001792,ORD001792,Standard,IndiaPost,2025-10-10,9,San Francisco
SHIP001793,ORD001793,Express,IndiaPost,2025-05-01,8,Orlando
SHIP001794,ORD001794,Economy,DHL,2026-08-03,6,Miami
SHIP001797,ORD001797,Standard,IndiaPost,2025-03-09,8,New York City
SHIP001798,ORD001798,Standard,IndiaPost,2025-06-02,3,Buffalo
SHIP001799,ORD001799,Standard,BlueDart,2024-06-20,2,Reading
SHIP001800,ORD001800,Standard,BlueDart,2022-06-13,6,Charlotte
SHIP001801,ORD001801,Economy,UPS,2025-06-12,9,Athens
SHIP001802,ORD001802,Same-Day,Delhivery,2026-08-03,9,Peoria
SHIP001803,ORD001803,Same-Day,UPS,2025-02-07,1,Fort Collins
SHIP001804,ORD001804,Standard,UPS,2025-11-21,3,Reading
SHIP001805,ORD001805,Standard,UPS,2022-02-14,7,Orlando
SHIP001807,ORD001807,Standard,Delhivery,2022-11-20,8,Fort Lauderdale
SHIP001809,ORD001809,Express,IndiaPost,2023-06-27,6,Los Angeles
SHIP001811,ORD001811,Same-Day,FedEx,2024-08-09,4,Denver
SHIP001812,ORD001812,Standard,BlueDart,2020-10-13,2,San Diego
SHIP001813,ORD001813,Standard,FedEx,2026-05-14,1,Columbus
SHIP001814,ORD001814,Economy,FedEx,2026-07-24,8,Fort Lauderdale
SHIP001815,ORD001815,Standard,Delhivery,2020-07-07,9,Athens
SHIP001816,ORD001816,Standard,DHL,2024-10-05,8,Mesa
SHIP001817,ORD001817,Economy,FedEx,2025-12-28,7,Mesa
SHIP001819,ORD001819,Standard,DHL,2025-10-06,7,Peoria
SHIP001820,ORD001820,Standard,DHL,2024-09-03,6,Denver
SHIP001821,ORD001821,Same-Day,FedEx,2024-05-25,7,Dallas
SHIP001822,ORD001822,Standard,BlueDart,2024-05-05,7,Buffalo
SHIP001824,ORD001824,Standard,DHL,2023-05-17,4,Toledo
SHIP001825,ORD001825,Standard,IndiaPost,2023-07-28,6,Fort Worth
SHIP001826,ORD001826,Standard,IndiaPost,2025-02-07,1,Tampa
SHIP001827,ORD001827,Express,IndiaPost,2020-12-10,1,Cleveland
SHIP001828,ORD001828,Standard,UPS,2025-06-05,2,Springfield
SHIP001829,ORD001829,Standard,IndiaPost,2025-12-04,9,Jacksonville
SHIP001830,ORD001830,Standard,DHL,2026-04-15,6,Spokane
SHIP001831,ORD001831,Standard,FedEx,2026-03-24,4,Springfield
SHIP001832,ORD001832,Standard,UPS,2024-08-04,2,Fort Collins
SHIP001833,ORD001833,Standard,FedEx,2022-07-28,7,Lowell
SHIP001834,ORD001834,Express,Delhivery,2025-11-30,3,Augusta
SHIP001837,ORD001837,Economy,FedEx,2026-05-24,5,Reading
SHIP001838,ORD001838,Standard,UPS,2025-12-11,3,Rockford
SHIP001839,ORD001839,Standard,Delhivery,2026-01-16,2,Bellevue
SHIP001840,ORD001840,Economy,UPS,2025-01-05,4,Spokane
SHIP001841,ORD001841,Standard,BlueDart,2023-06-28,1,Tampa
SHIP001842,ORD001842,Standard,IndiaPost,2024-03-31,5,Denver
SHIP001843,ORD001843,Standard,BlueDart,2025-03-01,7,Albany
SHIP001844,ORD001844,Standard,FedEx,2023-10-17,9,Atlanta
SHIP001845,ORD001845,Same-Day,UPS,2026-05-30,9,Columbus
SHIP001846,ORD001846,Express,UPS,2024-03-08,8,Fort Worth
SHIP001847,ORD001847,Same-Day,FedEx,2025-01-15,7,Dallas
SHIP001848,ORD001848,Express,Delhivery,2026-07-31,5,Austin
SHIP001849,ORD001849,Economy,UPS,2025-12-07,7,Naperville
SHIP001850,ORD001850,Standard,FedEx,2025-10-28,7,Trenton
SHIP001851,ORD001851,Express,IndiaPost,2026-04-09,2,Peoria
SHIP001853,ORD001853,Economy,BlueDart,2023-01-28,8,Jersey City
SHIP001854,ORD001854,Standard,FedEx,2025-03-28,3,Toledo
SHIP001855,ORD001855,Express,UPS,2025-09-03,3,Everett
SHIP001856,ORD001856,Economy,DHL,2023-03-02,1,Scottsdale
SHIP001858,ORD001858,Standard,FedEx,2026-07-05,5,Augusta
SHIP001859,ORD001859,Standard,Delhivery,2026-07-15,1,Spokane
SHIP001860,ORD001860,Standard,UPS,2023-11-29,2,Mesa
SHIP001861,ORD001861,Standard,BlueDart,2026-05-03,2,Miami
SHIP001862,ORD001862,Same-Day,Delhivery,2023-12-24,8,Erie
SHIP001863,ORD001863,Standard,Delhivery,2025-02-27,1,Flint
SHIP001864,ORD001864,Express,Delhivery,2023-06-14,9,Allentown
SHIP001865,ORD001865,Express,IndiaPost,2024-12-13,8,Atlanta
SHIP001866,ORD001866,Same-Day,DHL,2025-09-05,8,Cleveland
SHIP001867,ORD001867,Standard,UPS,2026-06-21,2,San Jose
SHIP001868,ORD001868,Standard,Delhivery,2026-04-01,2,Denver
SHIP001871,ORD001871,Economy,FedEx,2024-10-21,9,Boulder
SHIP001874,ORD001874,Standard,Delhivery,2021-11-03,5,Austin
SHIP001876,ORD001876,Standard,IndiaPost,2021-07-31,9,Bellevue
SHIP001877,ORD001877,Express,UPS,2025-07-18,7,Greensboro
SHIP001878,ORD001878,Standard,FedEx,2026-07-09,4,Detroit
SHIP001879,ORD001879,Standard,Delhivery,2026-02-25,7,Colorado Springs
SHIP001880,ORD001880,Standard,DHL,2026-03-23,5,Cincinnati
SHIP001881,ORD001881,Standard,IndiaPost,2024-11-30,8,Springfield
SHIP001882,ORD001882,Economy,UPS,2023-09-29,2,Grand Rapids
SHIP001883,ORD001883,Standard,BlueDart,2020-12-28,8,Atlanta
SHIP001884,ORD001884,Standard,IndiaPost,2023-01-27,4,Atlanta
SHIP001885,ORD001885,Express,Delhivery,2024-11-06,9,Buffalo
SHIP001886,ORD001886,Economy,FedEx,2025-04-20,5,Boulder
SHIP001887,ORD001887,Economy,Delhivery,2026-04-02,2,Miami
SHIP001888,ORD001888,Economy,BlueDart,2024-10-08,2,Everett
SHIP001889,ORD001889,Standard,UPS,2025-10-08,5,Fort Worth
SHIP001890,ORD001890,Standard,BlueDart,2025-07-01,2,Mesa
SHIP001891,ORD001891,Standard,DHL,2026-04-27,5,Cleveland
SHIP001892,ORD001892,Standard,Delhivery,2025-07-09,4,Chicago
SHIP001893,ORD001893,Standard,FedEx,2023-02-11,3,Rochester
SHIP001894,ORD001894,Express,DHL,2025-02-16,7,Scottsdale
SHIP001895,ORD001895,Standard,BlueDart,2025-05-11,7,Fort Collins
SHIP001896,ORD001896,Standard,DHL,2026-05-07,4,Pittsburgh
SHIP001897,ORD001897,Standard,FedEx,2026-03-20,5,Macon
SHIP001898,ORD001898,Standard,BlueDart,2025-08-02,2,Aurora
SHIP001899,ORD001899,Standard,DHL,2024-12-07,8,San Jose
SHIP001900,ORD001900,Express,FedEx,2026-02-16,3,Bellevue
SHIP001903,ORD001903,Same-Day,IndiaPost,2025-09-16,7,Spokane
SHIP001904,ORD001904,Same-Day,IndiaPost,2026-04-26,2,Raleigh
SHIP001905,ORD001905,Same-Day,IndiaPost,2026-06-04,4,New York City
SHIP001907,ORD001907,Standard,FedEx,2022-03-05,1,Tucson
SHIP001909,ORD001909,Economy,Delhivery,2021-03-14,5,Albany
SHIP001910,ORD001910,Economy,IndiaPost,2025-02-12,8,Tampa
SHIP001911,ORD001911,Standard,FedEx,2024-09-03,3,Colorado Springs
SHIP001912,ORD001912,Standard,UPS,2026-01-21,1,Philadelphia
SHIP001913,ORD001913,Same-Day,DHL,2024-08-23,6,New York City
SHIP001914,ORD001914,Same-Day,Delhivery,2026-03-20,5,Toledo
SHIP001915,ORD001915,Standard,IndiaPost,2025-02-28,8,Houston
SHIP001916,ORD001916,Standard,UPS,2026-03-01,5,Reading
SHIP001918,ORD001918,Economy,BlueDart,2024-02-28,2,Paterson
SHIP001920,ORD001920,Express,IndiaPost,2026-03-21,7,Trenton
SHIP001921,ORD001921,Standard,Delhivery,2021-10-31,1,Sacramento
SHIP001922,ORD001922,Standard,FedEx,2024-07-06,1,Orlando
SHIP001925,ORD001925,Standard,DHL,2024-06-13,1,Newark
SHIP001927,ORD001927,Express,BlueDart,2023-05-14,1,Trenton
SHIP001928,ORD001928,Standard,FedEx,2026-06-19,7,Cleveland
SHIP001929,ORD001929,Same-Day,IndiaPost,2024-09-22,8,Philadelphia
SHIP001930,ORD001930,Express,UPS,2024-09-24,6,Allentown
SHIP001931,ORD001931,Standard,DHL,2024-08-01,6,San Jose
SHIP001932,ORD001932,Standard,IndiaPost,2025-06-12,3,Flint
SHIP001933,ORD001933,Standard,BlueDart,2026-01-14,8,Cincinnati
SHIP001934,ORD001934,Standard,FedEx,2022-11-28,5,Boulder
SHIP001935,ORD001935,Standard,FedEx,2024-01-14,2,Houston
SHIP001936,ORD001936,Standard,FedEx,2021-12-02,3,Pittsburgh
SHIP001937,ORD001937,Standard,IndiaPost,2024-03-03,7,Durham
SHIP001938,ORD001938,Standard,BlueDart,2025-10-06,4,Macon
SHIP001939,ORD001939,Standard,FedEx,2024-07-22,2,Everett
SHIP001940,ORD001940,Standard,UPS,2022-04-08,8,Colorado Springs
SHIP001941,ORD001941,Economy,DHL,2025-10-08,5,Charlotte
SHIP001942,ORD001942,Standard,FedEx,2026-07-30,5,Durham
SHIP001943,ORD001943,Economy,Delhivery,2026-02-08,2,Springfield
SHIP001944,ORD001944,Express,DHL,2024-11-29,8,Macon
SHIP001945,ORD001945,Express,DHL,2024-09-30,4,Elizabeth
SHIP001946,ORD001946,Standard,DHL,2026-07-19,8,Elizabeth
SHIP001947,ORD001947,Standard,DHL,2024-05-05,6,San Antonio
SHIP001948,ORD001948,Standard,Delhivery,2025-10-17,1,Detroit
SHIP001950,ORD001950,Standard,DHL,2025-05-15,7,Lansing
SHIP001951,ORD001951,Standard,UPS,2023-01-16,8,Jacksonville
SHIP001952,ORD001952,Standard,BlueDart,2025-03-18,4,Cambridge
SHIP001953,ORD001953,Standard,DHL,2025-09-22,9,Dallas
SHIP001954,ORD001954,Economy,DHL,2024-03-07,1,Fort Collins
SHIP001955,ORD001955,Express,BlueDart,2021-02-13,8,Newark
SHIP001956,ORD001956,Express,UPS,2025-06-03,7,Sacramento
SHIP001957,ORD001957,Express,DHL,2024-11-27,8,Tampa
SHIP001958,ORD001958,Standard,BlueDart,2024-10-18,4,Rockford
SHIP001959,ORD001959,Express,BlueDart,2025-07-26,1,Orlando
SHIP001960,ORD001960,Same-Day,FedEx,2026-04-23,3,Aurora
SHIP001961,ORD001961,Standard,DHL,2022-03-15,6,Fort Worth
SHIP001962,ORD001962,Standard,FedEx,2025-05-25,5,Phoenix
SHIP001965,ORD001965,Standard,UPS,2023-05-09,7,Reading
SHIP001967,ORD001967,Standard,DHL,2025-01-06,9,Orlando
SHIP001968,ORD001968,Standard,IndiaPost,2026-05-06,5,Boston
SHIP001970,ORD001970,Express,FedEx,2022-11-26,9,San Antonio
SHIP001972,ORD001972,Standard,IndiaPost,2026-03-06,2,Toledo
SHIP001974,ORD001974,Standard,FedEx,2022-04-19,6,Worcester
SHIP001975,ORD001975,Express,Delhivery,2024-10-09,1,Erie
SHIP001976,ORD001976,Express,BlueDart,2025-07-20,2,Rochester
SHIP001977,ORD001977,Economy,Delhivery,2025-06-08,9,Denver
SHIP001978,ORD001978,Express,BlueDart,2025-10-27,3,Naperville
SHIP001979,ORD001979,Express,DHL,2026-01-17,1,Akron
SHIP001980,ORD001980,Standard,IndiaPost,2024-07-25,9,Albany
SHIP001981,ORD001981,Standard,FedEx,2023-12-23,9,Elizabeth
SHIP001982,ORD001982,Express,DHL,2026-06-09,7,Boston
SHIP001983,ORD001983,Express,UPS,2026-05-13,8,Spokane
SHIP001985,ORD001985,Same-Day,FedEx,2025-08-13,9,Fort Worth
SHIP001986,ORD001986,Express,BlueDart,2025-11-24,4,Rockford
SHIP001988,ORD001988,Standard,BlueDart,2023-06-19,3,Paterson
SHIP001989,ORD001989,Standard,DHL,2021-12-03,3,Erie
SHIP001990,ORD001990,Express,BlueDart,2026-03-30,8,Austin
SHIP001991,ORD001991,Economy,IndiaPost,2022-06-07,2,Lowell
SHIP001992,ORD001992,Economy,BlueDart,2023-08-10,9,Reading
SHIP001993,ORD001993,Economy,FedEx,2026-07-21,1,Tucson
SHIP001996,ORD001996,Standard,DHL,2025-11-04,5,Newark
SHIP001997,ORD001997,Express,DHL,2025-10-08,9,Ann Arbor
SHIP001998,ORD001998,Standard,FedEx,2024-05-01,7,Pittsburgh
SHIP001999,ORD001999,Standard,FedEx,2025-11-13,3,Austin
SHIP002000,ORD002000,Standard,Delhivery,2026-05-11,3,San Diego
SHIP002001,ORD002001,Same-Day,IndiaPost,2023-07-30,3,Trenton
SHIP002002,ORD002002,Standard,DHL,2024-10-23,5,Raleigh
SHIP002003,ORD002003,Express,IndiaPost,2022-10-09,5,Grand Rapids
SHIP002005,ORD002005,Standard,Delhivery,2026-04-25,9,Allentown
SHIP002006,ORD002006,Economy,Delhivery,2026-01-07,3,Austin
SHIP002007,ORD002007,Same-Day,Delhivery,2024-09-05,4,San Francisco
SHIP002008,ORD002008,Standard,UPS,2025-05-29,7,Winston-Salem
SHIP002009,ORD002009,Standard,IndiaPost,2024-04-19,5,Allentown
SHIP002011,ORD002011,Express,FedEx,2024-06-07,6,Boulder
SHIP002012,ORD002012,Standard,FedEx,2022-01-23,3,Akron
SHIP002014,ORD002014,Standard,BlueDart,2025-11-15,8,Flint
SHIP002015,ORD002015,Economy,Delhivery,2025-12-11,2,Grand Rapids
SHIP002016,ORD002016,Same-Day,UPS,2022-03-18,6,Augusta
SHIP002017,ORD002017,Same-Day,DHL,2026-04-19,8,Jacksonville
SHIP002018,ORD002018,Standard,Delhivery,2024-10-13,6,Akron
SHIP002019,ORD002019,Standard,UPS,2026-07-24,6,Erie
SHIP002020,ORD002020,Same-Day,FedEx,2025-08-15,9,San Francisco
SHIP002022,ORD002022,Same-Day,FedEx,2026-02-26,3,Bellevue
SHIP002023,ORD002023,Economy,FedEx,2023-11-05,4,Aurora
SHIP002024,ORD002024,Standard,BlueDart,2023-11-13,1,Cambridge
SHIP002025,ORD002025,Standard,BlueDart,2023-12-31,6,Tacoma
SHIP002026,ORD002026,Economy,FedEx,2022-10-30,8,Akron
SHIP002027,ORD002027,Standard,Delhivery,2026-03-31,7,Denver
SHIP002028,ORD002028,Express,BlueDart,2024-03-22,5,Chandler
SHIP002029,ORD002029,Standard,Delhivery,2022-04-12,3,Aurora
SHIP002030,ORD002030,Standard,FedEx,2025-10-09,1,Detroit
SHIP002031,ORD002031,Standard,UPS,2026-01-31,2,Cleveland
SHIP002032,ORD002032,Standard,IndiaPost,2023-07-06,4,Peoria
SHIP002033,ORD002033,Same-Day,FedEx,2025-03-31,7,Columbus
SHIP002034,ORD002034,Economy,FedEx,2025-02-15,2,Los Angeles
SHIP002035,ORD002035,Express,UPS,2023-08-03,2,Raleigh
SHIP002036,ORD002036,Standard,BlueDart,2025-01-10,6,Winston-Salem
SHIP002037,ORD002037,Express,BlueDart,2025-09-15,3,Jersey City
SHIP002039,ORD002039,Standard,FedEx,2026-03-02,6,Winston-Salem
SHIP002040,ORD002040,Standard,BlueDart,2025-12-21,7,Durham
SHIP002041,ORD002041,Express,IndiaPost,2025-09-20,7,Lowell
SHIP002042,ORD002042,Express,DHL,2024-04-21,4,Spokane
SHIP002043,ORD002043,Economy,DHL,2021-08-06,8,Elizabeth
SHIP002044,ORD002044,Standard,BlueDart,2024-10-09,4,Durham
SHIP002045,ORD002045,Express,FedEx,2025-11-19,1,Newark
SHIP002046,ORD002046,Standard,UPS,2025-01-07,8,Toledo
SHIP002047,ORD002047,Standard,Delhivery,2025-06-20,6,Colorado Springs
SHIP002048,ORD002048,Economy,IndiaPost,2022-07-03,7,Buffalo
SHIP002049,ORD002049,Express,UPS,2026-01-21,9,Peoria
SHIP002050,ORD002050,Express,IndiaPost,2023-08-29,3,Pittsburgh
SHIP002051,ORD002051,Same-Day,BlueDart,2026-05-21,7,Savannah
SHIP002052,ORD002052,Standard,Delhivery,2025-10-19,1,Augusta
SHIP002053,ORD002053,Standard,Delhivery,2026-01-12,7,Naperville
SHIP002054,ORD002054,Express,FedEx,2025-04-10,6,Athens
SHIP002057,ORD002057,Same-Day,UPS,2026-02-12,5,Austin
SHIP002058,ORD002058,Standard,Delhivery,2025-07-31,1,Worcester
SHIP002060,ORD002060,Standard,Delhivery,2024-11-01,9,Lowell
SHIP002061,ORD002061,Standard,UPS,2025-02-20,6,Flint
SHIP002063,ORD002063,Standard,IndiaPost,2026-02-21,3,Miami
SHIP002064,ORD002064,Standard,UPS,2023-08-26,9,Athens
SHIP002065,ORD002065,Standard,DHL,2024-02-28,4,Albany
SHIP002066,ORD002066,Express,IndiaPost,2024-12-02,1,Greensboro
SHIP002067,ORD002067,Standard,Delhivery,2020-04-01,3,Jersey City
SHIP002068,ORD002068,Standard,BlueDart,2023-11-22,5,Tucson
SHIP002069,ORD002069,Standard,BlueDart,2026-07-31,2,Toledo
SHIP002070,ORD002070,Standard,UPS,2026-04-03,7,Flint
SHIP002071,ORD002071,Express,FedEx,2026-02-01,6,Lowell
SHIP002072,ORD002072,Express,UPS,2021-07-20,9,Cambridge
SHIP002073,ORD002073,Standard,IndiaPost,2024-04-04,2,Elizabeth
SHIP002074,ORD002074,Standard,Delhivery,2025-06-03,6,Miami
SHIP002076,ORD002076,Economy,BlueDart,2026-03-29,6,Rochester
SHIP002077,ORD002077,Express,DHL,2024-08-03,5,Aurora
SHIP002078,ORD002078,Express,Delhivery,2022-06-10,6,Rochester
SHIP002079,ORD002079,Express,IndiaPost,2022-09-29,5,Mesa
SHIP002081,ORD002081,Standard,FedEx,2026-04-02,5,Greensboro
SHIP002082,ORD002082,Same-Day,BlueDart,2021-12-12,7,Tampa
SHIP002083,ORD002083,Standard,Delhivery,2022-02-02,6,Orlando
SHIP002084,ORD002084,Standard,IndiaPost,2026-04-29,7,Elizabeth
SHIP002085,ORD002085,Standard,DHL,2021-07-29,5,San Jose
SHIP002086,ORD002086,Standard,DHL,2024-06-06,2,Lansing
SHIP002087,ORD002087,Standard,FedEx,2025-08-08,2,Ann Arbor
SHIP002088,ORD002088,Standard,FedEx,2026-01-21,5,Akron
SHIP002089,ORD002089,Express,IndiaPost,2024-12-30,3,Macon
SHIP002091,ORD002091,Same-Day,IndiaPost,2020-09-12,6,Mesa
SHIP002093,ORD002093,Standard,Delhivery,2024-03-25,3,Buffalo
SHIP002094,ORD002094,Standard,DHL,2024-12-06,8,Rockford
SHIP002096,ORD002096,Standard,BlueDart,2025-08-18,7,Toledo
SHIP002097,ORD002097,Standard,UPS,2024-01-23,6,Sacramento
SHIP002098,ORD002098,Express,IndiaPost,2023-09-04,4,Denver
SHIP002099,ORD002099,Standard,FedEx,2025-01-08,4,Rockford
SHIP002100,ORD002100,Standard,IndiaPost,2024-12-09,1,Philadelphia
SHIP002102,ORD002102,Standard,FedEx,2024-09-19,1,Augusta
SHIP002103,ORD002103,Express,IndiaPost,2025-01-04,4,Reading
SHIP002104,ORD002104,Standard,DHL,2025-12-24,1,Seattle
SHIP002105,ORD002105,Same-Day,FedEx,2024-05-31,9,San Jose
SHIP002107,ORD002107,Standard,UPS,2025-03-13,7,Albany
SHIP002108,ORD002108,Same-Day,IndiaPost,2024-05-03,8,Toledo
SHIP002109,ORD002109,Economy,IndiaPost,2024-11-06,1,Elizabeth
SHIP002110,ORD002110,Economy,UPS,2026-04-03,7,Springfield
SHIP002111,ORD002111,Standard,Delhivery,2024-04-22,1,Chandler
SHIP002112,ORD002112,Economy,BlueDart,2024-09-05,2,Fort Collins
SHIP002113,ORD002113,Standard,Delhivery,2022-10-14,7,Cleveland
SHIP002114,ORD002114,Standard,DHL,2024-08-15,4,Lowell
SHIP002115,ORD002115,Economy,UPS,2026-01-11,5,Cincinnati
SHIP002116,ORD002116,Same-Day,Delhivery,2025-11-16,4,Fort Lauderdale
SHIP002117,ORD002117,Standard,IndiaPost,2026-07-28,1,Rochester
SHIP002118,ORD002118,Standard,DHL,2025-10-16,3,Atlanta
SHIP002119,ORD002119,Standard,FedEx,2020-08-07,9,Albany
SHIP002120,ORD002120,Express,DHL,2024-12-26,2,Elizabeth
SHIP002121,ORD002121,Same-Day,BlueDart,2024-03-07,1,Ann Arbor
SHIP002122,ORD002122,Standard,BlueDart,2026-07-14,9,Augusta
SHIP002123,ORD002123,Standard,Delhivery,2024-12-09,1,San Antonio
SHIP002124,ORD002124,Standard,Delhivery,2025-02-24,6,Cambridge
SHIP002125,ORD002125,Standard,DHL,2025-04-02,8,San Jose
SHIP002126,ORD002126,Economy,BlueDart,2024-02-22,8,Miami
SHIP002128,ORD002128,Standard,BlueDart,2025-06-25,2,Austin
SHIP002129,ORD002129,Standard,UPS,2022-05-31,2,Flint
SHIP002131,ORD002131,Standard,UPS,2026-01-19,5,Allentown
SHIP002132,ORD002132,Same-Day,IndiaPost,2025-08-19,4,Rockford
SHIP002133,ORD002133,Express,DHL,2026-04-09,3,Miami
SHIP002134,ORD002134,Economy,DHL,2025-07-25,5,Reading
SHIP002135,ORD002135,Same-Day,BlueDart,2026-07-04,9,Bellevue
SHIP002137,ORD002137,Same-Day,FedEx,2026-02-27,1,Durham
SHIP002138,ORD002138,Same-Day,UPS,2024-12-10,9,Buffalo
SHIP002139,ORD002139,Express,BlueDart,2020-02-09,6,Cambridge
SHIP002141,ORD002141,Standard,Delhivery,2026-01-19,6,Winston-Salem
SHIP002143,ORD002143,Standard,Delhivery,2025-05-07,4,Athens
SHIP002144,ORD002144,Standard,BlueDart,2026-08-06,9,Augusta
SHIP002145,ORD002145,Economy,BlueDart,2023-06-12,2,Spokane
SHIP002147,ORD002147,Express,FedEx,2026-07-25,4,San Diego
SHIP002148,ORD002148,Same-Day,BlueDart,2023-07-24,2,San Jose
SHIP002149,ORD002149,Express,DHL,2026-06-26,1,Cincinnati
SHIP002150,ORD002150,Standard,Delhivery,2026-04-23,3,Springfield
SHIP002151,ORD002151,Standard,FedEx,2025-10-28,1,Orlando
SHIP002152,ORD002152,Standard,DHL,2025-03-08,5,Buffalo
SHIP002153,ORD002153,Standard,BlueDart,2025-01-14,5,Boston
SHIP002154,ORD002154,Standard,Delhivery,2024-09-06,9,Erie
SHIP002155,ORD002155,Express,DHL,2022-07-30,3,Greensboro
SHIP002156,ORD002156,Express,BlueDart,2026-02-09,5,Tampa
SHIP002157,ORD002157,Economy,Delhivery,2026-05-02,2,Reading
SHIP002158,ORD002158,Standard,DHL,2024-03-06,8,Cambridge
SHIP002159,ORD002159,Express,IndiaPost,2023-07-28,3,Miami
SHIP002160,ORD002160,Economy,IndiaPost,2024-01-13,6,Trenton
SHIP002161,ORD002161,Standard,UPS,2026-01-21,2,Columbus
SHIP002162,ORD002162,Economy,FedEx,2023-07-26,6,Allentown
SHIP002164,ORD002164,Express,BlueDart,2025-04-12,2,Newark
SHIP002165,ORD002165,Express,DHL,2026-06-27,2,Rochester
SHIP002166,ORD002166,Express,UPS,2024-06-17,8,Athens
SHIP002167,ORD002167,Same-Day,UPS,2025-01-25,2,Worcester
SHIP002168,ORD002168,Standard,Delhivery,2025-03-28,3,Atlanta
SHIP002170,ORD002170,Standard,DHL,2026-01-03,7,Detroit
SHIP002171,ORD002171,Standard,UPS,2023-01-09,2,Denver
SHIP002172,ORD002172,Express,FedEx,2022-02-05,4,Flint
SHIP002173,ORD002173,Standard,DHL,2024-01-03,8,Atlanta
SHIP002174,ORD002174,Same-Day,UPS,2023-12-11,4,Cincinnati
SHIP002175,ORD002175,Express,BlueDart,2026-07-03,6,Springfield
SHIP002176,ORD002176,Economy,DHL,2026-06-30,7,Fort Lauderdale
SHIP002177,ORD002177,Same-Day,FedEx,2025-01-10,4,Macon
SHIP002178,ORD002178,Standard,DHL,2026-05-08,7,San Francisco
SHIP002179,ORD002179,Standard,BlueDart,2021-04-01,3,Sacramento
SHIP002182,ORD002182,Standard,UPS,2025-10-08,1,Naperville
SHIP002184,ORD002184,Standard,DHL,2021-10-06,8,Rockford
SHIP002185,ORD002185,Express,Delhivery,2024-10-27,4,Jersey City
SHIP002186,ORD002186,Standard,BlueDart,2023-05-12,4,Buffalo
SHIP002188,ORD002188,Express,Delhivery,2023-03-10,7,Mesa
SHIP002189,ORD002189,Standard,Delhivery,2025-12-22,8,Phoenix
SHIP002190,ORD002190,Standard,DHL,2026-05-20,9,Newark
SHIP002191,ORD002191,Standard,DHL,2026-07-17,5,Worcester
SHIP002193,ORD002193,Standard,BlueDart,2022-10-26,5,Reading
SHIP002194,ORD002194,Standard,UPS,2026-07-25,6,Trenton
SHIP002195,ORD002195,Same-Day,DHL,2026-05-07,8,Mesa
SHIP002196,ORD002196,Express,DHL,2023-06-10,9,Colorado Springs
SHIP002197,ORD002197,Standard,UPS,2023-02-25,2,Toledo
SHIP002198,ORD002198,Express,FedEx,2023-04-27,3,Austin
SHIP002199,ORD002199,Express,FedEx,2026-07-01,9,Tacoma
SHIP002200,ORD002200,Standard,Delhivery,2020-04-18,5,Athens
SHIP002201,ORD002201,Express,Delhivery,2026-06-13,6,Tacoma
SHIP002203,ORD002203,Same-Day,UPS,2026-05-22,7,Austin
SHIP002204,ORD002204,Express,FedEx,2019-10-14,8,Peoria
SHIP002205,ORD002205,Economy,IndiaPost,2022-05-02,1,Spokane
SHIP002206,ORD002206,Standard,BlueDart,2025-09-13,5,Syracuse
SHIP002209,ORD002209,Express,DHL,2026-03-16,3,Macon
SHIP002211,ORD002211,Economy,IndiaPost,2024-01-04,1,Akron
SHIP002213,ORD002213,Standard,FedEx,2024-03-25,3,Chicago
SHIP002214,ORD002214,Standard,Delhivery,2025-11-13,2,Boston
SHIP002216,ORD002216,Economy,FedEx,2025-06-23,8,Colorado Springs
SHIP002217,ORD002217,Express,BlueDart,2025-09-27,7,San Jose
SHIP002218,ORD002218,Express,IndiaPost,2022-05-01,9,Houston
SHIP002219,ORD002219,Same-Day,FedEx,2025-12-02,5,Dallas
SHIP002220,ORD002220,Standard,IndiaPost,2025-01-14,8,Greensboro
SHIP002221,ORD002221,Same-Day,DHL,2024-06-04,3,Macon
SHIP002222,ORD002222,Standard,UPS,2026-05-21,4,Chandler
SHIP002223,ORD002223,Standard,IndiaPost,2026-05-06,9,Athens
SHIP002224,ORD002224,Standard,Delhivery,2024-10-21,7,Atlanta
SHIP002225,ORD002225,Standard,UPS,2025-06-28,1,Worcester
SHIP002226,ORD002226,Standard,UPS,2026-06-28,5,Flint
SHIP002227,ORD002227,Standard,DHL,2026-07-09,8,Peoria
SHIP002228,ORD002228,Same-Day,IndiaPost,2021-12-14,2,Tacoma
SHIP002229,ORD002229,Standard,UPS,2026-04-07,9,Pittsburgh
SHIP002230,ORD002230,Standard,Delhivery,2026-04-15,2,Fort Worth
SHIP002231,ORD002231,Economy,IndiaPost,2023-04-28,5,Scottsdale
SHIP002232,ORD002232,Economy,DHL,2026-02-14,1,Colorado Springs
SHIP002233,ORD002233,Standard,BlueDart,2026-04-23,2,Atlanta
SHIP002234,ORD002234,Express,FedEx,2025-02-13,6,San Diego
SHIP002235,ORD002235,Express,BlueDart,2025-01-23,9,Tucson
SHIP002236,ORD002236,Economy,DHL,2022-11-04,1,New York City
SHIP002237,ORD002237,Standard,Delhivery,2026-06-06,8,Boston
SHIP002238,ORD002238,Same-Day,IndiaPost,2022-11-11,2,Tucson
SHIP002239,ORD002239,Standard,FedEx,2024-08-02,4,Jacksonville
SHIP002240,ORD002240,Standard,Delhivery,2022-07-03,9,Durham
SHIP002242,ORD002242,Express,BlueDart,2026-07-29,3,Raleigh
SHIP002243,ORD002243,Economy,BlueDart,2025-11-17,8,Raleigh
SHIP002246,ORD002246,Standard,Delhivery,2026-02-06,9,Akron
SHIP002247,ORD002247,Express,IndiaPost,2025-04-23,2,Trenton
SHIP002248,ORD002248,Standard,FedEx,2024-06-28,1,Boston
SHIP002249,ORD002249,Economy,Delhivery,2026-03-30,5,Augusta
SHIP002250,ORD002250,Standard,DHL,2024-11-19,2,Pittsburgh
SHIP002251,ORD002251,Standard,UPS,2025-11-17,8,Durham
SHIP002252,ORD002252,Standard,IndiaPost,2026-04-09,2,Atlanta
SHIP002254,ORD002254,Economy,BlueDart,2024-04-25,6,Newark
SHIP002255,ORD002255,Economy,FedEx,2023-05-02,6,Worcester
SHIP002257,ORD002257,Economy,IndiaPost,2025-09-17,4,New York City
SHIP002258,ORD002258,Standard,Delhivery,2025-12-31,5,Austin
SHIP002259,ORD002259,Economy,DHL,2023-12-02,3,Spokane
SHIP002260,ORD002260,Standard,FedEx,2025-12-08,9,Syracuse
SHIP002261,ORD002261,Standard,DHL,2025-08-28,7,Detroit
SHIP002263,ORD002263,Standard,IndiaPost,2026-03-23,1,Augusta
SHIP002264,ORD002264,Express,BlueDart,2026-07-18,5,Houston
SHIP002265,ORD002265,Same-Day,DHL,2023-09-29,6,Denver
SHIP002266,ORD002266,Same-Day,FedEx,2022-04-07,7,Boulder
SHIP002267,ORD002267,Standard,UPS,2025-10-18,4,Tampa
SHIP002268,ORD002268,Express,Delhivery,2024-03-22,3,Grand Rapids
SHIP002270,ORD002270,Same-Day,DHL,2024-08-01,8,Miami
SHIP002271,ORD002271,Standard,DHL,2026-04-23,4,Fort Collins
SHIP002272,ORD002272,Express,IndiaPost,2022-02-16,6,Springfield
SHIP002273,ORD002273,Standard,Delhivery,2026-06-20,3,Mesa
SHIP002274,ORD002274,Express,Delhivery,2023-07-05,7,Jersey City
SHIP002275,ORD002275,Standard,Delhivery,2022-04-01,4,Philadelphia
SHIP002276,ORD002276,Standard,DHL,2022-10-22,5,Spokane
SHIP002277,ORD002277,Economy,IndiaPost,2022-12-03,2,Chicago
SHIP002278,ORD002278,Standard,Delhivery,2023-06-24,3,Los Angeles
SHIP002279,ORD002279,Express,IndiaPost,2024-03-25,9,Cleveland
SHIP002280,ORD002280,Standard,IndiaPost,2026-06-08,7,Worcester
SHIP002281,ORD002281,Standard,FedEx,2023-07-01,5,Reading
SHIP002282,ORD002282,Standard,Delhivery,2026-05-17,5,Augusta
SHIP002283,ORD002283,Express,FedEx,2026-06-22,8,Albany
SHIP002284,ORD002284,Same-Day,DHL,2025-11-12,1,Athens
SHIP002285,ORD002285,Express,IndiaPost,2024-11-18,9,Colorado Springs
SHIP002286,ORD002286,Same-Day,DHL,2024-03-13,9,Colorado Springs
SHIP002287,ORD002287,Express,BlueDart,2024-09-13,3,Greensboro
SHIP002288,ORD002288,Economy,Delhivery,2022-11-27,8,Syracuse
SHIP002289,ORD002289,Express,BlueDart,2026-05-18,5,Houston
SHIP002290,ORD002290,Standard,UPS,2026-07-08,3,Cleveland
SHIP002293,ORD002293,Express,UPS,2022-12-25,2,Ann Arbor
SHIP002294,ORD002294,Standard,UPS,2025-09-16,6,Allentown
SHIP002295,ORD002295,Express,BlueDart,2026-05-20,9,Everett
SHIP002296,ORD002296,Standard,IndiaPost,2025-09-15,6,Buffalo
SHIP002297,ORD002297,Economy,UPS,2025-10-02,3,Chicago
SHIP002298,ORD002298,Standard,DHL,2025-07-07,7,Newark
SHIP002299,ORD002299,Standard,IndiaPost,2026-04-03,4,Rockford
SHIP002300,ORD002300,Standard,DHL,2023-08-31,8,Winston-Salem
SHIP002301,ORD002301,Economy,DHL,2025-08-10,3,San Jose
SHIP002302,ORD002302,Express,Delhivery,2026-05-08,7,Denver
SHIP002303,ORD002303,Standard,DHL,2026-04-23,9,Orlando
SHIP002304,ORD002304,Standard,Delhivery,2023-10-18,7,Rockford
SHIP002307,ORD002307,Express,BlueDart,2024-08-25,2,Augusta
SHIP002308,ORD002308,Express,IndiaPost,2025-12-09,8,Grand Rapids
SHIP002309,ORD002309,Standard,BlueDart,2025-11-26,9,New York City
SHIP002310,ORD002310,Standard,DHL,2024-04-27,4,Boston
SHIP002311,ORD002311,Standard,BlueDart,2022-06-15,6,San Francisco
SHIP002312,ORD002312,Standard,UPS,2023-05-24,8,Rockford
SHIP002313,ORD002313,Standard,FedEx,2026-06-18,2,Raleigh
SHIP002314,ORD002314,Express,Delhivery,2025-01-25,4,Rockford
SHIP002318,ORD002318,Same-Day,Delhivery,2025-12-24,1,Paterson
SHIP002319,ORD002319,Standard,UPS,2022-06-12,5,Orlando
SHIP002320,ORD002320,Standard,DHL,2022-08-27,1,Savannah
SHIP002321,ORD002321,Express,UPS,2026-07-04,3,Macon
SHIP002322,ORD002322,Standard,DHL,2025-09-04,8,Columbus
SHIP002323,ORD002323,Express,Delhivery,2026-05-02,5,Newark
SHIP002324,ORD002324,Express,UPS,2022-09-26,4,Boulder
SHIP002325,ORD002325,Express,Delhivery,2026-01-09,5,Everett
SHIP002326,ORD002326,Standard,IndiaPost,2025-05-27,1,Ann Arbor
SHIP002327,ORD002327,Standard,Delhivery,2026-01-07,8,Fort Collins
SHIP002329,ORD002329,Standard,UPS,2025-11-20,9,Pittsburgh
SHIP002330,ORD002330,Express,FedEx,2025-12-24,3,Raleigh
SHIP002331,ORD002331,Express,BlueDart,2025-03-24,9,Spokane
SHIP002333,ORD002333,Standard,DHL,2026-03-19,3,San Antonio
SHIP002334,ORD002334,Express,BlueDart,2024-06-09,9,Peoria
SHIP002335,ORD002335,Same-Day,BlueDart,2021-06-20,1,Erie
SHIP002336,ORD002336,Express,BlueDart,2024-04-11,6,Buffalo
SHIP002337,ORD002337,Standard,FedEx,2020-12-17,3,Akron
SHIP002338,ORD002338,Economy,DHL,2022-08-18,6,Bellevue
SHIP002339,ORD002339,Express,UPS,2025-03-11,2,Worcester
SHIP002340,ORD002340,Standard,UPS,2025-10-15,9,Savannah
SHIP002341,ORD002341,Standard,UPS,2025-03-31,6,Seattle
SHIP002342,ORD002342,Express,DHL,2023-12-22,7,Fort Lauderdale
SHIP002343,ORD002343,Express,DHL,2026-06-26,1,Cleveland
SHIP002344,ORD002344,Express,FedEx,2025-04-16,5,Houston
SHIP002345,ORD002345,Express,DHL,2024-07-30,7,San Antonio
SHIP002346,ORD002346,Economy,IndiaPost,2022-03-17,2,San Jose
SHIP002348,ORD002348,Standard,FedEx,2025-10-23,7,Miami
SHIP002349,ORD002349,Express,IndiaPost,2024-12-05,5,Atlanta
SHIP002350,ORD002350,Express,IndiaPost,2026-06-13,1,Jacksonville
SHIP002351,ORD002351,Standard,Delhivery,2024-12-17,4,Akron
SHIP002352,ORD002352,Standard,FedEx,2021-08-04,2,Dallas
SHIP002354,ORD002354,Standard,IndiaPost,2026-04-13,9,Mesa
SHIP002355,ORD002355,Express,UPS,2024-09-11,8,Cambridge
SHIP002356,ORD002356,Standard,FedEx,2026-06-04,2,Colorado Springs
SHIP002357,ORD002357,Express,DHL,2024-07-26,6,Orlando
SHIP002358,ORD002358,Standard,UPS,2019-11-05,5,Jersey City
SHIP002359,ORD002359,Standard,FedEx,2024-12-01,6,Peoria
SHIP002360,ORD002360,Standard,BlueDart,2023-04-15,1,Philadelphia
SHIP002361,ORD002361,Standard,FedEx,2026-01-12,8,Orlando
SHIP002362,ORD002362,Express,Delhivery,2025-11-09,5,San Antonio
SHIP002363,ORD002363,Standard,FedEx,2025-02-08,4,Erie
SHIP002364,ORD002364,Standard,BlueDart,2026-07-28,2,Akron
SHIP002366,ORD002366,Economy,FedEx,2024-01-28,6,Winston-Salem
SHIP002367,ORD002367,Standard,BlueDart,2026-03-15,6,Atlanta
SHIP002368,ORD002368,Standard,IndiaPost,2025-09-15,5,Springfield
SHIP002369,ORD002369,Standard,BlueDart,2022-10-02,5,Allentown
SHIP002370,ORD002370,Standard,BlueDart,2023-11-14,9,Cleveland
SHIP002371,ORD002371,Express,DHL,2020-07-31,3,Newark
SHIP002372,ORD002372,Same-Day,IndiaPost,2024-09-06,2,Allentown
SHIP002374,ORD002374,Express,BlueDart,2024-12-04,9,Everett
SHIP002376,ORD002376,Standard,IndiaPost,2025-11-06,8,Mesa
SHIP002377,ORD002377,Standard,DHL,2026-04-23,4,Trenton
SHIP002378,ORD002378,Express,BlueDart,2026-03-31,6,Greensboro
SHIP002379,ORD002379,Express,UPS,2023-07-14,2,Newark
SHIP002380,ORD002380,Standard,BlueDart,2022-03-08,5,Flint
SHIP002381,ORD002381,Standard,UPS,2022-12-19,2,Miami
SHIP002382,ORD002382,Standard,FedEx,2026-03-06,1,Grand Rapids
SHIP002383,ORD002383,Standard,FedEx,2026-05-08,7,Lansing
SHIP002384,ORD002384,Standard,Delhivery,2024-05-14,4,Seattle
SHIP002385,ORD002385,Express,IndiaPost,2026-08-01,3,Boston
SHIP002386,ORD002386,Standard,BlueDart,2022-11-25,8,Seattle
SHIP002387,ORD002387,Economy,Delhivery,2023-09-18,1,Springfield
SHIP002388,ORD002388,Same-Day,UPS,2024-05-15,9,Houston
SHIP002389,ORD002389,Express,DHL,2025-05-14,6,Cambridge
SHIP002390,ORD002390,Standard,DHL,2026-03-29,9,Chicago
SHIP002391,ORD002391,Same-Day,Delhivery,2026-06-28,9,Tampa
SHIP002392,ORD002392,Economy,FedEx,2024-07-16,3,Greensboro
SHIP002394,ORD002394,Express,IndiaPost,2025-11-24,5,Akron
SHIP002395,ORD002395,Standard,FedEx,2025-08-18,7,Peoria
SHIP002397,ORD002397,Standard,IndiaPost,2026-01-16,2,Cambridge
SHIP002398,ORD002398,Standard,BlueDart,2024-10-11,8,San Jose
SHIP002399,ORD002399,Express,BlueDart,2023-06-09,9,Boulder
SHIP002402,ORD002402,Standard,IndiaPost,2025-10-08,9,Ann Arbor
SHIP002403,ORD002403,Economy,FedEx,2023-07-31,7,Paterson
SHIP002404,ORD002404,Express,IndiaPost,2023-10-02,8,Dallas
SHIP002405,ORD002405,Standard,UPS,2026-06-14,8,Mesa
SHIP002406,ORD002406,Standard,UPS,2021-10-19,1,San Antonio
SHIP002407,ORD002407,Standard,FedEx,2025-04-15,9,Peoria
SHIP002409,ORD002409,Standard,Delhivery,2024-12-28,2,Worcester
SHIP002410,ORD002410,Standard,IndiaPost,2024-07-20,6,Phoenix
SHIP002412,ORD002412,Express,Delhivery,2022-11-17,2,Boulder
SHIP002413,ORD002413,Standard,IndiaPost,2023-03-30,7,Chicago
SHIP002414,ORD002414,Same-Day,UPS,2024-04-27,7,Orlando
SHIP002415,ORD002415,Standard,BlueDart,2024-12-07,6,San Antonio
SHIP002417,ORD002417,Standard,IndiaPost,2026-07-11,8,Macon
SHIP002419,ORD002419,Express,BlueDart,2025-11-02,2,Jacksonville
SHIP002420,ORD002420,Express,Delhivery,2026-06-23,7,Jacksonville
SHIP002421,ORD002421,Standard,DHL,2025-02-25,7,Tampa
SHIP002423,ORD002423,Standard,IndiaPost,2024-11-07,8,Ann Arbor
SHIP002424,ORD002424,Same-Day,DHL,2020-07-12,3,Boston
SHIP002425,ORD002425,Express,DHL,2025-08-01,2,Tacoma
SHIP002426,ORD002426,Standard,Delhivery,2024-02-11,2,Buffalo
SHIP002428,ORD002428,Same-Day,BlueDart,2021-06-20,4,Grand Rapids
SHIP002430,ORD002430,Economy,FedEx,2026-01-17,7,Trenton
SHIP002431,ORD002431,Express,FedEx,2026-06-28,1,Austin
SHIP002432,ORD002432,Express,DHL,2024-10-07,8,Peoria
SHIP002433,ORD002433,Standard,UPS,2020-09-25,5,Springfield
SHIP002435,ORD002435,Standard,DHL,2025-08-08,8,Athens
SHIP002436,ORD002436,Economy,Delhivery,2026-01-23,8,Columbus
SHIP002437,ORD002437,Express,IndiaPost,2026-06-26,4,Albany
SHIP002438,ORD002438,Standard,IndiaPost,2024-02-06,9,Aurora
SHIP002439,ORD002439,Standard,Delhivery,2024-09-23,3,Springfield
SHIP002440,ORD002440,Express,Delhivery,2026-05-29,1,Bellevue
SHIP002441,ORD002441,Economy,DHL,2026-07-26,6,Scottsdale
SHIP002442,ORD002442,Express,UPS,2026-01-15,5,Lansing
SHIP002443,ORD002443,Express,BlueDart,2022-10-26,9,Buffalo
SHIP002444,ORD002444,Standard,IndiaPost,2024-05-10,5,Lansing
SHIP002445,ORD002445,Express,IndiaPost,2025-11-22,5,San Antonio
SHIP002446,ORD002446,Express,Delhivery,2026-07-23,1,Everett
SHIP002447,ORD002447,Standard,UPS,2025-10-01,3,Houston
SHIP002448,ORD002448,Standard,UPS,2024-10-26,2,Cambridge
SHIP002449,ORD002449,Standard,BlueDart,2025-02-01,8,Jacksonville
SHIP002450,ORD002450,Standard,BlueDart,2024-11-19,4,Charlotte
SHIP002452,ORD002452,Standard,FedEx,2024-09-07,9,Flint
SHIP002453,ORD002453,Standard,UPS,2025-05-31,6,Sacramento
SHIP002454,ORD002454,Economy,DHL,2024-09-22,5,Los Angeles
SHIP002455,ORD002455,Same-Day,BlueDart,2024-10-23,7,Los Angeles
SHIP002457,ORD002457,Express,BlueDart,2024-03-23,8,Fort Worth
SHIP002459,ORD002459,Same-Day,DHL,2025-12-18,7,Toledo
SHIP002460,ORD002460,Standard,UPS,2025-12-26,5,Buffalo
SHIP002461,ORD002461,Express,IndiaPost,2026-05-30,7,Los Angeles
SHIP002462,ORD002462,Standard,BlueDart,2026-05-29,5,Cleveland
SHIP002463,ORD002463,Standard,BlueDart,2022-03-16,5,Denver
SHIP002464,ORD002464,Express,BlueDart,2024-02-10,5,Peoria
SHIP002465,ORD002465,Express,DHL,2024-02-03,2,Chicago
SHIP002466,ORD002466,Express,DHL,2020-06-22,8,Bellevue
SHIP002467,ORD002467,Economy,Delhivery,2026-01-31,4,Lansing
SHIP002468,ORD002468,Express,IndiaPost,2025-10-11,7,Greensboro
SHIP002469,ORD002469,Standard,IndiaPost,2025-03-07,4,Seattle
SHIP002470,ORD002470,Express,BlueDart,2022-01-26,5,Fort Worth
SHIP002471,ORD002471,Standard,IndiaPost,2023-08-31,2,San Diego
SHIP002472,ORD002472,Standard,UPS,2023-10-24,5,Buffalo
SHIP002473,ORD002473,Express,FedEx,2026-02-06,1,Boulder
SHIP002474,ORD002474,Express,Delhivery,2026-01-08,9,Buffalo
SHIP002475,ORD002475,Express,FedEx,2026-04-05,1,Toledo
SHIP002477,ORD002477,Standard,IndiaPost,2026-04-11,6,Orlando
SHIP002478,ORD002478,Standard,Delhivery,2026-06-10,4,Philadelphia
SHIP002479,ORD002479,Standard,IndiaPost,2025-01-04,3,Dallas
SHIP002480,ORD002480,Economy,BlueDart,2025-09-23,1,Trenton
SHIP002481,ORD002481,Express,DHL,2019-12-24,2,Erie
SHIP002482,ORD002482,Economy,IndiaPost,2026-02-27,7,Flint
SHIP002484,ORD002484,Standard,FedEx,2023-05-05,1,Scottsdale
SHIP002486,ORD002486,Standard,BlueDart,2024-10-04,3,Lowell
SHIP002487,ORD002487,Same-Day,DHL,2022-07-29,3,Miami
SHIP002488,ORD002488,Same-Day,UPS,2026-06-04,4,Dallas
SHIP002489,ORD002489,Standard,UPS,2026-08-04,5,Newark
SHIP002490,ORD002490,Same-Day,IndiaPost,2024-11-27,6,Chandler
SHIP002491,ORD002491,Express,UPS,2026-03-22,3,Lansing
SHIP002492,ORD002492,Standard,IndiaPost,2021-11-25,2,Chicago
SHIP002493,ORD002493,Standard,Delhivery,2025-10-01,9,Ann Arbor
SHIP002494,ORD002494,Standard,DHL,2026-05-01,9,Reading
SHIP002495,ORD002495,Same-Day,FedEx,2021-02-06,1,Bellevue
SHIP002496,ORD002496,Express,Delhivery,2022-04-12,1,Boulder
SHIP002497,ORD002497,Standard,DHL,2025-08-27,2,Fort Collins
SHIP002498,ORD002498,Standard,Delhivery,2025-12-01,1,Akron
SHIP002499,ORD002499,Standard,FedEx,2026-04-30,8,Newark
SHIP002500,ORD002500,Express,IndiaPost,2025-05-01,1,Springfield
SHIP002501,ORD002501,Express,FedEx,2024-08-07,4,Trenton
SHIP002502,ORD002502,Standard,FedEx,2026-01-08,8,Columbus
SHIP002503,ORD002503,Standard,DHL,2026-05-01,4,Pittsburgh
SHIP002506,ORD002506,Express,UPS,2021-08-21,6,Allentown
SHIP002507,ORD002507,Express,UPS,2020-11-28,4,Winston-Salem
SHIP002508,ORD002508,Express,BlueDart,2026-05-17,3,Springfield
SHIP002509,ORD002509,Standard,DHL,2026-05-01,5,Denver
SHIP002510,ORD002510,Standard,DHL,2025-07-08,7,Fort Lauderdale
SHIP002511,ORD002511,Standard,DHL,2025-11-26,3,Akron
SHIP002512,ORD002512,Standard,IndiaPost,2021-03-19,7,Boulder
SHIP002513,ORD002513,Economy,FedEx,2025-03-29,7,Los Angeles
SHIP002514,ORD002514,Standard,UPS,2024-05-10,7,Dallas
SHIP002516,ORD002516,Standard,UPS,2026-05-07,7,San Francisco
SHIP002517,ORD002517,Standard,BlueDart,2026-05-02,9,Durham
SHIP002518,ORD002518,Same-Day,UPS,2026-02-23,6,Newark
SHIP002519,ORD002519,Express,IndiaPost,2021-07-06,3,Miami
SHIP002520,ORD002520,Standard,Delhivery,2026-05-30,5,Peoria
SHIP002521,ORD002521,Standard,UPS,2025-08-02,3,Winston-Salem
SHIP002522,ORD002522,Standard,DHL,2023-10-10,5,Colorado Springs
SHIP002523,ORD002523,Standard,Delhivery,2023-08-17,5,Atlanta
SHIP002524,ORD002524,Express,Delhivery,2025-09-09,4,Los Angeles
SHIP002525,ORD002525,Standard,IndiaPost,2024-04-25,8,Augusta
SHIP002526,ORD002526,Standard,UPS,2022-11-24,6,Springfield
SHIP002527,ORD002527,Express,UPS,2022-06-20,9,Buffalo
SHIP002528,ORD002528,Standard,UPS,2025-02-28,4,Lansing
SHIP002529,ORD002529,Express,DHL,2023-11-10,3,Trenton
SHIP002530,ORD002530,Economy,DHL,2025-07-29,3,Chandler
SHIP002531,ORD002531,Standard,BlueDart,2023-10-02,5,Los Angeles
SHIP002532,ORD002532,Express,FedEx,2025-09-21,6,Philadelphia
SHIP002533,ORD002533,Standard,Delhivery,2026-04-11,3,Buffalo
SHIP002534,ORD002534,Economy,IndiaPost,2025-07-21,9,Chicago
SHIP002535,ORD002535,Express,FedEx,2023-09-21,3,Jacksonville
SHIP002536,ORD002536,Standard,Delhivery,2023-12-15,9,Athens
SHIP002537,ORD002537,Standard,BlueDart,2026-02-28,2,Pittsburgh
SHIP002538,ORD002538,Standard,DHL,2025-01-09,1,Winston-Salem
SHIP002539,ORD002539,Express,DHL,2024-03-31,1,Trenton
SHIP002540,ORD002540,Express,FedEx,2023-09-29,6,Bellevue
SHIP002541,ORD002541,Standard,IndiaPost,2026-05-03,2,Naperville
SHIP002542,ORD002542,Standard,UPS,2025-03-07,7,Charlotte
SHIP002543,ORD002543,Standard,IndiaPost,2024-03-17,5,Chicago
SHIP002544,ORD002544,Standard,Delhivery,2026-07-12,8,Grand Rapids
SHIP002545,ORD002545,Standard,DHL,2026-06-04,9,Flint
SHIP002546,ORD002546,Express,Delhivery,2026-01-22,6,San Jose
SHIP002547,ORD002547,Standard,FedEx,2026-03-05,7,Erie
SHIP002548,ORD002548,Standard,BlueDart,2025-02-01,2,Grand Rapids
SHIP002549,ORD002549,Standard,UPS,2026-06-11,8,Elizabeth
SHIP002551,ORD002551,Economy,UPS,2021-07-18,7,Scottsdale
SHIP002554,ORD002554,Economy,BlueDart,2023-11-15,5,Tampa
SHIP002555,ORD002555,Standard,DHL,2023-07-23,1,Pittsburgh
SHIP002556,ORD002556,Express,DHL,2026-05-03,1,Tacoma
SHIP002557,ORD002557,Economy,FedEx,2025-12-13,7,Grand Rapids
SHIP002558,ORD002558,Standard,BlueDart,2021-07-19,2,Allentown
SHIP002559,ORD002559,Economy,Delhivery,2026-06-23,2,Athens
SHIP002560,ORD002560,Same-Day,FedEx,2026-02-05,5,Seattle
SHIP002561,ORD002561,Same-Day,Delhivery,2023-11-05,2,Trenton
SHIP002562,ORD002562,Economy,DHL,2023-12-18,2,Springfield
SHIP002563,ORD002563,Standard,FedEx,2025-11-13,1,Worcester
SHIP002564,ORD002564,Express,IndiaPost,2025-12-01,6,Fort Worth
SHIP002565,ORD002565,Standard,FedEx,2024-07-14,6,Cleveland
SHIP002566,ORD002566,Standard,UPS,2023-09-07,5,Houston
SHIP002567,ORD002567,Economy,BlueDart,2021-07-01,6,Augusta
SHIP002568,ORD002568,Standard,FedEx,2026-04-07,5,Bellevue
SHIP002569,ORD002569,Express,IndiaPost,2024-09-01,3,Spokane
SHIP002571,ORD002571,Standard,BlueDart,2026-06-16,8,San Jose
SHIP002572,ORD002572,Standard,Delhivery,2022-03-16,7,Syracuse
SHIP002573,ORD002573,Standard,BlueDart,2026-04-15,4,Trenton
SHIP002575,ORD002575,Standard,FedEx,2022-06-12,7,Springfield
SHIP002577,ORD002577,Standard,FedEx,2025-05-05,1,Akron
SHIP002578,ORD002578,Standard,BlueDart,2023-08-03,5,Tampa
SHIP002579,ORD002579,Standard,DHL,2025-03-24,1,Miami
SHIP002580,ORD002580,Economy,FedEx,2026-03-10,2,Spokane
SHIP002581,ORD002581,Standard,DHL,2025-07-12,1,Jacksonville
SHIP002582,ORD002582,Same-Day,DHL,2022-12-02,1,San Antonio
SHIP002583,ORD002583,Standard,IndiaPost,2019-09-22,9,Erie
SHIP002584,ORD002584,Economy,UPS,2025-06-15,6,Trenton
SHIP002585,ORD002585,Express,FedEx,2025-05-11,7,Columbus
SHIP002586,ORD002586,Express,Delhivery,2025-12-28,9,Pittsburgh
SHIP002587,ORD002587,Same-Day,DHL,2023-10-21,5,Fort Worth
SHIP002588,ORD002588,Standard,IndiaPost,2024-03-10,3,Fort Lauderdale
SHIP002589,ORD002589,Express,FedEx,2025-05-20,2,Detroit
SHIP002590,ORD002590,Express,Delhivery,2026-07-13,5,Dallas
SHIP002591,ORD002591,Express,IndiaPost,2023-01-22,8,Erie
SHIP002592,ORD002592,Same-Day,UPS,2024-12-10,4,Toledo
SHIP002593,ORD002593,Standard,IndiaPost,2024-08-28,7,Fort Lauderdale
SHIP002594,ORD002594,Economy,DHL,2026-05-03,7,Chicago
SHIP002595,ORD002595,Standard,IndiaPost,2024-09-18,5,Fort Worth
SHIP002596,ORD002596,Economy,UPS,2025-06-17,7,Greensboro
SHIP002597,ORD002597,Standard,Delhivery,2026-04-02,1,Paterson
SHIP002598,ORD002598,Standard,Delhivery,2024-09-30,5,Albany
SHIP002599,ORD002599,Standard,FedEx,2026-06-06,9,Akron
SHIP002600,ORD002600,Economy,Delhivery,2026-02-09,3,Buffalo
SHIP002601,ORD002601,Standard,FedEx,2026-02-18,8,Austin
SHIP002602,ORD002602,Same-Day,Delhivery,2026-07-02,1,Scottsdale
SHIP002604,ORD002604,Standard,BlueDart,2020-07-14,3,Savannah
SHIP002607,ORD002607,Standard,IndiaPost,2026-01-22,1,San Antonio
SHIP002608,ORD002608,Standard,IndiaPost,2024-10-05,1,Macon
SHIP002610,ORD002610,Standard,FedEx,2025-07-19,4,Chandler
SHIP002611,ORD002611,Economy,IndiaPost,2026-08-04,9,Athens
SHIP002613,ORD002613,Express,UPS,2026-02-16,6,Chicago
SHIP002614,ORD002614,Standard,BlueDart,2026-02-21,8,Boulder
SHIP002616,ORD002616,Same-Day,Delhivery,2021-08-09,9,Greensboro
SHIP002617,ORD002617,Express,Delhivery,2024-06-06,3,Peoria
SHIP002618,ORD002618,Standard,FedEx,2026-07-04,1,Peoria
SHIP002620,ORD002620,Standard,BlueDart,2025-10-18,7,Los Angeles
SHIP002621,ORD002621,Standard,FedEx,2024-12-09,9,New York City
SHIP002622,ORD002622,Standard,UPS,2024-06-11,2,Springfield
SHIP002624,ORD002624,Same-Day,UPS,2025-09-01,1,Scottsdale
SHIP002625,ORD002625,Economy,Delhivery,2025-11-27,7,Rochester
SHIP002627,ORD002627,Express,UPS,2025-12-05,3,Tampa
SHIP002628,ORD002628,Express,UPS,2022-11-22,8,Aurora
SHIP002629,ORD002629,Standard,Delhivery,2021-08-26,1,Springfield
SHIP002630,ORD002630,Standard,BlueDart,2026-06-19,4,Atlanta
SHIP002631,ORD002631,Economy,IndiaPost,2025-12-31,9,Chandler
SHIP002633,ORD002633,Standard,IndiaPost,2026-03-14,6,Dallas
SHIP002635,ORD002635,Standard,DHL,2024-07-15,4,Toledo
SHIP002636,ORD002636,Express,IndiaPost,2025-07-14,8,Springfield
SHIP002637,ORD002637,Economy,UPS,2021-12-11,4,Naperville
SHIP002638,ORD002638,Standard,FedEx,2022-03-28,7,Rockford
SHIP002639,ORD002639,Standard,IndiaPost,2022-12-18,8,Philadelphia
SHIP002640,ORD002640,Standard,FedEx,2024-11-28,7,Macon
SHIP002641,ORD002641,Standard,DHL,2020-09-20,1,Elizabeth
SHIP002642,ORD002642,Standard,DHL,2022-11-11,4,Chandler
SHIP002643,ORD002643,Economy,FedEx,2024-05-20,2,Boston
SHIP002644,ORD002644,Express,DHL,2022-07-04,9,Aurora
SHIP002645,ORD002645,Standard,FedEx,2024-12-20,3,San Antonio
SHIP002646,ORD002646,Standard,Delhivery,2025-12-16,7,Raleigh
SHIP002647,ORD002647,Standard,IndiaPost,2025-07-08,8,Houston
SHIP002649,ORD002649,Express,IndiaPost,2025-06-05,8,Paterson
SHIP002650,ORD002650,Economy,FedEx,2025-04-06,1,Jersey City
SHIP002651,ORD002651,Economy,BlueDart,2022-08-27,3,Cambridge
SHIP002652,ORD002652,Standard,DHL,2025-10-12,9,Columbus
SHIP002654,ORD002654,Economy,DHL,2025-05-08,2,Pittsburgh
SHIP002655,ORD002655,Standard,Delhivery,2024-04-10,4,Akron
SHIP002656,ORD002656,Standard,Delhivery,2025-02-06,8,Tacoma
SHIP002657,ORD002657,Express,IndiaPost,2020-07-08,6,Greensboro
SHIP002658,ORD002658,Standard,IndiaPost,2025-05-25,4,San Diego
SHIP002659,ORD002659,Standard,IndiaPost,2024-03-20,7,Worcester
SHIP002660,ORD002660,Express,BlueDart,2024-09-03,6,Cleveland
SHIP002661,ORD002661,Express,FedEx,2025-04-14,4,New York City
SHIP002662,ORD002662,Same-Day,BlueDart,2025-12-27,5,Fort Lauderdale
SHIP002663,ORD002663,Express,DHL,2021-10-25,9,Cambridge
SHIP002664,ORD002664,Standard,DHL,2025-03-10,1,Newark
SHIP002665,ORD002665,Express,BlueDart,2025-12-03,5,Grand Rapids
SHIP002667,ORD002667,Express,BlueDart,2026-02-05,6,Boulder
SHIP002668,ORD002668,Express,Delhivery,2023-01-22,7,Bellevue
SHIP002669,ORD002669,Express,BlueDart,2023-08-17,3,Everett
SHIP002670,ORD002670,Same-Day,IndiaPost,2020-09-07,4,Trenton
SHIP002671,ORD002671,Standard,BlueDart,2025-12-29,8,Fort Worth
SHIP002672,ORD002672,Standard,UPS,2021-08-01,1,Detroit
SHIP002673,ORD002673,Express,UPS,2020-05-05,4,San Jose
SHIP002674,ORD002674,Standard,FedEx,2025-11-16,8,Rochester
SHIP002676,ORD002676,Express,DHL,2022-10-19,4,Dallas
SHIP002679,ORD002679,Standard,Delhivery,2026-01-26,3,Fort Collins
SHIP002680,ORD002680,Economy,Delhivery,2024-06-11,2,San Francisco
SHIP002681,ORD002681,Express,UPS,2026-01-14,1,Mesa
SHIP002682,ORD002682,Express,Delhivery,2026-01-22,6,Lowell
SHIP002683,ORD002683,Express,BlueDart,2026-06-19,5,Atlanta
SHIP002684,ORD002684,Standard,FedEx,2024-02-19,5,Chandler
SHIP002686,ORD002686,Standard,Delhivery,2020-02-23,4,Orlando
SHIP002687,ORD002687,Standard,Delhivery,2022-10-18,6,Erie
SHIP002688,ORD002688,Same-Day,Delhivery,2021-07-29,5,Augusta
SHIP002689,ORD002689,Standard,FedEx,2026-04-21,9,San Francisco
SHIP002690,ORD002690,Standard,BlueDart,2025-04-15,5,Greensboro
SHIP002691,ORD002691,Express,IndiaPost,2025-06-14,2,Cincinnati
SHIP002692,ORD002692,Standard,FedEx,2025-03-24,4,Chicago
SHIP002693,ORD002693,Standard,BlueDart,2024-02-06,1,Atlanta
SHIP002694,ORD002694,Express,FedEx,2024-09-04,7,Sacramento
SHIP002696,ORD002696,Standard,BlueDart,2025-12-27,5,Reading
SHIP002697,ORD002697,Express,BlueDart,2026-05-14,3,Miami
SHIP002698,ORD002698,Standard,FedEx,2024-01-01,9,Buffalo
SHIP002699,ORD002699,Standard,UPS,2025-04-15,9,Cambridge
SHIP002701,ORD002701,Standard,FedEx,2025-09-28,7,Fort Worth
SHIP002702,ORD002702,Express,FedEx,2025-08-15,8,Mesa
SHIP002703,ORD002703,Same-Day,IndiaPost,2025-11-14,2,Colorado Springs
SHIP002704,ORD002704,Economy,DHL,2022-07-24,6,Pittsburgh
SHIP002705,ORD002705,Same-Day,IndiaPost,2022-07-27,3,Dallas
SHIP002706,ORD002706,Same-Day,BlueDart,2025-12-29,9,Chandler
SHIP002707,ORD002707,Standard,UPS,2024-04-24,5,Aurora
SHIP002708,ORD002708,Standard,UPS,2023-02-09,2,Dallas
SHIP002709,ORD002709,Standard,IndiaPost,2024-02-26,6,Detroit
SHIP002711,ORD002711,Express,FedEx,2023-08-25,8,Elizabeth
SHIP002712,ORD002712,Standard,DHL,2024-02-27,7,Durham
SHIP002713,ORD002713,Standard,DHL,2026-01-17,2,New York City
SHIP002714,ORD002714,Economy,Delhivery,2026-07-01,3,San Antonio
SHIP002715,ORD002715,Same-Day,FedEx,2024-04-03,4,San Jose
SHIP002716,ORD002716,Standard,Delhivery,2025-11-22,4,Phoenix
SHIP002717,ORD002717,Economy,IndiaPost,2026-05-30,1,Spokane
SHIP002719,ORD002719,Same-Day,Delhivery,2026-02-26,6,Flint
SHIP002720,ORD002720,Standard,FedEx,2023-10-06,4,Worcester
SHIP002721,ORD002721,Standard,BlueDart,2025-05-14,1,Durham
SHIP002722,ORD002722,Standard,IndiaPost,2026-06-10,5,Seattle
SHIP002723,ORD002723,Standard,IndiaPost,2023-08-31,3,Houston
SHIP002724,ORD002724,Standard,FedEx,2023-04-01,3,Denver
SHIP002725,ORD002725,Express,IndiaPost,2020-05-16,5,Bellevue
SHIP002726,ORD002726,Standard,UPS,2021-11-10,8,Scottsdale
SHIP002727,ORD002727,Standard,IndiaPost,2023-11-24,7,Sacramento
SHIP002728,ORD002728,Standard,BlueDart,2025-08-14,1,Erie
SHIP002729,ORD002729,Standard,UPS,2019-11-28,5,Toledo
SHIP002730,ORD002730,Express,FedEx,2025-06-30,1,Springfield
SHIP002731,ORD002731,Economy,Delhivery,2026-05-08,6,Akron
SHIP002732,ORD002732,Economy,BlueDart,2026-02-12,4,Fort Worth
SHIP002733,ORD002733,Standard,DHL,2023-12-28,4,San Antonio
SHIP002734,ORD002734,Standard,DHL,2026-03-20,8,Rochester
SHIP002737,ORD002737,Same-Day,UPS,2025-07-26,1,Bellevue
SHIP002738,ORD002738,Standard,DHL,2025-09-29,5,Newark
SHIP002739,ORD002739,Standard,IndiaPost,2026-04-15,6,Worcester
SHIP002740,ORD002740,Standard,Delhivery,2024-12-10,5,Savannah
SHIP002741,ORD002741,Economy,UPS,2025-12-02,9,Austin
SHIP002742,ORD002742,Same-Day,UPS,2022-01-04,5,Lowell
SHIP002743,ORD002743,Standard,DHL,2021-06-19,3,San Antonio
SHIP002744,ORD002744,Standard,IndiaPost,2025-09-08,3,Scottsdale
SHIP002747,ORD002747,Express,DHL,2022-10-03,4,Jacksonville
SHIP002748,ORD002748,Economy,BlueDart,2026-02-18,3,Everett
SHIP002749,ORD002749,Standard,IndiaPost,2026-05-15,2,Cleveland
SHIP002750,ORD002750,Standard,Delhivery,2026-05-12,9,Reading
SHIP002751,ORD002751,Economy,UPS,2025-05-15,2,Boston
SHIP002752,ORD002752,Standard,Delhivery,2022-06-13,1,Seattle
SHIP002753,ORD002753,Standard,FedEx,2026-05-06,6,Tucson
SHIP002754,ORD002754,Standard,UPS,2026-05-20,3,Sacramento
SHIP002755,ORD002755,Standard,IndiaPost,2022-09-26,5,Springfield
SHIP002756,ORD002756,Express,Delhivery,2020-08-14,5,Tacoma
SHIP002757,ORD002757,Standard,BlueDart,2026-02-12,7,Rochester
SHIP002758,ORD002758,Standard,FedEx,2022-12-06,4,Miami
SHIP002759,ORD002759,Standard,DHL,2023-02-11,3,Boulder
SHIP002760,ORD002760,Standard,Delhivery,2026-05-12,4,Allentown
SHIP002761,ORD002761,Standard,FedEx,2026-05-18,8,Dallas
SHIP002762,ORD002762,Standard,UPS,2026-04-17,5,Chandler
SHIP002763,ORD002763,Express,DHL,2025-10-15,6,Buffalo
SHIP002765,ORD002765,Same-Day,BlueDart,2025-11-15,6,Miami
SHIP002766,ORD002766,Standard,FedEx,2026-01-22,4,Boulder
SHIP002767,ORD002767,Standard,IndiaPost,2025-08-28,8,Raleigh
SHIP002768,ORD002768,Standard,UPS,2023-12-21,7,Boulder
SHIP002769,ORD002769,Express,BlueDart,2026-06-16,3,Elizabeth
SHIP002770,ORD002770,Express,Delhivery,2025-08-31,6,Lowell
SHIP002771,ORD002771,Same-Day,FedEx,2023-08-14,3,Trenton
SHIP002772,ORD002772,Standard,UPS,2024-03-20,5,Flint
SHIP002774,ORD002774,Economy,Delhivery,2026-04-04,3,Chicago
SHIP002777,ORD002777,Standard,IndiaPost,2022-10-09,1,Boston
SHIP002778,ORD002778,Standard,Delhivery,2026-07-16,1,Houston
SHIP002779,ORD002779,Standard,IndiaPost,2023-02-18,5,Cincinnati
SHIP002780,ORD002780,Express,IndiaPost,2022-09-20,2,Philadelphia
SHIP002781,ORD002781,Same-Day,IndiaPost,2024-04-17,5,Rockford
SHIP002782,ORD002782,Express,BlueDart,2025-06-26,4,Detroit
SHIP002783,ORD002783,Standard,FedEx,2024-09-30,9,Peoria
SHIP002785,ORD002785,Standard,Delhivery,2025-02-10,8,Cambridge
SHIP002786,ORD002786,Express,UPS,2023-05-23,5,Fort Worth
SHIP002787,ORD002787,Same-Day,FedEx,2024-05-14,2,Los Angeles
SHIP002788,ORD002788,Economy,BlueDart,2026-02-23,9,Miami
SHIP002789,ORD002789,Standard,UPS,2023-05-20,4,San Diego
SHIP002790,ORD002790,Standard,IndiaPost,2025-11-24,5,Albany
SHIP002791,ORD002791,Same-Day,UPS,2025-12-15,5,Augusta
SHIP002792,ORD002792,Express,FedEx,2026-01-07,9,Boston
SHIP002793,ORD002793,Standard,BlueDart,2026-07-22,1,Lowell
SHIP002794,ORD002794,Same-Day,Delhivery,2025-09-26,8,Akron
SHIP002795,ORD002795,Standard,UPS,2025-10-28,6,Fort Collins
SHIP002796,ORD002796,Express,Delhivery,2026-04-29,9,Flint
SHIP002797,ORD002797,Express,BlueDart,2025-01-03,4,Allentown
SHIP002799,ORD002799,Economy,DHL,2025-06-08,4,Winston-Salem
SHIP002800,ORD002800,Express,DHL,2021-03-06,2,Newark
SHIP002801,ORD002801,Economy,Delhivery,2023-11-02,3,Chicago
SHIP002802,ORD002802,Express,Delhivery,2026-05-07,8,Macon
SHIP002803,ORD002803,Express,UPS,2026-06-18,5,Paterson
SHIP002804,ORD002804,Standard,BlueDart,2021-10-11,9,Raleigh
SHIP002805,ORD002805,Standard,IndiaPost,2022-12-20,3,Everett
SHIP002806,ORD002806,Standard,IndiaPost,2026-01-08,9,Orlando
SHIP002807,ORD002807,Express,FedEx,2025-07-18,5,Worcester
SHIP002808,ORD002808,Express,BlueDart,2026-06-26,2,Colorado Springs
SHIP002811,ORD002811,Express,BlueDart,2024-09-01,1,Denver
SHIP002813,ORD002813,Express,UPS,2026-07-31,8,Cincinnati
SHIP002814,ORD002814,Express,DHL,2026-06-27,9,Everett
SHIP002816,ORD002816,Same-Day,Delhivery,2025-09-07,4,Macon
SHIP002817,ORD002817,Express,BlueDart,2025-09-06,9,Aurora
SHIP002818,ORD002818,Standard,Delhivery,2025-03-31,2,Spokane
SHIP002819,ORD002819,Standard,FedEx,2025-11-21,9,Allentown
SHIP002821,ORD002821,Express,Delhivery,2024-11-29,6,Syracuse
SHIP002822,ORD002822,Standard,Delhivery,2020-06-16,6,Boston
SHIP002823,ORD002823,Same-Day,IndiaPost,2025-03-27,8,Springfield
SHIP002824,ORD002824,Standard,IndiaPost,2024-05-03,3,Denver
SHIP002825,ORD002825,Standard,FedEx,2026-05-18,1,Macon
SHIP002826,ORD002826,Express,BlueDart,2026-06-19,4,Denver
SHIP002827,ORD002827,Same-Day,IndiaPost,2022-07-04,9,Athens
SHIP002828,ORD002828,Standard,Delhivery,2023-05-10,1,Newark
SHIP002829,ORD002829,Standard,IndiaPost,2026-05-27,8,Albany
SHIP002830,ORD002830,Standard,IndiaPost,2026-01-17,3,Pittsburgh
SHIP002831,ORD002831,Standard,Delhivery,2023-11-28,4,Cambridge
SHIP002834,ORD002834,Standard,Delhivery,2026-05-28,9,Lowell
SHIP002836,ORD002836,Standard,IndiaPost,2026-06-11,7,Newark
SHIP002837,ORD002837,Standard,Delhivery,2025-12-23,2,San Diego
SHIP002838,ORD002838,Standard,FedEx,2024-11-23,9,Cleveland
SHIP002839,ORD002839,Express,Delhivery,2022-12-19,6,Raleigh
SHIP002840,ORD002840,Express,UPS,2026-05-06,7,Fort Collins
SHIP002841,ORD002841,Same-Day,DHL,2025-04-19,5,Tampa
SHIP002842,ORD002842,Express,IndiaPost,2025-08-31,4,Akron
SHIP002843,ORD002843,Standard,BlueDart,2021-11-30,3,Erie
SHIP002844,ORD002844,Express,DHL,2026-06-11,2,Aurora
SHIP002845,ORD002845,Standard,FedEx,2025-05-10,7,Trenton
SHIP002846,ORD002846,Express,FedEx,2023-05-20,6,Naperville
SHIP002847,ORD002847,Same-Day,FedEx,2019-11-30,3,Cambridge
SHIP002848,ORD002848,Economy,DHL,2026-02-04,5,Syracuse
SHIP002849,ORD002849,Standard,DHL,2026-05-23,3,Elizabeth
SHIP002850,ORD002850,Economy,DHL,2023-12-01,2,Greensboro
SHIP002851,ORD002851,Standard,FedEx,2024-08-24,8,Mesa
SHIP002853,ORD002853,Economy,UPS,2026-07-31,7,Cincinnati
SHIP002854,ORD002854,Same-Day,Delhivery,2023-04-10,8,Tampa
SHIP002858,ORD002858,Economy,UPS,2024-02-08,1,Erie
SHIP002859,ORD002859,Standard,FedEx,2023-07-10,1,Jacksonville
SHIP002860,ORD002860,Standard,UPS,2025-05-29,3,Akron
SHIP002861,ORD002861,Standard,DHL,2024-02-25,6,Chandler
SHIP002862,ORD002862,Standard,FedEx,2020-10-31,3,Orlando
SHIP002863,ORD002863,Economy,IndiaPost,2025-08-07,2,Athens
SHIP002864,ORD002864,Same-Day,IndiaPost,2023-04-19,2,Boston
SHIP002865,ORD002865,Same-Day,IndiaPost,2026-06-01,5,Cincinnati
SHIP002866,ORD002866,Standard,UPS,2026-03-14,6,Boston
SHIP002868,ORD002868,Standard,UPS,2023-02-23,8,Fort Lauderdale
SHIP002869,ORD002869,Economy,BlueDart,2024-06-05,4,Spokane
SHIP002870,ORD002870,Standard,UPS,2024-08-29,7,Cambridge
SHIP002871,ORD002871,Standard,UPS,2026-06-01,7,Tucson
SHIP002872,ORD002872,Express,DHL,2024-06-16,6,Rochester
SHIP002873,ORD002873,Economy,IndiaPost,2024-03-18,3,Erie
SHIP002875,ORD002875,Standard,FedEx,2024-06-11,9,Cambridge
SHIP002876,ORD002876,Standard,Delhivery,2021-12-24,4,Springfield
SHIP002877,ORD002877,Express,UPS,2023-06-28,4,Tucson
SHIP002878,ORD002878,Same-Day,IndiaPost,2026-01-12,5,Lansing
SHIP002879,ORD002879,Standard,UPS,2025-04-10,4,Columbus
SHIP002880,ORD002880,Standard,UPS,2024-11-26,2,Boston
SHIP002881,ORD002881,Same-Day,DHL,2026-04-27,3,Augusta
SHIP002882,ORD002882,Standard,FedEx,2026-06-09,5,Lowell
SHIP002883,ORD002883,Express,IndiaPost,2025-01-26,7,Allentown
SHIP002884,ORD002884,Same-Day,Delhivery,2024-12-08,3,Detroit
SHIP002886,ORD002886,Standard,FedEx,2024-05-03,8,Newark
SHIP002887,ORD002887,Economy,FedEx,2025-08-06,1,Orlando
SHIP002888,ORD002888,Standard,Delhivery,2025-03-13,3,Los Angeles
SHIP002889,ORD002889,Express,BlueDart,2025-03-11,5,Tampa
SHIP002890,ORD002890,Economy,DHL,2021-11-16,2,Dallas
SHIP002892,ORD002892,Economy,BlueDart,2023-01-09,3,Erie
SHIP002893,ORD002893,Express,UPS,2024-01-14,6,Phoenix
SHIP002894,ORD002894,Standard,DHL,2024-05-14,5,Trenton
SHIP002895,ORD002895,Economy,UPS,2025-12-21,6,Columbus
SHIP002897,ORD002897,Standard,BlueDart,2026-04-23,7,Miami
SHIP002899,ORD002899,Economy,DHL,2026-06-25,4,Sacramento
SHIP002900,ORD002900,Standard,Delhivery,2026-07-20,2,Akron
SHIP002901,ORD002901,Same-Day,FedEx,2023-11-03,1,Worcester
SHIP002902,ORD002902,Express,Delhivery,2025-07-13,6,Peoria
SHIP002904,ORD002904,Standard,DHL,2024-03-07,3,Tacoma
SHIP002905,ORD002905,Standard,DHL,2025-05-07,4,Mesa
SHIP002906,ORD002906,Economy,IndiaPost,2025-05-19,9,Tacoma
SHIP002907,ORD002907,Same-Day,UPS,2025-03-14,4,Ann Arbor
SHIP002908,ORD002908,Same-Day,UPS,2021-12-05,6,Elizabeth
SHIP002909,ORD002909,Economy,BlueDart,2025-06-09,5,Fort Lauderdale
SHIP002912,ORD002912,Economy,Delhivery,2025-05-21,1,Trenton
SHIP002914,ORD002914,Express,UPS,2024-06-09,9,Lowell
SHIP002915,ORD002915,Standard,IndiaPost,2026-02-25,1,Rockford
SHIP002916,ORD002916,Same-Day,IndiaPost,2026-07-20,9,Akron
SHIP002919,ORD002919,Economy,UPS,2021-03-25,4,Aurora
SHIP002920,ORD002920,Standard,Delhivery,2026-03-13,6,Colorado Springs
SHIP002921,ORD002921,Same-Day,BlueDart,2023-07-25,2,Dallas
SHIP002922,ORD002922,Express,IndiaPost,2026-05-29,7,Fort Worth
SHIP002923,ORD002923,Express,IndiaPost,2026-05-14,4,San Jose
SHIP002925,ORD002925,Express,UPS,2025-02-13,8,Buffalo
SHIP002926,ORD002926,Standard,FedEx,2025-11-07,5,Reading
SHIP002928,ORD002928,Express,DHL,2024-02-06,3,Fort Lauderdale
SHIP002929,ORD002929,Same-Day,UPS,2025-06-07,1,Houston
SHIP002930,ORD002930,Express,Delhivery,2023-11-02,2,Springfield
SHIP002932,ORD002932,Standard,Delhivery,2022-07-10,5,Boulder
SHIP002933,ORD002933,Standard,IndiaPost,2026-05-22,1,Athens
SHIP002934,ORD002934,Economy,DHL,2024-07-20,7,Spokane
SHIP002936,ORD002936,Economy,IndiaPost,2025-08-15,7,Worcester
SHIP002937,ORD002937,Express,DHL,2023-10-23,3,Chandler
SHIP002938,ORD002938,Standard,DHL,2024-07-31,5,Elizabeth
SHIP002939,ORD002939,Standard,DHL,2022-11-13,8,Springfield
SHIP002941,ORD002941,Standard,BlueDart,2026-05-05,2,Sacramento
SHIP002942,ORD002942,Same-Day,Delhivery,2021-09-28,4,Augusta
SHIP002945,ORD002945,Standard,FedEx,2024-04-26,7,Detroit
SHIP002946,ORD002946,Standard,FedEx,2024-12-07,2,Atlanta
SHIP002947,ORD002947,Standard,FedEx,2025-02-01,3,Los Angeles
SHIP002949,ORD002949,Economy,IndiaPost,2025-04-16,7,Newark
SHIP002950,ORD002950,Express,UPS,2026-02-25,3,Buffalo
SHIP002951,ORD002951,Standard,UPS,2025-09-12,8,Miami
SHIP002953,ORD002953,Standard,BlueDart,2024-10-21,5,Dallas
SHIP002954,ORD002954,Standard,FedEx,2025-10-04,2,Flint
SHIP002955,ORD002955,Express,UPS,2020-09-30,2,Durham
SHIP002956,ORD002956,Standard,UPS,2023-12-01,4,Trenton
SHIP002957,ORD002957,Standard,BlueDart,2025-03-03,8,Everett
SHIP002958,ORD002958,Express,BlueDart,2026-07-13,8,Cambridge
SHIP002959,ORD002959,Express,BlueDart,2026-04-18,3,Fort Collins
SHIP002960,ORD002960,Standard,DHL,2025-04-06,2,Trenton
SHIP002961,ORD002961,Economy,FedEx,2025-09-25,4,Akron
SHIP002963,ORD002963,Standard,Delhivery,2024-12-10,4,Columbus
SHIP002964,ORD002964,Standard,DHL,2026-04-10,5,Jacksonville
SHIP002965,ORD002965,Express,UPS,2026-07-25,1,Dallas
SHIP002966,ORD002966,Same-Day,Delhivery,2025-12-01,4,Akron
SHIP002969,ORD002969,Standard,FedEx,2025-11-28,6,Fort Collins
SHIP002970,ORD002970,Standard,UPS,2023-01-30,8,Rochester
SHIP002971,ORD002971,Express,IndiaPost,2026-05-11,1,Fort Worth
SHIP002972,ORD002972,Standard,FedEx,2024-04-07,3,San Francisco
SHIP002973,ORD002973,Standard,Delhivery,2024-12-22,6,San Jose
SHIP002974,ORD002974,Standard,DHL,2026-07-20,7,Syracuse
SHIP002975,ORD002975,Same-Day,Delhivery,2025-04-06,5,Philadelphia
SHIP002976,ORD002976,Economy,UPS,2022-10-18,4,San Jose
SHIP002977,ORD002977,Express,UPS,2025-12-06,4,Syracuse
SHIP002979,ORD002979,Same-Day,DHL,2021-09-04,1,Boulder
SHIP002981,ORD002981,Standard,IndiaPost,2025-12-19,8,Buffalo
SHIP002982,ORD002982,Standard,BlueDart,2026-05-26,4,Fort Worth
SHIP002983,ORD002983,Standard,UPS,2026-05-19,5,Lowell
SHIP002984,ORD002984,Standard,IndiaPost,2024-01-21,6,Cambridge
SHIP002985,ORD002985,Standard,UPS,2026-06-25,1,Buffalo
SHIP002986,ORD002986,Standard,Delhivery,2021-12-19,4,Buffalo
SHIP002987,ORD002987,Standard,FedEx,2025-12-12,7,Spokane
SHIP002988,ORD002988,Standard,Delhivery,2025-11-18,3,New York City
SHIP002989,ORD002989,Express,Delhivery,2024-11-12,7,Austin
SHIP002990,ORD002990,Standard,Delhivery,2025-08-13,9,Trenton
SHIP002991,ORD002991,Same-Day,Delhivery,2026-07-10,9,Los Angeles
SHIP002992,ORD002992,Standard,DHL,2026-03-11,6,Raleigh
SHIP002993,ORD002993,Standard,FedEx,2025-05-08,9,Detroit
SHIP002994,ORD002994,Standard,FedEx,2026-07-23,5,Austin
SHIP002995,ORD002995,Standard,UPS,2026-04-13,5,Ann Arbor
SHIP002996,ORD002996,Standard,IndiaPost,2022-04-17,1,Albany
SHIP002998,ORD002998,Express,Delhivery,2026-06-17,9,Augusta
SHIP003000,ORD003000,Economy,FedEx,2024-02-27,1,Trenton
SHIP003002,ORD003002,Standard,DHL,2024-04-04,2,Paterson
SHIP003003,ORD003003,Standard,UPS,2025-10-20,2,Mesa
SHIP003004,ORD003004,Express,DHL,2021-04-20,6,Macon
SHIP003005,ORD003005,Standard,IndiaPost,2026-02-24,6,Boulder
SHIP003006,ORD003006,Standard,UPS,2025-08-15,5,Charlotte
SHIP003007,ORD003007,Standard,IndiaPost,2025-11-21,4,Cleveland
SHIP003008,ORD003008,Standard,BlueDart,2025-02-04,4,Jersey City
SHIP003009,ORD003009,Standard,FedEx,2026-04-07,7,Winston-Salem
SHIP003010,ORD003010,Standard,BlueDart,2026-04-28,7,Jacksonville
SHIP003011,ORD003011,Standard,BlueDart,2022-05-22,8,Sacramento
SHIP003012,ORD003012,Express,FedEx,2024-09-09,9,Sacramento
SHIP003013,ORD003013,Standard,Delhivery,2026-04-19,1,Philadelphia
SHIP003014,ORD003014,Express,DHL,2025-05-04,3,Tucson
SHIP003015,ORD003015,Standard,Delhivery,2026-03-16,3,Newark
SHIP003016,ORD003016,Standard,UPS,2026-03-14,2,Buffalo
SHIP003017,ORD003017,Express,BlueDart,2026-03-20,2,Fort Worth
SHIP003018,ORD003018,Standard,FedEx,2025-11-17,3,Dallas
SHIP003019,ORD003019,Same-Day,FedEx,2023-08-06,6,Paterson
SHIP003020,ORD003020,Standard,FedEx,2024-11-23,9,Winston-Salem
SHIP003022,ORD003022,Economy,FedEx,2026-05-25,5,Worcester
SHIP003024,ORD003024,Standard,UPS,2026-07-28,8,Atlanta
SHIP003025,ORD003025,Standard,BlueDart,2026-07-12,6,Lowell
SHIP003027,ORD003027,Standard,UPS,2020-08-20,2,Dallas
SHIP003029,ORD003029,Economy,IndiaPost,2023-09-21,5,Fort Worth
SHIP003031,ORD003031,Express,BlueDart,2024-07-23,4,Cambridge
SHIP003032,ORD003032,Economy,IndiaPost,2024-11-24,7,Naperville
SHIP003033,ORD003033,Express,DHL,2026-01-05,5,Aurora
SHIP003034,ORD003034,Standard,UPS,2026-06-20,6,Spokane
SHIP003035,ORD003035,Standard,IndiaPost,2021-07-05,9,Los Angeles
SHIP003036,ORD003036,Same-Day,DHL,2025-11-26,6,Jacksonville
SHIP003037,ORD003037,Standard,IndiaPost,2026-03-19,6,Lansing
SHIP003038,ORD003038,Standard,IndiaPost,2026-06-06,6,Bellevue
SHIP003039,ORD003039,Standard,UPS,2022-03-18,5,Pittsburgh
SHIP003041,ORD003041,Standard,UPS,2025-11-30,4,Toledo
SHIP003042,ORD003042,Standard,FedEx,2024-11-18,7,Augusta
SHIP003044,ORD003044,Same-Day,Delhivery,2022-11-16,7,New York City
SHIP003045,ORD003045,Express,BlueDart,2025-08-15,1,Akron
SHIP003047,ORD003047,Standard,UPS,2024-03-19,9,Lowell
SHIP003049,ORD003049,Express,IndiaPost,2024-06-07,3,Akron
SHIP003050,ORD003050,Economy,FedEx,2026-03-26,6,Syracuse
SHIP003051,ORD003051,Standard,DHL,2026-05-01,8,Everett
SHIP003052,ORD003052,Economy,DHL,2020-07-20,8,Mesa
SHIP003054,ORD003054,Standard,Delhivery,2022-04-29,4,Scottsdale
SHIP003055,ORD003055,Express,FedEx,2025-12-18,1,Mesa
SHIP003056,ORD003056,Express,FedEx,2023-11-20,4,Tacoma
SHIP003057,ORD003057,Standard,IndiaPost,2025-10-13,1,Colorado Springs
SHIP003058,ORD003058,Standard,DHL,2024-03-21,9,Charlotte
SHIP003059,ORD003059,Standard,BlueDart,2024-09-15,1,Philadelphia
SHIP003060,ORD003060,Standard,UPS,2026-08-04,5,Durham
SHIP003061,ORD003061,Standard,FedEx,2023-01-09,2,Philadelphia
SHIP003062,ORD003062,Standard,DHL,2023-04-07,7,Athens
SHIP003063,ORD003063,Standard,IndiaPost,2024-07-12,1,Grand Rapids
SHIP003064,ORD003064,Express,Delhivery,2025-06-21,5,Augusta
SHIP003065,ORD003065,Standard,BlueDart,2023-09-09,6,Durham
SHIP003066,ORD003066,Express,Delhivery,2021-07-07,1,Tampa
SHIP003067,ORD003067,Standard,BlueDart,2023-07-11,1,Savannah
SHIP003068,ORD003068,Standard,Delhivery,2022-02-26,7,Worcester
SHIP003069,ORD003069,Standard,DHL,2026-04-04,3,Naperville
SHIP003071,ORD003071,Standard,BlueDart,2026-01-10,6,Jersey City
SHIP003072,ORD003072,Standard,Delhivery,2025-05-04,1,New York City
SHIP003073,ORD003073,Same-Day,FedEx,2023-10-14,3,Boulder
SHIP003074,ORD003074,Standard,DHL,2021-09-21,6,Lowell
SHIP003075,ORD003075,Standard,Delhivery,2026-01-28,8,Jacksonville
SHIP003076,ORD003076,Standard,DHL,2023-03-31,6,Jacksonville
SHIP003077,ORD003077,Standard,UPS,2025-09-24,3,Dallas
SHIP003078,ORD003078,Economy,UPS,2025-07-09,6,Fort Collins
SHIP003079,ORD003079,Standard,IndiaPost,2025-10-16,4,Orlando
SHIP003080,ORD003080,Express,FedEx,2025-05-24,3,Tampa
SHIP003081,ORD003081,Standard,BlueDart,2026-07-07,1,San Antonio
SHIP003082,ORD003082,Economy,FedEx,2022-11-20,2,Akron
SHIP003083,ORD003083,Standard,UPS,2026-05-10,6,Cambridge
SHIP003084,ORD003084,Economy,DHL,2023-08-11,2,Charlotte
SHIP003085,ORD003085,Standard,FedEx,2025-08-01,2,Elizabeth
SHIP003086,ORD003086,Same-Day,FedEx,2025-06-11,5,Orlando
SHIP003087,ORD003087,Same-Day,DHL,2025-01-18,3,Scottsdale
SHIP003090,ORD003090,Economy,FedEx,2025-04-08,1,Philadelphia
SHIP003091,ORD003091,Standard,BlueDart,2025-07-17,8,Los Angeles
SHIP003092,ORD003092,Standard,Delhivery,2025-09-13,4,Winston-Salem
SHIP003093,ORD003093,Economy,FedEx,2026-01-19,8,Fort Lauderdale
SHIP003094,ORD003094,Standard,Delhivery,2022-12-26,5,Aurora
SHIP003095,ORD003095,Standard,UPS,2026-03-14,3,Houston
SHIP003096,ORD003096,Express,IndiaPost,2025-01-25,4,Fort Lauderdale
SHIP003097,ORD003097,Standard,FedEx,2025-07-23,3,Columbus
SHIP003098,ORD003098,Express,Delhivery,2026-07-07,7,Phoenix
SHIP003099,ORD003099,Economy,FedEx,2026-04-03,9,San Jose
SHIP003100,ORD003100,Same-Day,Delhivery,2023-12-21,2,Albany
SHIP003101,ORD003101,Standard,Delhivery,2025-06-12,4,Athens
SHIP003102,ORD003102,Standard,DHL,2024-04-20,4,San Antonio
SHIP003103,ORD003103,Standard,UPS,2025-08-09,5,San Antonio
SHIP003104,ORD003104,Standard,IndiaPost,2022-06-07,5,Jacksonville
SHIP003105,ORD003105,Express,BlueDart,2025-11-11,5,Flint
SHIP003106,ORD003106,Economy,BlueDart,2026-05-10,4,Tampa
SHIP003107,ORD003107,Economy,DHL,2023-06-17,1,Buffalo
SHIP003108,ORD003108,Standard,BlueDart,2025-08-18,7,San Diego
SHIP003110,ORD003110,Standard,BlueDart,2021-03-26,8,Durham
SHIP003111,ORD003111,Standard,IndiaPost,2024-03-27,2,Phoenix
SHIP003112,ORD003112,Same-Day,BlueDart,2025-03-24,1,Akron
SHIP003113,ORD003113,Standard,FedEx,2026-03-06,3,Athens
SHIP003114,ORD003114,Standard,IndiaPost,2022-09-28,2,Cincinnati
SHIP003115,ORD003115,Express,UPS,2026-05-30,8,Akron
SHIP003116,ORD003116,Standard,DHL,2022-07-25,4,Tampa
SHIP003118,ORD003118,Economy,BlueDart,2023-07-30,2,Chandler
SHIP003119,ORD003119,Express,UPS,2023-01-31,3,Tampa
SHIP003120,ORD003120,Standard,UPS,2025-05-08,1,Cambridge
SHIP003121,ORD003121,Standard,FedEx,2026-04-17,2,Phoenix
SHIP003122,ORD003122,Express,FedEx,2022-07-19,1,Seattle
SHIP003124,ORD003124,Standard,FedEx,2022-07-07,7,Miami
SHIP003125,ORD003125,Economy,Delhivery,2025-03-22,4,Syracuse
SHIP003126,ORD003126,Same-Day,UPS,2023-01-05,9,Atlanta
SHIP003127,ORD003127,Standard,IndiaPost,2023-04-01,9,Los Angeles
SHIP003128,ORD003128,Same-Day,BlueDart,2024-12-16,5,Bellevue
SHIP003129,ORD003129,Economy,BlueDart,2026-07-23,7,Spokane
SHIP003130,ORD003130,Express,FedEx,2024-04-05,2,Sacramento
SHIP003131,ORD003131,Express,IndiaPost,2025-02-24,1,Columbus
SHIP003132,ORD003132,Standard,UPS,2022-11-24,5,Allentown
SHIP003133,ORD003133,Express,Delhivery,2023-08-10,8,Bellevue
SHIP003134,ORD003134,Standard,BlueDart,2025-02-25,3,Buffalo
SHIP003135,ORD003135,Express,DHL,2026-04-06,6,Seattle
SHIP003136,ORD003136,Express,FedEx,2025-11-28,9,San Antonio
SHIP003138,ORD003138,Express,Delhivery,2021-04-12,7,Naperville
SHIP003140,ORD003140,Standard,FedEx,2024-12-30,6,Elizabeth
SHIP003141,ORD003141,Express,UPS,2025-01-26,8,Elizabeth
SHIP003142,ORD003142,Standard,FedEx,2024-08-03,3,Atlanta
SHIP003143,ORD003143,Standard,UPS,2026-06-07,6,Lansing
SHIP003144,ORD003144,Express,UPS,2024-05-09,3,Paterson
SHIP003145,ORD003145,Standard,IndiaPost,2020-12-23,8,Los Angeles
SHIP003146,ORD003146,Standard,BlueDart,2025-07-07,1,Ann Arbor
SHIP003147,ORD003147,Standard,DHL,2026-01-06,9,Syracuse
SHIP003148,ORD003148,Express,FedEx,2026-02-14,9,Elizabeth
SHIP003149,ORD003149,Same-Day,FedEx,2022-11-15,6,Tucson
SHIP003150,ORD003150,Standard,DHL,2024-11-05,2,New York City
SHIP003151,ORD003151,Standard,IndiaPost,2025-05-24,1,Grand Rapids
SHIP003152,ORD003152,Standard,IndiaPost,2024-01-10,6,Raleigh
SHIP003153,ORD003153,Standard,BlueDart,2025-02-07,1,Pittsburgh
SHIP003154,ORD003154,Same-Day,BlueDart,2024-04-17,5,Houston
SHIP003156,ORD003156,Economy,Delhivery,2025-05-06,6,Dallas
SHIP003157,ORD003157,Economy,BlueDart,2026-07-11,8,Naperville
SHIP003158,ORD003158,Standard,FedEx,2022-09-29,2,Rockford
SHIP003159,ORD003159,Standard,FedEx,2023-03-27,9,Paterson
SHIP003161,ORD003161,Standard,DHL,2024-05-25,8,San Antonio
SHIP003164,ORD003164,Express,IndiaPost,2024-04-30,9,Sacramento
SHIP003166,ORD003166,Same-Day,Delhivery,2022-12-05,4,San Antonio
SHIP003167,ORD003167,Express,BlueDart,2025-10-24,5,Scottsdale
SHIP003169,ORD003169,Economy,Delhivery,2026-06-07,6,Grand Rapids
SHIP003171,ORD003171,Standard,DHL,2024-08-20,7,Phoenix
SHIP003173,ORD003173,Standard,DHL,2026-07-18,4,Paterson
SHIP003174,ORD003174,Same-Day,UPS,2023-12-05,7,San Antonio
SHIP003175,ORD003175,Express,DHL,2020-10-11,4,Miami
SHIP003176,ORD003176,Standard,IndiaPost,2021-02-02,8,Flint
SHIP003177,ORD003177,Standard,FedEx,2025-10-26,3,Denver
SHIP003179,ORD003179,Standard,UPS,2025-12-07,6,Fort Worth
SHIP003180,ORD003180,Standard,BlueDart,2026-06-23,7,Aurora
SHIP003182,ORD003182,Standard,Delhivery,2024-01-31,2,Naperville
SHIP003183,ORD003183,Express,IndiaPost,2024-10-26,2,Augusta
SHIP003184,ORD003184,Economy,IndiaPost,2020-10-22,9,Rochester
SHIP003185,ORD003185,Same-Day,IndiaPost,2025-12-31,2,Ann Arbor
SHIP003186,ORD003186,Economy,DHL,2024-05-17,9,Colorado Springs
SHIP003189,ORD003189,Standard,FedEx,2025-02-26,7,Buffalo
SHIP003190,ORD003190,Standard,IndiaPost,2026-03-11,6,Elizabeth
SHIP003191,ORD003191,Express,FedEx,2025-08-13,9,Elizabeth
SHIP003192,ORD003192,Express,FedEx,2023-03-26,4,Toledo
SHIP003193,ORD003193,Express,DHL,2026-08-01,5,Everett
SHIP003194,ORD003194,Economy,BlueDart,2022-05-23,5,Scottsdale
SHIP003195,ORD003195,Express,Delhivery,2026-01-31,1,Spokane
SHIP003196,ORD003196,Standard,Delhivery,2026-04-03,5,Peoria
SHIP003197,ORD003197,Standard,Delhivery,2023-04-17,2,Cleveland
SHIP003198,ORD003198,Standard,FedEx,2023-11-25,9,Colorado Springs
SHIP003199,ORD003199,Standard,DHL,2024-01-07,4,Springfield
SHIP003200,ORD003200,Economy,DHL,2026-06-21,2,Dallas
SHIP003201,ORD003201,Economy,Delhivery,2026-02-13,6,Augusta
SHIP003202,ORD003202,Express,FedEx,2021-02-26,4,Fort Worth
SHIP003203,ORD003203,Economy,IndiaPost,2025-01-31,7,Durham
SHIP003204,ORD003204,Standard,FedEx,2025-08-14,6,Jersey City
SHIP003205,ORD003205,Standard,UPS,2026-03-28,4,Colorado Springs
SHIP003206,ORD003206,Standard,BlueDart,2025-09-28,1,Everett
SHIP003207,ORD003207,Standard,UPS,2026-07-05,8,Lowell
SHIP003208,ORD003208,Express,UPS,2024-02-25,8,Lansing
SHIP003209,ORD003209,Standard,BlueDart,2025-02-01,2,Mesa
SHIP003210,ORD003210,Economy,Delhivery,2023-01-14,9,Austin
SHIP003211,ORD003211,Same-Day,IndiaPost,2025-05-17,1,Worcester
SHIP003212,ORD003212,Express,BlueDart,2026-06-28,9,Springfield
SHIP003213,ORD003213,Standard,DHL,2023-03-18,7,Philadelphia
SHIP003214,ORD003214,Standard,BlueDart,2024-05-15,8,Austin
SHIP003215,ORD003215,Express,IndiaPost,2022-08-30,5,Grand Rapids
SHIP003216,ORD003216,Express,DHL,2025-10-18,6,Orlando
SHIP003217,ORD003217,Standard,BlueDart,2025-11-02,8,Cincinnati
SHIP003218,ORD003218,Economy,FedEx,2026-07-29,3,Detroit
SHIP003219,ORD003219,Economy,BlueDart,2022-06-25,5,Toledo
SHIP003221,ORD003221,Standard,UPS,2026-05-07,7,Los Angeles
SHIP003223,ORD003223,Standard,UPS,2026-03-30,7,Macon
SHIP003225,ORD003225,Express,DHL,2020-11-21,2,Sacramento
SHIP003226,ORD003226,Economy,FedEx,2024-08-29,9,Bellevue
SHIP003227,ORD003227,Economy,DHL,2024-04-22,2,Aurora
SHIP003228,ORD003228,Standard,BlueDart,2024-05-23,1,Peoria
SHIP003230,ORD003230,Standard,IndiaPost,2024-01-27,2,Phoenix
SHIP003231,ORD003231,Standard,UPS,2025-08-29,7,Phoenix
SHIP003232,ORD003232,Express,UPS,2025-03-08,2,Spokane
SHIP003233,ORD003233,Standard,FedEx,2026-06-16,3,Athens
SHIP003234,ORD003234,Express,IndiaPost,2025-11-23,9,Lansing
SHIP003235,ORD003235,Standard,UPS,2025-11-11,5,Spokane
SHIP003236,ORD003236,Standard,IndiaPost,2025-11-12,4,Cleveland
SHIP003237,ORD003237,Same-Day,FedEx,2025-11-21,5,Charlotte
SHIP003238,ORD003238,Express,FedEx,2024-01-16,2,Boulder
SHIP003240,ORD003240,Standard,UPS,2022-06-06,4,Naperville
SHIP003242,ORD003242,Express,BlueDart,2026-06-30,2,Raleigh
SHIP003243,ORD003243,Economy,BlueDart,2024-12-05,1,Detroit
SHIP003244,ORD003244,Standard,DHL,2026-03-25,1,Fort Collins
SHIP003245,ORD003245,Same-Day,FedEx,2025-05-30,7,Lowell
SHIP003246,ORD003246,Express,FedEx,2025-03-30,7,Spokane
SHIP003247,ORD003247,Standard,DHL,2026-05-26,8,Springfield
SHIP003248,ORD003248,Standard,DHL,2026-07-26,4,San Diego
SHIP003249,ORD003249,Standard,Delhivery,2025-11-20,8,Charlotte
SHIP003250,ORD003250,Economy,FedEx,2025-06-15,8,Chandler
SHIP003252,ORD003252,Express,DHL,2023-09-05,8,Cleveland
SHIP003253,ORD003253,Economy,DHL,2025-12-27,8,Reading
SHIP003255,ORD003255,Standard,IndiaPost,2026-05-31,1,San Antonio
SHIP003256,ORD003256,Express,IndiaPost,2025-12-11,4,Scottsdale
SHIP003257,ORD003257,Standard,FedEx,2026-04-10,9,Rockford
SHIP003258,ORD003258,Economy,IndiaPost,2026-07-05,3,Cambridge
SHIP003259,ORD003259,Economy,UPS,2024-04-05,7,Allentown
SHIP003260,ORD003260,Same-Day,UPS,2025-07-11,8,Chandler
SHIP003261,ORD003261,Express,Delhivery,2026-02-08,2,Ann Arbor
SHIP003262,ORD003262,Standard,FedEx,2025-03-19,7,San Francisco
SHIP003263,ORD003263,Standard,Delhivery,2026-04-06,5,Houston
SHIP003264,ORD003264,Standard,FedEx,2025-07-06,2,San Francisco
SHIP003265,ORD003265,Express,UPS,2025-03-07,5,Greensboro
SHIP003266,ORD003266,Economy,Delhivery,2022-01-22,1,Sacramento
SHIP003267,ORD003267,Standard,BlueDart,2025-09-04,9,Rockford
SHIP003268,ORD003268,Economy,UPS,2026-05-07,6,San Diego
SHIP003269,ORD003269,Express,IndiaPost,2025-01-06,7,Jersey City
SHIP003270,ORD003270,Standard,UPS,2025-03-17,7,San Antonio
SHIP003272,ORD003272,Standard,BlueDart,2025-03-08,2,Boulder
SHIP003273,ORD003273,Standard,IndiaPost,2023-06-17,8,San Jose
SHIP003274,ORD003274,Standard,FedEx,2021-02-10,9,Tucson
SHIP003276,ORD003276,Standard,Delhivery,2024-06-26,5,Akron
SHIP003277,ORD003277,Standard,DHL,2024-12-20,4,Miami
SHIP003278,ORD003278,Same-Day,UPS,2026-07-07,6,Toledo
SHIP003279,ORD003279,Standard,IndiaPost,2026-06-21,7,Buffalo
SHIP003280,ORD003280,Standard,BlueDart,2026-02-12,1,Detroit
SHIP003281,ORD003281,Standard,DHL,2026-05-21,9,Springfield
SHIP003282,ORD003282,Economy,FedEx,2025-02-19,4,New York City
SHIP003283,ORD003283,Express,Delhivery,2022-11-30,5,Raleigh
SHIP003284,ORD003284,Same-Day,UPS,2020-09-01,4,Aurora
SHIP003285,ORD003285,Express,BlueDart,2023-10-21,5,Greensboro
SHIP003286,ORD003286,Express,DHL,2026-01-30,2,Paterson
SHIP003287,ORD003287,Standard,Delhivery,2020-01-11,4,Spokane
SHIP003288,ORD003288,Standard,BlueDart,2023-06-10,3,Rochester
SHIP003289,ORD003289,Standard,BlueDart,2026-07-11,6,Cincinnati
SHIP003290,ORD003290,Standard,DHL,2025-02-15,6,Athens
SHIP003291,ORD003291,Standard,UPS,2026-07-20,8,Rockford
SHIP003292,ORD003292,Standard,FedEx,2025-05-24,7,Fort Lauderdale
SHIP003294,ORD003294,Express,UPS,2025-07-28,8,Naperville
SHIP003295,ORD003295,Standard,FedEx,2022-07-01,5,Denver
SHIP003297,ORD003297,Same-Day,Delhivery,2025-01-22,4,Cleveland
SHIP003299,ORD003299,Express,BlueDart,2024-05-02,8,Houston
SHIP003301,ORD003301,Standard,FedEx,2026-01-31,9,Paterson
SHIP003302,ORD003302,Same-Day,BlueDart,2024-10-01,5,Orlando
SHIP003303,ORD003303,Standard,DHL,2024-01-09,4,Tacoma
SHIP003305,ORD003305,Same-Day,UPS,2023-02-02,2,Albany
SHIP003306,ORD003306,Standard,BlueDart,2022-07-27,2,Sacramento
SHIP003307,ORD003307,Standard,IndiaPost,2024-08-20,4,Buffalo
SHIP003308,ORD003308,Same-Day,BlueDart,2025-10-03,3,Macon
SHIP003309,ORD003309,Standard,UPS,2025-11-30,3,Newark
SHIP003310,ORD003310,Standard,FedEx,2025-09-19,6,Atlanta
SHIP003312,ORD003312,Economy,UPS,2024-06-04,3,Elizabeth
SHIP003313,ORD003313,Express,DHL,2026-02-16,4,Cincinnati
SHIP003314,ORD003314,Express,DHL,2022-10-04,4,Ann Arbor
SHIP003315,ORD003315,Economy,IndiaPost,2025-07-02,8,Phoenix
SHIP003316,ORD003316,Standard,DHL,2026-01-19,2,Charlotte
SHIP003318,ORD003318,Economy,FedEx,2024-12-18,4,Worcester
SHIP003319,ORD003319,Same-Day,UPS,2024-09-16,4,San Francisco
SHIP003320,ORD003320,Standard,BlueDart,2026-06-13,3,Boston
SHIP003321,ORD003321,Standard,IndiaPost,2026-04-06,6,Aurora
SHIP003322,ORD003322,Standard,FedEx,2025-11-29,9,Everett
SHIP003323,ORD003323,Express,Delhivery,2021-01-27,6,Paterson
SHIP003325,ORD003325,Express,FedEx,2025-05-08,6,Akron
SHIP003326,ORD003326,Economy,UPS,2026-05-17,7,Boston
SHIP003327,ORD003327,Economy,IndiaPost,2025-10-20,5,Peoria
SHIP003328,ORD003328,Standard,BlueDart,2025-08-01,6,Boulder
SHIP003329,ORD003329,Express,IndiaPost,2026-02-05,9,Buffalo
SHIP003330,ORD003330,Standard,FedEx,2024-12-30,5,Seattle
SHIP003334,ORD003334,Standard,Delhivery,2026-07-24,6,Reading
SHIP003335,ORD003335,Same-Day,FedEx,2024-06-20,7,Fort Lauderdale
SHIP003336,ORD003336,Same-Day,IndiaPost,2024-08-09,9,Jacksonville
SHIP003338,ORD003338,Standard,Delhivery,2024-04-20,6,Miami
SHIP003339,ORD003339,Express,Delhivery,2025-05-30,6,Erie
SHIP003341,ORD003341,Economy,IndiaPost,2025-03-02,1,Syracuse
SHIP003342,ORD003342,Standard,DHL,2026-06-19,5,Buffalo
SHIP003343,ORD003343,Standard,UPS,2026-03-03,7,Austin
SHIP003344,ORD003344,Same-Day,DHL,2020-06-07,6,Cleveland
SHIP003345,ORD003345,Standard,Delhivery,2024-12-25,6,Aurora
SHIP003346,ORD003346,Standard,IndiaPost,2020-10-01,9,San Jose
SHIP003347,ORD003347,Standard,IndiaPost,2026-07-29,5,Cincinnati
SHIP003348,ORD003348,Same-Day,IndiaPost,2024-07-17,4,Worcester
SHIP003349,ORD003349,Same-Day,BlueDart,2024-04-20,9,Rochester
SHIP003350,ORD003350,Standard,Delhivery,2026-03-13,1,Charlotte
SHIP003351,ORD003351,Same-Day,FedEx,2025-09-22,1,Greensboro
SHIP003352,ORD003352,Express,DHL,2025-01-12,7,Boston
SHIP003353,ORD003353,Express,FedEx,2023-09-02,1,Syracuse
SHIP003354,ORD003354,Standard,UPS,2025-04-20,8,Tampa
SHIP003355,ORD003355,Same-Day,Delhivery,2025-08-24,2,Raleigh
SHIP003356,ORD003356,Standard,UPS,2024-06-02,8,Atlanta
SHIP003357,ORD003357,Standard,DHL,2024-12-31,6,Rochester
SHIP003358,ORD003358,Express,IndiaPost,2022-07-28,6,Columbus
SHIP003359,ORD003359,Express,FedEx,2025-07-31,2,Cleveland
SHIP003361,ORD003361,Standard,UPS,2024-06-24,5,Orlando
SHIP003362,ORD003362,Economy,IndiaPost,2023-09-24,8,Boulder
SHIP003363,ORD003363,Same-Day,BlueDart,2025-05-31,9,Fort Worth
SHIP003364,ORD003364,Economy,FedEx,2025-07-07,1,Lowell
SHIP003365,ORD003365,Same-Day,IndiaPost,2026-03-10,4,Toledo
SHIP003366,ORD003366,Economy,DHL,2025-08-12,5,Jersey City
SHIP003367,ORD003367,Standard,BlueDart,2026-07-16,6,Denver
SHIP003368,ORD003368,Express,IndiaPost,2020-07-31,4,Detroit
SHIP003369,ORD003369,Same-Day,BlueDart,2026-06-30,4,New York City
SHIP003370,ORD003370,Same-Day,BlueDart,2026-07-30,6,Ann Arbor
SHIP003371,ORD003371,Standard,UPS,2026-07-18,4,Sacramento
SHIP003373,ORD003373,Standard,UPS,2021-10-15,7,Buffalo
SHIP003374,ORD003374,Express,DHL,2026-06-27,6,Augusta
SHIP003375,ORD003375,Same-Day,UPS,2024-11-24,4,Tacoma
SHIP003377,ORD003377,Express,IndiaPost,2026-07-02,5,Tampa
SHIP003378,ORD003378,Standard,BlueDart,2024-04-18,1,Syracuse
SHIP003379,ORD003379,Standard,FedEx,2026-04-08,3,Winston-Salem
SHIP003380,ORD003380,Standard,Delhivery,2021-02-01,9,Springfield
SHIP003381,ORD003381,Express,DHL,2026-03-12,1,Aurora
SHIP003383,ORD003383,Standard,BlueDart,2024-07-16,6,Tucson
SHIP003384,ORD003384,Standard,BlueDart,2025-09-24,1,Tampa
SHIP003385,ORD003385,Express,IndiaPost,2026-04-25,4,Tucson
SHIP003386,ORD003386,Standard,IndiaPost,2024-10-03,8,Spokane
SHIP003387,ORD003387,Economy,IndiaPost,2023-07-03,6,Ann Arbor
SHIP003388,ORD003388,Standard,IndiaPost,2020-09-05,6,Allentown
SHIP003389,ORD003389,Standard,UPS,2026-07-11,6,Peoria
SHIP003390,ORD003390,Standard,Delhivery,2025-07-15,5,Rockford
SHIP003391,ORD003391,Express,BlueDart,2023-09-04,7,Athens
SHIP003392,ORD003392,Express,UPS,2026-07-22,7,Dallas
SHIP003393,ORD003393,Express,DHL,2024-10-27,6,Detroit
SHIP003394,ORD003394,Same-Day,IndiaPost,2025-11-13,9,Bellevue
SHIP003395,ORD003395,Standard,Delhivery,2025-02-07,4,Jacksonville
SHIP003397,ORD003397,Standard,BlueDart,2025-11-06,8,Fort Lauderdale
SHIP003398,ORD003398,Same-Day,FedEx,2026-03-07,2,San Jose
SHIP003399,ORD003399,Express,BlueDart,2022-08-10,3,San Antonio
SHIP003400,ORD003400,Standard,Delhivery,2026-08-02,7,San Diego
SHIP003401,ORD003401,Standard,IndiaPost,2021-07-04,6,Colorado Springs
SHIP003402,ORD003402,Standard,Delhivery,2023-04-23,8,Augusta
SHIP003404,ORD003404,Same-Day,IndiaPost,2026-03-14,4,Spokane
SHIP003405,ORD003405,Same-Day,UPS,2025-08-10,5,Tucson
SHIP003406,ORD003406,Economy,FedEx,2026-07-24,3,Atlanta
SHIP003407,ORD003407,Standard,UPS,2023-03-15,1,San Diego
SHIP003408,ORD003408,Standard,Delhivery,2026-04-04,1,Allentown
SHIP003409,ORD003409,Standard,IndiaPost,2024-11-08,7,Miami
SHIP003410,ORD003410,Standard,DHL,2025-06-11,1,Sacramento
SHIP003411,ORD003411,Standard,FedEx,2024-10-13,3,Greensboro
SHIP003412,ORD003412,Express,FedEx,2025-09-13,7,Buffalo
SHIP003413,ORD003413,Economy,IndiaPost,2026-03-07,8,Los Angeles
SHIP003414,ORD003414,Standard,FedEx,2022-08-23,1,Elizabeth
SHIP003416,ORD003416,Standard,UPS,2026-05-26,2,Houston
SHIP003417,ORD003417,Standard,Delhivery,2026-05-21,9,Raleigh
SHIP003418,ORD003418,Standard,IndiaPost,2026-06-23,3,Ann Arbor
SHIP003419,ORD003419,Standard,DHL,2026-01-13,1,Athens
SHIP003420,ORD003420,Standard,DHL,2024-07-24,6,Toledo
SHIP003421,ORD003421,Express,FedEx,2026-06-26,6,Atlanta
SHIP003422,ORD003422,Same-Day,DHL,2020-08-15,4,Chicago
SHIP003423,ORD003423,Standard,BlueDart,2024-02-06,2,Denver
SHIP003424,ORD003424,Express,IndiaPost,2026-04-30,5,San Diego
SHIP003425,ORD003425,Standard,DHL,2024-04-28,8,New York City
SHIP003426,ORD003426,Standard,UPS,2026-03-30,6,Raleigh
SHIP003427,ORD003427,Express,BlueDart,2026-06-30,2,Lowell
SHIP003428,ORD003428,Express,BlueDart,2024-12-25,8,Raleigh
SHIP003429,ORD003429,Express,BlueDart,2026-07-24,5,Denver
SHIP003430,ORD003430,Express,Delhivery,2025-10-26,3,Buffalo
SHIP003431,ORD003431,Standard,Delhivery,2025-11-26,8,Orlando
SHIP003433,ORD003433,Standard,DHL,2025-12-31,6,Sacramento
SHIP003435,ORD003435,Standard,UPS,2023-07-19,2,Cincinnati
SHIP003436,ORD003436,Standard,IndiaPost,2023-04-25,3,Mesa
SHIP003437,ORD003437,Express,FedEx,2023-08-03,1,Fort Worth
SHIP003438,ORD003438,Express,BlueDart,2024-09-24,3,Springfield
SHIP003439,ORD003439,Standard,Delhivery,2025-06-05,1,Fort Collins
SHIP003440,ORD003440,Express,UPS,2023-08-01,2,Fort Lauderdale
SHIP003441,ORD003441,Standard,IndiaPost,2025-12-09,9,Savannah
SHIP003442,ORD003442,Standard,DHL,2025-10-14,7,Erie
SHIP003443,ORD003443,Standard,UPS,2024-10-25,8,Aurora
SHIP003444,ORD003444,Express,DHL,2026-04-17,8,Cleveland
SHIP003445,ORD003445,Standard,IndiaPost,2025-12-13,6,Elizabeth
SHIP003446,ORD003446,Express,Delhivery,2021-01-02,1,Greensboro
SHIP003447,ORD003447,Economy,DHL,2025-09-02,4,Greensboro
SHIP003448,ORD003448,Express,BlueDart,2024-12-29,8,Albany
SHIP003449,ORD003449,Standard,DHL,2022-10-12,2,Boulder
SHIP003450,ORD003450,Standard,IndiaPost,2026-02-15,7,Augusta
SHIP003451,ORD003451,Standard,UPS,2026-01-09,5,Erie
SHIP003452,ORD003452,Standard,FedEx,2026-05-22,5,Peoria
SHIP003453,ORD003453,Standard,FedEx,2024-06-14,4,Paterson
SHIP003454,ORD003454,Standard,UPS,2026-02-01,5,Dallas
SHIP003455,ORD003455,Express,UPS,2024-10-19,7,Jacksonville
SHIP003456,ORD003456,Economy,IndiaPost,2021-09-13,8,Columbus
SHIP003457,ORD003457,Standard,UPS,2026-01-26,9,Mesa
SHIP003458,ORD003458,Standard,BlueDart,2024-05-08,1,Fort Worth
SHIP003460,ORD003460,Standard,Delhivery,2024-05-02,6,Athens
SHIP003461,ORD003461,Economy,Delhivery,2025-08-02,8,Bellevue
SHIP003463,ORD003463,Standard,FedEx,2021-11-23,7,Dallas
SHIP003465,ORD003465,Express,DHL,2023-04-21,1,Bellevue
SHIP003466,ORD003466,Standard,FedEx,2026-04-16,9,Sacramento
SHIP003467,ORD003467,Express,UPS,2021-04-16,4,Cincinnati
SHIP003468,ORD003468,Standard,FedEx,2026-06-15,3,Augusta
SHIP003469,ORD003469,Standard,UPS,2026-02-17,4,Pittsburgh
SHIP003470,ORD003470,Standard,DHL,2025-04-22,3,Boulder
SHIP003471,ORD003471,Standard,DHL,2026-06-29,7,San Jose
SHIP003472,ORD003472,Standard,Delhivery,2025-11-20,4,Peoria
SHIP003473,ORD003473,Express,BlueDart,2023-12-07,5,Charlotte
SHIP003474,ORD003474,Standard,FedEx,2026-03-14,1,San Jose
SHIP003475,ORD003475,Standard,UPS,2026-04-24,3,Durham
SHIP003476,ORD003476,Same-Day,FedEx,2021-12-18,3,Naperville
SHIP003477,ORD003477,Standard,BlueDart,2026-06-10,7,Seattle
SHIP003478,ORD003478,Standard,BlueDart,2024-10-08,4,Orlando
SHIP003479,ORD003479,Express,IndiaPost,2026-07-02,1,Jersey City
SHIP003480,ORD003480,Same-Day,UPS,2024-05-04,7,Savannah
SHIP003481,ORD003481,Express,FedEx,2024-06-01,1,Durham
SHIP003482,ORD003482,Express,Delhivery,2021-12-31,5,Rockford
SHIP003483,ORD003483,Express,BlueDart,2026-03-09,4,Cambridge
SHIP003484,ORD003484,Standard,BlueDart,2025-10-03,8,Aurora
SHIP003485,ORD003485,Same-Day,UPS,2026-06-07,3,Scottsdale
SHIP003486,ORD003486,Express,Delhivery,2025-08-06,7,Sacramento
SHIP003487,ORD003487,Standard,Delhivery,2025-09-16,9,Everett
SHIP003489,ORD003489,Standard,IndiaPost,2025-07-12,9,Buffalo
SHIP003490,ORD003490,Express,UPS,2021-10-15,6,Tacoma
SHIP003491,ORD003491,Standard,FedEx,2023-07-20,9,Worcester
SHIP003493,ORD003493,Express,FedEx,2026-07-01,4,Reading
SHIP003494,ORD003494,Standard,UPS,2020-01-16,9,Syracuse
SHIP003495,ORD003495,Standard,UPS,2026-05-13,5,Bellevue
SHIP003496,ORD003496,Express,BlueDart,2021-01-31,3,Sacramento
SHIP003497,ORD003497,Standard,IndiaPost,2026-04-19,2,Charlotte
SHIP003498,ORD003498,Same-Day,DHL,2023-11-27,1,Mesa
SHIP003499,ORD003499,Standard,UPS,2026-01-29,3,Sacramento
SHIP003500,ORD003500,Express,Delhivery,2026-04-28,8,San Jose
SHIP003502,ORD003502,Standard,IndiaPost,2025-11-30,6,Jersey City
SHIP003503,ORD003503,Standard,FedEx,2023-07-21,6,Charlotte
SHIP003504,ORD003504,Standard,Delhivery,2024-08-08,5,Sacramento
SHIP003506,ORD003506,Economy,Delhivery,2024-03-12,8,Aurora
SHIP003507,ORD003507,Economy,DHL,2024-03-06,8,Spokane
SHIP003508,ORD003508,Economy,FedEx,2025-05-13,2,Tampa
SHIP003509,ORD003509,Same-Day,BlueDart,2025-11-20,1,Colorado Springs
SHIP003510,ORD003510,Standard,FedEx,2026-07-04,7,Akron
SHIP003511,ORD003511,Express,Delhivery,2026-04-28,8,Newark
SHIP003512,ORD003512,Same-Day,FedEx,2024-03-09,6,Trenton
SHIP003513,ORD003513,Economy,FedEx,2021-12-13,6,Fort Worth
SHIP003514,ORD003514,Express,IndiaPost,2025-05-27,9,Albany
SHIP003518,ORD003518,Same-Day,IndiaPost,2025-08-30,7,Mesa
SHIP003520,ORD003520,Express,FedEx,2026-07-16,9,Syracuse
SHIP003521,ORD003521,Standard,IndiaPost,2021-01-20,6,Scottsdale
SHIP003522,ORD003522,Standard,Delhivery,2025-10-01,1,Colorado Springs
SHIP003523,ORD003523,Standard,BlueDart,2026-06-19,6,Spokane
SHIP003524,ORD003524,Standard,UPS,2022-08-14,8,Trenton
SHIP003525,ORD003525,Same-Day,UPS,2025-07-27,5,Durham
SHIP003526,ORD003526,Standard,IndiaPost,2025-11-15,8,Chandler
SHIP003527,ORD003527,Same-Day,BlueDart,2024-07-14,3,Jersey City
SHIP003529,ORD003529,Same-Day,UPS,2026-07-18,6,Seattle
SHIP003530,ORD003530,Standard,Delhivery,2025-05-25,5,Seattle
SHIP003533,ORD003533,Same-Day,UPS,2020-06-04,6,Rockford
SHIP003536,ORD003536,Standard,FedEx,2026-04-16,4,Springfield
SHIP003537,ORD003537,Express,UPS,2024-03-18,6,Syracuse
SHIP003538,ORD003538,Same-Day,DHL,2026-03-13,3,Lansing
SHIP003539,ORD003539,Standard,BlueDart,2024-03-26,3,Augusta
SHIP003540,ORD003540,Standard,BlueDart,2025-04-06,4,Fort Worth
SHIP003541,ORD003541,Express,BlueDart,2026-05-28,6,Spokane
SHIP003542,ORD003542,Same-Day,DHL,2023-07-05,1,Dallas
SHIP003543,ORD003543,Standard,Delhivery,2026-01-30,9,New York City
SHIP003544,ORD003544,Economy,DHL,2025-08-08,1,Savannah
SHIP003545,ORD003545,Express,IndiaPost,2023-11-07,1,Greensboro
SHIP003546,ORD003546,Standard,Delhivery,2026-06-01,9,Jacksonville
SHIP003547,ORD003547,Express,FedEx,2025-04-06,8,Trenton
SHIP003548,ORD003548,Standard,DHL,2025-08-18,2,Durham
SHIP003550,ORD003550,Standard,BlueDart,2026-06-12,7,Athens
SHIP003551,ORD003551,Standard,UPS,2026-01-09,1,Greensboro
SHIP003552,ORD003552,Express,UPS,2026-03-12,7,Augusta
SHIP003553,ORD003553,Express,IndiaPost,2023-08-24,7,Charlotte
SHIP003554,ORD003554,Standard,IndiaPost,2026-04-16,8,Miami
SHIP003555,ORD003555,Express,DHL,2026-02-26,6,Spokane
SHIP003557,ORD003557,Standard,DHL,2022-10-03,6,Augusta
SHIP003560,ORD003560,Express,BlueDart,2025-11-22,8,Winston-Salem
SHIP003561,ORD003561,Standard,BlueDart,2026-05-20,5,Charlotte
SHIP003562,ORD003562,Standard,Delhivery,2021-12-23,4,San Antonio
SHIP003563,ORD003563,Express,IndiaPost,2026-03-30,3,Fort Collins
SHIP003564,ORD003564,Standard,BlueDart,2024-09-23,3,Naperville
SHIP003567,ORD003567,Standard,BlueDart,2025-12-03,6,Macon
SHIP003568,ORD003568,Standard,UPS,2024-10-09,5,Boulder
SHIP003569,ORD003569,Same-Day,FedEx,2026-04-24,5,Phoenix
SHIP003570,ORD003570,Standard,DHL,2026-06-07,6,Everett
SHIP003573,ORD003573,Economy,DHL,2025-12-30,9,Flint
SHIP003575,ORD003575,Standard,Delhivery,2025-11-09,9,Phoenix
SHIP003578,ORD003578,Same-Day,FedEx,2026-05-15,5,Everett
SHIP003580,ORD003580,Economy,IndiaPost,2021-02-07,6,Dallas
SHIP003583,ORD003583,Express,DHL,2023-07-23,1,Aurora
SHIP003584,ORD003584,Standard,DHL,2024-04-20,2,Austin
SHIP003585,ORD003585,Express,BlueDart,2024-12-21,3,Peoria
SHIP003586,ORD003586,Standard,UPS,2026-04-10,6,Sacramento
SHIP003587,ORD003587,Standard,Delhivery,2023-11-17,5,Los Angeles
SHIP003588,ORD003588,Standard,Delhivery,2025-06-15,6,Akron
SHIP003590,ORD003590,Standard,Delhivery,2025-06-24,6,Buffalo
SHIP003591,ORD003591,Economy,Delhivery,2026-07-21,5,Winston-Salem
SHIP003593,ORD003593,Express,Delhivery,2025-12-14,9,Augusta
SHIP003594,ORD003594,Standard,IndiaPost,2022-01-12,9,Grand Rapids
SHIP003595,ORD003595,Standard,UPS,2024-07-10,3,Springfield
SHIP003598,ORD003598,Express,FedEx,2021-10-23,1,Durham
SHIP003599,ORD003599,Standard,UPS,2026-07-05,7,Boulder
SHIP003600,ORD003600,Same-Day,FedEx,2025-02-07,1,Cincinnati
SHIP003601,ORD003601,Express,Delhivery,2023-04-25,6,Detroit
SHIP003602,ORD003602,Standard,IndiaPost,2022-12-26,6,Denver
SHIP003603,ORD003603,Standard,UPS,2026-05-29,5,Philadelphia
SHIP003604,ORD003604,Economy,UPS,2026-03-09,7,Fort Lauderdale
SHIP003606,ORD003606,Same-Day,DHL,2020-06-07,3,San Jose
SHIP003607,ORD003607,Economy,FedEx,2023-10-14,7,Peoria
SHIP003609,ORD003609,Standard,FedEx,2025-12-18,2,San Diego
SHIP003610,ORD003610,Standard,IndiaPost,2026-05-25,1,Albany
SHIP003611,ORD003611,Standard,IndiaPost,2025-12-21,1,Albany
SHIP003613,ORD003613,Standard,UPS,2025-05-14,7,Atlanta
SHIP003614,ORD003614,Standard,UPS,2026-03-22,5,Charlotte
SHIP003615,ORD003615,Economy,IndiaPost,2026-05-16,6,Akron
SHIP003616,ORD003616,Standard,Delhivery,2023-07-15,7,Naperville
SHIP003618,ORD003618,Express,UPS,2024-07-30,2,Colorado Springs
SHIP003619,ORD003619,Standard,FedEx,2025-10-15,5,Reading
SHIP003620,ORD003620,Express,DHL,2022-01-29,4,Lowell
SHIP003621,ORD003621,Standard,UPS,2025-04-27,3,Worcester
SHIP003622,ORD003622,Economy,FedEx,2025-02-20,2,Paterson
SHIP003623,ORD003623,Express,IndiaPost,2026-03-03,3,Scottsdale
SHIP003624,ORD003624,Same-Day,FedEx,2021-12-02,3,Miami
SHIP003625,ORD003625,Standard,BlueDart,2026-06-24,8,Newark
SHIP003626,ORD003626,Standard,BlueDart,2024-07-02,3,Tacoma
SHIP003628,ORD003628,Express,DHL,2025-03-11,4,Spokane
SHIP003629,ORD003629,Express,BlueDart,2025-06-30,9,Rochester
SHIP003630,ORD003630,Express,UPS,2026-06-20,3,Orlando
SHIP003631,ORD003631,Standard,Delhivery,2026-06-25,4,Tacoma
SHIP003632,ORD003632,Same-Day,FedEx,2025-02-24,5,Macon
SHIP003634,ORD003634,Standard,Delhivery,2025-03-28,7,Bellevue
SHIP003635,ORD003635,Standard,FedEx,2025-02-11,6,Seattle
SHIP003636,ORD003636,Standard,BlueDart,2020-05-08,6,Philadelphia
SHIP003637,ORD003637,Express,Delhivery,2023-04-27,8,Macon
SHIP003638,ORD003638,Standard,FedEx,2025-04-05,6,Colorado Springs
SHIP003640,ORD003640,Standard,IndiaPost,2026-02-12,2,Los Angeles
SHIP003641,ORD003641,Express,FedEx,2025-08-28,7,Grand Rapids
SHIP003642,ORD003642,Standard,Delhivery,2022-10-26,2,Trenton
SHIP003643,ORD003643,Standard,FedEx,2025-12-02,7,Elizabeth
SHIP003644,ORD003644,Standard,FedEx,2022-12-20,2,Springfield
SHIP003645,ORD003645,Express,DHL,2022-01-04,4,Syracuse
SHIP003646,ORD003646,Express,BlueDart,2024-04-08,8,Ann Arbor
SHIP003647,ORD003647,Standard,Delhivery,2024-01-09,3,Erie
SHIP003648,ORD003648,Standard,Delhivery,2026-06-22,4,Denver
SHIP003649,ORD003649,Economy,BlueDart,2026-03-04,3,Cleveland
SHIP003650,ORD003650,Standard,Delhivery,2026-01-31,3,Albany
SHIP003651,ORD003651,Standard,FedEx,2022-01-24,5,Augusta
SHIP003652,ORD003652,Express,IndiaPost,2021-08-06,8,Chandler
SHIP003653,ORD003653,Economy,Delhivery,2025-07-15,9,Fort Worth
SHIP003654,ORD003654,Express,IndiaPost,2026-03-05,4,Winston-Salem
SHIP003655,ORD003655,Standard,UPS,2025-02-02,4,Durham
SHIP003656,ORD003656,Same-Day,UPS,2023-12-25,3,Orlando
SHIP003657,ORD003657,Standard,IndiaPost,2026-01-02,7,New York City
SHIP003658,ORD003658,Standard,BlueDart,2020-01-23,2,Cleveland
SHIP003659,ORD003659,Economy,BlueDart,2024-05-09,5,Allentown
SHIP003660,ORD003660,Standard,Delhivery,2025-05-31,6,San Antonio
SHIP003661,ORD003661,Express,IndiaPost,2023-12-08,8,Trenton
SHIP003662,ORD003662,Express,UPS,2025-08-10,4,Naperville
SHIP003663,ORD003663,Standard,Delhivery,2024-09-26,2,Albany
SHIP003664,ORD003664,Standard,FedEx,2025-03-26,3,Rockford
SHIP003666,ORD003666,Standard,DHL,2021-07-08,2,Winston-Salem
SHIP003667,ORD003667,Standard,FedEx,2024-12-19,5,Detroit
SHIP003668,ORD003668,Same-Day,DHL,2026-01-23,7,Phoenix
SHIP003669,ORD003669,Standard,IndiaPost,2025-05-21,7,Erie
SHIP003670,ORD003670,Express,Delhivery,2025-07-10,1,Allentown
SHIP003671,ORD003671,Express,IndiaPost,2024-08-26,6,Savannah
SHIP003672,ORD003672,Standard,UPS,2025-11-09,9,Macon
SHIP003673,ORD003673,Express,UPS,2025-12-22,8,Albany
SHIP003674,ORD003674,Express,Delhivery,2023-11-15,7,Cincinnati
SHIP003675,ORD003675,Express,DHL,2021-01-10,1,Cleveland
SHIP003676,ORD003676,Same-Day,Delhivery,2024-12-26,7,Chicago
SHIP003677,ORD003677,Same-Day,Delhivery,2026-03-20,4,Springfield
SHIP003678,ORD003678,Standard,Delhivery,2025-04-17,7,Everett
SHIP003679,ORD003679,Express,DHL,2026-07-05,5,Austin
SHIP003680,ORD003680,Standard,BlueDart,2022-05-05,8,Colorado Springs
SHIP003681,ORD003681,Standard,Delhivery,2026-06-21,2,Lansing
SHIP003682,ORD003682,Same-Day,UPS,2026-06-01,6,Seattle
SHIP003683,ORD003683,Economy,Delhivery,2024-11-26,8,New York City
SHIP003684,ORD003684,Standard,FedEx,2025-06-28,7,Denver
SHIP003685,ORD003685,Standard,FedEx,2023-07-10,2,Houston
SHIP003687,ORD003687,Same-Day,Delhivery,2026-06-11,8,Erie
SHIP003688,ORD003688,Standard,Delhivery,2023-02-17,1,Tacoma
SHIP003689,ORD003689,Standard,BlueDart,2024-08-02,5,Jacksonville
SHIP003690,ORD003690,Economy,IndiaPost,2022-12-22,6,Atlanta
SHIP003692,ORD003692,Express,UPS,2024-12-25,8,Cincinnati
SHIP003693,ORD003693,Express,IndiaPost,2026-07-08,3,Detroit
SHIP003695,ORD003695,Express,DHL,2021-07-26,3,Syracuse
SHIP003696,ORD003696,Express,FedEx,2026-01-02,6,Boston
SHIP003697,ORD003697,Standard,FedEx,2022-07-31,8,Tucson
SHIP003698,ORD003698,Standard,BlueDart,2024-02-08,2,Augusta
SHIP003701,ORD003701,Standard,Delhivery,2022-10-15,4,Los Angeles
SHIP003702,ORD003702,Standard,DHL,2022-07-22,6,Cambridge
SHIP003703,ORD003703,Same-Day,FedEx,2024-09-22,7,Akron
SHIP003704,ORD003704,Express,BlueDart,2022-03-07,2,San Jose
SHIP003705,ORD003705,Express,IndiaPost,2026-06-23,9,San Antonio
SHIP003706,ORD003706,Same-Day,IndiaPost,2025-08-24,7,Peoria
SHIP003707,ORD003707,Express,UPS,2025-10-10,2,San Jose
SHIP003708,ORD003708,Express,BlueDart,2023-08-20,2,Fort Lauderdale
SHIP003709,ORD003709,Standard,DHL,2024-12-06,3,Savannah
SHIP003710,ORD003710,Standard,IndiaPost,2023-06-13,3,Sacramento
SHIP003711,ORD003711,Standard,UPS,2024-05-05,4,Lowell
SHIP003712,ORD003712,Standard,IndiaPost,2026-02-08,9,Savannah
SHIP003714,ORD003714,Standard,DHL,2023-09-04,7,Winston-Salem
SHIP003715,ORD003715,Economy,UPS,2024-06-24,9,Los Angeles
SHIP003716,ORD003716,Standard,IndiaPost,2026-07-02,3,Austin
SHIP003717,ORD003717,Standard,IndiaPost,2024-01-28,6,Spokane
SHIP003718,ORD003718,Standard,BlueDart,2026-04-04,4,Columbus
SHIP003720,ORD003720,Standard,DHL,2026-06-08,2,Flint
SHIP003721,ORD003721,Express,DHL,2023-12-23,9,Rochester
SHIP003723,ORD003723,Express,IndiaPost,2026-04-06,8,Fort Worth
SHIP003724,ORD003724,Express,UPS,2025-11-07,4,Colorado Springs
SHIP003725,ORD003725,Express,BlueDart,2021-04-25,8,Tucson
SHIP003727,ORD003727,Express,FedEx,2026-02-25,8,Sacramento
SHIP003728,ORD003728,Standard,UPS,2026-06-10,5,Springfield
SHIP003729,ORD003729,Standard,FedEx,2024-06-26,2,Reading
SHIP003730,ORD003730,Standard,DHL,2021-08-29,2,Columbus
SHIP003731,ORD003731,Express,BlueDart,2025-12-23,2,Reading
SHIP003732,ORD003732,Same-Day,IndiaPost,2024-01-14,6,Ann Arbor
SHIP003733,ORD003733,Standard,FedEx,2025-12-17,6,Jacksonville
SHIP003734,ORD003734,Standard,BlueDart,2024-07-06,1,Cleveland
SHIP003735,ORD003735,Standard,BlueDart,2025-10-28,1,Chandler
SHIP003736,ORD003736,Standard,FedEx,2025-05-08,5,Naperville
SHIP003737,ORD003737,Standard,IndiaPost,2026-03-24,9,Fort Collins
SHIP003738,ORD003738,Economy,FedEx,2026-02-11,2,Savannah
SHIP003739,ORD003739,Economy,DHL,2021-07-17,5,Fort Collins
SHIP003740,ORD003740,Standard,BlueDart,2026-06-30,3,Flint
SHIP003741,ORD003741,Standard,Delhivery,2025-09-20,5,Mesa
SHIP003742,ORD003742,Standard,Delhivery,2026-03-31,7,Worcester
SHIP003743,ORD003743,Express,FedEx,2026-05-21,6,San Antonio
SHIP003744,ORD003744,Express,UPS,2023-01-21,1,Los Angeles
SHIP003745,ORD003745,Standard,IndiaPost,2026-03-15,4,Tacoma
SHIP003746,ORD003746,Same-Day,BlueDart,2026-07-09,4,Worcester
SHIP003748,ORD003748,Same-Day,UPS,2024-09-26,5,Albany
SHIP003749,ORD003749,Standard,FedEx,2023-03-09,8,Aurora
SHIP003750,ORD003750,Express,IndiaPost,2025-01-28,9,Greensboro
SHIP003751,ORD003751,Economy,IndiaPost,2023-06-08,7,Dallas
SHIP003752,ORD003752,Express,DHL,2026-03-07,7,Durham
SHIP003753,ORD003753,Express,BlueDart,2024-08-25,4,Detroit
SHIP003754,ORD003754,Standard,FedEx,2022-11-24,2,San Jose
SHIP003755,ORD003755,Standard,DHL,2025-04-25,1,Bellevue
SHIP003756,ORD003756,Economy,Delhivery,2025-03-29,7,Tucson
SHIP003757,ORD003757,Standard,BlueDart,2026-02-24,8,Fort Lauderdale
SHIP003758,ORD003758,Standard,BlueDart,2022-10-22,8,Columbus
SHIP003759,ORD003759,Express,FedEx,2026-03-30,4,Allentown
SHIP003760,ORD003760,Standard,UPS,2024-05-07,5,Naperville
SHIP003761,ORD003761,Standard,DHL,2022-02-26,1,Denver
SHIP003762,ORD003762,Express,IndiaPost,2026-07-18,4,Chicago
SHIP003763,ORD003763,Same-Day,Delhivery,2024-07-11,2,Grand Rapids
SHIP003764,ORD003764,Standard,UPS,2026-06-14,9,Denver
SHIP003766,ORD003766,Standard,BlueDart,2024-08-18,1,Erie
SHIP003767,ORD003767,Express,BlueDart,2026-07-22,3,Mesa
SHIP003768,ORD003768,Express,DHL,2025-04-11,2,Grand Rapids
SHIP003769,ORD003769,Same-Day,Delhivery,2025-10-03,2,Austin
SHIP003770,ORD003770,Standard,BlueDart,2026-02-18,6,New York City
SHIP003771,ORD003771,Standard,BlueDart,2021-11-12,8,Lowell
SHIP003772,ORD003772,Standard,FedEx,2026-03-07,4,Fort Lauderdale
SHIP003773,ORD003773,Standard,DHL,2024-06-05,2,San Jose
SHIP003774,ORD003774,Express,UPS,2026-01-04,6,Trenton
SHIP003775,ORD003775,Standard,Delhivery,2026-02-25,3,Fort Collins
SHIP003776,ORD003776,Economy,BlueDart,2023-09-23,7,Boston
SHIP003777,ORD003777,Standard,Delhivery,2025-10-21,3,Macon
SHIP003778,ORD003778,Standard,DHL,2025-08-21,7,Erie
SHIP003779,ORD003779,Standard,Delhivery,2025-11-27,8,Fort Worth
SHIP003780,ORD003780,Standard,UPS,2025-08-19,1,Boston
SHIP003781,ORD003781,Standard,FedEx,2025-07-15,8,Scottsdale
SHIP003782,ORD003782,Standard,FedEx,2023-05-28,4,Cincinnati
SHIP003783,ORD003783,Standard,IndiaPost,2023-08-07,4,Rockford
SHIP003784,ORD003784,Express,FedEx,2023-12-09,6,Syracuse
SHIP003785,ORD003785,Same-Day,DHL,2024-03-06,2,Elizabeth
SHIP003786,ORD003786,Standard,DHL,2026-01-22,6,Mesa
SHIP003787,ORD003787,Standard,FedEx,2026-04-17,1,Colorado Springs
SHIP003788,ORD003788,Economy,Delhivery,2021-03-16,1,San Jose
SHIP003789,ORD003789,Standard,BlueDart,2025-09-15,2,Houston
SHIP003790,ORD003790,Standard,DHL,2024-09-08,5,Dallas
SHIP003791,ORD003791,Express,FedEx,2023-12-03,1,Denver
SHIP003792,ORD003792,Standard,UPS,2026-07-31,9,Cambridge
SHIP003793,ORD003793,Standard,DHL,2022-05-16,2,Athens
SHIP003794,ORD003794,Standard,UPS,2023-01-28,6,Fort Worth
SHIP003795,ORD003795,Express,DHL,2023-01-03,8,Fort Collins
SHIP003796,ORD003796,Express,BlueDart,2020-07-04,6,San Antonio
SHIP003797,ORD003797,Standard,FedEx,2024-10-23,5,Chicago
SHIP003798,ORD003798,Standard,UPS,2025-12-23,5,Rockford
SHIP003799,ORD003799,Express,BlueDart,2023-12-22,1,Atlanta
SHIP003800,ORD003800,Standard,IndiaPost,2026-07-17,3,Houston
SHIP003801,ORD003801,Economy,Delhivery,2025-10-30,2,San Antonio
SHIP003802,ORD003802,Economy,IndiaPost,2020-11-21,5,Boulder
SHIP003803,ORD003803,Standard,DHL,2023-09-01,7,Rockford
SHIP003804,ORD003804,Standard,Delhivery,2025-08-04,9,Dallas
SHIP003805,ORD003805,Economy,UPS,2025-05-25,3,Miami
SHIP003806,ORD003806,Same-Day,UPS,2026-04-15,8,Orlando
SHIP003807,ORD003807,Standard,IndiaPost,2026-06-06,9,Philadelphia
SHIP003808,ORD003808,Economy,UPS,2026-05-18,3,Houston
SHIP003809,ORD003809,Standard,IndiaPost,2021-10-25,5,Jersey City
SHIP003810,ORD003810,Standard,BlueDart,2026-01-19,7,Greensboro
SHIP003812,ORD003812,Express,FedEx,2026-01-15,8,San Jose
SHIP003813,ORD003813,Standard,FedEx,2022-08-31,3,Springfield
SHIP003814,ORD003814,Standard,FedEx,2024-12-21,1,Everett
SHIP003815,ORD003815,Standard,Delhivery,2026-03-14,4,Tacoma
SHIP003816,ORD003816,Standard,FedEx,2026-07-16,2,Detroit
SHIP003817,ORD003817,Standard,DHL,2024-11-02,5,Fort Lauderdale
SHIP003818,ORD003818,Standard,DHL,2022-12-01,7,Worcester
SHIP003819,ORD003819,Standard,DHL,2025-05-27,4,Athens
SHIP003820,ORD003820,Express,IndiaPost,2025-11-16,7,San Jose
SHIP003821,ORD003821,Economy,FedEx,2025-01-01,1,Aurora
SHIP003823,ORD003823,Economy,BlueDart,2024-06-24,9,Cincinnati
SHIP003824,ORD003824,Same-Day,Delhivery,2025-06-14,8,Ann Arbor
SHIP003825,ORD003825,Standard,BlueDart,2024-04-23,5,Springfield
SHIP003827,ORD003827,Standard,FedEx,2026-01-12,3,Sacramento
SHIP003828,ORD003828,Standard,UPS,2026-07-15,3,Fort Worth
SHIP003829,ORD003829,Same-Day,FedEx,2026-01-11,6,Spokane
SHIP003830,ORD003830,Express,DHL,2025-10-13,8,New York City
SHIP003831,ORD003831,Standard,DHL,2022-06-04,9,Cambridge
SHIP003833,ORD003833,Standard,UPS,2022-12-01,2,Cambridge
SHIP003834,ORD003834,Standard,UPS,2023-07-14,1,San Francisco
SHIP003835,ORD003835,Standard,BlueDart,2026-07-08,6,Scottsdale
SHIP003836,ORD003836,Standard,DHL,2020-12-27,7,Orlando
SHIP003838,ORD003838,Standard,UPS,2023-06-30,7,Augusta
SHIP003840,ORD003840,Standard,FedEx,2026-07-12,3,Worcester
SHIP003841,ORD003841,Express,BlueDart,2025-09-13,8,Fort Worth
SHIP003842,ORD003842,Express,Delhivery,2024-07-05,6,Fort Lauderdale
SHIP003844,ORD003844,Standard,UPS,2026-07-09,6,Athens
SHIP003846,ORD003846,Express,UPS,2021-07-06,9,Charlotte
SHIP003847,ORD003847,Same-Day,Delhivery,2020-07-08,7,Trenton
SHIP003848,ORD003848,Standard,IndiaPost,2021-06-26,8,Springfield
SHIP003849,ORD003849,Standard,BlueDart,2026-06-11,5,Sacramento
SHIP003851,ORD003851,Standard,IndiaPost,2025-12-30,9,Buffalo
SHIP003853,ORD003853,Standard,Delhivery,2026-01-23,2,Pittsburgh
SHIP003854,ORD003854,Same-Day,DHL,2022-07-02,6,Paterson
SHIP003856,ORD003856,Economy,IndiaPost,2025-12-31,4,Newark
SHIP003857,ORD003857,Economy,UPS,2026-02-01,3,Macon
SHIP003858,ORD003858,Express,DHL,2024-07-30,7,Elizabeth
SHIP003859,ORD003859,Same-Day,BlueDart,2022-11-27,3,New York City
SHIP003860,ORD003860,Standard,UPS,2026-01-04,8,Dallas
SHIP003862,ORD003862,Express,BlueDart,2025-05-20,6,Grand Rapids
SHIP003863,ORD003863,Economy,IndiaPost,2026-06-30,9,Denver
SHIP003864,ORD003864,Standard,FedEx,2026-07-04,9,Denver
SHIP003865,ORD003865,Standard,FedEx,2025-11-27,2,Boulder
SHIP003866,ORD003866,Standard,IndiaPost,2026-07-29,4,Los Angeles
SHIP003868,ORD003868,Standard,FedEx,2024-02-14,5,Tampa
SHIP003869,ORD003869,Standard,BlueDart,2024-05-11,1,Chandler
SHIP003870,ORD003870,Standard,UPS,2026-07-07,4,Peoria
SHIP003872,ORD003872,Same-Day,DHL,2024-10-27,8,Jacksonville
SHIP003873,ORD003873,Economy,Delhivery,2026-01-13,7,Aurora
SHIP003874,ORD003874,Standard,FedEx,2023-05-31,6,Athens
SHIP003875,ORD003875,Standard,BlueDart,2025-07-07,3,Cincinnati
SHIP003876,ORD003876,Standard,FedEx,2026-06-13,9,Mesa
SHIP003877,ORD003877,Standard,Delhivery,2026-01-09,7,Springfield
SHIP003878,ORD003878,Standard,FedEx,2024-03-04,4,Ann Arbor
SHIP003879,ORD003879,Same-Day,UPS,2026-04-09,8,Austin
SHIP003880,ORD003880,Standard,FedEx,2025-02-08,9,Syracuse
SHIP003881,ORD003881,Same-Day,DHL,2025-01-12,5,Colorado Springs
SHIP003882,ORD003882,Standard,FedEx,2021-05-11,7,Trenton
SHIP003883,ORD003883,Economy,DHL,2025-12-15,4,Lansing
SHIP003884,ORD003884,Economy,UPS,2025-04-01,8,Grand Rapids
SHIP003885,ORD003885,Express,BlueDart,2023-01-15,3,Pittsburgh
SHIP003886,ORD003886,Standard,DHL,2026-03-15,9,Erie
SHIP003887,ORD003887,Standard,DHL,2026-05-31,8,Naperville
SHIP003888,ORD003888,Same-Day,BlueDart,2023-07-08,3,Worcester
SHIP003890,ORD003890,Standard,BlueDart,2021-01-10,7,San Jose
SHIP003891,ORD003891,Standard,BlueDart,2026-06-14,3,Los Angeles
SHIP003893,ORD003893,Standard,BlueDart,2022-12-05,8,Tampa
SHIP003894,ORD003894,Standard,IndiaPost,2020-08-02,7,Erie
SHIP003895,ORD003895,Express,BlueDart,2022-11-23,7,Ann Arbor
SHIP003896,ORD003896,Standard,BlueDart,2024-05-29,9,Detroit
SHIP003897,ORD003897,Economy,BlueDart,2026-04-29,1,Akron
SHIP003898,ORD003898,Same-Day,DHL,2026-02-19,8,Athens
SHIP003899,ORD003899,Standard,BlueDart,2026-07-03,4,Chicago
SHIP003900,ORD003900,Economy,DHL,2026-07-03,4,Spokane
SHIP003901,ORD003901,Standard,UPS,2020-08-02,2,Springfield
SHIP003902,ORD003902,Standard,BlueDart,2024-06-20,5,Buffalo
SHIP003903,ORD003903,Standard,FedEx,2026-05-26,4,Phoenix
SHIP003904,ORD003904,Standard,FedEx,2024-04-20,4,Buffalo
SHIP003905,ORD003905,Standard,DHL,2026-05-23,9,Worcester
SHIP003906,ORD003906,Same-Day,FedEx,2025-11-20,5,Fort Lauderdale
SHIP003907,ORD003907,Express,IndiaPost,2025-05-26,2,Rochester
SHIP003909,ORD003909,Standard,FedEx,2021-06-25,6,Austin
SHIP003910,ORD003910,Same-Day,IndiaPost,2025-06-08,6,Cincinnati
SHIP003911,ORD003911,Express,FedEx,2024-06-16,5,Spokane
SHIP003913,ORD003913,Express,Delhivery,2025-03-18,1,Los Angeles
SHIP003914,ORD003914,Standard,FedEx,2021-03-09,8,Cambridge
SHIP003916,ORD003916,Economy,IndiaPost,2024-10-07,7,Cleveland
SHIP003917,ORD003917,Standard,FedEx,2024-04-30,7,Toledo
SHIP003918,ORD003918,Express,BlueDart,2026-06-08,9,Ann Arbor
SHIP003919,ORD003919,Same-Day,FedEx,2025-11-15,4,Toledo
SHIP003920,ORD003920,Standard,UPS,2026-04-15,3,Buffalo
SHIP003921,ORD003921,Same-Day,DHL,2026-03-20,2,Chicago
SHIP003922,ORD003922,Standard,UPS,2026-02-27,8,Boulder
SHIP003923,ORD003923,Standard,FedEx,2020-06-03,4,Jersey City
SHIP003924,ORD003924,Standard,BlueDart,2025-12-11,1,Ann Arbor
SHIP003925,ORD003925,Standard,IndiaPost,2025-04-13,6,Pittsburgh
SHIP003926,ORD003926,Express,FedEx,2023-06-17,2,Tacoma
SHIP003927,ORD003927,Same-Day,UPS,2023-12-05,1,Mesa
SHIP003930,ORD003930,Standard,BlueDart,2023-06-21,9,Columbus
SHIP003931,ORD003931,Standard,DHL,2024-06-20,7,Sacramento
SHIP003933,ORD003933,Same-Day,BlueDart,2025-08-06,4,Charlotte
SHIP003934,ORD003934,Standard,UPS,2025-03-07,1,San Diego
SHIP003935,ORD003935,Same-Day,BlueDart,2023-06-06,6,Augusta
SHIP003936,ORD003936,Economy,DHL,2026-07-13,9,Spokane
SHIP003938,ORD003938,Standard,DHL,2024-07-02,5,Dallas
SHIP003939,ORD003939,Economy,Delhivery,2025-04-01,8,Cambridge
SHIP003940,ORD003940,Express,DHL,2025-06-03,1,Dallas
SHIP003941,ORD003941,Economy,UPS,2024-08-08,7,Jacksonville
SHIP003942,ORD003942,Standard,Delhivery,2024-09-05,5,Allentown
SHIP003943,ORD003943,Standard,IndiaPost,2023-08-17,8,Naperville
SHIP003944,ORD003944,Express,DHL,2024-10-26,8,Austin
SHIP003945,ORD003945,Standard,IndiaPost,2025-05-02,4,Naperville
SHIP003946,ORD003946,Express,FedEx,2026-04-08,1,Cleveland
SHIP003947,ORD003947,Standard,DHL,2024-04-30,9,Cincinnati
SHIP003948,ORD003948,Standard,DHL,2026-07-14,5,Savannah
SHIP003949,ORD003949,Express,Delhivery,2023-01-12,4,Athens
SHIP003950,ORD003950,Standard,UPS,2023-10-05,9,Augusta
SHIP003953,ORD003953,Same-Day,BlueDart,2021-01-22,9,Detroit
SHIP003954,ORD003954,Standard,UPS,2025-03-08,1,Worcester
SHIP003955,ORD003955,Standard,BlueDart,2025-10-14,3,Aurora
SHIP003956,ORD003956,Express,UPS,2026-08-03,8,Everett
SHIP003957,ORD003957,Standard,DHL,2021-08-07,6,Tampa
SHIP003958,ORD003958,Standard,FedEx,2025-10-27,4,Springfield
SHIP003959,ORD003959,Standard,UPS,2025-04-09,1,San Antonio
SHIP003960,ORD003960,Express,Delhivery,2025-05-11,3,Greensboro
SHIP003961,ORD003961,Express,IndiaPost,2024-07-09,1,San Jose
SHIP003962,ORD003962,Same-Day,DHL,2026-04-30,4,San Antonio
SHIP003963,ORD003963,Same-Day,DHL,2020-05-26,8,Bellevue
SHIP003964,ORD003964,Same-Day,BlueDart,2025-11-12,6,Phoenix
SHIP003965,ORD003965,Standard,FedEx,2024-10-19,6,Mesa
SHIP003966,ORD003966,Standard,BlueDart,2026-06-30,7,Orlando
SHIP003967,ORD003967,Economy,UPS,2020-03-19,2,Dallas
SHIP003968,ORD003968,Standard,UPS,2025-10-12,6,Everett
SHIP003969,ORD003969,Standard,FedEx,2026-03-17,8,Aurora
SHIP003970,ORD003970,Same-Day,FedEx,2024-12-05,7,Lowell
SHIP003971,ORD003971,Standard,FedEx,2024-08-06,8,Rochester
SHIP003972,ORD003972,Economy,DHL,2025-12-25,8,Fort Worth
SHIP003973,ORD003973,Standard,BlueDart,2025-10-26,4,Tampa
SHIP003974,ORD003974,Standard,DHL,2025-09-10,7,Chandler
SHIP003976,ORD003976,Standard,UPS,2024-03-19,5,San Francisco
SHIP003977,ORD003977,Standard,BlueDart,2026-04-27,4,Austin
SHIP003978,ORD003978,Express,BlueDart,2024-07-04,5,Detroit
SHIP003979,ORD003979,Express,IndiaPost,2021-03-20,9,Los Angeles
SHIP003980,ORD003980,Express,UPS,2025-05-25,5,Denver
SHIP003982,ORD003982,Standard,BlueDart,2025-05-20,5,Paterson
SHIP003983,ORD003983,Standard,DHL,2025-06-23,6,Erie
SHIP003984,ORD003984,Standard,BlueDart,2025-08-26,3,Dallas
SHIP003986,ORD003986,Standard,BlueDart,2025-07-10,5,Houston
SHIP003988,ORD003988,Economy,DHL,2025-06-15,2,Miami
SHIP003990,ORD003990,Standard,UPS,2025-02-13,6,San Jose
SHIP003991,ORD003991,Standard,FedEx,2026-04-26,5,Erie
SHIP003992,ORD003992,Standard,DHL,2022-02-12,4,Philadelphia
SHIP003993,ORD003993,Standard,IndiaPost,2026-02-26,2,Syracuse
SHIP003994,ORD003994,Express,DHL,2026-04-27,1,Everett
SHIP003995,ORD003995,Standard,BlueDart,2024-03-11,5,Fort Collins
SHIP003996,ORD003996,Standard,BlueDart,2023-09-20,8,Boulder
SHIP003997,ORD003997,Standard,UPS,2026-08-01,3,Seattle
SHIP003998,ORD003998,Express,Delhivery,2024-12-31,2,Sacramento
SHIP003999,ORD003999,Standard,UPS,2025-12-15,3,San Francisco
SHIP004000,ORD004000,Economy,UPS,2026-02-01,6,Bellevue
SHIP004001,ORD004001,Standard,Delhivery,2022-09-29,2,Athens
SHIP004002,ORD004002,Express,BlueDart,2021-10-08,8,Reading
SHIP004003,ORD004003,Express,FedEx,2024-02-03,9,Rochester
SHIP004004,ORD004004,Standard,Delhivery,2023-12-31,4,Tampa
SHIP004005,ORD004005,Standard,BlueDart,2024-09-07,6,Dallas
SHIP004006,ORD004006,Standard,DHL,2026-01-27,5,Denver
SHIP004007,ORD004007,Standard,FedEx,2022-09-17,3,Naperville
SHIP004008,ORD004008,Standard,Delhivery,2026-03-25,5,San Antonio
SHIP004009,ORD004009,Standard,BlueDart,2024-02-23,7,Bellevue
SHIP004010,ORD004010,Economy,IndiaPost,2025-12-07,4,Everett
SHIP004011,ORD004011,Standard,IndiaPost,2020-12-30,4,Miami
SHIP004012,ORD004012,Standard,IndiaPost,2025-09-17,6,Tampa
SHIP004013,ORD004013,Standard,BlueDart,2026-01-12,1,Tucson
SHIP004014,ORD004014,Standard,FedEx,2025-02-21,8,Ann Arbor
SHIP004016,ORD004016,Standard,Delhivery,2026-06-12,8,San Diego
SHIP004018,ORD004018,Economy,Delhivery,2025-01-16,5,Buffalo
SHIP004019,ORD004019,Standard,IndiaPost,2025-05-14,2,Pittsburgh
SHIP004020,ORD004020,Standard,Delhivery,2026-02-22,2,Ann Arbor
SHIP004021,ORD004021,Standard,FedEx,2024-03-20,7,Denver
SHIP004022,ORD004022,Standard,IndiaPost,2026-07-17,2,Worcester
SHIP004024,ORD004024,Express,IndiaPost,2026-07-16,6,Philadelphia
SHIP004026,ORD004026,Express,BlueDart,2025-05-25,2,Denver
SHIP004027,ORD004027,Standard,DHL,2020-12-07,6,Reading
SHIP004028,ORD004028,Standard,DHL,2025-10-03,3,San Jose
SHIP004032,ORD004032,Express,IndiaPost,2022-06-14,2,Pittsburgh
SHIP004033,ORD004033,Standard,FedEx,2020-12-17,5,Ann Arbor
SHIP004034,ORD004034,Economy,BlueDart,2026-01-10,7,Philadelphia
SHIP004035,ORD004035,Economy,Delhivery,2026-06-06,4,Macon
SHIP004036,ORD004036,Express,DHL,2026-04-23,1,Charlotte
SHIP004038,ORD004038,Economy,Delhivery,2021-10-21,4,Houston
SHIP004041,ORD004041,Economy,BlueDart,2026-07-08,8,Raleigh
SHIP004042,ORD004042,Express,Delhivery,2025-12-24,1,Scottsdale
SHIP004043,ORD004043,Standard,FedEx,2025-06-30,7,Seattle
SHIP004044,ORD004044,Standard,UPS,2026-06-21,9,Phoenix
SHIP004045,ORD004045,Standard,DHL,2023-04-27,7,Elizabeth
SHIP004046,ORD004046,Economy,IndiaPost,2024-07-26,2,Cincinnati
SHIP004048,ORD004048,Same-Day,UPS,2025-03-06,2,Houston
SHIP004049,ORD004049,Standard,BlueDart,2026-05-12,9,Durham
SHIP004051,ORD004051,Standard,IndiaPost,2026-06-12,9,Chandler
SHIP004052,ORD004052,Express,Delhivery,2019-08-26,6,Lansing
SHIP004053,ORD004053,Standard,BlueDart,2026-08-04,9,Macon
SHIP004054,ORD004054,Express,UPS,2022-02-16,5,Mesa
SHIP004056,ORD004056,Express,DHL,2024-01-03,8,Raleigh
SHIP004057,ORD004057,Standard,DHL,2024-04-01,5,Fort Worth
SHIP004059,ORD004059,Standard,DHL,2026-07-13,5,Orlando
SHIP004060,ORD004060,Standard,Delhivery,2025-05-08,6,Augusta
SHIP004061,ORD004061,Express,UPS,2025-08-02,5,Colorado Springs
SHIP004063,ORD004063,Express,Delhivery,2023-08-07,5,Denver
SHIP004064,ORD004064,Standard,IndiaPost,2024-11-17,6,Jacksonville
SHIP004066,ORD004066,Economy,BlueDart,2024-07-26,7,Atlanta
SHIP004067,ORD004067,Standard,FedEx,2026-06-01,2,Fort Worth
SHIP004069,ORD004069,Standard,UPS,2022-05-24,7,Springfield
SHIP004070,ORD004070,Economy,FedEx,2025-07-07,1,Fort Worth
SHIP004071,ORD004071,Standard,IndiaPost,2026-05-30,1,San Jose
SHIP004072,ORD004072,Express,UPS,2024-07-07,9,Fort Collins
SHIP004073,ORD004073,Express,FedEx,2026-07-14,9,Ann Arbor
SHIP004074,ORD004074,Express,BlueDart,2024-07-19,5,Aurora
SHIP004075,ORD004075,Standard,Delhivery,2025-11-24,8,Colorado Springs
SHIP004077,ORD004077,Express,Delhivery,2022-11-21,8,Trenton
SHIP004078,ORD004078,Standard,Delhivery,2025-02-27,5,Phoenix
SHIP004079,ORD004079,Same-Day,IndiaPost,2026-05-20,8,Austin
SHIP004080,ORD004080,Same-Day,DHL,2023-12-31,7,Los Angeles
SHIP004081,ORD004081,Standard,BlueDart,2025-10-16,2,Boulder
SHIP004082,ORD004082,Standard,UPS,2026-05-12,9,Flint
SHIP004083,ORD004083,Standard,Delhivery,2024-01-24,8,Worcester
SHIP004084,ORD004084,Standard,Delhivery,2020-07-17,9,Flint
SHIP004086,ORD004086,Express,FedEx,2026-03-04,6,Springfield
SHIP004087,ORD004087,Economy,IndiaPost,2024-03-30,7,Orlando
SHIP004088,ORD004088,Standard,FedEx,2021-03-17,9,Cleveland
SHIP004089,ORD004089,Standard,DHL,2025-09-29,5,Lansing
SHIP004090,ORD004090,Same-Day,IndiaPost,2024-02-15,2,Buffalo
SHIP004091,ORD004091,Economy,DHL,2026-03-12,3,Raleigh
SHIP004092,ORD004092,Standard,UPS,2026-01-30,3,Newark
SHIP004093,ORD004093,Standard,Delhivery,2022-05-09,8,Peoria
SHIP004095,ORD004095,Express,Delhivery,2023-12-30,8,Charlotte
SHIP004097,ORD004097,Standard,DHL,2025-01-21,6,Austin
SHIP004098,ORD004098,Standard,BlueDart,2025-06-06,3,San Francisco
SHIP004099,ORD004099,Standard,Delhivery,2022-02-19,1,Jersey City
SHIP004101,ORD004101,Standard,UPS,2021-06-01,6,Winston-Salem
SHIP004102,ORD004102,Standard,FedEx,2022-01-31,5,Syracuse
SHIP004103,ORD004103,Standard,DHL,2024-10-05,1,Ann Arbor
SHIP004104,ORD004104,Standard,BlueDart,2025-10-29,8,Chandler
SHIP004105,ORD004105,Standard,BlueDart,2025-09-30,8,Augusta
SHIP004106,ORD004106,Standard,DHL,2026-01-10,8,Chicago
SHIP004108,ORD004108,Standard,IndiaPost,2024-03-01,3,Tucson
SHIP004109,ORD004109,Standard,Delhivery,2026-05-13,8,Everett
SHIP004110,ORD004110,Standard,Delhivery,2025-01-15,3,Flint
SHIP004111,ORD004111,Standard,Delhivery,2023-09-27,9,Augusta
SHIP004112,ORD004112,Standard,BlueDart,2023-12-21,3,Columbus
SHIP004114,ORD004114,Economy,FedEx,2026-03-24,9,Sacramento
SHIP004115,ORD004115,Standard,FedEx,2025-12-27,7,Columbus
SHIP004116,ORD004116,Standard,BlueDart,2025-12-25,2,Augusta
SHIP004117,ORD004117,Standard,DHL,2025-01-04,8,Erie
SHIP004118,ORD004118,Standard,Delhivery,2021-01-09,7,Durham
SHIP004119,ORD004119,Same-Day,DHL,2022-04-09,6,Newark
SHIP004120,ORD004120,Standard,DHL,2026-01-01,5,Buffalo
SHIP004121,ORD004121,Express,BlueDart,2025-08-21,8,Tacoma
SHIP004122,ORD004122,Express,Delhivery,2025-06-11,1,Spokane
SHIP004123,ORD004123,Standard,IndiaPost,2023-04-22,7,Denver
SHIP004124,ORD004124,Standard,FedEx,2020-12-13,9,Greensboro
SHIP004126,ORD004126,Standard,DHL,2022-10-15,8,Winston-Salem
SHIP004127,ORD004127,Standard,IndiaPost,2025-02-08,2,Peoria
SHIP004128,ORD004128,Standard,FedEx,2026-04-28,4,Seattle
SHIP004129,ORD004129,Express,UPS,2021-08-13,9,Columbus
SHIP004130,ORD004130,Standard,UPS,2025-06-30,3,Seattle
SHIP004131,ORD004131,Same-Day,Delhivery,2024-04-14,8,Boulder
SHIP004132,ORD004132,Standard,DHL,2022-07-24,5,Akron
SHIP004133,ORD004133,Standard,FedEx,2022-11-02,5,Syracuse
SHIP004134,ORD004134,Standard,FedEx,2020-07-16,7,Seattle
SHIP004135,ORD004135,Express,FedEx,2026-07-31,6,Phoenix
SHIP004136,ORD004136,Standard,FedEx,2024-04-23,6,Chicago
SHIP004138,ORD004138,Economy,IndiaPost,2020-06-26,2,Seattle
SHIP004140,ORD004140,Economy,IndiaPost,2024-05-30,1,Raleigh
SHIP004141,ORD004141,Economy,FedEx,2024-03-05,1,Albany
SHIP004142,ORD004142,Standard,UPS,2026-05-19,7,Scottsdale
SHIP004143,ORD004143,Standard,DHL,2026-01-28,7,Tampa
SHIP004144,ORD004144,Standard,DHL,2026-04-29,7,Denver
SHIP004145,ORD004145,Standard,DHL,2025-07-30,6,Raleigh
SHIP004146,ORD004146,Standard,Delhivery,2026-03-10,8,Cincinnati
SHIP004147,ORD004147,Standard,BlueDart,2026-01-27,9,Miami
SHIP004148,ORD004148,Standard,UPS,2025-08-26,8,Trenton
SHIP004149,ORD004149,Same-Day,BlueDart,2024-03-15,8,Jacksonville
SHIP004150,ORD004150,Standard,IndiaPost,2025-03-20,6,Mesa
SHIP004151,ORD004151,Express,IndiaPost,2020-04-14,1,Cleveland
SHIP004152,ORD004152,Same-Day,BlueDart,2024-12-07,1,Atlanta
SHIP004153,ORD004153,Standard,IndiaPost,2024-05-02,7,Atlanta
SHIP004154,ORD004154,Standard,DHL,2024-05-01,9,Cleveland
SHIP004155,ORD004155,Standard,UPS,2025-08-22,5,Boulder
SHIP004156,ORD004156,Economy,BlueDart,2026-06-18,4,Akron
SHIP004157,ORD004157,Express,FedEx,2024-12-09,8,San Diego
SHIP004158,ORD004158,Standard,Delhivery,2023-05-27,5,Rockford
SHIP004159,ORD004159,Express,IndiaPost,2022-04-10,3,Jersey City
SHIP004160,ORD004160,Express,DHL,2026-07-26,8,Orlando
SHIP004161,ORD004161,Standard,Delhivery,2026-01-09,7,Buffalo
SHIP004162,ORD004162,Express,FedEx,2025-12-25,2,Colorado Springs
SHIP004164,ORD004164,Standard,DHL,2026-06-01,2,Seattle
SHIP004165,ORD004165,Standard,Delhivery,2025-11-12,1,Bellevue
SHIP004166,ORD004166,Express,BlueDart,2023-05-16,4,Chandler
SHIP004167,ORD004167,Standard,BlueDart,2026-02-10,2,Fort Lauderdale
SHIP004168,ORD004168,Standard,BlueDart,2023-03-01,9,Denver
SHIP004169,ORD004169,Economy,DHL,2025-04-19,1,Raleigh
SHIP004170,ORD004170,Express,Delhivery,2024-08-20,5,Austin
SHIP004171,ORD004171,Express,IndiaPost,2026-01-01,8,Reading
SHIP004172,ORD004172,Standard,UPS,2023-06-21,7,Toledo
SHIP004173,ORD004173,Standard,DHL,2024-05-10,4,Reading
SHIP004174,ORD004174,Same-Day,FedEx,2026-02-23,5,Boulder
SHIP004175,ORD004175,Standard,FedEx,2025-09-01,5,Augusta
SHIP004176,ORD004176,Standard,Delhivery,2026-05-09,4,Bellevue
SHIP004177,ORD004177,Standard,Delhivery,2026-05-05,6,Philadelphia
SHIP004178,ORD004178,Express,UPS,2026-06-25,4,Cincinnati
SHIP004179,ORD004179,Same-Day,DHL,2025-03-29,2,Durham
SHIP004180,ORD004180,Express,FedEx,2022-10-10,9,Mesa
SHIP004181,ORD004181,Same-Day,BlueDart,2025-09-03,3,Flint
SHIP004182,ORD004182,Standard,Delhivery,2024-09-06,7,Sacramento
SHIP004183,ORD004183,Standard,BlueDart,2020-02-09,4,Houston
SHIP004185,ORD004185,Economy,IndiaPost,2026-02-02,7,Albany
SHIP004186,ORD004186,Express,DHL,2026-03-29,9,Toledo
SHIP004187,ORD004187,Standard,UPS,2025-07-26,4,Augusta
SHIP004189,ORD004189,Economy,FedEx,2025-07-01,6,Buffalo
SHIP004190,ORD004190,Same-Day,Delhivery,2024-07-28,1,Jersey City
SHIP004192,ORD004192,Standard,BlueDart,2025-12-21,1,Grand Rapids
SHIP004193,ORD004193,Standard,DHL,2025-03-10,7,Rochester
SHIP004194,ORD004194,Express,DHL,2025-09-16,4,Columbus
SHIP004195,ORD004195,Express,BlueDart,2026-04-24,9,Colorado Springs
SHIP004196,ORD004196,Same-Day,DHL,2024-03-31,6,San Jose
SHIP004197,ORD004197,Standard,DHL,2026-04-16,1,Raleigh
SHIP004199,ORD004199,Standard,IndiaPost,2025-05-02,2,Elizabeth
SHIP004200,ORD004200,Standard,BlueDart,2024-07-01,8,Rockford
SHIP004201,ORD004201,Express,UPS,2026-08-01,8,Cincinnati
SHIP004202,ORD004202,Standard,DHL,2024-08-14,8,Orlando
SHIP004203,ORD004203,Standard,BlueDart,2026-07-07,9,Everett
SHIP004204,ORD004204,Standard,FedEx,2025-03-20,8,Toledo
SHIP004205,ORD004205,Express,UPS,2025-03-22,1,Phoenix
SHIP004206,ORD004206,Express,BlueDart,2023-07-01,8,Everett
SHIP004207,ORD004207,Same-Day,BlueDart,2025-08-27,5,San Francisco
SHIP004209,ORD004209,Same-Day,FedEx,2023-10-24,1,Atlanta
SHIP004210,ORD004210,Standard,BlueDart,2025-10-20,7,New York City
SHIP004211,ORD004211,Standard,IndiaPost,2026-07-27,2,Grand Rapids
SHIP004214,ORD004214,Express,IndiaPost,2026-03-10,3,Albany
SHIP004215,ORD004215,Standard,UPS,2026-05-22,7,Springfield
SHIP004216,ORD004216,Express,DHL,2024-05-20,2,Buffalo
SHIP004217,ORD004217,Express,BlueDart,2024-09-10,5,Jacksonville
SHIP004218,ORD004218,Standard,BlueDart,2025-07-16,6,Colorado Springs
SHIP004220,ORD004220,Standard,DHL,2025-09-15,2,Houston
SHIP004221,ORD004221,Standard,FedEx,2025-05-13,8,Fort Worth
SHIP004223,ORD004223,Standard,DHL,2023-09-08,3,Charlotte
SHIP004225,ORD004225,Standard,BlueDart,2024-03-02,9,Elizabeth
SHIP004226,ORD004226,Express,UPS,2024-09-21,1,Seattle
SHIP004227,ORD004227,Standard,Delhivery,2026-04-19,4,Cleveland
SHIP004228,ORD004228,Economy,UPS,2023-12-13,2,Spokane
SHIP004229,ORD004229,Standard,Delhivery,2022-08-08,5,Mesa
SHIP004230,ORD004230,Standard,IndiaPost,2026-02-06,7,Los Angeles
SHIP004231,ORD004231,Standard,DHL,2023-09-13,7,Athens
SHIP004232,ORD004232,Same-Day,Delhivery,2026-06-26,2,Greensboro
SHIP004234,ORD004234,Standard,IndiaPost,2025-03-15,9,Rockford
SHIP004235,ORD004235,Same-Day,DHL,2025-05-02,4,Dallas
SHIP004236,ORD004236,Express,DHL,2026-02-17,9,Philadelphia
SHIP004237,ORD004237,Standard,Delhivery,2024-05-11,4,Fort Worth
SHIP004238,ORD004238,Standard,UPS,2025-06-22,4,Fort Worth
SHIP004240,ORD004240,Economy,Delhivery,2024-11-07,8,Philadelphia
SHIP004241,ORD004241,Standard,BlueDart,2026-07-08,2,Seattle
SHIP004242,ORD004242,Standard,FedEx,2025-03-05,2,Lowell
SHIP004243,ORD004243,Economy,UPS,2024-06-07,6,Sacramento
SHIP004244,ORD004244,Express,DHL,2026-02-27,9,Mesa
SHIP004245,ORD004245,Economy,DHL,2024-01-10,1,Everett
SHIP004247,ORD004247,Standard,FedEx,2026-04-08,5,Paterson
SHIP004248,ORD004248,Standard,BlueDart,2026-08-01,6,San Francisco
SHIP004249,ORD004249,Standard,IndiaPost,2025-05-22,1,Winston-Salem
SHIP004251,ORD004251,Standard,DHL,2025-08-27,9,Spokane
SHIP004254,ORD004254,Same-Day,IndiaPost,2025-01-15,7,Allentown
SHIP004255,ORD004255,Standard,FedEx,2025-06-29,1,Houston
SHIP004256,ORD004256,Standard,Delhivery,2026-05-17,3,Springfield
SHIP004258,ORD004258,Standard,Delhivery,2026-06-03,5,Elizabeth
SHIP004259,ORD004259,Express,UPS,2024-06-13,7,Everett
SHIP004260,ORD004260,Express,UPS,2025-12-31,9,Erie
SHIP004261,ORD004261,Standard,UPS,2024-04-27,7,Dallas
SHIP004262,ORD004262,Same-Day,BlueDart,2025-04-13,6,Mesa
SHIP004263,ORD004263,Same-Day,Delhivery,2021-08-09,9,Ann Arbor
SHIP004264,ORD004264,Express,Delhivery,2026-07-07,9,Dallas
SHIP004265,ORD004265,Standard,UPS,2025-05-26,9,Dallas
SHIP004266,ORD004266,Express,DHL,2025-12-12,8,Boulder
SHIP004267,ORD004267,Standard,DHL,2026-07-18,2,Ann Arbor
SHIP004268,ORD004268,Express,Delhivery,2026-03-31,5,San Jose
SHIP004269,ORD004269,Standard,BlueDart,2026-07-24,2,Elizabeth
SHIP004270,ORD004270,Express,UPS,2024-07-16,8,Paterson
SHIP004271,ORD004271,Economy,BlueDart,2025-06-08,3,Trenton
SHIP004272,ORD004272,Same-Day,UPS,2026-06-12,9,Aurora
SHIP004273,ORD004273,Express,IndiaPost,2025-09-18,9,Naperville
SHIP004274,ORD004274,Standard,BlueDart,2023-07-11,3,Durham
SHIP004277,ORD004277,Same-Day,DHL,2026-05-17,6,Cleveland
SHIP004280,ORD004280,Standard,FedEx,2026-07-06,4,Chandler
SHIP004281,ORD004281,Express,DHL,2023-03-22,3,Grand Rapids
SHIP004282,ORD004282,Standard,UPS,2025-10-30,4,New York City
SHIP004283,ORD004283,Express,FedEx,2026-07-16,2,Tucson
SHIP004285,ORD004285,Express,Delhivery,2025-03-11,9,Erie
SHIP004286,ORD004286,Economy,UPS,2025-07-22,3,Elizabeth
SHIP004287,ORD004287,Standard,Delhivery,2024-09-21,3,Lansing
SHIP004288,ORD004288,Standard,FedEx,2026-07-13,7,New York City
SHIP004289,ORD004289,Standard,UPS,2026-03-18,6,Aurora
SHIP004290,ORD004290,Express,IndiaPost,2023-06-19,4,Akron
SHIP004291,ORD004291,Express,DHL,2025-08-23,4,Aurora
SHIP004292,ORD004292,Same-Day,BlueDart,2025-08-02,2,Scottsdale
SHIP004293,ORD004293,Standard,FedEx,2025-11-23,1,Charlotte
SHIP004294,ORD004294,Standard,FedEx,2023-01-04,8,Boulder
SHIP004295,ORD004295,Express,IndiaPost,2023-12-16,3,Cleveland
SHIP004297,ORD004297,Standard,UPS,2022-10-15,9,New York City
SHIP004298,ORD004298,Express,IndiaPost,2025-12-20,3,Chicago
SHIP004299,ORD004299,Standard,IndiaPost,2023-12-06,3,Cambridge
SHIP004300,ORD004300,Standard,Delhivery,2022-02-05,8,Worcester
SHIP004301,ORD004301,Express,DHL,2023-12-20,6,Tampa
SHIP004302,ORD004302,Standard,IndiaPost,2022-05-13,4,Macon
SHIP004303,ORD004303,Economy,FedEx,2025-12-24,5,Pittsburgh
SHIP004304,ORD004304,Economy,BlueDart,2024-05-09,8,Athens
SHIP004305,ORD004305,Same-Day,UPS,2025-11-26,6,Spokane
SHIP004306,ORD004306,Standard,IndiaPost,2022-09-28,6,Syracuse
SHIP004307,ORD004307,Standard,UPS,2024-11-18,1,Los Angeles
SHIP004308,ORD004308,Standard,FedEx,2026-03-19,3,Los Angeles
SHIP004309,ORD004309,Same-Day,BlueDart,2025-08-03,1,Winston-Salem
SHIP004310,ORD004310,Standard,IndiaPost,2024-07-15,4,Everett
SHIP004311,ORD004311,Standard,BlueDart,2025-09-14,7,Pittsburgh
SHIP004312,ORD004312,Economy,FedEx,2024-01-21,9,Los Angeles
SHIP004313,ORD004313,Standard,FedEx,2023-06-11,1,Allentown
SHIP004314,ORD004314,Express,Delhivery,2026-08-05,6,Houston
SHIP004315,ORD004315,Standard,FedEx,2022-11-05,3,Lowell
SHIP004316,ORD004316,Economy,IndiaPost,2026-03-04,5,Everett
SHIP004317,ORD004317,Standard,UPS,2025-07-06,1,Fort Lauderdale
SHIP004318,ORD004318,Same-Day,DHL,2021-07-26,1,Chicago
SHIP004320,ORD004320,Express,BlueDart,2025-11-28,5,Atlanta
SHIP004321,ORD004321,Express,DHL,2025-03-07,8,Albany
SHIP004322,ORD004322,Standard,FedEx,2025-06-25,6,Macon
SHIP004323,ORD004323,Standard,BlueDart,2026-07-22,3,Columbus
SHIP004324,ORD004324,Standard,FedEx,2021-01-02,7,Akron
SHIP004327,ORD004327,Standard,IndiaPost,2023-12-30,6,San Diego
SHIP004328,ORD004328,Express,UPS,2025-03-31,6,Savannah
SHIP004329,ORD004329,Standard,IndiaPost,2026-04-24,8,Raleigh
SHIP004330,ORD004330,Standard,IndiaPost,2023-09-05,6,Cleveland
SHIP004332,ORD004332,Standard,FedEx,2021-08-24,9,Durham
SHIP004333,ORD004333,Express,Delhivery,2025-12-08,3,San Jose
SHIP004334,ORD004334,Express,UPS,2025-07-19,1,Lowell
SHIP004337,ORD004337,Standard,UPS,2025-02-08,7,Houston
SHIP004338,ORD004338,Express,DHL,2024-05-07,9,Savannah
SHIP004339,ORD004339,Same-Day,Delhivery,2025-02-18,1,Cambridge
SHIP004341,ORD004341,Standard,FedEx,2022-10-21,7,Austin
SHIP004342,ORD004342,Standard,FedEx,2022-01-27,5,Winston-Salem
SHIP004343,ORD004343,Express,DHL,2026-07-31,5,Athens
SHIP004344,ORD004344,Standard,DHL,2025-07-27,3,San Diego
SHIP004345,ORD004345,Express,DHL,2025-04-30,7,Pittsburgh
SHIP004346,ORD004346,Standard,FedEx,2023-08-31,1,Greensboro
SHIP004348,ORD004348,Express,DHL,2022-02-08,9,Chandler
SHIP004349,ORD004349,Standard,Delhivery,2026-06-22,9,Trenton
SHIP004350,ORD004350,Economy,UPS,2025-08-08,3,Lansing
SHIP004351,ORD004351,Same-Day,BlueDart,2024-09-18,2,Reading
SHIP004352,ORD004352,Express,BlueDart,2022-11-09,5,Houston
SHIP004354,ORD004354,Standard,UPS,2024-07-04,8,Savannah
SHIP004355,ORD004355,Express,FedEx,2021-02-25,5,Springfield
SHIP004357,ORD004357,Express,FedEx,2025-04-15,4,Sacramento
SHIP004358,ORD004358,Standard,FedEx,2024-05-20,1,Columbus
SHIP004359,ORD004359,Express,FedEx,2022-12-03,8,Naperville
SHIP004360,ORD004360,Standard,IndiaPost,2026-06-21,4,Austin
SHIP004361,ORD004361,Standard,DHL,2025-11-16,9,Miami
SHIP004362,ORD004362,Standard,BlueDart,2025-10-10,9,Fort Lauderdale
SHIP004363,ORD004363,Express,UPS,2026-01-15,3,Rockford
SHIP004366,ORD004366,Standard,BlueDart,2026-03-13,3,Lowell
SHIP004367,ORD004367,Standard,FedEx,2026-05-31,7,Flint
SHIP004368,ORD004368,Same-Day,FedEx,2025-10-01,9,Detroit
SHIP004369,ORD004369,Standard,FedEx,2025-04-24,1,Sacramento
SHIP004372,ORD004372,Standard,UPS,2026-06-29,6,Denver
SHIP004373,ORD004373,Same-Day,UPS,2025-04-21,9,Chandler
SHIP004374,ORD004374,Standard,UPS,2023-08-16,7,Detroit
SHIP004376,ORD004376,Express,BlueDart,2026-08-01,3,Albany
SHIP004377,ORD004377,Standard,FedEx,2025-09-25,3,Macon
SHIP004378,ORD004378,Standard,DHL,2022-07-19,3,Jacksonville
SHIP004380,ORD004380,Standard,BlueDart,2025-11-20,4,Houston
SHIP004381,ORD004381,Standard,Delhivery,2025-09-13,2,Rockford
SHIP004382,ORD004382,Same-Day,Delhivery,2026-06-24,9,Ann Arbor
SHIP004384,ORD004384,Same-Day,BlueDart,2023-10-14,4,Lowell
SHIP004385,ORD004385,Express,FedEx,2024-05-10,1,Trenton
SHIP004387,ORD004387,Standard,Delhivery,2025-03-16,4,Sacramento
SHIP004388,ORD004388,Standard,DHL,2026-05-21,8,Scottsdale
SHIP004390,ORD004390,Standard,IndiaPost,2024-10-04,9,Akron
SHIP004391,ORD004391,Standard,FedEx,2021-10-29,8,Boulder
SHIP004392,ORD004392,Standard,IndiaPost,2024-12-21,4,Raleigh
SHIP004393,ORD004393,Standard,IndiaPost,2023-05-15,4,Naperville
SHIP004394,ORD004394,Standard,UPS,2025-04-11,9,Philadelphia
SHIP004395,ORD004395,Express,DHL,2025-01-03,3,Flint
SHIP004397,ORD004397,Express,FedEx,2026-07-11,4,Lowell
SHIP004398,ORD004398,Same-Day,DHL,2024-09-22,7,Fort Collins
SHIP004399,ORD004399,Standard,DHL,2022-09-10,6,Charlotte
SHIP004400,ORD004400,Economy,FedEx,2023-10-17,9,Cincinnati
SHIP004401,ORD004401,Express,DHL,2026-06-03,8,Rochester
SHIP004402,ORD004402,Standard,BlueDart,2026-06-09,3,Elizabeth
SHIP004403,ORD004403,Economy,Delhivery,2025-10-20,6,Ann Arbor
SHIP004404,ORD004404,Economy,FedEx,2024-01-18,4,Springfield
SHIP004405,ORD004405,Standard,FedEx,2023-09-30,7,Detroit
SHIP004406,ORD004406,Standard,IndiaPost,2020-10-05,2,Dallas
SHIP004407,ORD004407,Economy,DHL,2025-06-25,9,Boulder
SHIP004408,ORD004408,Express,FedEx,2021-07-01,3,Grand Rapids
SHIP004409,ORD004409,Same-Day,BlueDart,2024-04-14,8,Orlando
SHIP004410,ORD004410,Economy,Delhivery,2024-11-07,8,Jersey City
SHIP004411,ORD004411,Standard,Delhivery,2022-10-22,3,Dallas
SHIP004412,ORD004412,Standard,DHL,2024-01-08,8,Chandler
SHIP004413,ORD004413,Express,DHL,2025-11-05,9,Springfield
SHIP004414,ORD004414,Economy,DHL,2025-01-15,2,Jersey City
SHIP004415,ORD004415,Standard,BlueDart,2026-03-11,5,Philadelphia
SHIP004416,ORD004416,Standard,BlueDart,2025-12-04,9,Pittsburgh
SHIP004417,ORD004417,Standard,IndiaPost,2025-03-25,8,Mesa
SHIP004418,ORD004418,Standard,FedEx,2026-07-19,8,Colorado Springs
SHIP004419,ORD004419,Economy,BlueDart,2025-11-26,4,Boulder
SHIP004421,ORD004421,Standard,Delhivery,2025-02-10,7,Syracuse
SHIP004422,ORD004422,Same-Day,DHL,2026-01-17,3,Austin
SHIP004423,ORD004423,Economy,UPS,2021-04-04,1,Cambridge
SHIP004424,ORD004424,Express,Delhivery,2024-06-13,4,Savannah
SHIP004425,ORD004425,Standard,DHL,2024-10-20,7,Colorado Springs
SHIP004426,ORD004426,Express,FedEx,2025-12-21,6,Naperville
SHIP004427,ORD004427,Same-Day,UPS,2021-01-20,4,Trenton
SHIP004428,ORD004428,Express,BlueDart,2024-10-16,4,Savannah
SHIP004430,ORD004430,Standard,DHL,2026-06-11,2,Jersey City
SHIP004431,ORD004431,Standard,UPS,2025-06-25,2,Worcester
SHIP004432,ORD004432,Express,IndiaPost,2024-08-27,9,Naperville
SHIP004433,ORD004433,Standard,BlueDart,2026-01-15,4,Reading
SHIP004434,ORD004434,Express,DHL,2026-03-11,2,Allentown
SHIP004435,ORD004435,Economy,Delhivery,2020-09-08,1,Everett
SHIP004436,ORD004436,Express,Delhivery,2025-10-04,8,Atlanta
SHIP004437,ORD004437,Standard,FedEx,2026-02-20,7,Miami
SHIP004438,ORD004438,Standard,Delhivery,2022-06-21,1,Tacoma
SHIP004439,ORD004439,Express,UPS,2024-11-20,3,Naperville
SHIP004440,ORD004440,Express,UPS,2023-07-30,9,Rockford
SHIP004442,ORD004442,Standard,DHL,2025-03-02,8,Chicago
SHIP004443,ORD004443,Standard,BlueDart,2026-02-23,6,Ann Arbor
SHIP004444,ORD004444,Standard,FedEx,2024-08-04,3,Allentown
SHIP004446,ORD004446,Express,IndiaPost,2023-08-11,8,Los Angeles
SHIP004447,ORD004447,Standard,BlueDart,2024-09-08,8,Macon
SHIP004448,ORD004448,Standard,BlueDart,2026-01-31,6,Cambridge
SHIP004450,ORD004450,Standard,Delhivery,2020-12-28,8,Grand Rapids
SHIP004451,ORD004451,Standard,FedEx,2021-10-26,4,Fort Collins
SHIP004452,ORD004452,Standard,Delhivery,2023-10-22,8,Tucson
SHIP004454,ORD004454,Standard,IndiaPost,2023-03-24,8,Tucson
SHIP004455,ORD004455,Express,IndiaPost,2021-12-28,5,Seattle
SHIP004456,ORD004456,Standard,DHL,2026-06-09,6,Pittsburgh
SHIP004459,ORD004459,Standard,DHL,2024-05-30,9,Phoenix
SHIP004460,ORD004460,Standard,Delhivery,2024-12-25,4,Philadelphia
SHIP004461,ORD004461,Standard,BlueDart,2026-07-24,1,Mesa
SHIP004462,ORD004462,Economy,FedEx,2026-04-04,1,Fort Collins
SHIP004463,ORD004463,Standard,DHL,2026-06-10,5,Reading
SHIP004465,ORD004465,Standard,FedEx,2025-12-08,6,Columbus
SHIP004466,ORD004466,Standard,DHL,2025-08-25,4,Atlanta
SHIP004468,ORD004468,Same-Day,FedEx,2026-03-19,5,Tucson
SHIP004469,ORD004469,Express,DHL,2023-01-04,1,Athens
SHIP004470,ORD004470,Express,UPS,2025-01-05,1,Everett
SHIP004471,ORD004471,Express,Delhivery,2023-01-03,4,Fort Worth
SHIP004472,ORD004472,Standard,Delhivery,2023-09-07,1,Aurora
SHIP004473,ORD004473,Economy,DHL,2025-10-30,9,Boston
SHIP004474,ORD004474,Standard,BlueDart,2025-02-25,4,San Diego
SHIP004475,ORD004475,Standard,BlueDart,2026-03-21,4,New York City
SHIP004476,ORD004476,Standard,Delhivery,2026-05-10,3,Spokane
SHIP004477,ORD004477,Economy,Delhivery,2023-10-28,1,Ann Arbor
SHIP004478,ORD004478,Standard,IndiaPost,2022-12-15,8,Allentown
SHIP004480,ORD004480,Standard,FedEx,2026-01-31,7,Charlotte
SHIP004481,ORD004481,Standard,UPS,2025-11-12,4,Boston
SHIP004482,ORD004482,Express,FedEx,2024-10-13,2,Raleigh
SHIP004483,ORD004483,Standard,BlueDart,2024-04-06,2,San Jose
SHIP004485,ORD004485,Express,FedEx,2026-02-09,4,Newark
SHIP004489,ORD004489,Standard,DHL,2023-01-16,3,Buffalo
SHIP004490,ORD004490,Economy,UPS,2022-08-02,2,Chicago
SHIP004491,ORD004491,Standard,Delhivery,2025-11-09,8,Macon
SHIP004493,ORD004493,Standard,Delhivery,2025-10-28,3,Winston-Salem
SHIP004495,ORD004495,Standard,BlueDart,2022-08-08,4,Rockford
SHIP004496,ORD004496,Express,BlueDart,2025-02-28,8,Ann Arbor
SHIP004497,ORD004497,Same-Day,IndiaPost,2026-07-21,8,Colorado Springs
SHIP004498,ORD004498,Standard,DHL,2025-09-23,5,Macon
SHIP004499,ORD004499,Express,FedEx,2023-04-10,4,Greensboro
SHIP004502,ORD004502,Economy,FedEx,2026-01-19,3,Akron
SHIP004503,ORD004503,Express,DHL,2026-03-13,4,Akron
SHIP004504,ORD004504,Standard,BlueDart,2023-10-16,3,Chandler
SHIP004505,ORD004505,Express,DHL,2025-03-11,9,Tampa
SHIP004506,ORD004506,Same-Day,DHL,2025-07-10,9,Flint
SHIP004507,ORD004507,Standard,FedEx,2023-04-23,7,Newark
SHIP004509,ORD004509,Standard,UPS,2025-06-26,4,Jacksonville
SHIP004510,ORD004510,Standard,IndiaPost,2022-07-21,8,Springfield
SHIP004511,ORD004511,Standard,IndiaPost,2025-06-18,5,Winston-Salem
SHIP004513,ORD004513,Standard,IndiaPost,2025-02-02,9,Los Angeles
SHIP004514,ORD004514,Economy,BlueDart,2026-02-01,8,Denver
SHIP004518,ORD004518,Express,Delhivery,2023-10-10,1,Elizabeth
SHIP004519,ORD004519,Standard,FedEx,2026-06-04,2,Allentown
SHIP004520,ORD004520,Standard,IndiaPost,2023-04-05,8,Scottsdale
SHIP004521,ORD004521,Same-Day,FedEx,2026-01-25,6,Bellevue
SHIP004522,ORD004522,Express,BlueDart,2025-08-31,4,Columbus
SHIP004523,ORD004523,Express,DHL,2025-12-01,8,Columbus
SHIP004525,ORD004525,Standard,DHL,2023-03-17,7,Jacksonville
SHIP004527,ORD004527,Standard,IndiaPost,2025-07-22,4,Rochester
SHIP004529,ORD004529,Economy,IndiaPost,2025-06-05,9,Erie
SHIP004530,ORD004530,Standard,IndiaPost,2022-03-24,7,Tacoma
SHIP004531,ORD004531,Standard,IndiaPost,2025-01-18,3,Greensboro
SHIP004532,ORD004532,Express,DHL,2022-05-01,8,New York City
SHIP004534,ORD004534,Standard,UPS,2026-03-26,2,Grand Rapids
SHIP004535,ORD004535,Express,BlueDart,2024-07-20,1,Los Angeles
SHIP004536,ORD004536,Standard,Delhivery,2026-07-05,9,Austin
SHIP004538,ORD004538,Same-Day,BlueDart,2025-04-04,1,Jacksonville
SHIP004540,ORD004540,Standard,FedEx,2020-03-13,1,Savannah
SHIP004541,ORD004541,Standard,DHL,2026-04-06,3,Fort Lauderdale
SHIP004543,ORD004543,Same-Day,BlueDart,2024-06-10,4,Atlanta
SHIP004545,ORD004545,Standard,FedEx,2023-05-20,2,Grand Rapids
SHIP004546,ORD004546,Standard,Delhivery,2022-01-21,9,Austin
SHIP004548,ORD004548,Standard,DHL,2025-03-16,7,Orlando
SHIP004549,ORD004549,Standard,IndiaPost,2025-06-11,3,Winston-Salem
SHIP004550,ORD004550,Standard,UPS,2024-10-07,6,Spokane
SHIP004551,ORD004551,Standard,UPS,2022-01-12,6,Boulder
SHIP004552,ORD004552,Express,DHL,2024-07-19,4,Naperville
SHIP004554,ORD004554,Standard,Delhivery,2026-07-23,8,Austin
SHIP004556,ORD004556,Express,BlueDart,2026-07-24,3,Fort Collins
SHIP004557,ORD004557,Standard,Delhivery,2026-04-07,2,Ann Arbor
SHIP004558,ORD004558,Economy,IndiaPost,2021-09-29,3,Sacramento
SHIP004559,ORD004559,Standard,UPS,2025-03-29,4,San Francisco
SHIP004560,ORD004560,Economy,FedEx,2025-02-11,2,Miami
SHIP004562,ORD004562,Express,IndiaPost,2026-02-11,6,Rochester
SHIP004564,ORD004564,Standard,IndiaPost,2026-03-29,2,San Diego
SHIP004565,ORD004565,Express,UPS,2026-06-28,2,Jersey City
SHIP004566,ORD004566,Express,IndiaPost,2025-02-16,5,Springfield
SHIP004567,ORD004567,Standard,UPS,2024-08-10,7,Springfield
SHIP004568,ORD004568,Standard,UPS,2023-09-26,3,Lowell
SHIP004569,ORD004569,Express,UPS,2025-02-26,8,Spokane
SHIP004571,ORD004571,Standard,Delhivery,2026-03-27,1,Winston-Salem
SHIP004573,ORD004573,Standard,DHL,2024-07-12,2,Mesa
SHIP004574,ORD004574,Express,Delhivery,2026-06-12,6,Fort Collins
SHIP004575,ORD004575,Same-Day,Delhivery,2023-01-30,3,Seattle
SHIP004576,ORD004576,Standard,BlueDart,2025-12-03,5,Charlotte
SHIP004577,ORD004577,Express,UPS,2023-04-30,9,Mesa
SHIP004578,ORD004578,Economy,DHL,2024-10-14,4,San Antonio
SHIP004579,ORD004579,Economy,FedEx,2025-06-12,7,San Antonio
SHIP004580,ORD004580,Economy,IndiaPost,2026-08-05,7,Los Angeles
SHIP004581,ORD004581,Standard,FedEx,2024-11-15,4,Scottsdale
SHIP004582,ORD004582,Standard,UPS,2026-05-16,9,Athens
SHIP004583,ORD004583,Express,UPS,2025-01-16,3,Cleveland
SHIP004584,ORD004584,Express,BlueDart,2021-06-10,6,Flint
SHIP004585,ORD004585,Express,FedEx,2026-06-15,6,Pittsburgh
SHIP004586,ORD004586,Same-Day,Delhivery,2023-10-30,5,Lowell
SHIP004587,ORD004587,Same-Day,Delhivery,2022-12-26,3,Philadelphia
SHIP004589,ORD004589,Standard,DHL,2023-06-20,1,Greensboro
SHIP004590,ORD004590,Standard,FedEx,2025-11-13,3,Denver
SHIP004591,ORD004591,Standard,FedEx,2023-06-01,1,Winston-Salem
SHIP004592,ORD004592,Standard,BlueDart,2025-01-22,6,Raleigh
SHIP004593,ORD004593,Standard,FedEx,2025-07-16,9,Aurora
SHIP004594,ORD004594,Standard,DHL,2024-08-10,6,San Antonio
SHIP004595,ORD004595,Express,FedEx,2020-09-13,8,Athens
SHIP004596,ORD004596,Economy,Delhivery,2026-07-22,7,Atlanta
SHIP004597,ORD004597,Express,UPS,2024-07-01,8,Austin
SHIP004598,ORD004598,Same-Day,FedEx,2021-11-12,1,Los Angeles
SHIP004599,ORD004599,Standard,BlueDart,2023-08-08,2,Mesa
SHIP004600,ORD004600,Same-Day,Delhivery,2026-07-21,1,Flint
SHIP004601,ORD004601,Standard,DHL,2022-01-24,9,Erie
SHIP004602,ORD004602,Standard,UPS,2026-07-10,3,Colorado Springs
SHIP004603,ORD004603,Standard,BlueDart,2025-07-12,6,Bellevue
SHIP004604,ORD004604,Express,UPS,2024-11-04,3,Grand Rapids
SHIP004605,ORD004605,Standard,Delhivery,2024-10-04,1,Elizabeth
SHIP004607,ORD004607,Standard,UPS,2025-03-01,6,Houston
SHIP004608,ORD004608,Standard,IndiaPost,2024-01-11,4,Philadelphia
SHIP004609,ORD004609,Standard,BlueDart,2023-02-10,8,Elizabeth
SHIP004610,ORD004610,Standard,Delhivery,2026-05-14,6,Mesa
SHIP004611,ORD004611,Standard,FedEx,2025-06-28,5,Springfield
SHIP004612,ORD004612,Express,IndiaPost,2022-03-24,2,Cincinnati
SHIP004613,ORD004613,Standard,UPS,2022-08-21,6,Lansing
SHIP004614,ORD004614,Express,Delhivery,2025-11-04,1,Tacoma
SHIP004615,ORD004615,Express,DHL,2025-04-11,8,New York City
SHIP004616,ORD004616,Express,IndiaPost,2025-12-01,9,Atlanta
SHIP004617,ORD004617,Standard,UPS,2026-06-20,4,Buffalo
SHIP004618,ORD004618,Express,BlueDart,2023-07-10,2,Atlanta
SHIP004619,ORD004619,Express,BlueDart,2025-10-01,5,Jacksonville
SHIP004621,ORD004621,Standard,Delhivery,2026-05-01,6,Peoria
SHIP004623,ORD004623,Standard,Delhivery,2025-12-16,7,Greensboro
SHIP004624,ORD004624,Standard,Delhivery,2021-07-20,9,Cambridge
SHIP004625,ORD004625,Express,UPS,2022-03-23,1,Atlanta
SHIP004627,ORD004627,Express,Delhivery,2025-03-17,8,Aurora
SHIP004628,ORD004628,Standard,BlueDart,2023-02-25,9,Akron
SHIP004630,ORD004630,Standard,FedEx,2025-11-25,9,Pittsburgh
SHIP004631,ORD004631,Economy,UPS,2024-04-24,8,Los Angeles
SHIP004632,ORD004632,Same-Day,IndiaPost,2026-03-15,3,Albany
SHIP004633,ORD004633,Standard,IndiaPost,2026-06-08,5,Tampa
SHIP004634,ORD004634,Express,IndiaPost,2025-08-31,6,Boulder
SHIP004635,ORD004635,Express,DHL,2024-08-07,2,Allentown
SHIP004637,ORD004637,Express,Delhivery,2022-06-23,4,Mesa
SHIP004638,ORD004638,Same-Day,FedEx,2026-06-13,8,Mesa
SHIP004639,ORD004639,Standard,Delhivery,2025-11-10,1,Orlando
SHIP004640,ORD004640,Standard,Delhivery,2025-08-20,5,Grand Rapids
SHIP004641,ORD004641,Economy,Delhivery,2026-07-20,3,Aurora
SHIP004643,ORD004643,Economy,UPS,2022-10-23,7,Paterson
SHIP004644,ORD004644,Standard,IndiaPost,2025-01-16,9,Raleigh
SHIP004645,ORD004645,Express,IndiaPost,2026-04-27,4,Augusta
SHIP004646,ORD004646,Standard,FedEx,2026-04-22,7,Houston
SHIP004647,ORD004647,Express,IndiaPost,2026-03-09,8,Phoenix
SHIP004649,ORD004649,Economy,FedEx,2026-01-23,5,Scottsdale
SHIP004650,ORD004650,Standard,UPS,2025-02-22,5,Sacramento
SHIP004653,ORD004653,Express,FedEx,2026-04-17,3,Paterson
SHIP004654,ORD004654,Standard,FedEx,2026-05-22,7,Allentown
SHIP004655,ORD004655,Express,UPS,2024-06-02,5,Orlando
SHIP004656,ORD004656,Standard,BlueDart,2025-11-22,4,Paterson
SHIP004657,ORD004657,Express,UPS,2025-12-01,5,Reading
SHIP004658,ORD004658,Same-Day,Delhivery,2026-03-13,2,Trenton
SHIP004659,ORD004659,Standard,IndiaPost,2024-06-05,8,Scottsdale
SHIP004660,ORD004660,Standard,DHL,2025-04-10,8,Worcester
SHIP004661,ORD004661,Standard,Delhivery,2026-04-08,3,Rochester
SHIP004662,ORD004662,Standard,BlueDart,2021-05-15,6,Rochester
SHIP004663,ORD004663,Standard,FedEx,2026-01-29,3,Fort Collins
SHIP004664,ORD004664,Express,DHL,2024-10-12,6,Charlotte
SHIP004665,ORD004665,Economy,FedEx,2026-07-30,1,Chandler
SHIP004666,ORD004666,Standard,Delhivery,2023-11-13,9,Austin
SHIP004668,ORD004668,Standard,IndiaPost,2026-07-14,1,Macon
SHIP004669,ORD004669,Standard,DHL,2022-01-06,6,Denver
SHIP004670,ORD004670,Express,Delhivery,2026-07-08,1,Raleigh
SHIP004671,ORD004671,Express,Delhivery,2025-08-05,4,Savannah
SHIP004673,ORD004673,Express,IndiaPost,2025-02-14,8,Cambridge
SHIP004674,ORD004674,Standard,FedEx,2025-04-19,5,Buffalo
SHIP004675,ORD004675,Standard,Delhivery,2026-07-18,5,Dallas
SHIP004676,ORD004676,Express,Delhivery,2024-05-18,2,Akron
SHIP004678,ORD004678,Economy,FedEx,2024-06-05,1,Durham
SHIP004679,ORD004679,Express,BlueDart,2024-12-10,3,Worcester
SHIP004682,ORD004682,Express,IndiaPost,2026-02-02,4,Boston
SHIP004683,ORD004683,Standard,UPS,2023-10-17,6,Reading
SHIP004684,ORD004684,Standard,UPS,2024-08-16,8,Lansing
SHIP004687,ORD004687,Express,BlueDart,2024-07-10,6,Erie
SHIP004690,ORD004690,Economy,Delhivery,2024-12-20,2,Houston
SHIP004691,ORD004691,Standard,IndiaPost,2026-07-19,1,Winston-Salem
SHIP004692,ORD004692,Express,BlueDart,2021-02-14,2,Syracuse
SHIP004693,ORD004693,Express,DHL,2025-09-24,6,Detroit
SHIP004694,ORD004694,Same-Day,IndiaPost,2026-06-02,2,Dallas
SHIP004695,ORD004695,Standard,DHL,2024-02-26,3,Orlando
SHIP004696,ORD004696,Express,IndiaPost,2024-03-12,1,Albany
SHIP004697,ORD004697,Standard,FedEx,2026-07-24,7,Raleigh
SHIP004699,ORD004699,Standard,FedEx,2023-02-26,6,Fort Lauderdale
SHIP004700,ORD004700,Standard,IndiaPost,2024-09-07,8,Grand Rapids
SHIP004701,ORD004701,Standard,DHL,2025-01-29,9,Winston-Salem
SHIP004702,ORD004702,Standard,DHL,2025-06-24,3,Erie
SHIP004703,ORD004703,Standard,DHL,2026-04-11,6,Flint
SHIP004704,ORD004704,Standard,Delhivery,2021-06-30,3,Springfield
SHIP004705,ORD004705,Economy,IndiaPost,2023-02-03,7,San Diego
SHIP004706,ORD004706,Standard,DHL,2023-01-30,2,Elizabeth
SHIP004707,ORD004707,Express,DHL,2026-06-21,9,Lansing
SHIP004708,ORD004708,Standard,Delhivery,2022-10-18,6,New York City
SHIP004709,ORD004709,Standard,BlueDart,2024-11-22,1,San Jose
SHIP004710,ORD004710,Standard,UPS,2025-01-30,4,Athens
SHIP004712,ORD004712,Standard,Delhivery,2023-03-08,6,Austin
SHIP004713,ORD004713,Standard,UPS,2023-03-21,2,Cambridge
SHIP004716,ORD004716,Standard,DHL,2025-06-02,6,Syracuse
SHIP004717,ORD004717,Express,DHL,2024-06-18,7,Springfield
SHIP004718,ORD004718,Standard,IndiaPost,2024-10-29,9,Athens
SHIP004719,ORD004719,Economy,Delhivery,2023-04-06,7,Boulder
SHIP004720,ORD004720,Same-Day,Delhivery,2022-04-21,9,Tucson
SHIP004721,ORD004721,Express,DHL,2022-09-23,2,Newark
SHIP004722,ORD004722,Same-Day,UPS,2025-07-24,9,Charlotte
SHIP004725,ORD004725,Standard,UPS,2023-10-26,6,Trenton
SHIP004726,ORD004726,Standard,UPS,2024-01-22,6,Rochester
SHIP004727,ORD004727,Standard,UPS,2023-10-13,9,Grand Rapids
SHIP004728,ORD004728,Standard,DHL,2023-10-26,8,Springfield
SHIP004729,ORD004729,Standard,IndiaPost,2024-03-08,9,Los Angeles
SHIP004731,ORD004731,Standard,DHL,2025-10-12,1,Winston-Salem
SHIP004732,ORD004732,Standard,Delhivery,2025-11-10,6,Savannah
SHIP004734,ORD004734,Same-Day,BlueDart,2024-08-03,1,Orlando
SHIP004735,ORD004735,Express,DHL,2026-07-02,9,Greensboro
SHIP004736,ORD004736,Express,BlueDart,2026-07-17,9,Scottsdale
SHIP004737,ORD004737,Standard,IndiaPost,2026-06-09,1,Macon
SHIP004738,ORD004738,Standard,IndiaPost,2026-02-06,9,Athens
SHIP004739,ORD004739,Standard,Delhivery,2026-01-29,4,Lowell
SHIP004740,ORD004740,Express,Delhivery,2023-09-24,9,Boulder
SHIP004742,ORD004742,Express,FedEx,2024-03-24,2,Cleveland
SHIP004743,ORD004743,Same-Day,IndiaPost,2025-02-25,4,Reading
SHIP004744,ORD004744,Economy,IndiaPost,2026-01-20,6,Fort Collins
SHIP004745,ORD004745,Standard,DHL,2024-09-30,2,Sacramento
SHIP004746,ORD004746,Same-Day,BlueDart,2026-02-05,7,Philadelphia
SHIP004747,ORD004747,Standard,BlueDart,2024-07-11,5,Tampa
SHIP004748,ORD004748,Economy,FedEx,2026-07-30,8,Naperville
SHIP004749,ORD004749,Standard,Delhivery,2025-03-27,6,Boulder
SHIP004751,ORD004751,Standard,BlueDart,2026-02-23,1,Rochester
SHIP004752,ORD004752,Economy,BlueDart,2022-06-21,9,Flint
SHIP004753,ORD004753,Express,DHL,2023-11-18,4,Denver
SHIP004754,ORD004754,Standard,IndiaPost,2026-02-08,7,Phoenix
SHIP004755,ORD004755,Standard,FedEx,2025-10-18,3,San Antonio
SHIP004757,ORD004757,Express,Delhivery,2024-04-16,2,San Francisco
SHIP004758,ORD004758,Standard,DHL,2024-09-02,6,Spokane
SHIP004759,ORD004759,Standard,Delhivery,2024-01-03,1,Winston-Salem
SHIP004760,ORD004760,Express,BlueDart,2025-08-11,7,Dallas
SHIP004761,ORD004761,Standard,DHL,2026-05-30,9,Detroit
SHIP004762,ORD004762,Standard,UPS,2026-01-06,8,Tampa
SHIP004763,ORD004763,Same-Day,FedEx,2020-03-20,6,Rochester
SHIP004764,ORD004764,Same-Day,Delhivery,2020-02-15,7,Albany
SHIP004765,ORD004765,Express,BlueDart,2022-02-02,9,Tampa
SHIP004766,ORD004766,Economy,IndiaPost,2025-11-21,6,Akron
SHIP004767,ORD004767,Standard,DHL,2021-12-30,4,Tampa
SHIP004768,ORD004768,Express,Delhivery,2026-06-11,1,Columbus
SHIP004769,ORD004769,Same-Day,DHL,2024-12-27,3,Trenton
SHIP004770,ORD004770,Same-Day,UPS,2024-01-18,3,Peoria
SHIP004771,ORD004771,Express,IndiaPost,2025-04-07,5,Macon
SHIP004772,ORD004772,Standard,FedEx,2025-10-22,9,Tacoma
SHIP004773,ORD004773,Economy,DHL,2023-02-09,5,Orlando
SHIP004774,ORD004774,Standard,Delhivery,2024-12-08,1,Tucson
SHIP004775,ORD004775,Economy,IndiaPost,2022-07-26,5,Elizabeth
SHIP004776,ORD004776,Standard,Delhivery,2026-07-28,1,Pittsburgh
SHIP004777,ORD004777,Express,UPS,2022-12-18,6,Fort Collins
SHIP004778,ORD004778,Standard,FedEx,2026-02-15,5,Fort Lauderdale
SHIP004779,ORD004779,Standard,FedEx,2025-11-23,7,Ann Arbor
SHIP004780,ORD004780,Standard,BlueDart,2025-01-02,8,Erie
SHIP004781,ORD004781,Standard,FedEx,2025-10-29,7,Ann Arbor
SHIP004782,ORD004782,Standard,BlueDart,2024-10-17,3,San Antonio
SHIP004783,ORD004783,Express,FedEx,2025-04-29,6,Albany
SHIP004784,ORD004784,Standard,DHL,2026-02-14,2,Los Angeles
SHIP004785,ORD004785,Standard,Delhivery,2022-05-31,7,Aurora
SHIP004786,ORD004786,Express,IndiaPost,2025-04-09,8,Aurora
SHIP004787,ORD004787,Economy,FedEx,2024-05-31,6,Cambridge
SHIP004788,ORD004788,Standard,Delhivery,2020-11-17,2,Dallas
SHIP004790,ORD004790,Standard,BlueDart,2024-11-04,8,Paterson
SHIP004791,ORD004791,Express,IndiaPost,2024-10-26,1,Syracuse
SHIP004793,ORD004793,Same-Day,FedEx,2026-07-11,6,Everett
SHIP004794,ORD004794,Express,IndiaPost,2023-11-24,1,Worcester
SHIP004795,ORD004795,Standard,Delhivery,2022-05-15,8,Scottsdale
SHIP004796,ORD004796,Standard,UPS,2025-09-16,2,Springfield
SHIP004797,ORD004797,Standard,BlueDart,2021-03-06,2,Trenton
SHIP004799,ORD004799,Express,Delhivery,2025-05-24,7,Elizabeth
SHIP004800,ORD004800,Standard,Delhivery,2026-07-27,9,Springfield
SHIP004802,ORD004802,Express,BlueDart,2022-12-27,2,Rockford
SHIP004803,ORD004803,Economy,Delhivery,2025-10-12,4,Denver
SHIP004804,ORD004804,Standard,DHL,2025-04-25,3,Fort Worth
SHIP004805,ORD004805,Express,Delhivery,2026-06-19,1,Tampa
SHIP004807,ORD004807,Standard,UPS,2026-03-01,8,Tacoma
SHIP004808,ORD004808,Standard,UPS,2026-06-20,5,Peoria
SHIP004809,ORD004809,Express,DHL,2023-07-09,6,Flint
SHIP004810,ORD004810,Standard,Delhivery,2023-11-11,7,Fort Lauderdale
SHIP004812,ORD004812,Economy,IndiaPost,2024-08-16,5,Miami
SHIP004813,ORD004813,Standard,UPS,2025-06-04,5,Chicago
SHIP004814,ORD004814,Express,IndiaPost,2024-05-01,6,Akron
SHIP004815,ORD004815,Standard,BlueDart,2024-02-12,5,Jersey City
SHIP004817,ORD004817,Express,DHL,2026-04-22,3,Peoria
SHIP004818,ORD004818,Standard,BlueDart,2025-09-23,9,Peoria
SHIP004820,ORD004820,Economy,FedEx,2021-11-14,6,Paterson
SHIP004821,ORD004821,Express,UPS,2025-09-05,3,Phoenix
SHIP004822,ORD004822,Standard,IndiaPost,2023-06-02,3,Cambridge
SHIP004823,ORD004823,Standard,FedEx,2026-01-23,5,Albany
SHIP004824,ORD004824,Economy,DHL,2025-12-09,1,San Francisco
SHIP004825,ORD004825,Express,UPS,2025-06-19,7,Naperville
SHIP004826,ORD004826,Standard,BlueDart,2024-07-02,5,Worcester
SHIP004827,ORD004827,Standard,UPS,2026-04-02,3,San Jose
SHIP004828,ORD004828,Standard,Delhivery,2026-07-04,5,Raleigh
SHIP004829,ORD004829,Express,UPS,2026-04-13,3,Akron
SHIP004830,ORD004830,Same-Day,UPS,2026-01-24,8,Everett
SHIP004832,ORD004832,Same-Day,BlueDart,2026-06-09,8,Durham
SHIP004833,ORD004833,Standard,FedEx,2026-04-08,9,Spokane
SHIP004834,ORD004834,Standard,Delhivery,2022-01-27,8,Bellevue
SHIP004835,ORD004835,Standard,UPS,2023-03-25,9,Macon
SHIP004836,ORD004836,Standard,UPS,2023-01-08,4,Worcester
SHIP004837,ORD004837,Standard,UPS,2024-03-11,4,San Antonio
SHIP004838,ORD004838,Express,IndiaPost,2025-10-02,2,Augusta
SHIP004839,ORD004839,Standard,IndiaPost,2020-08-16,1,Greensboro
SHIP004840,ORD004840,Standard,IndiaPost,2025-10-28,1,Philadelphia
SHIP004841,ORD004841,Standard,IndiaPost,2024-07-24,5,Detroit
SHIP004843,ORD004843,Standard,Delhivery,2026-06-01,2,Ann Arbor
SHIP004844,ORD004844,Express,IndiaPost,2023-09-22,6,Dallas
SHIP004845,ORD004845,Same-Day,BlueDart,2025-05-15,5,Raleigh
SHIP004846,ORD004846,Express,BlueDart,2026-04-02,8,Winston-Salem
SHIP004847,ORD004847,Standard,UPS,2026-04-19,6,Lansing
SHIP004848,ORD004848,Express,Delhivery,2026-07-31,3,Tucson
SHIP004849,ORD004849,Express,DHL,2023-08-05,6,Cleveland
SHIP004850,ORD004850,Express,DHL,2025-09-25,4,Dallas
SHIP004852,ORD004852,Standard,UPS,2022-01-03,3,New York City
SHIP004853,ORD004853,Same-Day,UPS,2026-01-28,6,Boulder
SHIP004854,ORD004854,Standard,DHL,2024-09-24,6,Grand Rapids
SHIP004855,ORD004855,Economy,DHL,2026-08-05,7,Houston
SHIP004856,ORD004856,Standard,FedEx,2026-03-27,4,Macon
SHIP004857,ORD004857,Express,UPS,2024-11-28,5,Toledo
SHIP004858,ORD004858,Standard,UPS,2026-01-26,9,Jacksonville
SHIP004859,ORD004859,Standard,Delhivery,2024-05-04,9,Macon
SHIP004860,ORD004860,Express,Delhivery,2025-02-20,8,Aurora
SHIP004861,ORD004861,Standard,UPS,2024-08-09,1,Ann Arbor
SHIP004862,ORD004862,Same-Day,UPS,2022-06-23,2,Houston
SHIP004863,ORD004863,Express,DHL,2023-09-16,9,Reading
SHIP004864,ORD004864,Standard,DHL,2025-08-15,3,Rochester
SHIP004865,ORD004865,Express,DHL,2025-11-13,1,Raleigh
SHIP004867,ORD004867,Economy,DHL,2026-08-02,3,Akron
SHIP004868,ORD004868,Standard,IndiaPost,2026-06-14,6,Reading
SHIP004869,ORD004869,Standard,UPS,2026-03-31,9,Durham
SHIP004870,ORD004870,Express,DHL,2026-02-22,8,Savannah
SHIP004871,ORD004871,Express,DHL,2023-10-20,9,Fort Worth
SHIP004872,ORD004872,Standard,FedEx,2023-07-30,9,Cleveland
SHIP004873,ORD004873,Standard,FedEx,2024-03-02,8,Grand Rapids
SHIP004874,ORD004874,Standard,DHL,2026-07-30,4,Newark
SHIP004875,ORD004875,Express,BlueDart,2026-01-06,5,Orlando
SHIP004876,ORD004876,Express,Delhivery,2024-04-12,3,Bellevue
SHIP004878,ORD004878,Economy,IndiaPost,2022-06-01,8,Bellevue
SHIP004879,ORD004879,Standard,IndiaPost,2026-06-18,5,Rochester
SHIP004880,ORD004880,Express,BlueDart,2026-01-04,6,Erie
SHIP004881,ORD004881,Standard,IndiaPost,2026-03-28,8,Charlotte
SHIP004883,ORD004883,Standard,Delhivery,2025-10-20,5,Paterson
SHIP004884,ORD004884,Standard,DHL,2026-03-24,8,Worcester
SHIP004885,ORD004885,Standard,UPS,2026-05-14,1,Spokane
SHIP004886,ORD004886,Express,BlueDart,2023-05-19,7,Paterson
SHIP004887,ORD004887,Economy,UPS,2023-07-05,2,Grand Rapids
SHIP004889,ORD004889,Economy,Delhivery,2025-11-09,8,Chandler
SHIP004890,ORD004890,Express,Delhivery,2021-07-15,3,Pittsburgh
SHIP004891,ORD004891,Express,BlueDart,2026-07-27,3,Orlando
SHIP004892,ORD004892,Express,FedEx,2021-07-10,6,Detroit
SHIP004893,ORD004893,Standard,Delhivery,2026-05-14,1,Toledo
SHIP004895,ORD004895,Express,BlueDart,2025-12-07,5,Savannah
SHIP004896,ORD004896,Standard,BlueDart,2025-07-31,9,Cincinnati
SHIP004897,ORD004897,Standard,BlueDart,2025-09-09,1,Lansing
SHIP004898,ORD004898,Standard,FedEx,2022-10-13,9,Savannah
SHIP004899,ORD004899,Standard,DHL,2026-07-03,2,San Antonio
SHIP004900,ORD004900,Standard,IndiaPost,2023-07-10,7,Charlotte
SHIP004901,ORD004901,Express,IndiaPost,2021-05-27,1,Newark
SHIP004902,ORD004902,Express,FedEx,2025-11-06,4,Los Angeles
SHIP004903,ORD004903,Standard,DHL,2023-09-02,1,Columbus
SHIP004904,ORD004904,Standard,FedEx,2023-11-27,5,Springfield
SHIP004905,ORD004905,Express,BlueDart,2026-06-26,6,Philadelphia
SHIP004906,ORD004906,Same-Day,UPS,2024-03-12,6,Newark
SHIP004908,ORD004908,Standard,UPS,2026-05-27,6,Lowell
SHIP004909,ORD004909,Standard,IndiaPost,2023-05-22,6,Boston
SHIP004910,ORD004910,Standard,UPS,2025-05-28,1,Greensboro
SHIP004911,ORD004911,Standard,DHL,2022-04-09,3,Phoenix
SHIP004912,ORD004912,Express,BlueDart,2025-10-08,9,Syracuse
SHIP004913,ORD004913,Express,Delhivery,2025-03-08,1,Detroit
SHIP004915,ORD004915,Express,FedEx,2026-07-08,4,Durham
SHIP004918,ORD004918,Standard,UPS,2023-02-10,5,Tacoma
SHIP004919,ORD004919,Standard,UPS,2026-02-11,6,Philadelphia
SHIP004920,ORD004920,Standard,DHL,2022-03-19,5,Erie
SHIP004921,ORD004921,Economy,Delhivery,2023-05-03,5,Los Angeles
SHIP004922,ORD004922,Standard,FedEx,2021-05-12,9,Syracuse
SHIP004923,ORD004923,Express,BlueDart,2026-07-17,6,Allentown
SHIP004924,ORD004924,Standard,IndiaPost,2024-12-04,1,Scottsdale
SHIP004926,ORD004926,Standard,IndiaPost,2026-07-08,5,Cincinnati
SHIP004927,ORD004927,Standard,BlueDart,2025-12-05,8,Rochester
SHIP004928,ORD004928,Standard,BlueDart,2019-10-17,3,Akron
SHIP004929,ORD004929,Standard,IndiaPost,2022-11-04,8,Charlotte
SHIP004930,ORD004930,Standard,UPS,2025-10-25,6,Everett
SHIP004931,ORD004931,Standard,BlueDart,2025-09-22,2,Pittsburgh
SHIP004934,ORD004934,Express,Delhivery,2026-06-12,1,Boulder
SHIP004935,ORD004935,Standard,Delhivery,2026-05-20,1,Lowell
SHIP004936,ORD004936,Standard,IndiaPost,2025-07-09,7,Flint
SHIP004937,ORD004937,Standard,UPS,2026-06-02,9,Savannah
SHIP004938,ORD004938,Economy,BlueDart,2026-03-23,7,Detroit
SHIP004939,ORD004939,Standard,DHL,2026-01-23,5,Dallas
SHIP004940,ORD004940,Standard,UPS,2021-06-29,6,Lowell
SHIP004941,ORD004941,Economy,FedEx,2026-07-14,7,Columbus
SHIP004942,ORD004942,Express,UPS,2025-02-25,6,Detroit
SHIP004943,ORD004943,Standard,IndiaPost,2025-12-07,3,Savannah
SHIP004944,ORD004944,Standard,DHL,2021-10-07,6,Jacksonville
SHIP004945,ORD004945,Express,DHL,2025-03-28,7,Everett
SHIP004946,ORD004946,Standard,BlueDart,2025-02-23,5,Allentown
SHIP004947,ORD004947,Standard,FedEx,2023-01-12,5,Boulder
SHIP004948,ORD004948,Standard,FedEx,2023-12-25,8,Rochester
SHIP004949,ORD004949,Standard,UPS,2020-10-17,9,Winston-Salem
SHIP004950,ORD004950,Standard,FedEx,2024-07-18,2,Houston
SHIP004951,ORD004951,Express,DHL,2026-06-18,8,Fort Lauderdale
SHIP004952,ORD004952,Standard,IndiaPost,2024-08-09,3,Spokane
SHIP004953,ORD004953,Standard,UPS,2026-01-21,5,Philadelphia
SHIP004955,ORD004955,Express,BlueDart,2024-12-01,6,Elizabeth
SHIP004956,ORD004956,Standard,IndiaPost,2024-01-28,9,Newark
SHIP004957,ORD004957,Standard,Delhivery,2023-01-04,5,Cincinnati
SHIP004958,ORD004958,Standard,UPS,2026-07-01,3,Allentown
SHIP004959,ORD004959,Same-Day,Delhivery,2026-01-03,2,Rockford
SHIP004960,ORD004960,Standard,UPS,2026-05-21,3,Jersey City
SHIP004961,ORD004961,Standard,IndiaPost,2023-07-22,3,San Diego
SHIP004963,ORD004963,Economy,UPS,2022-08-27,2,Tacoma
SHIP004964,ORD004964,Same-Day,DHL,2024-12-12,1,Denver
SHIP004965,ORD004965,Express,BlueDart,2025-02-17,3,Akron
SHIP004966,ORD004966,Economy,BlueDart,2023-01-26,2,Allentown
SHIP004969,ORD004969,Economy,UPS,2025-03-21,3,Rochester
SHIP004970,ORD004970,Standard,BlueDart,2024-07-07,4,Erie
SHIP004971,ORD004971,Same-Day,UPS,2024-08-29,6,Athens
SHIP004972,ORD004972,Standard,UPS,2022-09-15,2,Syracuse
SHIP004973,ORD004973,Standard,UPS,2022-06-22,9,Cincinnati
SHIP004975,ORD004975,Economy,BlueDart,2024-06-11,8,San Francisco
SHIP004976,ORD004976,Standard,FedEx,2024-07-09,3,San Jose
SHIP004977,ORD004977,Express,DHL,2026-06-06,7,Worcester
SHIP004978,ORD004978,Express,IndiaPost,2025-05-18,6,Rochester
SHIP004979,ORD004979,Economy,BlueDart,2026-06-05,4,Savannah
SHIP004980,ORD004980,Same-Day,DHL,2025-03-17,6,San Antonio
SHIP004982,ORD004982,Standard,BlueDart,2023-10-18,7,Grand Rapids
SHIP004983,ORD004983,Same-Day,FedEx,2021-11-27,3,New York City
SHIP004984,ORD004984,Standard,IndiaPost,2025-03-17,3,San Diego
SHIP004985,ORD004985,Standard,BlueDart,2025-08-10,1,Fort Lauderdale
SHIP004987,ORD004987,Standard,UPS,2026-05-23,4,Everett
SHIP004988,ORD004988,Economy,BlueDart,2025-01-16,1,Newark
SHIP004989,ORD004989,Standard,FedEx,2024-08-09,3,Aurora
SHIP004990,ORD004990,Standard,UPS,2026-05-08,3,Pittsburgh
SHIP004991,ORD004991,Same-Day,DHL,2025-12-24,7,Flint
SHIP004992,ORD004992,Express,IndiaPost,2026-05-08,7,Elizabeth
SHIP004993,ORD004993,Same-Day,DHL,2026-05-20,9,Aurora
SHIP004994,ORD004994,Express,DHL,2026-06-05,4,Detroit
SHIP004996,ORD004996,Standard,DHL,2025-07-09,1,Tucson
SHIP004997,ORD004997,Standard,FedEx,2022-07-13,2,Jersey City
SHIP004998,ORD004998,Standard,DHL,2025-07-09,1,Buffalo
SHIP004999,ORD004999,Express,IndiaPost,2025-07-30,7,Erie
SHIP005001,ORD005001,Standard,UPS,2026-07-09,5,Charlotte
SHIP005002,ORD005002,Standard,UPS,2024-10-01,1,Houston
SHIP005003,ORD005003,Standard,DHL,2023-08-08,2,Reading
SHIP005004,ORD005004,Economy,Delhivery,2026-06-28,7,Austin
SHIP005005,ORD005005,Standard,UPS,2023-06-29,1,Paterson
SHIP005006,ORD005006,Standard,FedEx,2025-05-01,6,Detroit
SHIP005007,ORD005007,Same-Day,UPS,2026-06-13,6,Akron
SHIP005008,ORD005008,Standard,DHL,2022-10-09,3,Winston-Salem
SHIP005009,ORD005009,Standard,BlueDart,2026-06-04,7,Cincinnati
SHIP005010,ORD005010,Standard,FedEx,2024-04-16,7,Rochester
SHIP005011,ORD005011,Same-Day,DHL,2024-12-19,4,Tacoma
SHIP005012,ORD005012,Same-Day,FedEx,2025-12-15,3,Seattle
SHIP005013,ORD005013,Standard,DHL,2025-06-10,4,Tampa
SHIP005014,ORD005014,Standard,FedEx,2025-08-09,9,San Jose
SHIP005015,ORD005015,Standard,Delhivery,2025-10-08,5,Fort Worth
SHIP005017,ORD005017,Standard,DHL,2024-04-18,3,Fort Lauderdale
SHIP005018,ORD005018,Express,DHL,2024-09-27,6,Tampa
SHIP005019,ORD005019,Standard,UPS,2024-06-14,1,Detroit
SHIP005020,ORD005020,Standard,DHL,2022-05-14,2,Boulder
SHIP005021,ORD005021,Standard,UPS,2023-01-09,1,Syracuse
SHIP005022,ORD005022,Standard,IndiaPost,2025-12-31,5,Naperville
SHIP005023,ORD005023,Economy,FedEx,2025-10-10,9,Grand Rapids
SHIP005024,ORD005024,Standard,DHL,2022-02-13,5,Sacramento
SHIP005025,ORD005025,Standard,DHL,2024-11-28,7,Raleigh
SHIP005026,ORD005026,Standard,DHL,2025-12-04,6,San Antonio
SHIP005027,ORD005027,Express,FedEx,2026-03-17,6,Bellevue
SHIP005028,ORD005028,Same-Day,BlueDart,2023-09-04,8,Houston
SHIP005029,ORD005029,Standard,Delhivery,2025-01-31,5,Spokane
SHIP005030,ORD005030,Economy,Delhivery,2026-07-09,8,Detroit
SHIP005032,ORD005032,Express,BlueDart,2023-12-26,6,Cambridge
SHIP005033,ORD005033,Standard,IndiaPost,2026-07-30,6,Fort Lauderdale
SHIP005034,ORD005034,Express,UPS,2025-08-09,4,San Antonio
SHIP005036,ORD005036,Express,UPS,2025-05-07,2,Ann Arbor
SHIP005037,ORD005037,Standard,FedEx,2026-01-20,1,Paterson
SHIP005038,ORD005038,Standard,FedEx,2023-11-24,7,Springfield
SHIP005039,ORD005039,Express,FedEx,2026-07-27,1,Tampa
SHIP005040,ORD005040,Same-Day,UPS,2022-10-24,1,Cincinnati
SHIP005041,ORD005041,Standard,DHL,2026-07-04,5,Denver
SHIP005042,ORD005042,Standard,FedEx,2026-05-21,4,Tucson
SHIP005043,ORD005043,Same-Day,DHL,2025-10-09,1,Springfield
SHIP005044,ORD005044,Standard,DHL,2025-10-18,8,Durham
SHIP005045,ORD005045,Standard,Delhivery,2025-11-02,7,Jersey City
SHIP005046,ORD005046,Standard,BlueDart,2023-10-06,7,Jersey City
SHIP005047,ORD005047,Express,BlueDart,2026-02-21,6,New York City
SHIP005048,ORD005048,Same-Day,BlueDart,2023-11-22,2,Philadelphia
SHIP005049,ORD005049,Express,IndiaPost,2025-04-09,6,Rochester
SHIP005050,ORD005050,Standard,IndiaPost,2025-12-16,4,Jacksonville
SHIP005051,ORD005051,Express,IndiaPost,2025-09-24,2,Rochester
SHIP005052,ORD005052,Standard,BlueDart,2026-07-11,8,Naperville
SHIP005054,ORD005054,Express,DHL,2025-09-27,2,Tacoma
SHIP005055,ORD005055,Standard,IndiaPost,2025-10-03,7,Fort Worth
SHIP005056,ORD005056,Standard,FedEx,2023-05-02,5,Jersey City
SHIP005057,ORD005057,Standard,UPS,2026-04-08,6,Cleveland
SHIP005058,ORD005058,Express,Delhivery,2026-06-21,1,Akron
SHIP005059,ORD005059,Standard,Delhivery,2026-07-31,8,Peoria
SHIP005060,ORD005060,Standard,DHL,2021-03-15,1,Paterson
SHIP005061,ORD005061,Express,FedEx,2026-01-09,2,Allentown
SHIP005062,ORD005062,Standard,Delhivery,2026-05-02,1,Charlotte
SHIP005063,ORD005063,Express,BlueDart,2026-03-04,8,Toledo
SHIP005064,ORD005064,Standard,IndiaPost,2025-02-17,5,Athens
SHIP005065,ORD005065,Economy,DHL,2025-07-12,3,Greensboro
SHIP005066,ORD005066,Standard,Delhivery,2026-03-12,5,Colorado Springs
SHIP005067,ORD005067,Standard,UPS,2021-03-14,6,Los Angeles
SHIP005068,ORD005068,Express,FedEx,2022-09-25,5,San Francisco
SHIP005069,ORD005069,Express,BlueDart,2025-04-18,2,Cambridge
SHIP005070,ORD005070,Same-Day,Delhivery,2026-04-23,1,Miami
SHIP005071,ORD005071,Standard,FedEx,2024-02-20,2,Augusta
SHIP005072,ORD005072,Express,BlueDart,2025-01-27,3,Cleveland
SHIP005074,ORD005074,Express,IndiaPost,2025-10-23,9,Ann Arbor
SHIP005075,ORD005075,Standard,UPS,2024-07-18,5,Detroit
SHIP005076,ORD005076,Standard,Delhivery,2025-01-19,1,Paterson
SHIP005077,ORD005077,Standard,BlueDart,2026-05-25,2,Toledo
SHIP005078,ORD005078,Standard,Delhivery,2026-07-02,7,Akron
SHIP005079,ORD005079,Same-Day,FedEx,2026-05-05,5,Durham
SHIP005080,ORD005080,Standard,IndiaPost,2025-08-08,7,Cincinnati
SHIP005081,ORD005081,Standard,FedEx,2025-10-20,7,Chicago
SHIP005082,ORD005082,Standard,BlueDart,2025-04-13,2,Fort Lauderdale
SHIP005085,ORD005085,Standard,FedEx,2019-10-16,3,Winston-Salem
SHIP005086,ORD005086,Express,Delhivery,2020-11-22,3,Worcester
SHIP005087,ORD005087,Express,FedEx,2025-07-20,5,Rockford
SHIP005088,ORD005088,Standard,IndiaPost,2026-07-06,7,Macon
SHIP005089,ORD005089,Standard,UPS,2025-11-26,9,Albany
SHIP005090,ORD005090,Standard,BlueDart,2025-10-20,8,Seattle
SHIP005091,ORD005091,Express,UPS,2025-12-17,4,Cleveland
SHIP005093,ORD005093,Same-Day,IndiaPost,2025-05-07,7,Greensboro
SHIP005094,ORD005094,Standard,UPS,2025-06-04,6,Springfield
SHIP005095,ORD005095,Standard,Delhivery,2025-12-09,5,Pittsburgh
SHIP005096,ORD005096,Standard,FedEx,2025-06-03,9,Paterson
SHIP005097,ORD005097,Same-Day,UPS,2025-01-12,2,Seattle
SHIP005098,ORD005098,Standard,Delhivery,2026-02-16,8,Raleigh
SHIP005100,ORD005100,Same-Day,UPS,2026-04-30,7,Columbus
SHIP005101,ORD005101,Standard,UPS,2026-07-13,8,San Jose
SHIP005102,ORD005102,Standard,FedEx,2026-05-29,1,Springfield
SHIP005103,ORD005103,Express,Delhivery,2025-01-31,1,Paterson
SHIP005104,ORD005104,Standard,BlueDart,2024-08-22,2,Greensboro
SHIP005105,ORD005105,Same-Day,BlueDart,2022-03-18,7,Cambridge
SHIP005106,ORD005106,Economy,BlueDart,2024-11-18,8,Miami
SHIP005107,ORD005107,Standard,IndiaPost,2022-06-18,2,Rockford
SHIP005108,ORD005108,Standard,Delhivery,2024-10-29,9,Fort Lauderdale
SHIP005109,ORD005109,Standard,FedEx,2024-09-17,2,Spokane
SHIP005112,ORD005112,Standard,DHL,2026-04-25,1,Houston
SHIP005113,ORD005113,Standard,FedEx,2026-05-05,7,Boston
SHIP005114,ORD005114,Express,DHL,2023-07-08,6,Savannah
SHIP005115,ORD005115,Standard,IndiaPost,2024-04-30,6,Cambridge
SHIP005116,ORD005116,Express,IndiaPost,2026-04-08,4,Tampa
SHIP005117,ORD005117,Standard,Delhivery,2025-03-16,7,Austin
SHIP005118,ORD005118,Standard,IndiaPost,2023-09-01,1,Phoenix
SHIP005119,ORD005119,Express,FedEx,2022-12-19,5,Seattle
SHIP005121,ORD005121,Standard,FedEx,2025-08-06,2,Chicago
SHIP005123,ORD005123,Standard,Delhivery,2026-05-06,8,San Diego
SHIP005124,ORD005124,Standard,UPS,2024-01-07,9,Austin
SHIP005126,ORD005126,Express,IndiaPost,2023-12-22,3,Boston
SHIP005127,ORD005127,Standard,IndiaPost,2022-06-20,7,Fort Collins
SHIP005128,ORD005128,Standard,Delhivery,2026-07-07,6,Cleveland
SHIP005129,ORD005129,Economy,UPS,2026-03-06,2,Springfield
SHIP005130,ORD005130,Standard,BlueDart,2021-04-11,4,Cambridge
SHIP005131,ORD005131,Same-Day,BlueDart,2025-11-22,2,Cleveland
SHIP005134,ORD005134,Express,Delhivery,2023-02-17,3,Everett
SHIP005135,ORD005135,Standard,BlueDart,2021-09-04,9,Fort Lauderdale
SHIP005136,ORD005136,Express,DHL,2026-08-05,6,Boulder
SHIP005137,ORD005137,Economy,IndiaPost,2024-03-12,7,Elizabeth
SHIP005138,ORD005138,Economy,BlueDart,2021-04-26,6,Durham
SHIP005140,ORD005140,Standard,UPS,2026-08-02,9,Los Angeles
SHIP005142,ORD005142,Economy,UPS,2025-03-08,1,Toledo
SHIP005144,ORD005144,Economy,FedEx,2025-02-17,7,Syracuse
SHIP005145,ORD005145,Economy,IndiaPost,2024-07-22,8,Winston-Salem
SHIP005147,ORD005147,Standard,BlueDart,2024-11-19,7,Aurora
SHIP005149,ORD005149,Standard,IndiaPost,2026-06-29,3,Flint
SHIP005150,ORD005150,Same-Day,IndiaPost,2024-03-10,8,Tampa
SHIP005152,ORD005152,Express,Delhivery,2023-11-13,2,Miami
SHIP005153,ORD005153,Standard,FedEx,2025-11-10,3,Flint
SHIP005154,ORD005154,Express,BlueDart,2025-06-20,4,Fort Lauderdale
SHIP005155,ORD005155,Standard,IndiaPost,2026-02-16,5,Jersey City
SHIP005156,ORD005156,Standard,BlueDart,2024-08-03,3,Pittsburgh
SHIP005157,ORD005157,Economy,DHL,2026-01-11,4,Fort Worth
SHIP005159,ORD005159,Standard,Delhivery,2026-03-29,3,Macon
SHIP005160,ORD005160,Standard,DHL,2026-05-22,2,Detroit
SHIP005161,ORD005161,Express,UPS,2022-09-16,5,Miami
SHIP005162,ORD005162,Express,DHL,2025-01-14,8,Boulder
SHIP005163,ORD005163,Standard,DHL,2026-01-06,7,Durham
SHIP005164,ORD005164,Standard,UPS,2025-03-03,8,Tacoma
SHIP005165,ORD005165,Standard,DHL,2024-03-08,8,Flint
SHIP005166,ORD005166,Same-Day,UPS,2025-10-11,6,Augusta
SHIP005167,ORD005167,Same-Day,FedEx,2025-04-27,4,Peoria
SHIP005168,ORD005168,Standard,UPS,2021-07-22,1,Spokane
SHIP005170,ORD005170,Express,UPS,2025-07-14,5,Lowell
SHIP005171,ORD005171,Standard,Delhivery,2020-11-01,3,Reading
SHIP005172,ORD005172,Economy,UPS,2024-07-27,8,Phoenix
SHIP005173,ORD005173,Express,DHL,2023-09-23,4,Macon
SHIP005175,ORD005175,Standard,FedEx,2021-07-16,1,Fort Collins
SHIP005176,ORD005176,Economy,DHL,2026-07-08,9,Boulder
SHIP005177,ORD005177,Standard,Delhivery,2023-02-24,3,Elizabeth
SHIP005178,ORD005178,Standard,Delhivery,2023-07-01,4,Cleveland
SHIP005179,ORD005179,Standard,FedEx,2024-10-19,7,Scottsdale
SHIP005180,ORD005180,Standard,DHL,2025-12-15,3,Ann Arbor
SHIP005181,ORD005181,Standard,IndiaPost,2026-06-24,3,Cambridge
SHIP005184,ORD005184,Standard,UPS,2024-07-01,1,San Antonio
SHIP005186,ORD005186,Express,IndiaPost,2024-09-21,9,Grand Rapids
SHIP005187,ORD005187,Same-Day,BlueDart,2026-05-04,9,Pittsburgh
SHIP005188,ORD005188,Standard,Delhivery,2020-08-04,2,Dallas
SHIP005190,ORD005190,Standard,DHL,2025-07-05,8,Rockford
SHIP005191,ORD005191,Express,FedEx,2025-04-08,6,Tacoma
SHIP005192,ORD005192,Standard,Delhivery,2024-04-30,5,Cleveland
SHIP005193,ORD005193,Standard,UPS,2024-08-07,8,Tucson
SHIP005194,ORD005194,Express,UPS,2026-02-11,3,Tucson
SHIP005196,ORD005196,Standard,UPS,2023-10-07,1,Grand Rapids
SHIP005197,ORD005197,Standard,FedEx,2026-05-25,1,Fort Collins
SHIP005198,ORD005198,Economy,IndiaPost,2026-07-08,1,Los Angeles
SHIP005200,ORD005200,Standard,IndiaPost,2024-12-08,4,Orlando
SHIP005201,ORD005201,Same-Day,BlueDart,2021-06-06,5,Seattle
SHIP005202,ORD005202,Express,Delhivery,2022-03-28,5,Athens
SHIP005203,ORD005203,Same-Day,DHL,2023-04-17,2,Toledo
SHIP005204,ORD005204,Standard,UPS,2022-01-20,2,Phoenix
SHIP005205,ORD005205,Standard,UPS,2021-06-15,9,Toledo
SHIP005207,ORD005207,Same-Day,DHL,2026-07-12,6,Los Angeles
SHIP005210,ORD005210,Express,Delhivery,2026-06-02,8,Boston
SHIP005212,ORD005212,Standard,DHL,2026-04-30,2,Aurora
SHIP005213,ORD005213,Same-Day,UPS,2022-09-14,3,Trenton
SHIP005214,ORD005214,Standard,BlueDart,2022-08-25,2,Macon
SHIP005215,ORD005215,Standard,DHL,2024-02-25,7,Ann Arbor
SHIP005217,ORD005217,Express,IndiaPost,2026-01-27,7,Detroit
SHIP005219,ORD005219,Express,FedEx,2026-04-28,9,Phoenix
SHIP005220,ORD005220,Express,Delhivery,2025-04-06,8,Springfield
SHIP005221,ORD005221,Standard,IndiaPost,2025-02-26,5,Austin
SHIP005222,ORD005222,Same-Day,UPS,2022-11-25,3,Reading
SHIP005224,ORD005224,Standard,FedEx,2024-10-06,6,Jersey City
SHIP005225,ORD005225,Standard,FedEx,2021-09-21,9,Tucson
SHIP005227,ORD005227,Express,IndiaPost,2025-07-05,7,New York City
SHIP005228,ORD005228,Standard,DHL,2023-12-24,1,Springfield
SHIP005230,ORD005230,Standard,BlueDart,2025-07-25,9,Scottsdale
SHIP005233,ORD005233,Standard,UPS,2026-04-27,6,Springfield
SHIP005234,ORD005234,Standard,DHL,2024-08-19,7,San Jose
SHIP005235,ORD005235,Economy,Delhivery,2024-05-23,1,Akron
SHIP005236,ORD005236,Express,IndiaPost,2024-07-18,7,Tacoma
SHIP005237,ORD005237,Economy,UPS,2021-01-30,4,Macon
SHIP005238,ORD005238,Standard,DHL,2025-08-18,1,Springfield
SHIP005239,ORD005239,Same-Day,DHL,2025-03-10,2,Charlotte
SHIP005241,ORD005241,Express,UPS,2021-04-09,8,Toledo
SHIP005242,ORD005242,Same-Day,BlueDart,2021-09-26,2,San Jose
SHIP005243,ORD005243,Standard,UPS,2026-05-16,3,Flint
SHIP005244,ORD005244,Standard,FedEx,2023-04-15,9,Chandler
SHIP005246,ORD005246,Standard,FedEx,2023-09-16,5,Springfield
SHIP005247,ORD005247,Standard,DHL,2026-06-16,1,Flint
SHIP005248,ORD005248,Standard,BlueDart,2025-11-24,4,Springfield
SHIP005250,ORD005250,Standard,Delhivery,2025-05-28,2,Winston-Salem
SHIP005251,ORD005251,Same-Day,UPS,2025-10-10,1,Chandler
SHIP005252,ORD005252,Express,DHL,2025-08-30,4,Denver
SHIP005253,ORD005253,Standard,FedEx,2022-11-27,5,Phoenix
SHIP005254,ORD005254,Same-Day,IndiaPost,2025-09-06,4,Atlanta
SHIP005255,ORD005255,Express,UPS,2026-06-07,2,Jersey City
SHIP005256,ORD005256,Same-Day,Delhivery,2026-08-05,8,Pittsburgh
SHIP005257,ORD005257,Standard,IndiaPost,2026-03-30,1,Pittsburgh
SHIP005258,ORD005258,Standard,Delhivery,2025-12-24,7,Rochester
SHIP005259,ORD005259,Express,Delhivery,2025-07-20,9,Pittsburgh
SHIP005260,ORD005260,Standard,IndiaPost,2026-02-17,4,Fort Collins
SHIP005261,ORD005261,Standard,IndiaPost,2026-03-20,6,Jacksonville
SHIP005262,ORD005262,Express,Delhivery,2022-04-09,9,Greensboro
SHIP005264,ORD005264,Standard,Delhivery,2022-11-15,7,Boulder
SHIP005265,ORD005265,Standard,Delhivery,2024-02-11,6,Charlotte
SHIP005266,ORD005266,Economy,IndiaPost,2024-05-20,8,Rochester
SHIP005267,ORD005267,Same-Day,FedEx,2024-05-31,3,New York City
SHIP005268,ORD005268,Same-Day,Delhivery,2024-02-11,3,Athens
SHIP005270,ORD005270,Standard,Delhivery,2026-03-06,9,Durham
SHIP005271,ORD005271,Standard,FedEx,2024-11-06,7,New York City
SHIP005272,ORD005272,Standard,DHL,2025-11-06,5,Colorado Springs
SHIP005273,ORD005273,Same-Day,IndiaPost,2026-06-10,2,Elizabeth
SHIP005274,ORD005274,Standard,FedEx,2026-05-20,4,Syracuse
SHIP005275,ORD005275,Express,DHL,2024-03-11,2,Columbus
SHIP005276,ORD005276,Standard,FedEx,2025-11-30,9,Jacksonville
SHIP005278,ORD005278,Standard,IndiaPost,2026-07-09,2,Sacramento
SHIP005279,ORD005279,Standard,IndiaPost,2026-01-03,8,Jersey City
SHIP005280,ORD005280,Standard,IndiaPost,2023-06-06,9,Boston
SHIP005281,ORD005281,Express,UPS,2026-07-02,3,Chicago
SHIP005282,ORD005282,Express,IndiaPost,2024-07-07,9,Raleigh
SHIP005283,ORD005283,Same-Day,FedEx,2025-10-03,3,Detroit
SHIP005284,ORD005284,Standard,DHL,2022-04-21,8,Rochester
SHIP005285,ORD005285,Same-Day,FedEx,2025-11-17,6,Paterson
SHIP005286,ORD005286,Standard,BlueDart,2025-03-16,7,Buffalo
SHIP005287,ORD005287,Standard,Delhivery,2023-12-29,6,Seattle
SHIP005288,ORD005288,Standard,UPS,2020-08-04,8,Greensboro
SHIP005290,ORD005290,Standard,Delhivery,2022-07-28,7,Naperville
SHIP005292,ORD005292,Express,UPS,2024-02-09,3,Winston-Salem
SHIP005293,ORD005293,Standard,Delhivery,2026-02-04,6,Ann Arbor
SHIP005294,ORD005294,Standard,IndiaPost,2024-11-09,9,Bellevue
SHIP005295,ORD005295,Standard,BlueDart,2024-04-29,5,Elizabeth
SHIP005296,ORD005296,Standard,IndiaPost,2026-07-19,4,Syracuse
SHIP005298,ORD005298,Same-Day,DHL,2025-11-27,1,San Diego
SHIP005299,ORD005299,Standard,UPS,2026-05-21,3,Colorado Springs
SHIP005300,ORD005300,Express,BlueDart,2022-04-16,1,Winston-Salem
SHIP005301,ORD005301,Express,BlueDart,2024-09-20,8,Bellevue
SHIP005304,ORD005304,Economy,Delhivery,2026-06-10,9,San Antonio
SHIP005305,ORD005305,Express,Delhivery,2026-05-13,3,Akron
SHIP005306,ORD005306,Same-Day,DHL,2024-09-20,2,Philadelphia
SHIP005307,ORD005307,Standard,DHL,2020-06-22,5,Naperville
SHIP005308,ORD005308,Standard,IndiaPost,2019-08-19,6,Cincinnati
SHIP005310,ORD005310,Standard,BlueDart,2026-02-14,7,Syracuse
SHIP005311,ORD005311,Same-Day,UPS,2026-03-02,7,Macon
SHIP005312,ORD005312,Standard,Delhivery,2025-12-07,4,Durham
SHIP005313,ORD005313,Standard,UPS,2026-07-09,9,Winston-Salem
SHIP005314,ORD005314,Standard,Delhivery,2026-07-07,3,Fort Lauderdale
SHIP005315,ORD005315,Standard,FedEx,2023-07-31,8,Orlando
SHIP005316,ORD005316,Economy,IndiaPost,2024-09-24,4,Everett
SHIP005317,ORD005317,Express,DHL,2026-03-20,7,Jacksonville
SHIP005318,ORD005318,Economy,FedEx,2025-04-23,5,Scottsdale
SHIP005320,ORD005320,Standard,IndiaPost,2026-07-23,5,Newark
SHIP005321,ORD005321,Standard,BlueDart,2024-03-07,9,Greensboro
SHIP005322,ORD005322,Express,DHL,2021-12-23,9,Savannah
SHIP005323,ORD005323,Express,IndiaPost,2024-08-31,5,San Diego
SHIP005324,ORD005324,Express,UPS,2023-08-27,3,Lowell
SHIP005326,ORD005326,Express,IndiaPost,2023-10-04,7,Buffalo
SHIP005328,ORD005328,Standard,IndiaPost,2025-11-27,1,Reading
SHIP005330,ORD005330,Same-Day,FedEx,2024-03-27,4,Lansing
SHIP005332,ORD005332,Standard,BlueDart,2025-05-22,7,Albany
SHIP005333,ORD005333,Standard,IndiaPost,2026-03-11,1,Augusta
SHIP005334,ORD005334,Express,FedEx,2026-04-22,9,Aurora
SHIP005335,ORD005335,Standard,FedEx,2021-04-29,2,San Francisco
SHIP005336,ORD005336,Same-Day,DHL,2025-07-24,1,Savannah
SHIP005337,ORD005337,Standard,IndiaPost,2025-12-22,4,San Diego
SHIP005338,ORD005338,Express,BlueDart,2026-04-08,5,Akron
SHIP005339,ORD005339,Economy,IndiaPost,2026-04-28,1,Jersey City
SHIP005341,ORD005341,Economy,BlueDart,2025-06-17,4,Fort Lauderdale
SHIP005342,ORD005342,Standard,Delhivery,2026-07-13,8,Miami
SHIP005343,ORD005343,Standard,UPS,2020-07-21,8,Flint
SHIP005344,ORD005344,Economy,DHL,2021-06-29,8,Winston-Salem
SHIP005345,ORD005345,Standard,IndiaPost,2024-09-13,1,Athens
SHIP005346,ORD005346,Express,BlueDart,2022-02-09,9,San Jose
SHIP005347,ORD005347,Standard,DHL,2025-05-10,7,Boulder
SHIP005348,ORD005348,Express,Delhivery,2020-03-21,2,Chandler
SHIP005349,ORD005349,Express,BlueDart,2025-12-04,7,Naperville
SHIP005351,ORD005351,Standard,UPS,2026-04-21,5,Lansing
SHIP005352,ORD005352,Standard,Delhivery,2024-07-01,7,Raleigh
SHIP005353,ORD005353,Standard,IndiaPost,2026-07-02,1,Savannah
SHIP005354,ORD005354,Standard,UPS,2024-05-02,3,Toledo
SHIP005355,ORD005355,Standard,FedEx,2022-02-18,2,Tucson
SHIP005356,ORD005356,Same-Day,UPS,2022-07-01,1,Buffalo
SHIP005357,ORD005357,Standard,FedEx,2025-06-25,5,Augusta
SHIP005358,ORD005358,Express,FedEx,2026-06-18,8,Orlando
SHIP005359,ORD005359,Standard,Delhivery,2024-01-21,9,Newark
SHIP005360,ORD005360,Standard,Delhivery,2025-04-14,8,Philadelphia
SHIP005361,ORD005361,Economy,Delhivery,2025-10-06,7,Columbus
SHIP005362,ORD005362,Standard,Delhivery,2023-12-13,5,Naperville
SHIP005364,ORD005364,Standard,IndiaPost,2026-02-13,6,Philadelphia
SHIP005365,ORD005365,Express,BlueDart,2023-10-11,5,San Jose
SHIP005366,ORD005366,Economy,IndiaPost,2025-11-27,5,Paterson
SHIP005368,ORD005368,Standard,FedEx,2024-03-14,2,Fort Lauderdale
SHIP005370,ORD005370,Economy,UPS,2024-06-16,7,Denver
SHIP005371,ORD005371,Economy,BlueDart,2025-05-05,9,Raleigh
SHIP005372,ORD005372,Same-Day,FedEx,2026-01-07,6,Boston
SHIP005373,ORD005373,Standard,BlueDart,2024-01-02,7,Newark
SHIP005374,ORD005374,Standard,IndiaPost,2023-05-13,2,Columbus
SHIP005375,ORD005375,Express,IndiaPost,2026-04-16,4,Athens
SHIP005376,ORD005376,Standard,IndiaPost,2026-08-07,9,Macon
SHIP005377,ORD005377,Standard,IndiaPost,2024-09-16,8,Cincinnati
SHIP005378,ORD005378,Standard,UPS,2025-05-29,3,Springfield
SHIP005379,ORD005379,Standard,BlueDart,2024-08-20,5,Orlando
SHIP005380,ORD005380,Same-Day,Delhivery,2025-04-06,8,Buffalo
SHIP005381,ORD005381,Standard,Delhivery,2025-05-10,9,Akron
SHIP005382,ORD005382,Standard,BlueDart,2026-03-02,7,Springfield
SHIP005383,ORD005383,Standard,UPS,2026-06-30,8,Ann Arbor
SHIP005384,ORD005384,Standard,UPS,2024-10-19,7,Scottsdale
SHIP005385,ORD005385,Express,FedEx,2026-05-11,1,Winston-Salem
SHIP005386,ORD005386,Standard,BlueDart,2023-06-18,6,Mesa
SHIP005387,ORD005387,Express,DHL,2024-10-22,3,Ann Arbor
SHIP005388,ORD005388,Express,FedEx,2025-08-24,4,Reading
SHIP005389,ORD005389,Express,UPS,2026-07-28,5,Macon
SHIP005390,ORD005390,Standard,DHL,2024-12-11,1,Rochester
SHIP005395,ORD005395,Express,UPS,2026-05-04,1,Pittsburgh
SHIP005396,ORD005396,Standard,Delhivery,2021-08-24,8,Sacramento
SHIP005398,ORD005398,Standard,BlueDart,2025-09-18,7,Mesa
SHIP005399,ORD005399,Express,IndiaPost,2023-05-01,5,Atlanta
SHIP005400,ORD005400,Standard,FedEx,2026-06-03,8,Toledo
SHIP005401,ORD005401,Express,DHL,2026-03-13,4,San Diego
SHIP005402,ORD005402,Express,FedEx,2023-12-14,3,Mesa
SHIP005404,ORD005404,Standard,BlueDart,2025-08-03,2,Reading
SHIP005405,ORD005405,Economy,UPS,2025-06-05,5,Savannah
SHIP005406,ORD005406,Express,Delhivery,2026-03-19,2,Los Angeles
SHIP005407,ORD005407,Standard,Delhivery,2025-08-02,7,Cincinnati
SHIP005408,ORD005408,Standard,UPS,2024-06-16,3,Buffalo
SHIP005409,ORD005409,Same-Day,IndiaPost,2022-09-04,5,Boston
SHIP005410,ORD005410,Standard,Delhivery,2025-01-19,9,Pittsburgh
SHIP005411,ORD005411,Express,BlueDart,2026-05-04,4,Grand Rapids
SHIP005414,ORD005414,Standard,UPS,2026-05-25,7,Springfield
SHIP005415,ORD005415,Express,FedEx,2023-06-10,5,Springfield
SHIP005416,ORD005416,Standard,FedEx,2023-03-31,1,Boulder
SHIP005417,ORD005417,Economy,BlueDart,2024-05-03,1,Augusta
SHIP005418,ORD005418,Express,BlueDart,2025-03-04,3,Columbus
SHIP005419,ORD005419,Standard,DHL,2025-10-01,4,Lowell
SHIP005420,ORD005420,Economy,UPS,2025-01-11,5,Tucson
SHIP005421,ORD005421,Standard,Delhivery,2024-05-05,8,Seattle
SHIP005422,ORD005422,Standard,IndiaPost,2022-05-26,4,Mesa
SHIP005423,ORD005423,Standard,DHL,2023-12-02,2,Cincinnati
SHIP005424,ORD005424,Express,BlueDart,2026-06-20,7,Lansing
SHIP005425,ORD005425,Standard,DHL,2023-01-30,5,Everett
SHIP005426,ORD005426,Standard,FedEx,2022-08-18,5,Winston-Salem
SHIP005427,ORD005427,Same-Day,FedEx,2026-08-01,2,Allentown
SHIP005428,ORD005428,Standard,DHL,2025-06-20,8,Trenton
SHIP005429,ORD005429,Standard,FedEx,2023-08-22,3,Houston
SHIP005430,ORD005430,Standard,Delhivery,2022-02-14,4,Scottsdale
SHIP005431,ORD005431,Express,Delhivery,2025-07-06,2,Erie
SHIP005432,ORD005432,Standard,FedEx,2025-11-19,5,Charlotte
SHIP005433,ORD005433,Express,UPS,2023-11-15,5,Los Angeles
SHIP005434,ORD005434,Express,BlueDart,2026-03-25,7,Lowell
SHIP005435,ORD005435,Economy,BlueDart,2023-06-08,1,Akron
SHIP005436,ORD005436,Standard,UPS,2024-10-20,6,Fort Worth
SHIP005438,ORD005438,Economy,FedEx,2026-02-06,8,Flint
SHIP005439,ORD005439,Express,UPS,2026-06-02,2,New York City
SHIP005440,ORD005440,Express,DHL,2025-10-27,5,Spokane
SHIP005441,ORD005441,Express,Delhivery,2025-05-14,9,Orlando
SHIP005442,ORD005442,Standard,IndiaPost,2026-01-17,9,Detroit
SHIP005443,ORD005443,Express,DHL,2025-12-07,1,Boston
SHIP005444,ORD005444,Economy,IndiaPost,2025-01-30,5,Newark
SHIP005446,ORD005446,Same-Day,IndiaPost,2026-03-14,5,Fort Worth
SHIP005447,ORD005447,Express,IndiaPost,2023-12-29,6,Atlanta
SHIP005448,ORD005448,Economy,DHL,2025-07-16,9,Everett
SHIP005449,ORD005449,Standard,IndiaPost,2022-11-23,4,Allentown
SHIP005450,ORD005450,Express,IndiaPost,2026-06-30,8,Reading
SHIP005451,ORD005451,Economy,DHL,2021-05-22,2,Phoenix
SHIP005453,ORD005453,Same-Day,UPS,2026-03-22,3,Sacramento
SHIP005454,ORD005454,Express,DHL,2025-11-29,7,Jersey City
SHIP005455,ORD005455,Express,Delhivery,2020-08-30,7,Reading
SHIP005456,ORD005456,Standard,IndiaPost,2025-06-06,7,Durham
SHIP005458,ORD005458,Standard,UPS,2026-07-31,2,Los Angeles
SHIP005459,ORD005459,Standard,UPS,2023-10-27,9,Spokane
SHIP005460,ORD005460,Standard,DHL,2025-11-09,5,San Diego
SHIP005461,ORD005461,Same-Day,BlueDart,2024-12-23,3,Boulder
SHIP005462,ORD005462,Same-Day,IndiaPost,2024-08-13,9,Orlando
SHIP005463,ORD005463,Standard,UPS,2025-04-26,5,Paterson
SHIP005464,ORD005464,Express,IndiaPost,2024-04-02,8,Lansing
SHIP005465,ORD005465,Standard,UPS,2025-08-02,8,Lowell
SHIP005467,ORD005467,Express,IndiaPost,2026-04-09,4,Greensboro
SHIP005468,ORD005468,Economy,BlueDart,2023-02-07,1,Savannah
SHIP005470,ORD005470,Same-Day,Delhivery,2025-08-24,4,Lowell
SHIP005472,ORD005472,Standard,Delhivery,2020-02-09,8,Mesa
SHIP005473,ORD005473,Standard,FedEx,2021-07-08,9,Colorado Springs
SHIP005474,ORD005474,Standard,UPS,2025-12-27,4,Toledo
SHIP005475,ORD005475,Standard,BlueDart,2025-01-29,3,Chicago
SHIP005476,ORD005476,Standard,BlueDart,2020-12-24,8,Worcester
SHIP005477,ORD005477,Economy,FedEx,2026-01-13,8,Paterson
SHIP005478,ORD005478,Express,BlueDart,2024-01-15,4,Peoria
SHIP005479,ORD005479,Standard,IndiaPost,2026-07-20,7,Trenton
SHIP005480,ORD005480,Same-Day,UPS,2025-10-12,1,Columbus
SHIP005481,ORD005481,Same-Day,FedEx,2026-01-03,3,Pittsburgh
SHIP005482,ORD005482,Standard,UPS,2022-08-30,8,Rockford
SHIP005483,ORD005483,Same-Day,FedEx,2026-02-13,7,Rockford
SHIP005485,ORD005485,Express,FedEx,2023-01-14,3,Tampa
SHIP005486,ORD005486,Standard,DHL,2023-09-18,7,San Francisco
SHIP005487,ORD005487,Standard,IndiaPost,2025-04-02,4,Ann Arbor
SHIP005488,ORD005488,Economy,IndiaPost,2023-07-13,6,Jersey City
SHIP005489,ORD005489,Economy,FedEx,2026-06-14,5,Colorado Springs
SHIP005490,ORD005490,Standard,DHL,2025-07-04,5,Chicago
SHIP005492,ORD005492,Standard,FedEx,2023-07-24,5,Grand Rapids
SHIP005493,ORD005493,Economy,UPS,2025-04-04,8,Orlando
SHIP005494,ORD005494,Standard,UPS,2025-04-15,4,Cambridge
SHIP005495,ORD005495,Standard,IndiaPost,2020-01-30,1,Phoenix
SHIP005496,ORD005496,Economy,IndiaPost,2025-10-11,1,Worcester
SHIP005497,ORD005497,Standard,FedEx,2025-06-05,5,Scottsdale
SHIP005498,ORD005498,Standard,IndiaPost,2025-12-05,2,Athens
SHIP005499,ORD005499,Express,DHL,2020-07-16,7,Jacksonville
SHIP005500,ORD005500,Standard,DHL,2023-12-10,5,Philadelphia
SHIP005501,ORD005501,Standard,DHL,2025-08-06,1,Elizabeth
SHIP005502,ORD005502,Express,Delhivery,2024-10-06,8,Naperville
SHIP005504,ORD005504,Same-Day,Delhivery,2026-03-17,8,Reading
SHIP005505,ORD005505,Standard,Delhivery,2025-08-26,5,Greensboro
SHIP005506,ORD005506,Standard,BlueDart,2024-12-21,6,Detroit
SHIP005507,ORD005507,Standard,Delhivery,2026-07-23,9,Dallas
SHIP005508,ORD005508,Standard,Delhivery,2025-12-20,7,Elizabeth
SHIP005512,ORD005512,Same-Day,IndiaPost,2025-07-24,2,Peoria
SHIP005514,ORD005514,Standard,UPS,2026-02-15,4,Jacksonville
SHIP005517,ORD005517,Express,FedEx,2025-05-13,3,San Francisco
SHIP005518,ORD005518,Standard,BlueDart,2024-09-23,3,Augusta
SHIP005519,ORD005519,Standard,Delhivery,2026-06-22,8,Grand Rapids
SHIP005520,ORD005520,Standard,Delhivery,2024-03-28,9,Albany
SHIP005522,ORD005522,Standard,BlueDart,2025-03-16,8,Raleigh
SHIP005523,ORD005523,Standard,Delhivery,2023-03-23,4,Denver
SHIP005524,ORD005524,Standard,IndiaPost,2025-12-07,6,Allentown
SHIP005525,ORD005525,Standard,BlueDart,2025-10-31,2,Aurora
SHIP005526,ORD005526,Express,UPS,2024-05-18,2,Houston
SHIP005527,ORD005527,Standard,FedEx,2023-01-02,9,Worcester
SHIP005528,ORD005528,Express,Delhivery,2025-12-15,7,Austin
SHIP005529,ORD005529,Express,IndiaPost,2024-10-14,2,Boulder
SHIP005530,ORD005530,Standard,Delhivery,2026-06-11,5,Buffalo
SHIP005531,ORD005531,Standard,BlueDart,2025-11-03,8,Cincinnati
SHIP005532,ORD005532,Standard,DHL,2024-03-10,4,Aurora
SHIP005533,ORD005533,Standard,BlueDart,2025-11-25,5,Grand Rapids
SHIP005534,ORD005534,Standard,BlueDart,2023-04-08,3,Spokane
SHIP005535,ORD005535,Standard,DHL,2026-03-14,3,Pittsburgh
SHIP005536,ORD005536,Standard,BlueDart,2026-04-21,5,Fort Lauderdale
SHIP005538,ORD005538,Express,UPS,2026-04-03,5,Springfield
SHIP005540,ORD005540,Standard,IndiaPost,2025-06-04,2,Phoenix
SHIP005541,ORD005541,Express,UPS,2024-01-04,6,Augusta
SHIP005542,ORD005542,Standard,UPS,2025-11-11,3,Houston
SHIP005543,ORD005543,Express,DHL,2025-07-13,6,Everett
SHIP005544,ORD005544,Economy,IndiaPost,2022-03-19,2,San Jose
SHIP005545,ORD005545,Standard,FedEx,2024-05-07,1,Toledo
SHIP005546,ORD005546,Standard,Delhivery,2025-08-15,3,Erie
SHIP005550,ORD005550,Express,FedEx,2021-02-08,4,Springfield
SHIP005551,ORD005551,Express,Delhivery,2026-04-27,5,Worcester
SHIP005552,ORD005552,Express,Delhivery,2025-01-20,3,Scottsdale
SHIP005553,ORD005553,Standard,FedEx,2024-09-29,2,Houston
SHIP005554,ORD005554,Express,Delhivery,2026-02-21,1,Reading
SHIP005555,ORD005555,Standard,BlueDart,2023-06-16,4,Ann Arbor
SHIP005556,ORD005556,Standard,DHL,2025-06-30,5,Paterson
SHIP005557,ORD005557,Express,IndiaPost,2024-12-07,6,Denver
SHIP005558,ORD005558,Standard,FedEx,2026-04-14,7,Grand Rapids
SHIP005559,ORD005559,Same-Day,IndiaPost,2023-07-06,1,Toledo
SHIP005560,ORD005560,Express,UPS,2021-08-25,5,Jacksonville
SHIP005561,ORD005561,Same-Day,DHL,2026-06-13,7,Rockford
SHIP005562,ORD005562,Standard,UPS,2025-02-28,3,New York City
SHIP005563,ORD005563,Express,FedEx,2024-11-16,9,Atlanta
SHIP005564,ORD005564,Express,BlueDart,2025-03-09,2,Tampa
SHIP005565,ORD005565,Same-Day,BlueDart,2023-01-27,7,Cleveland
SHIP005566,ORD005566,Express,Delhivery,2022-01-12,2,Miami
SHIP005567,ORD005567,Express,DHL,2023-10-23,5,San Antonio
SHIP005568,ORD005568,Standard,DHL,2024-05-27,4,Houston
SHIP005569,ORD005569,Standard,FedEx,2026-07-08,2,Jersey City
SHIP005570,ORD005570,Standard,DHL,2024-05-10,3,San Diego
SHIP005571,ORD005571,Standard,DHL,2026-02-06,1,Chicago
SHIP005572,ORD005572,Same-Day,UPS,2024-01-19,5,Naperville
SHIP005573,ORD005573,Standard,Delhivery,2024-10-02,1,Winston-Salem
SHIP005574,ORD005574,Standard,DHL,2026-04-03,9,Austin
SHIP005575,ORD005575,Standard,BlueDart,2022-09-22,6,Spokane
SHIP005576,ORD005576,Standard,BlueDart,2023-10-28,8,Detroit
SHIP005578,ORD005578,Standard,UPS,2025-06-20,1,Miami
SHIP005579,ORD005579,Standard,UPS,2026-05-04,1,Tampa
SHIP005580,ORD005580,Standard,IndiaPost,2026-02-06,1,Miami
SHIP005581,ORD005581,Express,DHL,2023-06-01,3,Cincinnati
SHIP005582,ORD005582,Standard,BlueDart,2025-09-19,5,Sacramento
SHIP005583,ORD005583,Same-Day,Delhivery,2026-07-21,1,Allentown
SHIP005584,ORD005584,Standard,Delhivery,2024-08-22,4,Phoenix
SHIP005585,ORD005585,Standard,BlueDart,2025-06-26,7,Los Angeles
SHIP005586,ORD005586,Express,BlueDart,2023-08-06,2,Worcester
SHIP005587,ORD005587,Express,DHL,2026-03-13,2,Flint
SHIP005588,ORD005588,Standard,UPS,2026-04-06,2,Everett
SHIP005589,ORD005589,Standard,Delhivery,2023-12-18,5,New York City
SHIP005590,ORD005590,Standard,BlueDart,2026-02-16,3,Dallas
SHIP005591,ORD005591,Express,IndiaPost,2023-10-15,7,Elizabeth
SHIP005592,ORD005592,Standard,Delhivery,2026-04-01,9,Boston
SHIP005593,ORD005593,Same-Day,IndiaPost,2022-12-13,1,Cambridge
SHIP005594,ORD005594,Economy,FedEx,2024-02-09,8,Los Angeles
SHIP005596,ORD005596,Standard,BlueDart,2023-04-12,3,Athens
SHIP005597,ORD005597,Standard,BlueDart,2025-02-11,6,Seattle
SHIP005598,ORD005598,Express,IndiaPost,2021-08-23,7,Mesa
SHIP005599,ORD005599,Standard,FedEx,2024-01-14,7,Grand Rapids
SHIP005600,ORD005600,Standard,UPS,2022-07-24,3,Detroit
SHIP005601,ORD005601,Express,UPS,2023-10-06,4,Lansing
SHIP005602,ORD005602,Standard,DHL,2020-02-03,9,Sacramento
SHIP005603,ORD005603,Standard,FedEx,2022-03-13,3,Everett
SHIP005604,ORD005604,Same-Day,IndiaPost,2021-10-24,1,Los Angeles
SHIP005605,ORD005605,Standard,BlueDart,2026-05-06,8,Jacksonville
SHIP005607,ORD005607,Standard,DHL,2025-07-26,3,Chandler
SHIP005609,ORD005609,Express,DHL,2025-05-03,4,San Jose
SHIP005611,ORD005611,Economy,BlueDart,2024-11-17,2,Winston-Salem
SHIP005612,ORD005612,Same-Day,BlueDart,2025-01-05,6,Scottsdale
SHIP005613,ORD005613,Standard,Delhivery,2023-04-24,9,Seattle
SHIP005614,ORD005614,Standard,BlueDart,2025-02-27,7,San Francisco
SHIP005615,ORD005615,Standard,Delhivery,2026-04-02,1,Austin
SHIP005616,ORD005616,Economy,UPS,2025-04-25,7,Rockford
SHIP005617,ORD005617,Standard,FedEx,2022-08-14,9,Fort Lauderdale
SHIP005619,ORD005619,Express,BlueDart,2025-05-28,1,Orlando
SHIP005620,ORD005620,Standard,Delhivery,2021-07-12,9,Springfield
SHIP005621,ORD005621,Economy,DHL,2021-01-30,3,Miami
SHIP005622,ORD005622,Same-Day,IndiaPost,2023-08-13,2,Phoenix
SHIP005623,ORD005623,Standard,DHL,2026-03-02,1,Toledo
SHIP005625,ORD005625,Economy,UPS,2025-01-22,1,Trenton
SHIP005626,ORD005626,Economy,IndiaPost,2026-06-25,3,Greensboro
SHIP005627,ORD005627,Same-Day,DHL,2026-01-06,4,Jersey City
SHIP005629,ORD005629,Same-Day,UPS,2025-02-14,1,Winston-Salem
SHIP005631,ORD005631,Standard,Delhivery,2026-04-28,7,Miami
SHIP005632,ORD005632,Standard,DHL,2025-12-25,7,Tampa
SHIP005633,ORD005633,Standard,UPS,2025-04-23,3,Flint
SHIP005634,ORD005634,Same-Day,Delhivery,2023-07-14,7,Phoenix
SHIP005636,ORD005636,Standard,IndiaPost,2020-09-04,3,Grand Rapids
SHIP005637,ORD005637,Standard,DHL,2023-09-25,7,Trenton
SHIP005638,ORD005638,Standard,BlueDart,2026-07-23,9,Philadelphia
SHIP005639,ORD005639,Same-Day,UPS,2023-07-17,7,San Jose
SHIP005640,ORD005640,Standard,DHL,2026-06-24,2,Sacramento
SHIP005641,ORD005641,Standard,DHL,2026-04-28,2,Buffalo
SHIP005642,ORD005642,Standard,IndiaPost,2022-02-16,9,Dallas
SHIP005643,ORD005643,Standard,IndiaPost,2026-07-29,9,Akron
SHIP005644,ORD005644,Standard,BlueDart,2021-08-19,8,Syracuse
SHIP005645,ORD005645,Express,UPS,2026-07-26,3,Toledo
SHIP005646,ORD005646,Standard,UPS,2022-08-05,1,Peoria
SHIP005648,ORD005648,Standard,FedEx,2024-07-11,7,Jersey City
SHIP005650,ORD005650,Standard,DHL,2025-07-19,6,Cambridge
SHIP005651,ORD005651,Standard,IndiaPost,2026-02-16,2,Bellevue
SHIP005652,ORD005652,Standard,FedEx,2022-06-20,7,Naperville
SHIP005653,ORD005653,Express,DHL,2022-12-07,8,Everett
SHIP005654,ORD005654,Express,FedEx,2025-08-01,5,Athens
SHIP005655,ORD005655,Standard,BlueDart,2025-11-27,4,Jersey City
SHIP005656,ORD005656,Standard,FedEx,2026-06-07,6,Jersey City
SHIP005657,ORD005657,Standard,Delhivery,2026-04-16,9,Austin
SHIP005658,ORD005658,Standard,IndiaPost,2025-11-18,9,Cambridge
SHIP005659,ORD005659,Express,BlueDart,2025-09-02,9,Elizabeth
SHIP005661,ORD005661,Same-Day,DHL,2026-07-06,4,Dallas
SHIP005662,ORD005662,Standard,UPS,2025-01-18,3,Lansing
SHIP005663,ORD005663,Economy,IndiaPost,2026-01-21,4,Orlando
SHIP005664,ORD005664,Express,Delhivery,2025-02-19,6,Seattle
SHIP005665,ORD005665,Express,UPS,2025-02-22,2,Jersey City
SHIP005666,ORD005666,Standard,FedEx,2025-07-03,5,Springfield
SHIP005667,ORD005667,Standard,BlueDart,2026-03-17,3,Springfield
SHIP005669,ORD005669,Express,DHL,2024-09-12,3,New York City
SHIP005670,ORD005670,Standard,IndiaPost,2023-08-30,5,Akron
SHIP005671,ORD005671,Same-Day,UPS,2021-12-12,7,Jacksonville
SHIP005672,ORD005672,Standard,DHL,2025-01-23,9,Allentown
SHIP005673,ORD005673,Same-Day,DHL,2022-10-20,6,Scottsdale
SHIP005674,ORD005674,Standard,BlueDart,2024-12-24,4,Paterson
SHIP005675,ORD005675,Standard,FedEx,2026-02-23,5,Detroit
SHIP005677,ORD005677,Express,DHL,2026-04-21,1,Ann Arbor
SHIP005678,ORD005678,Express,UPS,2026-03-21,6,Lansing
SHIP005679,ORD005679,Standard,DHL,2026-07-09,9,Lowell
SHIP005680,ORD005680,Standard,FedEx,2024-07-16,6,Atlanta
SHIP005681,ORD005681,Same-Day,BlueDart,2026-06-12,1,Macon
SHIP005682,ORD005682,Same-Day,BlueDart,2026-07-03,9,Erie
SHIP005683,ORD005683,Express,Delhivery,2026-02-06,5,Akron
SHIP005684,ORD005684,Standard,IndiaPost,2025-08-22,7,Pittsburgh
SHIP005685,ORD005685,Standard,Delhivery,2026-07-10,7,Peoria
SHIP005686,ORD005686,Express,BlueDart,2022-09-16,6,Erie
SHIP005687,ORD005687,Standard,UPS,2025-12-07,8,Newark
SHIP005688,ORD005688,Standard,DHL,2023-01-07,6,Rochester
SHIP005689,ORD005689,Same-Day,UPS,2025-11-11,7,Tucson
SHIP005690,ORD005690,Standard,UPS,2024-11-23,1,Everett
SHIP005691,ORD005691,Standard,BlueDart,2025-11-14,7,Bellevue
SHIP005692,ORD005692,Standard,Delhivery,2025-01-22,6,Sacramento
SHIP005695,ORD005695,Express,DHL,2025-05-19,7,Philadelphia
SHIP005697,ORD005697,Economy,DHL,2026-07-17,6,Rochester
SHIP005698,ORD005698,Standard,UPS,2026-05-08,4,Worcester
SHIP005699,ORD005699,Standard,Delhivery,2024-09-08,3,Everett
SHIP005700,ORD005700,Standard,BlueDart,2026-07-03,4,Ann Arbor
SHIP005704,ORD005704,Express,Delhivery,2024-10-21,1,New York City
SHIP005705,ORD005705,Standard,Delhivery,2025-01-09,9,Durham
SHIP005706,ORD005706,Express,IndiaPost,2026-07-18,6,Augusta
SHIP005707,ORD005707,Economy,FedEx,2025-06-10,7,Los Angeles
SHIP005708,ORD005708,Express,Delhivery,2025-04-08,1,Rockford
SHIP005709,ORD005709,Economy,UPS,2025-12-04,9,Savannah
SHIP005710,ORD005710,Standard,Delhivery,2026-06-07,1,Mesa
SHIP005711,ORD005711,Express,UPS,2023-05-11,3,Philadelphia
SHIP005713,ORD005713,Economy,DHL,2024-12-04,3,Tucson
SHIP005715,ORD005715,Standard,Delhivery,2024-11-21,9,Denver
SHIP005716,ORD005716,Standard,DHL,2025-06-16,3,Boston
SHIP005717,ORD005717,Express,BlueDart,2026-04-14,4,Dallas
SHIP005718,ORD005718,Standard,DHL,2021-06-13,4,Spokane
SHIP005719,ORD005719,Express,IndiaPost,2025-11-25,9,San Jose
SHIP005720,ORD005720,Standard,DHL,2022-12-12,5,Orlando
SHIP005721,ORD005721,Economy,Delhivery,2024-07-12,3,Buffalo
SHIP005722,ORD005722,Express,IndiaPost,2024-06-23,8,Peoria
SHIP005723,ORD005723,Same-Day,UPS,2025-04-21,8,Winston-Salem
SHIP005725,ORD005725,Same-Day,IndiaPost,2023-09-29,6,Cincinnati
SHIP005726,ORD005726,Standard,IndiaPost,2025-09-18,8,Phoenix
SHIP005727,ORD005727,Express,Delhivery,2026-04-01,3,Worcester
SHIP005728,ORD005728,Economy,FedEx,2025-06-14,4,Toledo
SHIP005729,ORD005729,Standard,UPS,2025-12-25,8,Charlotte
SHIP005730,ORD005730,Same-Day,UPS,2025-09-26,6,Paterson
SHIP005731,ORD005731,Express,DHL,2022-09-23,9,New York City
SHIP005732,ORD005732,Standard,Delhivery,2024-03-21,5,Augusta
SHIP005734,ORD005734,Standard,Delhivery,2024-11-26,4,Cincinnati
SHIP005735,ORD005735,Same-Day,UPS,2023-11-05,6,Elizabeth
SHIP005736,ORD005736,Same-Day,UPS,2023-12-09,9,Spokane
SHIP005737,ORD005737,Standard,BlueDart,2024-02-05,8,Charlotte
SHIP005738,ORD005738,Express,BlueDart,2026-03-02,6,Springfield
SHIP005739,ORD005739,Express,DHL,2021-12-19,3,Houston
SHIP005740,ORD005740,Express,UPS,2020-11-24,3,Boston
SHIP005741,ORD005741,Standard,IndiaPost,2025-03-31,4,Athens
SHIP005742,ORD005742,Standard,IndiaPost,2023-05-01,7,Cleveland
SHIP005743,ORD005743,Standard,UPS,2022-12-30,4,Springfield
SHIP005744,ORD005744,Standard,Delhivery,2026-06-03,4,Philadelphia
SHIP005746,ORD005746,Standard,IndiaPost,2022-10-02,3,Spokane
SHIP005747,ORD005747,Standard,IndiaPost,2024-06-30,9,Savannah
SHIP005748,ORD005748,Express,Delhivery,2024-03-06,5,Spokane
SHIP005749,ORD005749,Standard,UPS,2026-01-24,2,Fort Lauderdale
SHIP005750,ORD005750,Express,IndiaPost,2024-09-22,8,Tacoma
SHIP005751,ORD005751,Economy,DHL,2025-09-16,6,Macon
SHIP005752,ORD005752,Express,DHL,2026-07-26,3,Syracuse
SHIP005753,ORD005753,Express,FedEx,2024-01-03,4,Peoria
SHIP005754,ORD005754,Standard,BlueDart,2026-04-02,9,Pittsburgh
SHIP005755,ORD005755,Express,BlueDart,2021-01-19,6,Dallas
SHIP005756,ORD005756,Standard,DHL,2026-07-16,7,Jacksonville
SHIP005758,ORD005758,Economy,Delhivery,2025-11-09,8,Winston-Salem
SHIP005760,ORD005760,Standard,FedEx,2025-07-16,1,Miami
SHIP005761,ORD005761,Express,IndiaPost,2023-09-12,3,New York City
SHIP005762,ORD005762,Standard,IndiaPost,2026-07-08,6,Springfield
SHIP005763,ORD005763,Standard,Delhivery,2026-07-08,9,Orlando
SHIP005764,ORD005764,Same-Day,UPS,2026-06-28,4,Sacramento
SHIP005765,ORD005765,Standard,UPS,2026-05-10,5,Austin
SHIP005767,ORD005767,Express,UPS,2026-01-09,5,Tacoma
SHIP005768,ORD005768,Standard,DHL,2024-02-24,2,Austin
SHIP005769,ORD005769,Standard,FedEx,2023-10-31,4,Cincinnati
SHIP005770,ORD005770,Standard,BlueDart,2024-10-27,3,Phoenix
SHIP005771,ORD005771,Standard,UPS,2025-06-07,9,Lowell
SHIP005772,ORD005772,Express,BlueDart,2025-06-11,4,Fort Worth
SHIP005773,ORD005773,Standard,DHL,2025-04-10,5,Syracuse
SHIP005774,ORD005774,Economy,FedEx,2026-05-06,3,Pittsburgh
SHIP005776,ORD005776,Express,BlueDart,2025-07-15,7,Boston
SHIP005777,ORD005777,Standard,DHL,2025-06-21,8,Athens
SHIP005780,ORD005780,Same-Day,Delhivery,2025-03-20,1,Allentown
SHIP005781,ORD005781,Express,Delhivery,2024-08-02,6,Boston
SHIP005782,ORD005782,Standard,IndiaPost,2024-12-30,6,Ann Arbor
SHIP005783,ORD005783,Standard,IndiaPost,2024-02-19,9,Boulder
SHIP005785,ORD005785,Standard,UPS,2024-09-13,2,Durham
SHIP005786,ORD005786,Standard,UPS,2024-12-24,1,Los Angeles
SHIP005787,ORD005787,Standard,DHL,2026-02-08,4,Philadelphia
SHIP005788,ORD005788,Standard,FedEx,2026-06-20,1,Allentown
SHIP005789,ORD005789,Economy,IndiaPost,2023-07-24,7,Grand Rapids
SHIP005790,ORD005790,Economy,DHL,2024-10-09,8,Charlotte
SHIP005792,ORD005792,Standard,IndiaPost,2025-11-21,6,Mesa
SHIP005793,ORD005793,Express,IndiaPost,2022-12-06,7,Durham
SHIP005797,ORD005797,Standard,DHL,2025-11-17,3,Springfield
SHIP005799,ORD005799,Standard,UPS,2025-03-23,5,Grand Rapids
SHIP005800,ORD005800,Standard,DHL,2025-03-04,5,Springfield
SHIP005801,ORD005801,Standard,FedEx,2021-06-05,2,Colorado Springs
SHIP005802,ORD005802,Standard,DHL,2025-03-15,3,Charlotte
SHIP005803,ORD005803,Same-Day,IndiaPost,2025-09-30,2,Naperville
SHIP005804,ORD005804,Standard,FedEx,2023-02-06,7,Cleveland
SHIP005805,ORD005805,Express,Delhivery,2020-09-21,8,Sacramento
SHIP005806,ORD005806,Standard,BlueDart,2026-07-10,5,Peoria
SHIP005807,ORD005807,Standard,IndiaPost,2024-09-19,9,Denver
SHIP005808,ORD005808,Express,BlueDart,2025-06-18,1,Los Angeles
SHIP005809,ORD005809,Economy,BlueDart,2024-03-23,8,Peoria
SHIP005811,ORD005811,Standard,FedEx,2026-06-18,8,Winston-Salem
SHIP005812,ORD005812,Express,Delhivery,2024-02-05,8,Toledo
SHIP005815,ORD005815,Standard,UPS,2026-03-12,6,Los Angeles
SHIP005816,ORD005816,Standard,DHL,2024-06-17,4,Akron
SHIP005817,ORD005817,Economy,BlueDart,2026-05-11,5,Aurora
SHIP005818,ORD005818,Express,DHL,2021-08-07,6,Boulder
SHIP005819,ORD005819,Standard,Delhivery,2025-01-10,3,Charlotte
SHIP005820,ORD005820,Standard,IndiaPost,2025-07-03,2,Athens
SHIP005822,ORD005822,Standard,UPS,2024-09-14,1,San Diego
SHIP005823,ORD005823,Express,DHL,2026-02-05,6,Jersey City
SHIP005824,ORD005824,Standard,IndiaPost,2025-04-12,1,Rochester
SHIP005825,ORD005825,Standard,BlueDart,2026-07-24,7,Worcester
SHIP005827,ORD005827,Express,BlueDart,2022-11-30,7,Durham
SHIP005829,ORD005829,Express,BlueDart,2021-03-27,1,San Francisco
SHIP005830,ORD005830,Standard,UPS,2025-02-23,9,Rockford
SHIP005831,ORD005831,Standard,Delhivery,2026-07-24,5,Seattle
SHIP005832,ORD005832,Express,IndiaPost,2023-07-07,4,Cambridge
SHIP005833,ORD005833,Standard,UPS,2026-02-24,8,Atlanta
SHIP005835,ORD005835,Express,UPS,2026-04-19,9,Lowell
SHIP005836,ORD005836,Economy,FedEx,2024-08-31,7,Dallas
SHIP005837,ORD005837,Same-Day,IndiaPost,2020-11-16,2,San Antonio
SHIP005838,ORD005838,Standard,IndiaPost,2025-09-22,7,San Diego
SHIP005839,ORD005839,Economy,Delhivery,2025-04-11,9,Boston
SHIP005840,ORD005840,Standard,UPS,2024-03-20,2,Chandler
SHIP005841,ORD005841,Standard,IndiaPost,2026-04-29,8,Winston-Salem
SHIP005842,ORD005842,Same-Day,IndiaPost,2025-04-17,6,Toledo
SHIP005843,ORD005843,Standard,IndiaPost,2023-08-31,7,Erie
SHIP005844,ORD005844,Express,FedEx,2023-04-30,1,Spokane
SHIP005845,ORD005845,Express,DHL,2023-03-19,7,Erie
SHIP005846,ORD005846,Standard,UPS,2023-11-10,3,Flint
SHIP005847,ORD005847,Economy,Delhivery,2025-05-07,8,Ann Arbor
SHIP005848,ORD005848,Standard,BlueDart,2024-02-23,4,Lowell
SHIP005849,ORD005849,Same-Day,DHL,2024-06-04,1,Lowell
SHIP005850,ORD005850,Economy,Delhivery,2025-08-03,1,Mesa
SHIP005851,ORD005851,Standard,Delhivery,2023-04-26,3,Toledo
SHIP005852,ORD005852,Standard,FedEx,2024-05-13,8,Houston
SHIP005853,ORD005853,Standard,BlueDart,2025-11-01,1,Scottsdale
SHIP005854,ORD005854,Standard,Delhivery,2026-05-22,8,Rochester
SHIP005855,ORD005855,Standard,DHL,2023-01-07,7,San Antonio
SHIP005856,ORD005856,Express,Delhivery,2026-05-13,2,Philadelphia
SHIP005857,ORD005857,Express,FedEx,2026-06-07,4,Worcester
SHIP005860,ORD005860,Express,DHL,2024-04-13,5,Chicago
SHIP005861,ORD005861,Express,UPS,2026-06-14,7,Rochester
SHIP005862,ORD005862,Express,FedEx,2026-05-24,2,Savannah
SHIP005864,ORD005864,Standard,IndiaPost,2024-10-10,9,Philadelphia
SHIP005865,ORD005865,Standard,BlueDart,2025-03-02,9,Detroit
SHIP005866,ORD005866,Standard,BlueDart,2026-01-23,6,Elizabeth
SHIP005867,ORD005867,Economy,DHL,2025-07-06,3,Lansing
SHIP005868,ORD005868,Standard,IndiaPost,2024-10-25,9,Savannah
SHIP005869,ORD005869,Same-Day,FedEx,2024-02-13,5,Cambridge
SHIP005870,ORD005870,Standard,IndiaPost,2022-12-13,8,Scottsdale
SHIP005871,ORD005871,Economy,DHL,2024-03-08,1,Tampa
SHIP005872,ORD005872,Standard,Delhivery,2025-02-06,1,Scottsdale
SHIP005873,ORD005873,Standard,IndiaPost,2021-03-10,3,Columbus
SHIP005874,ORD005874,Express,UPS,2024-11-01,8,Ann Arbor
SHIP005875,ORD005875,Standard,DHL,2023-05-28,3,Raleigh
SHIP005876,ORD005876,Standard,UPS,2024-07-24,9,Aurora
SHIP005877,ORD005877,Express,DHL,2026-03-27,4,Peoria
SHIP005878,ORD005878,Standard,FedEx,2023-04-08,9,Flint
SHIP005879,ORD005879,Standard,DHL,2026-07-18,9,Detroit
SHIP005880,ORD005880,Standard,Delhivery,2025-04-13,8,Flint
SHIP005881,ORD005881,Standard,IndiaPost,2023-08-21,1,Paterson
SHIP005882,ORD005882,Express,FedEx,2022-07-14,4,Winston-Salem
SHIP005883,ORD005883,Standard,UPS,2025-02-22,6,Elizabeth
SHIP005884,ORD005884,Standard,BlueDart,2024-06-16,5,Boston
SHIP005886,ORD005886,Same-Day,IndiaPost,2024-06-29,7,Tucson
SHIP005887,ORD005887,Express,DHL,2024-04-20,9,Grand Rapids
SHIP005888,ORD005888,Standard,UPS,2023-07-31,8,Spokane
SHIP005890,ORD005890,Express,FedEx,2026-02-08,1,Bellevue
SHIP005891,ORD005891,Standard,FedEx,2024-05-14,7,Bellevue
SHIP005892,ORD005892,Express,DHL,2023-12-26,7,Akron
SHIP005893,ORD005893,Standard,DHL,2021-05-27,6,Worcester
SHIP005894,ORD005894,Economy,DHL,2024-07-18,5,Athens
SHIP005895,ORD005895,Economy,Delhivery,2026-04-18,9,Buffalo
SHIP005896,ORD005896,Express,FedEx,2023-11-25,1,Greensboro
SHIP005897,ORD005897,Standard,UPS,2025-03-26,9,Raleigh
SHIP005898,ORD005898,Standard,IndiaPost,2023-12-10,6,Mesa
SHIP005899,ORD005899,Express,UPS,2025-02-01,8,Toledo
SHIP005900,ORD005900,Standard,FedEx,2026-07-18,3,Chicago
SHIP005901,ORD005901,Standard,BlueDart,2025-06-26,5,Rockford
SHIP005902,ORD005902,Standard,DHL,2025-12-21,5,Durham
SHIP005903,ORD005903,Express,UPS,2025-09-26,8,Fort Worth
SHIP005904,ORD005904,Standard,UPS,2025-01-21,8,Charlotte
SHIP005905,ORD005905,Express,BlueDart,2023-01-25,3,Athens
SHIP005906,ORD005906,Standard,Delhivery,2022-12-19,5,Springfield
SHIP005907,ORD005907,Standard,UPS,2025-08-12,8,Tampa
SHIP005908,ORD005908,Standard,Delhivery,2023-09-02,4,Cleveland
SHIP005909,ORD005909,Express,Delhivery,2025-04-20,9,Raleigh
SHIP005910,ORD005910,Economy,FedEx,2023-08-07,3,Columbus
SHIP005911,ORD005911,Standard,FedEx,2024-06-01,1,Raleigh
SHIP005912,ORD005912,Express,UPS,2023-10-15,6,Jersey City
SHIP005913,ORD005913,Standard,UPS,2026-01-06,4,Cambridge
SHIP005914,ORD005914,Standard,Delhivery,2025-09-27,5,Tucson
SHIP005915,ORD005915,Express,IndiaPost,2026-07-02,6,Syracuse
SHIP005916,ORD005916,Economy,FedEx,2025-11-16,8,Miami
SHIP005917,ORD005917,Express,IndiaPost,2026-07-05,7,Springfield
SHIP005918,ORD005918,Standard,DHL,2025-03-24,9,Athens
SHIP005919,ORD005919,Economy,FedEx,2025-06-08,5,Augusta
SHIP005920,ORD005920,Express,DHL,2025-11-04,8,Albany
SHIP005921,ORD005921,Standard,UPS,2020-10-23,2,Durham
SHIP005922,ORD005922,Same-Day,DHL,2022-09-27,5,New York City
SHIP005923,ORD005923,Same-Day,FedEx,2026-01-17,5,Macon
SHIP005924,ORD005924,Standard,IndiaPost,2022-07-12,4,Springfield
SHIP005925,ORD005925,Standard,BlueDart,2025-04-18,6,Athens
SHIP005926,ORD005926,Same-Day,DHL,2025-10-28,8,Tampa
SHIP005927,ORD005927,Economy,Delhivery,2024-02-08,3,Fort Lauderdale
SHIP005928,ORD005928,Standard,UPS,2022-03-18,2,Flint
SHIP005929,ORD005929,Standard,Delhivery,2025-06-05,7,Toledo
SHIP005930,ORD005930,Standard,FedEx,2023-01-27,1,Boulder
SHIP005931,ORD005931,Standard,Delhivery,2021-09-03,7,Charlotte
SHIP005932,ORD005932,Standard,Delhivery,2022-03-15,9,Detroit
SHIP005933,ORD005933,Standard,UPS,2025-02-10,1,New York City
SHIP005934,ORD005934,Standard,IndiaPost,2025-06-21,2,Spokane
SHIP005935,ORD005935,Express,IndiaPost,2026-07-18,8,Greensboro
SHIP005936,ORD005936,Express,FedEx,2023-07-28,1,Albany
SHIP005937,ORD005937,Express,BlueDart,2025-11-04,5,Erie
SHIP005938,ORD005938,Standard,UPS,2025-11-01,6,Grand Rapids
SHIP005939,ORD005939,Express,UPS,2025-05-10,7,Reading
SHIP005940,ORD005940,Standard,Delhivery,2025-04-25,3,Fort Lauderdale
SHIP005941,ORD005941,Standard,Delhivery,2025-12-29,3,Durham
SHIP005942,ORD005942,Same-Day,DHL,2026-04-28,4,Lowell
SHIP005943,ORD005943,Standard,FedEx,2023-01-10,6,Aurora
SHIP005944,ORD005944,Same-Day,IndiaPost,2025-04-01,5,Miami
SHIP005945,ORD005945,Same-Day,Delhivery,2024-05-17,9,Cambridge
SHIP005946,ORD005946,Standard,UPS,2021-08-25,6,Denver
SHIP005947,ORD005947,Express,Delhivery,2024-01-06,1,Buffalo
SHIP005948,ORD005948,Same-Day,UPS,2022-12-07,5,Scottsdale
SHIP005949,ORD005949,Standard,BlueDart,2023-09-21,7,Cincinnati
SHIP005950,ORD005950,Standard,BlueDart,2025-11-11,8,Springfield
SHIP005951,ORD005951,Standard,Delhivery,2023-11-02,6,Columbus
SHIP005952,ORD005952,Same-Day,FedEx,2022-09-13,5,Athens
SHIP005953,ORD005953,Standard,FedEx,2024-08-21,5,Winston-Salem
SHIP005956,ORD005956,Express,BlueDart,2023-12-08,6,Newark
SHIP005957,ORD005957,Express,IndiaPost,2026-06-02,5,Dallas
SHIP005959,ORD005959,Standard,UPS,2024-12-05,6,Ann Arbor
SHIP005960,ORD005960,Standard,Delhivery,2025-01-02,5,Phoenix
SHIP005961,ORD005961,Standard,DHL,2022-03-28,3,Augusta
SHIP005962,ORD005962,Standard,BlueDart,2024-09-13,6,Cincinnati
SHIP005963,ORD005963,Standard,FedEx,2026-05-14,8,Rochester
SHIP005964,ORD005964,Express,Delhivery,2020-04-29,4,Orlando
SHIP005965,ORD005965,Standard,UPS,2025-07-30,4,Cincinnati
SHIP005966,ORD005966,Express,UPS,2022-11-15,6,Savannah
SHIP005967,ORD005967,Standard,BlueDart,2024-03-27,1,Savannah
SHIP005968,ORD005968,Standard,UPS,2026-02-24,1,Atlanta
SHIP005970,ORD005970,Standard,IndiaPost,2023-08-06,5,Newark
SHIP005971,ORD005971,Standard,BlueDart,2021-11-26,3,Tampa
SHIP005973,ORD005973,Standard,DHL,2025-06-02,3,Scottsdale
SHIP005974,ORD005974,Economy,FedEx,2025-02-04,9,Greensboro
SHIP005976,ORD005976,Express,FedEx,2026-02-19,1,Augusta
SHIP005977,ORD005977,Standard,IndiaPost,2024-02-26,8,Akron
SHIP005978,ORD005978,Standard,DHL,2025-03-10,7,Durham
SHIP005979,ORD005979,Express,FedEx,2026-07-08,2,Akron
SHIP005980,ORD005980,Standard,FedEx,2025-11-23,5,Raleigh
SHIP005981,ORD005981,Standard,FedEx,2025-03-05,1,Philadelphia
SHIP005982,ORD005982,Standard,DHL,2024-05-17,7,Detroit
SHIP005983,ORD005983,Express,IndiaPost,2026-07-12,1,Reading
SHIP005986,ORD005986,Standard,DHL,2024-02-26,6,Bellevue
SHIP005987,ORD005987,Standard,DHL,2024-09-06,9,Columbus
SHIP005988,ORD005988,Express,FedEx,2023-10-22,2,Los Angeles
SHIP005990,ORD005990,Standard,BlueDart,2022-06-06,3,Rockford
SHIP005991,ORD005991,Same-Day,UPS,2025-09-13,6,Erie
SHIP005992,ORD005992,Same-Day,Delhivery,2022-03-12,9,Austin
SHIP005993,ORD005993,Standard,BlueDart,2023-11-19,9,Philadelphia
SHIP005994,ORD005994,Same-Day,UPS,2026-03-15,4,Cleveland
SHIP005995,ORD005995,Standard,Delhivery,2024-12-04,4,Dallas
SHIP005997,ORD005997,Standard,UPS,2026-06-13,1,Greensboro
SHIP005998,ORD005998,Same-Day,BlueDart,2025-01-18,9,Athens
SHIP005999,ORD005999,Express,UPS,2025-10-27,5,Dallas
SHIP006000,ORD006000,Same-Day,BlueDart,2020-04-14,6,Austin
SHIP006001,ORD006001,Standard,BlueDart,2025-06-27,3,New York City
SHIP006003,ORD006003,Standard,IndiaPost,2025-04-18,2,Cincinnati
SHIP006004,ORD006004,Express,FedEx,2026-05-03,1,Rochester
SHIP006005,ORD006005,Economy,BlueDart,2021-10-14,1,Cincinnati
SHIP006006,ORD006006,Economy,Delhivery,2026-03-29,9,Detroit
SHIP006007,ORD006007,Standard,Delhivery,2024-06-12,2,Everett
SHIP006008,ORD006008,Standard,IndiaPost,2024-10-08,9,Erie
SHIP006009,ORD006009,Standard,BlueDart,2024-10-25,9,San Diego
SHIP006011,ORD006011,Standard,IndiaPost,2022-03-21,1,Akron
SHIP006012,ORD006012,Standard,DHL,2024-12-21,7,Fort Lauderdale
SHIP006013,ORD006013,Same-Day,BlueDart,2023-06-09,3,Dallas
SHIP006015,ORD006015,Standard,IndiaPost,2024-08-31,2,Boston
SHIP006016,ORD006016,Standard,IndiaPost,2025-12-22,8,San Jose
SHIP006017,ORD006017,Standard,FedEx,2024-04-11,1,Everett
SHIP006018,ORD006018,Standard,Delhivery,2025-06-03,7,Seattle
SHIP006019,ORD006019,Economy,IndiaPost,2023-12-19,2,San Diego
SHIP006020,ORD006020,Same-Day,IndiaPost,2024-10-10,3,Miami
SHIP006021,ORD006021,Express,DHL,2026-07-16,2,Tampa
SHIP006022,ORD006022,Standard,Delhivery,2024-06-03,8,Allentown
SHIP006023,ORD006023,Economy,BlueDart,2026-03-30,7,San Jose
SHIP006024,ORD006024,Express,BlueDart,2026-04-26,8,Spokane
SHIP006026,ORD006026,Express,BlueDart,2025-06-03,1,Macon
SHIP006027,ORD006027,Express,BlueDart,2020-01-19,5,Bellevue
SHIP006028,ORD006028,Same-Day,FedEx,2024-09-24,8,Boulder
SHIP006029,ORD006029,Standard,Delhivery,2022-04-23,5,Elizabeth
SHIP006030,ORD006030,Standard,FedEx,2024-11-28,4,Seattle
SHIP006031,ORD006031,Same-Day,BlueDart,2023-12-30,6,Bellevue
SHIP006032,ORD006032,Standard,Delhivery,2026-07-09,2,San Jose
SHIP006033,ORD006033,Standard,FedEx,2025-07-03,3,Augusta
SHIP006034,ORD006034,Standard,BlueDart,2026-02-21,1,Paterson
SHIP006036,ORD006036,Standard,IndiaPost,2021-01-24,1,Sacramento
SHIP006037,ORD006037,Express,UPS,2025-12-08,2,Dallas
SHIP006038,ORD006038,Standard,DHL,2026-05-10,5,Boston
SHIP006039,ORD006039,Express,Delhivery,2025-10-14,4,San Antonio
SHIP006040,ORD006040,Economy,BlueDart,2023-08-12,8,Tucson
SHIP006041,ORD006041,Standard,UPS,2025-09-04,5,Elizabeth
SHIP006042,ORD006042,Express,UPS,2023-11-16,6,Cincinnati
SHIP006043,ORD006043,Same-Day,Delhivery,2022-05-04,9,Austin
SHIP006045,ORD006045,Standard,DHL,2025-04-05,3,Winston-Salem
SHIP006046,ORD006046,Express,DHL,2026-04-12,9,Bellevue
SHIP006047,ORD006047,Express,DHL,2025-06-22,6,Newark
SHIP006048,ORD006048,Standard,UPS,2026-05-18,4,Greensboro
SHIP006049,ORD006049,Standard,Delhivery,2023-06-19,2,Denver
SHIP006051,ORD006051,Express,DHL,2022-04-18,9,Sacramento
SHIP006052,ORD006052,Standard,FedEx,2024-01-30,7,Detroit
SHIP006053,ORD006053,Express,Delhivery,2026-04-13,8,San Diego
SHIP006054,ORD006054,Standard,BlueDart,2025-12-11,4,Bellevue
SHIP006055,ORD006055,Standard,UPS,2026-04-19,8,Springfield
SHIP006056,ORD006056,Express,IndiaPost,2021-05-09,6,Sacramento
SHIP006057,ORD006057,Standard,IndiaPost,2023-06-19,9,Springfield
SHIP006058,ORD006058,Express,FedEx,2022-08-28,4,Colorado Springs
SHIP006059,ORD006059,Express,IndiaPost,2021-11-12,9,Syracuse
SHIP006060,ORD006060,Express,IndiaPost,2025-11-17,9,Atlanta
SHIP006061,ORD006061,Economy,DHL,2025-07-01,2,Scottsdale
SHIP006062,ORD006062,Standard,Delhivery,2026-03-12,3,Naperville
SHIP006063,ORD006063,Same-Day,FedEx,2025-08-02,5,Erie
SHIP006064,ORD006064,Same-Day,IndiaPost,2022-07-22,4,Peoria
SHIP006065,ORD006065,Standard,DHL,2025-11-26,9,Syracuse
SHIP006066,ORD006066,Standard,UPS,2026-07-19,6,Augusta
SHIP006068,ORD006068,Standard,DHL,2023-07-03,5,Fort Worth
SHIP006069,ORD006069,Economy,UPS,2026-06-25,3,Charlotte
SHIP006070,ORD006070,Standard,Delhivery,2026-05-23,7,Tampa
SHIP006071,ORD006071,Express,FedEx,2025-12-28,6,Ann Arbor
SHIP006072,ORD006072,Standard,Delhivery,2025-05-13,3,Tucson
SHIP006073,ORD006073,Standard,BlueDart,2025-11-24,5,Orlando
SHIP006074,ORD006074,Standard,DHL,2025-11-12,8,Buffalo
SHIP006075,ORD006075,Standard,DHL,2025-12-05,9,Aurora
SHIP006076,ORD006076,Standard,Delhivery,2025-10-28,5,Reading
SHIP006077,ORD006077,Same-Day,BlueDart,2024-09-21,1,Miami
SHIP006078,ORD006078,Standard,UPS,2026-06-07,9,Spokane
SHIP006081,ORD006081,Economy,IndiaPost,2025-02-07,5,Cincinnati
SHIP006082,ORD006082,Standard,FedEx,2026-07-26,1,San Francisco
SHIP006083,ORD006083,Express,Delhivery,2023-05-20,5,Dallas
SHIP006084,ORD006084,Standard,Delhivery,2022-03-07,4,Macon
SHIP006085,ORD006085,Standard,Delhivery,2025-08-11,7,Albany
SHIP006086,ORD006086,Standard,BlueDart,2026-03-11,7,Fort Lauderdale
SHIP006087,ORD006087,Standard,BlueDart,2025-07-19,8,Savannah
SHIP006089,ORD006089,Express,DHL,2026-02-22,5,New York City
SHIP006090,ORD006090,Express,Delhivery,2026-01-11,5,Peoria
SHIP006091,ORD006091,Standard,Delhivery,2026-05-17,7,Chicago
SHIP006092,ORD006092,Same-Day,Delhivery,2025-03-29,7,Detroit
SHIP006093,ORD006093,Economy,UPS,2023-07-16,1,San Jose
SHIP006094,ORD006094,Economy,Delhivery,2024-08-27,5,Cincinnati
SHIP006095,ORD006095,Economy,UPS,2026-06-30,3,Bellevue
SHIP006096,ORD006096,Standard,BlueDart,2026-05-24,8,Sacramento
SHIP006097,ORD006097,Economy,Delhivery,2025-09-21,8,Houston
SHIP006098,ORD006098,Same-Day,FedEx,2025-08-20,3,Columbus
SHIP006101,ORD006101,Standard,FedEx,2022-05-29,8,Chandler
SHIP006103,ORD006103,Standard,DHL,2023-12-14,8,Scottsdale
SHIP006104,ORD006104,Standard,BlueDart,2024-11-17,5,Tucson
SHIP006105,ORD006105,Standard,UPS,2024-11-29,3,Newark
SHIP006106,ORD006106,Standard,DHL,2025-07-05,8,Paterson
SHIP006107,ORD006107,Standard,FedEx,2025-11-12,7,Bellevue
SHIP006108,ORD006108,Standard,UPS,2026-06-25,6,Bellevue
SHIP006109,ORD006109,Standard,Delhivery,2025-12-28,4,Cambridge
SHIP006111,ORD006111,Express,DHL,2020-06-10,3,Houston
SHIP006112,ORD006112,Economy,Delhivery,2024-06-11,4,Chandler
SHIP006113,ORD006113,Standard,UPS,2025-04-16,7,Fort Lauderdale
SHIP006114,ORD006114,Express,UPS,2026-01-24,9,Rochester
SHIP006115,ORD006115,Standard,BlueDart,2026-04-10,9,Miami
SHIP006116,ORD006116,Standard,UPS,2023-04-26,4,Peoria
SHIP006117,ORD006117,Same-Day,BlueDart,2025-11-27,6,Aurora
SHIP006118,ORD006118,Economy,UPS,2024-05-06,5,Tampa
SHIP006119,ORD006119,Standard,FedEx,2026-06-20,7,Pittsburgh
SHIP006120,ORD006120,Standard,BlueDart,2026-04-21,1,Flint
SHIP006121,ORD006121,Standard,FedEx,2025-03-08,4,San Jose
SHIP006122,ORD006122,Standard,IndiaPost,2019-09-07,9,Denver
SHIP006123,ORD006123,Express,FedEx,2025-08-20,5,San Francisco
SHIP006124,ORD006124,Economy,UPS,2025-08-29,7,Tucson
SHIP006126,ORD006126,Same-Day,Delhivery,2023-12-07,7,Jersey City
SHIP006127,ORD006127,Standard,DHL,2026-06-05,3,Chicago
SHIP006128,ORD006128,Standard,IndiaPost,2026-03-23,9,Durham
SHIP006129,ORD006129,Express,UPS,2025-07-27,9,Toledo
SHIP006130,ORD006130,Standard,IndiaPost,2026-04-20,7,Columbus
SHIP006131,ORD006131,Express,Delhivery,2022-01-16,8,Austin
SHIP006132,ORD006132,Standard,UPS,2024-10-01,7,Spokane
SHIP006133,ORD006133,Standard,BlueDart,2024-04-24,7,Lansing
SHIP006134,ORD006134,Express,Delhivery,2022-03-30,4,Atlanta
SHIP006135,ORD006135,Standard,IndiaPost,2023-12-31,1,Macon
SHIP006136,ORD006136,Express,FedEx,2025-12-10,2,Chandler
SHIP006137,ORD006137,Standard,IndiaPost,2019-12-22,2,Durham
SHIP006139,ORD006139,Standard,DHL,2025-07-12,3,Scottsdale
SHIP006140,ORD006140,Economy,BlueDart,2024-06-16,2,Mesa
SHIP006141,ORD006141,Standard,IndiaPost,2025-01-14,7,Raleigh
SHIP006142,ORD006142,Standard,Delhivery,2025-05-11,9,Savannah
SHIP006143,ORD006143,Express,BlueDart,2025-02-20,3,Greensboro
SHIP006144,ORD006144,Same-Day,FedEx,2026-02-17,7,Charlotte
SHIP006145,ORD006145,Standard,BlueDart,2025-11-10,6,Tampa
SHIP006146,ORD006146,Standard,UPS,2025-07-12,5,Allentown
SHIP006147,ORD006147,Express,FedEx,2026-06-13,8,Aurora
SHIP006148,ORD006148,Express,UPS,2023-10-23,2,Seattle
SHIP006149,ORD006149,Same-Day,Delhivery,2023-04-11,3,Phoenix
SHIP006150,ORD006150,Express,DHL,2023-04-03,1,Elizabeth
SHIP006151,ORD006151,Economy,DHL,2021-06-10,4,Toledo
SHIP006152,ORD006152,Standard,UPS,2024-11-23,6,Naperville
SHIP006153,ORD006153,Standard,UPS,2021-04-16,7,Los Angeles
SHIP006154,ORD006154,Standard,FedEx,2026-07-24,7,Ann Arbor
SHIP006155,ORD006155,Standard,IndiaPost,2026-03-30,9,Jacksonville
SHIP006156,ORD006156,Standard,UPS,2025-11-09,8,Peoria
SHIP006158,ORD006158,Economy,UPS,2024-10-19,3,San Diego
SHIP006159,ORD006159,Economy,DHL,2025-06-30,1,Cambridge
SHIP006162,ORD006162,Standard,DHL,2025-08-22,8,Fort Collins
SHIP006163,ORD006163,Standard,IndiaPost,2021-08-12,2,Springfield
SHIP006164,ORD006164,Standard,DHL,2025-06-18,5,Los Angeles
SHIP006165,ORD006165,Standard,DHL,2024-07-24,7,Spokane
SHIP006166,ORD006166,Same-Day,UPS,2025-05-03,9,Rochester
SHIP006167,ORD006167,Standard,FedEx,2026-03-30,8,Dallas
SHIP006168,ORD006168,Standard,FedEx,2020-09-21,8,Buffalo
SHIP006169,ORD006169,Standard,DHL,2021-12-23,3,Charlotte
SHIP006170,ORD006170,Economy,FedEx,2025-08-13,6,Buffalo
SHIP006171,ORD006171,Standard,BlueDart,2023-02-13,2,Mesa
SHIP006172,ORD006172,Standard,BlueDart,2023-10-19,5,San Francisco
SHIP006173,ORD006173,Standard,BlueDart,2024-03-03,9,Lowell
SHIP006174,ORD006174,Express,Delhivery,2026-03-04,3,Syracuse
SHIP006175,ORD006175,Standard,UPS,2025-05-01,5,Los Angeles
SHIP006176,ORD006176,Standard,IndiaPost,2026-03-31,1,Albany
SHIP006177,ORD006177,Standard,DHL,2025-03-07,8,San Antonio
SHIP006178,ORD006178,Standard,Delhivery,2024-08-16,7,San Jose
SHIP006179,ORD006179,Economy,FedEx,2024-10-13,8,Albany
SHIP006182,ORD006182,Standard,Delhivery,2023-09-25,5,Dallas
SHIP006183,ORD006183,Standard,DHL,2026-01-12,7,Jacksonville
SHIP006185,ORD006185,Standard,IndiaPost,2025-07-17,3,Peoria
SHIP006186,ORD006186,Standard,BlueDart,2023-01-28,6,Augusta
SHIP006187,ORD006187,Standard,Delhivery,2026-06-17,3,Fort Lauderdale
SHIP006188,ORD006188,Standard,DHL,2026-06-06,6,Erie
SHIP006189,ORD006189,Standard,FedEx,2026-07-08,9,Mesa
SHIP006190,ORD006190,Standard,IndiaPost,2022-12-21,4,Winston-Salem
SHIP006191,ORD006191,Express,BlueDart,2021-08-19,7,Tampa
SHIP006192,ORD006192,Same-Day,DHL,2025-05-31,1,Lowell
SHIP006193,ORD006193,Same-Day,IndiaPost,2025-09-13,7,Dallas
SHIP006194,ORD006194,Standard,DHL,2025-03-19,7,Naperville
SHIP006196,ORD006196,Same-Day,DHL,2022-05-09,2,Elizabeth
SHIP006197,ORD006197,Standard,BlueDart,2023-04-19,8,Pittsburgh
SHIP006198,ORD006198,Express,FedEx,2024-10-25,5,Cleveland
SHIP006199,ORD006199,Express,IndiaPost,2026-05-19,3,Rochester
SHIP006200,ORD006200,Standard,DHL,2026-07-29,3,Trenton
SHIP006201,ORD006201,Standard,DHL,2020-11-07,5,Sacramento
SHIP006202,ORD006202,Standard,Delhivery,2026-05-08,9,Naperville
SHIP006203,ORD006203,Express,FedEx,2024-04-30,2,San Diego
SHIP006204,ORD006204,Economy,IndiaPost,2023-01-22,6,Elizabeth
SHIP006205,ORD006205,Standard,DHL,2025-04-18,9,Peoria
SHIP006206,ORD006206,Standard,UPS,2024-12-26,2,Reading
SHIP006207,ORD006207,Standard,UPS,2025-05-20,8,Fort Lauderdale
SHIP006208,ORD006208,Express,IndiaPost,2025-08-20,7,Tampa
SHIP006209,ORD006209,Standard,UPS,2024-07-14,4,Scottsdale
SHIP006210,ORD006210,Same-Day,Delhivery,2025-03-17,6,Durham
SHIP006211,ORD006211,Express,BlueDart,2025-03-22,1,Athens
SHIP006212,ORD006212,Standard,UPS,2021-09-10,6,Albany
SHIP006213,ORD006213,Express,Delhivery,2025-09-27,6,Scottsdale
SHIP006214,ORD006214,Standard,DHL,2021-12-11,8,San Diego
SHIP006215,ORD006215,Express,FedEx,2024-09-23,1,Pittsburgh
SHIP006216,ORD006216,Standard,Delhivery,2025-09-08,5,San Jose
SHIP006218,ORD006218,Express,UPS,2025-11-16,4,Bellevue
SHIP006219,ORD006219,Standard,UPS,2024-06-05,5,Savannah
SHIP006221,ORD006221,Standard,Delhivery,2025-09-26,7,Akron
SHIP006222,ORD006222,Standard,UPS,2022-12-17,7,Rockford
SHIP006223,ORD006223,Standard,UPS,2025-07-15,6,Boston
SHIP006225,ORD006225,Standard,IndiaPost,2024-09-21,3,Jacksonville
SHIP006226,ORD006226,Express,DHL,2024-09-07,8,Scottsdale
SHIP006227,ORD006227,Express,DHL,2024-09-16,2,Cambridge
SHIP006228,ORD006228,Standard,IndiaPost,2024-12-02,8,Rockford
SHIP006229,ORD006229,Standard,FedEx,2021-07-20,4,Buffalo
SHIP006230,ORD006230,Express,BlueDart,2025-04-08,1,Allentown
SHIP006231,ORD006231,Economy,DHL,2025-07-15,2,Chandler
SHIP006232,ORD006232,Standard,DHL,2024-07-10,4,Aurora
SHIP006233,ORD006233,Standard,UPS,2024-11-27,2,Raleigh
SHIP006234,ORD006234,Standard,UPS,2024-11-24,2,Ann Arbor
SHIP006236,ORD006236,Express,BlueDart,2021-11-15,1,Sacramento
SHIP006237,ORD006237,Same-Day,FedEx,2026-08-08,9,Denver
SHIP006239,ORD006239,Express,DHL,2025-06-13,7,Pittsburgh
SHIP006240,ORD006240,Standard,FedEx,2026-06-06,6,Dallas
SHIP006241,ORD006241,Standard,IndiaPost,2026-04-16,7,Denver
SHIP006243,ORD006243,Standard,FedEx,2026-04-25,6,Athens
SHIP006244,ORD006244,Same-Day,DHL,2024-04-10,6,San Diego
SHIP006245,ORD006245,Standard,Delhivery,2023-05-10,8,Ann Arbor
SHIP006246,ORD006246,Standard,Delhivery,2026-04-24,4,Trenton
SHIP006247,ORD006247,Standard,BlueDart,2021-02-19,8,San Francisco
SHIP006248,ORD006248,Standard,IndiaPost,2025-07-08,5,Tacoma
SHIP006250,ORD006250,Standard,DHL,2025-04-14,6,Spokane
SHIP006251,ORD006251,Express,UPS,2022-12-14,3,Jacksonville
SHIP006252,ORD006252,Standard,DHL,2026-04-18,8,Boulder
SHIP006253,ORD006253,Standard,DHL,2024-08-09,6,Los Angeles
SHIP006254,ORD006254,Express,IndiaPost,2026-02-26,9,Jacksonville
SHIP006255,ORD006255,Standard,BlueDart,2022-10-06,5,Charlotte
SHIP006257,ORD006257,Standard,FedEx,2025-05-23,1,Raleigh
SHIP006258,ORD006258,Express,IndiaPost,2023-07-21,8,Savannah
SHIP006259,ORD006259,Express,Delhivery,2025-06-15,9,Lowell
SHIP006260,ORD006260,Standard,DHL,2026-01-04,8,Columbus
SHIP006261,ORD006261,Standard,IndiaPost,2023-06-29,5,San Jose
SHIP006262,ORD006262,Standard,BlueDart,2020-04-08,9,Winston-Salem
SHIP006263,ORD006263,Standard,FedEx,2024-03-13,5,Durham
SHIP006265,ORD006265,Standard,UPS,2022-11-21,8,Cincinnati
SHIP006266,ORD006266,Express,Delhivery,2026-03-15,1,Columbus
SHIP006267,ORD006267,Express,FedEx,2026-07-08,5,Orlando
SHIP006268,ORD006268,Standard,IndiaPost,2020-11-23,3,Springfield
SHIP006269,ORD006269,Same-Day,Delhivery,2025-12-31,1,Atlanta
SHIP006271,ORD006271,Standard,UPS,2025-07-09,7,Tampa
SHIP006272,ORD006272,Standard,Delhivery,2025-04-27,8,Springfield
SHIP006273,ORD006273,Standard,FedEx,2026-07-13,4,Colorado Springs
SHIP006274,ORD006274,Standard,FedEx,2023-07-27,9,Aurora
SHIP006275,ORD006275,Standard,Delhivery,2025-03-15,9,Aurora
SHIP006276,ORD006276,Standard,BlueDart,2026-07-13,1,Flint
SHIP006277,ORD006277,Standard,Delhivery,2024-06-18,6,Winston-Salem
SHIP006278,ORD006278,Same-Day,DHL,2024-06-02,9,Newark
SHIP006279,ORD006279,Standard,Delhivery,2023-10-10,4,Dallas
SHIP006280,ORD006280,Standard,IndiaPost,2023-12-25,5,Springfield
SHIP006281,ORD006281,Standard,FedEx,2026-03-19,6,Everett
SHIP006282,ORD006282,Economy,BlueDart,2024-11-24,2,Lowell
SHIP006283,ORD006283,Standard,IndiaPost,2025-06-10,4,Paterson
SHIP006284,ORD006284,Same-Day,FedEx,2026-05-22,4,Albany
SHIP006286,ORD006286,Express,BlueDart,2025-07-21,3,Denver
SHIP006289,ORD006289,Standard,BlueDart,2026-01-31,7,Atlanta
SHIP006290,ORD006290,Standard,Delhivery,2023-07-21,2,Austin
SHIP006291,ORD006291,Standard,Delhivery,2025-12-07,2,Columbus
SHIP006293,ORD006293,Standard,BlueDart,2023-09-17,6,Columbus
SHIP006294,ORD006294,Express,DHL,2022-11-04,1,Spokane
SHIP006295,ORD006295,Standard,DHL,2025-02-21,5,Macon
SHIP006296,ORD006296,Same-Day,UPS,2026-07-04,7,Houston
SHIP006297,ORD006297,Express,FedEx,2020-07-20,3,San Antonio
SHIP006298,ORD006298,Economy,UPS,2025-11-28,2,Spokane
SHIP006299,ORD006299,Same-Day,DHL,2026-05-23,7,Dallas
SHIP006300,ORD006300,Express,Delhivery,2022-06-04,7,Peoria
SHIP006301,ORD006301,Standard,Delhivery,2021-06-26,1,San Jose
SHIP006302,ORD006302,Standard,UPS,2026-02-24,6,Erie
SHIP006303,ORD006303,Express,UPS,2024-02-21,7,Phoenix
SHIP006305,ORD006305,Express,BlueDart,2024-09-17,3,Detroit
SHIP006306,ORD006306,Standard,DHL,2020-12-11,3,Los Angeles
SHIP006307,ORD006307,Standard,FedEx,2024-02-07,4,Spokane
SHIP006308,ORD006308,Standard,Delhivery,2020-04-17,3,Rockford
SHIP006309,ORD006309,Standard,IndiaPost,2025-05-15,1,Fort Worth
SHIP006310,ORD006310,Standard,IndiaPost,2023-09-02,6,Atlanta
SHIP006311,ORD006311,Standard,DHL,2025-09-13,9,Jersey City
SHIP006312,ORD006312,Express,Delhivery,2026-06-17,6,Raleigh
SHIP006314,ORD006314,Standard,FedEx,2023-04-24,9,Austin
SHIP006315,ORD006315,Same-Day,DHL,2025-12-18,1,Elizabeth
SHIP006316,ORD006316,Standard,FedEx,2025-10-11,8,Houston
SHIP006317,ORD006317,Standard,UPS,2023-01-17,2,New York City
SHIP006318,ORD006318,Standard,Delhivery,2024-10-15,6,Philadelphia
SHIP006319,ORD006319,Standard,UPS,2025-10-25,6,Scottsdale
SHIP006320,ORD006320,Standard,IndiaPost,2021-04-21,4,Fort Collins
SHIP006321,ORD006321,Express,Delhivery,2024-09-01,9,Buffalo
SHIP006322,ORD006322,Standard,UPS,2025-06-11,6,Denver
SHIP006323,ORD006323,Standard,DHL,2026-01-01,1,Augusta
SHIP006324,ORD006324,Standard,DHL,2026-06-04,9,Charlotte
SHIP006325,ORD006325,Standard,Delhivery,2026-06-21,6,Pittsburgh
SHIP006326,ORD006326,Standard,IndiaPost,2021-03-12,7,Cincinnati
SHIP006327,ORD006327,Standard,BlueDart,2021-05-13,4,Reading
SHIP006328,ORD006328,Standard,DHL,2026-05-12,8,Denver
SHIP006330,ORD006330,Standard,BlueDart,2023-12-03,6,Fort Worth
SHIP006332,ORD006332,Economy,UPS,2023-06-20,3,Buffalo
SHIP006333,ORD006333,Economy,DHL,2025-09-16,5,Mesa
SHIP006335,ORD006335,Express,IndiaPost,2024-04-30,4,Seattle
SHIP006336,ORD006336,Standard,UPS,2023-11-09,7,Sacramento
SHIP006337,ORD006337,Standard,Delhivery,2025-12-23,4,Sacramento
SHIP006339,ORD006339,Express,UPS,2026-02-16,5,Pittsburgh
SHIP006340,ORD006340,Standard,DHL,2025-02-16,1,Erie
SHIP006342,ORD006342,Express,DHL,2023-02-09,7,San Antonio
SHIP006343,ORD006343,Economy,FedEx,2026-06-29,9,Chicago
SHIP006344,ORD006344,Standard,FedEx,2024-06-14,9,Athens
SHIP006345,ORD006345,Standard,IndiaPost,2026-05-23,9,Lansing
SHIP006346,ORD006346,Standard,UPS,2023-08-25,9,Macon
SHIP006347,ORD006347,Express,UPS,2026-03-25,4,Ann Arbor
SHIP006348,ORD006348,Standard,DHL,2026-05-07,3,Newark
SHIP006349,ORD006349,Standard,BlueDart,2026-07-01,2,Trenton
SHIP006350,ORD006350,Same-Day,Delhivery,2023-07-21,2,Lansing
SHIP006352,ORD006352,Economy,BlueDart,2025-09-25,2,Springfield
SHIP006354,ORD006354,Express,BlueDart,2025-10-10,4,Winston-Salem
SHIP006355,ORD006355,Express,Delhivery,2024-04-18,6,Philadelphia
SHIP006356,ORD006356,Express,BlueDart,2024-02-21,2,Spokane
SHIP006357,ORD006357,Same-Day,Delhivery,2026-04-04,9,Savannah
SHIP006358,ORD006358,Standard,DHL,2026-04-28,2,San Antonio
SHIP006359,ORD006359,Same-Day,Delhivery,2024-09-03,5,Phoenix
SHIP006360,ORD006360,Same-Day,DHL,2023-11-14,6,Trenton
SHIP006361,ORD006361,Standard,UPS,2026-02-25,7,Macon
SHIP006362,ORD006362,Standard,BlueDart,2025-10-21,2,Orlando
SHIP006363,ORD006363,Express,FedEx,2020-06-15,5,Buffalo
SHIP006364,ORD006364,Standard,DHL,2026-01-22,1,Springfield
SHIP006365,ORD006365,Standard,Delhivery,2023-02-25,4,Chicago
SHIP006366,ORD006366,Standard,UPS,2025-10-16,6,Durham
SHIP006367,ORD006367,Express,DHL,2023-03-02,1,Fort Collins
SHIP006368,ORD006368,Standard,DHL,2024-11-19,2,Rockford
SHIP006369,ORD006369,Standard,BlueDart,2026-07-03,7,Chicago
SHIP006370,ORD006370,Standard,DHL,2026-07-12,8,Tacoma
SHIP006371,ORD006371,Standard,FedEx,2026-06-13,6,Newark
SHIP006372,ORD006372,Standard,FedEx,2025-12-13,3,Chicago
SHIP006373,ORD006373,Standard,DHL,2025-07-04,4,Sacramento
SHIP006374,ORD006374,Standard,DHL,2022-10-22,6,Houston
SHIP006375,ORD006375,Standard,FedEx,2024-06-10,1,Tucson
SHIP006376,ORD006376,Standard,BlueDart,2024-03-30,2,Durham
SHIP006377,ORD006377,Same-Day,UPS,2025-06-05,2,San Antonio
SHIP006378,ORD006378,Standard,BlueDart,2026-02-20,8,Savannah
SHIP006379,ORD006379,Standard,Delhivery,2024-09-28,8,Jersey City
SHIP006381,ORD006381,Standard,UPS,2025-12-23,4,Springfield
SHIP006382,ORD006382,Same-Day,UPS,2024-06-25,2,New York City
SHIP006383,ORD006383,Express,DHL,2026-04-20,5,Fort Collins
SHIP006384,ORD006384,Economy,IndiaPost,2026-07-31,7,Seattle
SHIP006385,ORD006385,Standard,FedEx,2022-02-01,1,Pittsburgh
SHIP006387,ORD006387,Express,BlueDart,2024-10-18,1,Seattle
SHIP006388,ORD006388,Same-Day,UPS,2023-08-06,2,Tampa
SHIP006389,ORD006389,Standard,IndiaPost,2021-02-14,8,Lansing
SHIP006390,ORD006390,Economy,Delhivery,2023-11-02,1,Durham
SHIP006391,ORD006391,Express,BlueDart,2024-09-30,7,Fort Collins
SHIP006392,ORD006392,Standard,BlueDart,2026-06-07,9,Orlando
SHIP006393,ORD006393,Same-Day,IndiaPost,2026-05-22,6,Winston-Salem
SHIP006395,ORD006395,Express,BlueDart,2026-07-21,5,Tacoma
SHIP006396,ORD006396,Standard,Delhivery,2026-03-17,7,Rockford
SHIP006397,ORD006397,Standard,Delhivery,2026-04-30,6,Jacksonville
SHIP006399,ORD006399,Standard,Delhivery,2025-12-16,7,Winston-Salem
SHIP006400,ORD006400,Standard,BlueDart,2022-11-02,3,Buffalo
SHIP006401,ORD006401,Same-Day,BlueDart,2022-05-16,4,Tacoma
SHIP006402,ORD006402,Standard,FedEx,2026-02-24,4,Scottsdale
SHIP006403,ORD006403,Express,Delhivery,2024-11-10,1,Detroit
SHIP006404,ORD006404,Standard,Delhivery,2025-12-27,8,Rochester
SHIP006405,ORD006405,Standard,IndiaPost,2024-12-21,4,Newark
SHIP006406,ORD006406,Standard,IndiaPost,2026-06-17,4,Augusta
SHIP006407,ORD006407,Standard,BlueDart,2026-08-05,6,Fort Worth
SHIP006408,ORD006408,Economy,Delhivery,2025-04-21,2,Toledo
SHIP006410,ORD006410,Express,Delhivery,2026-04-29,1,Columbus
SHIP006411,ORD006411,Standard,UPS,2025-11-10,2,Rockford
SHIP006412,ORD006412,Standard,DHL,2026-06-29,1,Savannah
SHIP006413,ORD006413,Standard,DHL,2026-05-30,3,Austin
SHIP006414,ORD006414,Standard,DHL,2025-01-15,3,Savannah
SHIP006415,ORD006415,Standard,Delhivery,2025-01-23,5,Naperville
SHIP006416,ORD006416,Standard,BlueDart,2025-02-01,4,Winston-Salem
SHIP006417,ORD006417,Standard,UPS,2025-12-04,2,Toledo
SHIP006418,ORD006418,Standard,IndiaPost,2026-04-11,2,Mesa
SHIP006419,ORD006419,Express,UPS,2024-03-31,5,Erie
SHIP006420,ORD006420,Same-Day,UPS,2024-12-24,1,Lowell
SHIP006421,ORD006421,Standard,DHL,2025-10-31,6,Winston-Salem
SHIP006422,ORD006422,Standard,BlueDart,2025-02-16,9,Everett
SHIP006423,ORD006423,Standard,DHL,2026-03-02,7,Everett
SHIP006424,ORD006424,Standard,UPS,2026-07-27,6,Elizabeth
SHIP006426,ORD006426,Standard,BlueDart,2024-08-29,3,Boston
SHIP006427,ORD006427,Express,BlueDart,2025-12-11,4,Cleveland
SHIP006428,ORD006428,Same-Day,DHL,2026-05-07,4,Seattle
SHIP006429,ORD006429,Standard,IndiaPost,2024-05-09,2,Phoenix
SHIP006430,ORD006430,Economy,Delhivery,2025-10-29,1,Philadelphia
SHIP006431,ORD006431,Same-Day,UPS,2022-12-13,5,Raleigh
SHIP006433,ORD006433,Express,BlueDart,2025-09-13,2,Jersey City
SHIP006434,ORD006434,Standard,UPS,2026-03-29,2,Elizabeth
SHIP006435,ORD006435,Same-Day,Delhivery,2025-03-10,3,San Antonio
SHIP006436,ORD006436,Express,FedEx,2022-11-05,9,Everett
SHIP006437,ORD006437,Standard,UPS,2026-05-10,8,Tampa
SHIP006438,ORD006438,Standard,BlueDart,2024-05-09,2,Dallas
SHIP006439,ORD006439,Standard,FedEx,2026-02-18,3,San Francisco
SHIP006440,ORD006440,Standard,DHL,2024-02-25,4,Grand Rapids
SHIP006442,ORD006442,Standard,UPS,2026-07-20,4,Jersey City
SHIP006443,ORD006443,Standard,UPS,2025-09-02,2,Everett
SHIP006444,ORD006444,Standard,BlueDart,2024-11-01,3,San Antonio
SHIP006445,ORD006445,Economy,UPS,2026-02-11,9,San Diego
SHIP006446,ORD006446,Standard,DHL,2025-09-22,5,Greensboro
SHIP006447,ORD006447,Express,BlueDart,2023-08-21,6,Detroit
SHIP006448,ORD006448,Standard,Delhivery,2023-01-20,6,Aurora
SHIP006449,ORD006449,Express,FedEx,2026-06-22,1,Allentown
SHIP006451,ORD006451,Standard,UPS,2023-09-29,2,Raleigh
SHIP006452,ORD006452,Same-Day,UPS,2026-02-12,7,Savannah
SHIP006453,ORD006453,Standard,BlueDart,2025-05-12,9,Spokane
SHIP006454,ORD006454,Standard,BlueDart,2023-11-15,1,Colorado Springs
SHIP006456,ORD006456,Standard,IndiaPost,2025-04-01,1,Fort Collins
SHIP006457,ORD006457,Standard,IndiaPost,2026-02-02,5,Akron
SHIP006459,ORD006459,Express,Delhivery,2023-02-04,7,Winston-Salem
SHIP006460,ORD006460,Same-Day,UPS,2024-02-25,9,Los Angeles
SHIP006461,ORD006461,Express,BlueDart,2025-01-11,3,Sacramento
SHIP006462,ORD006462,Standard,FedEx,2026-07-09,2,Sacramento
SHIP006463,ORD006463,Standard,BlueDart,2024-03-05,2,Flint
SHIP006466,ORD006466,Standard,UPS,2025-05-23,6,Paterson
SHIP006467,ORD006467,Express,DHL,2019-10-01,9,Detroit
SHIP006468,ORD006468,Express,DHL,2024-08-27,1,Chicago
SHIP006469,ORD006469,Express,BlueDart,2026-04-25,3,Newark
SHIP006470,ORD006470,Standard,IndiaPost,2025-12-29,4,Jersey City
SHIP006471,ORD006471,Same-Day,UPS,2025-10-07,7,Lansing
SHIP006473,ORD006473,Standard,UPS,2026-02-05,5,San Antonio
SHIP006475,ORD006475,Same-Day,BlueDart,2026-06-27,4,Rockford
SHIP006477,ORD006477,Standard,BlueDart,2026-07-04,9,Springfield
SHIP006478,ORD006478,Economy,IndiaPost,2025-10-04,4,Springfield
SHIP006479,ORD006479,Same-Day,Delhivery,2022-02-02,6,Reading
SHIP006480,ORD006480,Standard,IndiaPost,2025-11-30,5,Jacksonville
SHIP006481,ORD006481,Same-Day,FedEx,2023-12-15,8,Phoenix
SHIP006482,ORD006482,Standard,DHL,2024-11-18,1,Boulder
SHIP006483,ORD006483,Standard,DHL,2025-11-10,6,Lowell
SHIP006485,ORD006485,Standard,BlueDart,2023-07-08,7,Springfield
SHIP006486,ORD006486,Express,Delhivery,2020-10-27,3,Akron
SHIP006487,ORD006487,Standard,IndiaPost,2026-07-04,1,Springfield
SHIP006488,ORD006488,Same-Day,BlueDart,2026-07-05,7,Trenton
SHIP006489,ORD006489,Economy,BlueDart,2025-08-25,4,Akron
SHIP006491,ORD006491,Express,DHL,2025-12-13,2,Los Angeles
SHIP006492,ORD006492,Express,IndiaPost,2026-02-02,6,Boston
SHIP006494,ORD006494,Standard,DHL,2020-05-02,7,Los Angeles
SHIP006496,ORD006496,Express,BlueDart,2023-07-11,8,New York City
SHIP006497,ORD006497,Express,BlueDart,2023-07-16,9,Durham
SHIP006498,ORD006498,Standard,IndiaPost,2026-02-14,2,Columbus
SHIP006499,ORD006499,Standard,BlueDart,2026-02-14,2,Macon
SHIP006500,ORD006500,Same-Day,IndiaPost,2025-03-18,8,Fort Worth
SHIP006501,ORD006501,Standard,BlueDart,2024-11-01,6,Erie
SHIP006503,ORD006503,Express,UPS,2024-08-17,9,Fort Collins
SHIP006504,ORD006504,Standard,DHL,2026-03-04,9,Houston
SHIP006506,ORD006506,Same-Day,Delhivery,2023-08-15,7,Detroit
SHIP006507,ORD006507,Same-Day,BlueDart,2025-01-21,3,Boston
SHIP006508,ORD006508,Express,IndiaPost,2023-04-01,1,Springfield
SHIP006510,ORD006510,Standard,IndiaPost,2025-04-21,7,New York City
SHIP006511,ORD006511,Standard,DHL,2024-10-30,1,Pittsburgh
SHIP006512,ORD006512,Economy,DHL,2026-02-02,3,Cambridge
SHIP006513,ORD006513,Express,DHL,2023-12-11,7,Dallas
SHIP006514,ORD006514,Express,FedEx,2024-10-26,4,Orlando
SHIP006516,ORD006516,Same-Day,Delhivery,2024-09-30,2,Scottsdale
SHIP006517,ORD006517,Same-Day,UPS,2026-05-23,3,Boston
SHIP006518,ORD006518,Express,BlueDart,2026-07-24,1,Erie
SHIP006519,ORD006519,Standard,Delhivery,2026-04-28,6,Macon
SHIP006520,ORD006520,Standard,BlueDart,2025-12-23,8,Rochester
SHIP006521,ORD006521,Economy,FedEx,2026-07-10,7,San Jose
SHIP006522,ORD006522,Standard,BlueDart,2023-04-18,7,Colorado Springs
SHIP006523,ORD006523,Express,Delhivery,2024-11-14,6,Mesa
SHIP006524,ORD006524,Standard,DHL,2023-04-27,9,Bellevue
SHIP006525,ORD006525,Standard,FedEx,2025-11-18,4,Athens
SHIP006526,ORD006526,Standard,BlueDart,2026-06-07,9,Denver
SHIP006527,ORD006527,Standard,IndiaPost,2025-11-12,4,Spokane
SHIP006528,ORD006528,Standard,BlueDart,2023-03-15,6,Albany
SHIP006529,ORD006529,Express,IndiaPost,2025-02-24,3,Miami
SHIP006530,ORD006530,Express,UPS,2025-01-12,6,Cambridge
SHIP006531,ORD006531,Standard,DHL,2022-03-26,6,Los Angeles
SHIP006534,ORD006534,Economy,IndiaPost,2026-08-08,9,Peoria
SHIP006535,ORD006535,Economy,BlueDart,2024-03-23,5,Allentown
SHIP006536,ORD006536,Express,IndiaPost,2025-05-21,7,San Antonio
SHIP006537,ORD006537,Express,UPS,2021-02-12,3,Erie
SHIP006538,ORD006538,Express,DHL,2023-07-09,2,Pittsburgh
SHIP006539,ORD006539,Standard,BlueDart,2024-01-22,3,Boulder
SHIP006540,ORD006540,Express,DHL,2020-09-18,7,Detroit
SHIP006541,ORD006541,Standard,DHL,2026-06-21,4,Los Angeles
SHIP006542,ORD006542,Standard,DHL,2023-11-03,9,Augusta
SHIP006543,ORD006543,Same-Day,FedEx,2022-02-23,2,Bellevue
SHIP006544,ORD006544,Express,DHL,2026-03-15,3,Aurora
SHIP006546,ORD006546,Standard,UPS,2023-11-21,6,Denver
SHIP006547,ORD006547,Express,IndiaPost,2023-10-17,3,Allentown
SHIP006548,ORD006548,Standard,UPS,2025-05-21,6,Charlotte
SHIP006549,ORD006549,Express,FedEx,2021-12-08,1,Bellevue
SHIP006551,ORD006551,Economy,FedEx,2025-06-21,6,San Francisco
SHIP006552,ORD006552,Same-Day,IndiaPost,2026-05-03,2,Pittsburgh
SHIP006553,ORD006553,Standard,DHL,2023-02-23,4,Buffalo
SHIP006554,ORD006554,Express,FedEx,2019-12-02,7,Flint
SHIP006555,ORD006555,Standard,UPS,2026-04-06,7,Bellevue
SHIP006556,ORD006556,Same-Day,UPS,2021-12-08,7,Miami
SHIP006559,ORD006559,Standard,Delhivery,2024-06-10,9,Savannah
SHIP006560,ORD006560,Express,BlueDart,2023-11-21,5,Peoria
SHIP006561,ORD006561,Economy,FedEx,2026-02-09,4,Atlanta
SHIP006562,ORD006562,Standard,UPS,2024-07-03,2,Paterson
SHIP006563,ORD006563,Standard,UPS,2023-12-11,8,Tampa
SHIP006565,ORD006565,Standard,FedEx,2023-05-16,7,Trenton
SHIP006566,ORD006566,Standard,BlueDart,2024-10-25,2,Chandler
SHIP006568,ORD006568,Economy,Delhivery,2023-11-06,5,Springfield
SHIP006569,ORD006569,Economy,BlueDart,2026-02-03,6,Macon
SHIP006570,ORD006570,Express,DHL,2023-01-19,7,Springfield
SHIP006571,ORD006571,Express,DHL,2024-10-11,4,Los Angeles
SHIP006572,ORD006572,Express,Delhivery,2025-09-06,4,Akron
SHIP006573,ORD006573,Economy,UPS,2022-05-09,7,Seattle
SHIP006574,ORD006574,Standard,FedEx,2026-02-28,4,Peoria
SHIP006575,ORD006575,Express,IndiaPost,2021-02-27,3,Detroit
SHIP006576,ORD006576,Standard,FedEx,2025-12-25,7,Grand Rapids
SHIP006577,ORD006577,Express,DHL,2025-09-20,6,Savannah
SHIP006578,ORD006578,Express,IndiaPost,2026-04-20,4,Cleveland
SHIP006579,ORD006579,Standard,IndiaPost,2025-01-03,7,Ann Arbor
SHIP006580,ORD006580,Same-Day,DHL,2023-11-04,5,Greensboro
SHIP006581,ORD006581,Standard,BlueDart,2023-04-25,9,Houston
SHIP006582,ORD006582,Standard,UPS,2026-05-03,7,Reading
SHIP006583,ORD006583,Standard,IndiaPost,2025-01-26,3,Macon
SHIP006584,ORD006584,Express,IndiaPost,2025-08-12,6,Orlando
SHIP006585,ORD006585,Standard,UPS,2025-12-14,9,Toledo
SHIP006586,ORD006586,Standard,DHL,2024-04-02,2,Naperville
SHIP006587,ORD006587,Standard,UPS,2026-06-01,7,Paterson
SHIP006588,ORD006588,Express,Delhivery,2024-05-23,2,Dallas
SHIP006589,ORD006589,Standard,DHL,2025-01-01,4,Everett
SHIP006590,ORD006590,Express,Delhivery,2022-04-14,7,Springfield
SHIP006591,ORD006591,Standard,BlueDart,2026-05-10,3,Denver
SHIP006593,ORD006593,Standard,IndiaPost,2024-09-20,3,Fort Collins
SHIP006594,ORD006594,Standard,UPS,2021-04-11,2,Tucson
SHIP006595,ORD006595,Same-Day,UPS,2025-06-03,2,Allentown
SHIP006596,ORD006596,Standard,DHL,2022-08-28,6,Augusta
SHIP006597,ORD006597,Express,UPS,2024-02-01,9,Buffalo
SHIP006598,ORD006598,Standard,UPS,2026-03-01,7,Boston
SHIP006599,ORD006599,Economy,Delhivery,2025-02-21,7,Allentown
SHIP006600,ORD006600,Standard,DHL,2022-03-20,9,Augusta
SHIP006601,ORD006601,Standard,BlueDart,2025-10-12,1,Macon
SHIP006602,ORD006602,Standard,FedEx,2021-09-14,2,Dallas
SHIP006604,ORD006604,Express,DHL,2022-03-05,7,Greensboro
SHIP006605,ORD006605,Standard,FedEx,2026-07-12,2,Philadelphia
SHIP006606,ORD006606,Standard,FedEx,2025-09-28,1,Fort Worth
SHIP006608,ORD006608,Same-Day,BlueDart,2025-09-06,1,San Francisco
SHIP006609,ORD006609,Standard,Delhivery,2022-09-21,9,Springfield
SHIP006610,ORD006610,Standard,IndiaPost,2022-09-15,1,Durham
SHIP006611,ORD006611,Standard,UPS,2025-09-18,2,Austin
SHIP006612,ORD006612,Standard,DHL,2023-12-11,2,Peoria
SHIP006613,ORD006613,Standard,IndiaPost,2023-07-31,4,San Antonio
SHIP006614,ORD006614,Express,UPS,2025-09-11,1,Greensboro
SHIP006615,ORD006615,Express,IndiaPost,2025-12-11,6,Mesa
SHIP006616,ORD006616,Standard,Delhivery,2026-03-23,1,Flint
SHIP006617,ORD006617,Express,UPS,2026-02-23,4,San Francisco
SHIP006618,ORD006618,Standard,BlueDart,2025-09-11,1,Columbus
SHIP006622,ORD006622,Same-Day,UPS,2022-12-05,1,Austin
SHIP006623,ORD006623,Standard,FedEx,2026-06-05,7,Dallas
SHIP006624,ORD006624,Standard,Delhivery,2025-03-08,5,Los Angeles
SHIP006625,ORD006625,Standard,UPS,2023-06-24,7,Albany
SHIP006627,ORD006627,Express,DHL,2026-05-24,5,Worcester
SHIP006628,ORD006628,Economy,IndiaPost,2024-05-31,5,Austin
SHIP006629,ORD006629,Standard,BlueDart,2025-04-21,6,Denver
SHIP006630,ORD006630,Economy,Delhivery,2024-10-10,3,Cleveland
SHIP006631,ORD006631,Standard,BlueDart,2026-05-18,9,Mesa
SHIP006632,ORD006632,Standard,DHL,2023-12-11,2,Austin
SHIP006633,ORD006633,Standard,UPS,2025-03-03,5,Raleigh
SHIP006634,ORD006634,Standard,BlueDart,2024-06-09,9,Atlanta
SHIP006635,ORD006635,Express,DHL,2025-03-19,5,Toledo
SHIP006636,ORD006636,Same-Day,DHL,2021-08-05,8,Macon
SHIP006638,ORD006638,Express,IndiaPost,2025-03-21,4,Fort Worth
SHIP006640,ORD006640,Express,Delhivery,2025-01-09,1,Chicago
SHIP006642,ORD006642,Standard,Delhivery,2026-05-09,7,San Antonio
SHIP006643,ORD006643,Same-Day,FedEx,2025-02-15,9,Mesa
SHIP006644,ORD006644,Express,Delhivery,2024-10-28,9,Syracuse
SHIP006645,ORD006645,Express,DHL,2023-01-14,8,Everett
SHIP006646,ORD006646,Express,FedEx,2024-07-14,5,Austin
SHIP006647,ORD006647,Standard,DHL,2024-03-12,6,Cleveland
SHIP006648,ORD006648,Standard,Delhivery,2026-03-23,8,Fort Collins
SHIP006649,ORD006649,Express,DHL,2022-03-09,8,Denver
SHIP006650,ORD006650,Express,BlueDart,2021-09-27,7,San Francisco
SHIP006651,ORD006651,Express,BlueDart,2025-09-25,2,Tucson
SHIP006652,ORD006652,Economy,BlueDart,2026-05-19,9,Seattle
SHIP006653,ORD006653,Same-Day,BlueDart,2025-08-17,9,Akron
SHIP006654,ORD006654,Standard,Delhivery,2024-06-09,4,Boulder
SHIP006655,ORD006655,Standard,BlueDart,2024-12-09,4,Paterson
SHIP006657,ORD006657,Express,UPS,2023-07-21,5,Cambridge
SHIP006658,ORD006658,Same-Day,IndiaPost,2024-05-15,1,Columbus
SHIP006659,ORD006659,Express,Delhivery,2022-07-20,3,Trenton
SHIP006660,ORD006660,Standard,FedEx,2025-10-24,1,Winston-Salem
SHIP006661,ORD006661,Standard,Delhivery,2025-08-08,5,Winston-Salem
SHIP006663,ORD006663,Express,FedEx,2023-11-29,6,San Antonio
SHIP006664,ORD006664,Express,BlueDart,2024-04-30,1,New York City
SHIP006665,ORD006665,Same-Day,UPS,2025-02-19,7,Cincinnati
SHIP006666,ORD006666,Standard,UPS,2024-08-18,7,Charlotte
SHIP006667,ORD006667,Standard,DHL,2024-05-14,3,Fort Lauderdale
SHIP006668,ORD006668,Same-Day,FedEx,2026-07-09,9,Ann Arbor
SHIP006669,ORD006669,Standard,IndiaPost,2026-01-28,2,Springfield
SHIP006670,ORD006670,Standard,FedEx,2024-05-10,6,Naperville
SHIP006671,ORD006671,Same-Day,Delhivery,2025-08-15,9,Augusta
SHIP006672,ORD006672,Same-Day,FedEx,2026-02-15,7,Spokane
SHIP006673,ORD006673,Standard,IndiaPost,2025-10-24,3,Los Angeles
SHIP006674,ORD006674,Standard,BlueDart,2024-12-05,8,Syracuse
SHIP006675,ORD006675,Express,FedEx,2023-05-21,7,Denver
SHIP006676,ORD006676,Standard,IndiaPost,2024-11-03,4,Seattle
SHIP006678,ORD006678,Express,BlueDart,2025-11-02,4,Newark
SHIP006679,ORD006679,Same-Day,FedEx,2024-10-29,1,Miami
SHIP006680,ORD006680,Standard,DHL,2026-06-02,1,Columbus
SHIP006681,ORD006681,Same-Day,FedEx,2026-02-15,8,Denver
SHIP006682,ORD006682,Standard,DHL,2023-08-18,7,Spokane
SHIP006683,ORD006683,Standard,BlueDart,2022-08-26,3,Macon
SHIP006684,ORD006684,Express,Delhivery,2025-07-13,1,Tucson
SHIP006685,ORD006685,Express,BlueDart,2024-03-29,8,Albany
SHIP006686,ORD006686,Standard,FedEx,2023-08-27,6,Macon
SHIP006687,ORD006687,Standard,FedEx,2023-07-27,1,Fort Lauderdale
SHIP006688,ORD006688,Standard,DHL,2025-12-24,8,Paterson
SHIP006689,ORD006689,Express,UPS,2026-03-11,4,Rochester
SHIP006690,ORD006690,Express,BlueDart,2024-04-03,8,Newark
SHIP006691,ORD006691,Standard,IndiaPost,2026-05-04,4,Orlando
SHIP006692,ORD006692,Express,IndiaPost,2025-02-06,9,Buffalo
SHIP006694,ORD006694,Standard,BlueDart,2021-08-16,8,Elizabeth
SHIP006695,ORD006695,Express,Delhivery,2025-04-24,2,Winston-Salem
SHIP006696,ORD006696,Same-Day,FedEx,2025-08-29,1,Cambridge
SHIP006697,ORD006697,Economy,Delhivery,2024-10-10,8,Rochester
SHIP006698,ORD006698,Express,BlueDart,2024-09-01,9,Fort Collins
SHIP006699,ORD006699,Same-Day,IndiaPost,2026-04-30,5,Houston
SHIP006700,ORD006700,Standard,IndiaPost,2024-08-08,1,Lowell
SHIP006701,ORD006701,Standard,FedEx,2026-01-22,8,Reading
SHIP006702,ORD006702,Standard,UPS,2026-05-10,8,New York City
SHIP006703,ORD006703,Standard,UPS,2025-12-09,6,Erie
SHIP006704,ORD006704,Standard,FedEx,2026-01-13,8,Akron
SHIP006705,ORD006705,Standard,BlueDart,2024-11-03,5,Greensboro
SHIP006706,ORD006706,Standard,IndiaPost,2024-07-06,7,Houston
SHIP006707,ORD006707,Same-Day,BlueDart,2020-03-21,9,Seattle
SHIP006708,ORD006708,Express,BlueDart,2023-05-05,2,Trenton
SHIP006709,ORD006709,Standard,BlueDart,2023-08-04,9,Fort Worth
SHIP006710,ORD006710,Standard,Delhivery,2026-01-11,5,Toledo
SHIP006712,ORD006712,Standard,UPS,2024-04-12,8,San Diego
SHIP006713,ORD006713,Economy,UPS,2021-12-05,5,Tampa
SHIP006715,ORD006715,Standard,BlueDart,2026-05-02,3,Aurora
SHIP006719,ORD006719,Express,BlueDart,2026-03-11,5,Raleigh
SHIP006720,ORD006720,Express,DHL,2022-01-31,5,Orlando
SHIP006721,ORD006721,Express,UPS,2025-09-19,3,Toledo
SHIP006722,ORD006722,Same-Day,FedEx,2026-05-06,9,New York City
SHIP006723,ORD006723,Express,UPS,2025-07-06,5,Lansing
SHIP006724,ORD006724,Standard,DHL,2026-01-06,9,Elizabeth
SHIP006725,ORD006725,Economy,DHL,2023-05-21,8,Dallas
SHIP006726,ORD006726,Express,UPS,2026-01-08,5,San Diego
SHIP006727,ORD006727,Standard,BlueDart,2026-08-02,7,Augusta
SHIP006728,ORD006728,Same-Day,UPS,2025-04-15,1,Bellevue
SHIP006729,ORD006729,Standard,FedEx,2025-06-29,8,Cambridge
SHIP006730,ORD006730,Standard,BlueDart,2026-02-19,1,Augusta
SHIP006731,ORD006731,Express,FedEx,2026-02-26,9,Charlotte
SHIP006733,ORD006733,Standard,FedEx,2024-08-09,5,Fort Worth
SHIP006734,ORD006734,Standard,BlueDart,2022-04-01,6,Allentown
SHIP006735,ORD006735,Standard,FedEx,2025-01-02,8,Raleigh
SHIP006736,ORD006736,Standard,UPS,2026-04-19,4,Los Angeles
SHIP006737,ORD006737,Standard,UPS,2024-12-02,6,Colorado Springs
SHIP006738,ORD006738,Express,FedEx,2026-04-01,2,Paterson
SHIP006739,ORD006739,Express,IndiaPost,2023-06-20,9,Charlotte
SHIP006740,ORD006740,Standard,Delhivery,2025-08-28,1,Boulder
SHIP006741,ORD006741,Standard,DHL,2024-09-21,9,Cleveland
SHIP006742,ORD006742,Express,IndiaPost,2024-07-25,3,Athens
SHIP006743,ORD006743,Same-Day,FedEx,2021-06-17,3,Fort Worth
SHIP006744,ORD006744,Standard,FedEx,2024-11-03,8,Chicago
SHIP006747,ORD006747,Standard,DHL,2026-06-14,8,Rochester
SHIP006748,ORD006748,Express,IndiaPost,2025-07-09,2,Tampa
SHIP006750,ORD006750,Express,FedEx,2026-04-16,7,Lansing
SHIP006751,ORD006751,Express,Delhivery,2024-11-01,4,Everett
SHIP006752,ORD006752,Standard,BlueDart,2026-06-06,7,Toledo
SHIP006753,ORD006753,Same-Day,FedEx,2025-03-12,1,Grand Rapids
SHIP006754,ORD006754,Standard,Delhivery,2026-03-17,5,Trenton
SHIP006755,ORD006755,Express,UPS,2026-04-11,7,Fort Collins
SHIP006757,ORD006757,Standard,UPS,2021-01-08,9,Raleigh
SHIP006758,ORD006758,Standard,BlueDart,2026-07-14,5,Cambridge
SHIP006759,ORD006759,Standard,DHL,2023-05-21,8,Syracuse
SHIP006760,ORD006760,Standard,Delhivery,2026-01-14,3,Atlanta
SHIP006761,ORD006761,Standard,DHL,2024-02-18,1,San Diego
SHIP006762,ORD006762,Economy,DHL,2022-06-04,6,Toledo
SHIP006763,ORD006763,Express,DHL,2023-10-30,6,Albany
SHIP006764,ORD006764,Standard,Delhivery,2024-11-28,7,Houston
SHIP006765,ORD006765,Standard,DHL,2026-01-31,1,Flint
SHIP006766,ORD006766,Standard,FedEx,2024-01-17,9,Cincinnati
SHIP006767,ORD006767,Express,UPS,2025-10-27,1,Rockford
SHIP006768,ORD006768,Standard,DHL,2023-11-14,4,Cincinnati
SHIP006769,ORD006769,Same-Day,Delhivery,2024-06-14,2,Houston
SHIP006770,ORD006770,Standard,BlueDart,2025-09-16,1,Toledo
SHIP006773,ORD006773,Standard,DHL,2024-08-06,6,Syracuse
SHIP006774,ORD006774,Standard,DHL,2024-07-29,4,Worcester
SHIP006775,ORD006775,Express,Delhivery,2025-07-07,5,Paterson
SHIP006776,ORD006776,Standard,DHL,2026-05-12,6,Elizabeth
SHIP006777,ORD006777,Standard,UPS,2023-07-16,7,Colorado Springs
SHIP006778,ORD006778,Express,FedEx,2024-01-28,7,Atlanta
SHIP006779,ORD006779,Standard,DHL,2022-10-17,3,Houston
SHIP006780,ORD006780,Standard,UPS,2024-06-14,6,Cincinnati
SHIP006781,ORD006781,Standard,DHL,2025-11-11,3,Atlanta
SHIP006782,ORD006782,Standard,FedEx,2025-07-20,6,Jersey City
SHIP006783,ORD006783,Express,UPS,2024-05-06,8,Syracuse
SHIP006784,ORD006784,Same-Day,IndiaPost,2025-07-06,6,Allentown
SHIP006785,ORD006785,Standard,DHL,2025-03-16,8,Erie
SHIP006786,ORD006786,Standard,UPS,2020-06-26,4,Springfield
SHIP006787,ORD006787,Standard,Delhivery,2021-05-16,5,Atlanta
SHIP006788,ORD006788,Economy,IndiaPost,2024-07-19,5,Reading
SHIP006789,ORD006789,Standard,FedEx,2024-11-21,1,Charlotte
SHIP006790,ORD006790,Standard,IndiaPost,2026-01-07,1,Fort Worth
SHIP006791,ORD006791,Express,IndiaPost,2026-06-25,8,Fort Worth
SHIP006792,ORD006792,Standard,FedEx,2024-01-01,2,Miami
SHIP006793,ORD006793,Express,BlueDart,2025-12-23,1,Cleveland
SHIP006794,ORD006794,Standard,FedEx,2023-03-06,9,Winston-Salem
SHIP006795,ORD006795,Standard,BlueDart,2021-11-13,1,Rochester
SHIP006798,ORD006798,Same-Day,FedEx,2025-08-01,1,Greensboro
SHIP006799,ORD006799,Standard,BlueDart,2026-05-10,9,Peoria
SHIP006800,ORD006800,Express,BlueDart,2021-05-20,6,Peoria
SHIP006801,ORD006801,Same-Day,FedEx,2025-10-04,3,Sacramento
SHIP006802,ORD006802,Standard,DHL,2022-09-08,9,Denver
SHIP006804,ORD006804,Standard,IndiaPost,2026-01-17,8,Bellevue
SHIP006805,ORD006805,Standard,IndiaPost,2020-09-19,8,Syracuse
SHIP006806,ORD006806,Express,Delhivery,2026-05-30,7,Seattle
SHIP006808,ORD006808,Express,Delhivery,2024-03-22,5,Greensboro
SHIP006809,ORD006809,Standard,FedEx,2025-04-01,2,San Antonio
SHIP006811,ORD006811,Standard,IndiaPost,2021-05-14,3,Grand Rapids
SHIP006812,ORD006812,Standard,IndiaPost,2026-06-13,1,Fort Worth
SHIP006813,ORD006813,Standard,BlueDart,2026-01-03,6,Boulder
SHIP006814,ORD006814,Same-Day,IndiaPost,2024-09-24,5,Seattle
SHIP006815,ORD006815,Standard,UPS,2024-07-20,1,Orlando
SHIP006816,ORD006816,Standard,IndiaPost,2026-06-24,7,Springfield
SHIP006817,ORD006817,Same-Day,DHL,2025-07-15,6,Denver
SHIP006818,ORD006818,Standard,BlueDart,2022-11-02,6,Fort Collins
SHIP006819,ORD006819,Same-Day,FedEx,2021-06-09,1,Worcester
SHIP006821,ORD006821,Express,FedEx,2026-01-24,5,Jacksonville
SHIP006822,ORD006822,Express,FedEx,2026-06-30,1,San Jose
SHIP006823,ORD006823,Standard,IndiaPost,2021-10-25,6,Dallas
SHIP006824,ORD006824,Economy,FedEx,2026-03-08,3,Macon
SHIP006825,ORD006825,Same-Day,UPS,2026-06-09,5,Everett
SHIP006826,ORD006826,Express,FedEx,2023-07-25,8,Raleigh
SHIP006829,ORD006829,Express,UPS,2025-12-19,4,Fort Collins
SHIP006830,ORD006830,Standard,FedEx,2025-11-15,7,Naperville
SHIP006831,ORD006831,Express,UPS,2025-07-13,8,Orlando
SHIP006832,ORD006832,Express,Delhivery,2026-03-17,9,Albany
SHIP006833,ORD006833,Economy,BlueDart,2025-04-14,5,Orlando
SHIP006834,ORD006834,Express,BlueDart,2026-06-18,1,Fort Worth
SHIP006835,ORD006835,Standard,BlueDart,2025-07-17,6,Elizabeth
SHIP006836,ORD006836,Standard,DHL,2022-12-08,9,Athens
SHIP006837,ORD006837,Express,UPS,2022-09-03,3,Bellevue
SHIP006838,ORD006838,Standard,Delhivery,2024-09-22,5,Sacramento
SHIP006839,ORD006839,Economy,BlueDart,2026-05-24,5,Phoenix
SHIP006840,ORD006840,Express,FedEx,2021-09-13,3,Tampa
SHIP006841,ORD006841,Standard,BlueDart,2026-05-29,8,Seattle
SHIP006842,ORD006842,Standard,FedEx,2025-12-28,4,San Antonio
SHIP006843,ORD006843,Standard,Delhivery,2025-07-23,3,Tampa
SHIP006844,ORD006844,Express,FedEx,2023-03-07,5,San Jose
SHIP006845,ORD006845,Standard,BlueDart,2025-05-26,4,Rochester
SHIP006846,ORD006846,Express,FedEx,2026-01-27,7,Newark
SHIP006847,ORD006847,Standard,IndiaPost,2024-12-16,1,Mesa
SHIP006848,ORD006848,Standard,UPS,2023-08-01,7,Toledo
SHIP006849,ORD006849,Express,UPS,2026-03-15,6,Winston-Salem
SHIP006850,ORD006850,Express,UPS,2023-07-23,3,Boulder
SHIP006851,ORD006851,Economy,FedEx,2025-06-23,9,Naperville
SHIP006852,ORD006852,Same-Day,FedEx,2026-06-01,8,San Francisco
SHIP006853,ORD006853,Express,FedEx,2024-10-01,9,Worcester
SHIP006854,ORD006854,Economy,DHL,2026-05-12,5,Naperville
SHIP006855,ORD006855,Express,DHL,2025-07-17,2,Greensboro
SHIP006856,ORD006856,Economy,IndiaPost,2025-09-19,4,Newark
SHIP006857,ORD006857,Express,IndiaPost,2026-07-03,4,Atlanta
SHIP006858,ORD006858,Standard,BlueDart,2024-07-03,8,Miami
SHIP006859,ORD006859,Express,DHL,2026-02-05,7,Springfield
SHIP006861,ORD006861,Standard,IndiaPost,2023-12-22,8,New York City
SHIP006866,ORD006866,Standard,DHL,2026-07-17,1,Winston-Salem
SHIP006867,ORD006867,Express,BlueDart,2025-08-05,8,Syracuse
SHIP006868,ORD006868,Standard,UPS,2025-09-15,7,Springfield
SHIP006869,ORD006869,Same-Day,Delhivery,2026-06-14,4,Fort Lauderdale
SHIP006870,ORD006870,Standard,BlueDart,2022-09-27,8,Fort Lauderdale
SHIP006871,ORD006871,Standard,BlueDart,2026-07-04,8,Atlanta
SHIP006872,ORD006872,Standard,BlueDart,2024-05-13,4,Colorado Springs
SHIP006873,ORD006873,Economy,Delhivery,2026-03-30,2,Rochester
SHIP006874,ORD006874,Standard,DHL,2025-11-27,6,Greensboro
SHIP006875,ORD006875,Standard,FedEx,2025-09-13,6,Cleveland
SHIP006876,ORD006876,Standard,BlueDart,2024-10-02,5,Raleigh
SHIP006877,ORD006877,Standard,BlueDart,2026-07-18,1,Fort Collins
SHIP006878,ORD006878,Standard,DHL,2026-04-08,1,Rockford
SHIP006879,ORD006879,Express,DHL,2024-04-03,9,Denver
SHIP006880,ORD006880,Standard,UPS,2025-06-18,1,Cleveland
SHIP006883,ORD006883,Express,UPS,2024-10-14,8,Paterson
SHIP006884,ORD006884,Standard,UPS,2024-06-15,6,San Antonio
SHIP006885,ORD006885,Express,IndiaPost,2021-11-05,2,New York City
SHIP006886,ORD006886,Express,Delhivery,2023-10-21,5,Cincinnati
SHIP006887,ORD006887,Standard,FedEx,2024-03-05,7,Colorado Springs
SHIP006888,ORD006888,Same-Day,Delhivery,2026-06-29,2,San Antonio
SHIP006890,ORD006890,Same-Day,Delhivery,2026-02-02,1,Spokane
SHIP006891,ORD006891,Express,BlueDart,2022-04-01,8,Greensboro
SHIP006892,ORD006892,Express,Delhivery,2026-04-20,3,Detroit
SHIP006894,ORD006894,Standard,UPS,2026-07-31,1,Tacoma
SHIP006895,ORD006895,Express,IndiaPost,2025-03-15,1,Springfield
SHIP006897,ORD006897,Same-Day,BlueDart,2023-11-25,6,Cleveland
SHIP006898,ORD006898,Standard,UPS,2024-07-11,5,Dallas
SHIP006899,ORD006899,Express,Delhivery,2026-06-13,5,Toledo
SHIP006900,ORD006900,Standard,FedEx,2026-05-29,6,Tucson
SHIP006901,ORD006901,Express,BlueDart,2025-09-18,9,Bellevue
SHIP006904,ORD006904,Standard,IndiaPost,2023-11-06,3,Raleigh
SHIP006905,ORD006905,Standard,IndiaPost,2021-09-08,3,Philadelphia
SHIP006906,ORD006906,Standard,UPS,2021-05-12,6,Flint
SHIP006907,ORD006907,Standard,UPS,2026-02-11,2,Paterson
SHIP006908,ORD006908,Economy,Delhivery,2022-11-28,1,Athens
SHIP006909,ORD006909,Express,DHL,2025-10-16,2,Raleigh
SHIP006910,ORD006910,Standard,Delhivery,2020-08-21,6,Allentown
SHIP006911,ORD006911,Standard,FedEx,2022-12-27,9,Boulder
SHIP006912,ORD006912,Standard,Delhivery,2023-10-02,3,Dallas
SHIP006913,ORD006913,Standard,UPS,2022-08-19,2,Scottsdale
SHIP006914,ORD006914,Standard,Delhivery,2023-01-15,4,Aurora
SHIP006915,ORD006915,Same-Day,BlueDart,2024-09-20,4,Savannah
SHIP006916,ORD006916,Standard,Delhivery,2024-10-18,7,Dallas
SHIP006918,ORD006918,Standard,BlueDart,2026-06-17,5,Winston-Salem
SHIP006919,ORD006919,Standard,DHL,2026-06-02,8,Lansing
SHIP006921,ORD006921,Standard,FedEx,2025-11-22,9,New York City
SHIP006922,ORD006922,Standard,FedEx,2025-11-21,8,Columbus
SHIP006923,ORD006923,Standard,UPS,2024-09-29,9,Trenton
SHIP006924,ORD006924,Express,IndiaPost,2025-07-10,8,Atlanta
SHIP006925,ORD006925,Standard,Delhivery,2024-06-22,8,Fort Lauderdale
SHIP006926,ORD006926,Standard,Delhivery,2024-02-09,8,Erie
SHIP006927,ORD006927,Economy,IndiaPost,2026-06-02,1,Dallas
SHIP006929,ORD006929,Express,FedEx,2025-09-07,7,Miami
SHIP006930,ORD006930,Standard,BlueDart,2026-08-05,7,Worcester
SHIP006934,ORD006934,Express,UPS,2023-08-31,5,Fort Worth
SHIP006935,ORD006935,Standard,DHL,2026-06-26,2,Tacoma
SHIP006936,ORD006936,Standard,DHL,2022-12-15,4,Denver
SHIP006937,ORD006937,Same-Day,FedEx,2024-02-02,7,Fort Worth
SHIP006938,ORD006938,Standard,UPS,2023-06-24,2,Austin
SHIP006939,ORD006939,Standard,DHL,2025-06-16,9,Jersey City
SHIP006940,ORD006940,Express,Delhivery,2024-11-27,4,San Francisco
SHIP006941,ORD006941,Economy,DHL,2026-05-06,9,Bellevue
SHIP006942,ORD006942,Standard,UPS,2025-10-29,1,Winston-Salem
SHIP006944,ORD006944,Express,BlueDart,2025-05-11,2,Trenton
SHIP006945,ORD006945,Standard,Delhivery,2025-09-11,3,Newark
SHIP006946,ORD006946,Express,IndiaPost,2026-07-28,2,Bellevue
SHIP006947,ORD006947,Express,IndiaPost,2026-04-15,7,Springfield
SHIP006948,ORD006948,Economy,FedEx,2026-07-18,4,Boulder
SHIP006949,ORD006949,Standard,FedEx,2026-06-29,5,Charlotte
SHIP006950,ORD006950,Standard,IndiaPost,2025-08-25,6,Fort Collins
SHIP006951,ORD006951,Express,BlueDart,2026-06-23,6,Flint
SHIP006953,ORD006953,Standard,FedEx,2025-01-17,8,Columbus
SHIP006954,ORD006954,Same-Day,Delhivery,2023-11-26,4,Phoenix
SHIP006955,ORD006955,Standard,FedEx,2025-08-11,1,Augusta
SHIP006956,ORD006956,Economy,BlueDart,2025-11-09,9,Chicago
SHIP006958,ORD006958,Express,DHL,2023-08-15,4,Cincinnati
SHIP006959,ORD006959,Standard,BlueDart,2026-05-20,2,Durham
SHIP006960,ORD006960,Same-Day,DHL,2023-06-19,8,Reading
SHIP006961,ORD006961,Same-Day,BlueDart,2025-06-22,9,Pittsburgh
SHIP006962,ORD006962,Express,Delhivery,2024-02-01,8,Springfield
SHIP006963,ORD006963,Standard,FedEx,2025-09-17,7,Scottsdale
SHIP006965,ORD006965,Standard,FedEx,2024-08-29,6,Spokane
SHIP006966,ORD006966,Economy,IndiaPost,2026-06-27,1,Springfield
SHIP006970,ORD006970,Standard,FedEx,2025-09-16,9,Athens
SHIP006971,ORD006971,Express,DHL,2026-03-14,9,Greensboro
SHIP006974,ORD006974,Standard,BlueDart,2026-02-04,1,San Antonio
SHIP006975,ORD006975,Express,BlueDart,2024-04-22,7,Miami
SHIP006976,ORD006976,Economy,Delhivery,2026-07-02,6,Erie
SHIP006977,ORD006977,Express,Delhivery,2026-05-28,6,Orlando
SHIP006978,ORD006978,Standard,FedEx,2023-04-14,1,Winston-Salem
SHIP006979,ORD006979,Economy,BlueDart,2023-09-08,6,Tucson
SHIP006980,ORD006980,Standard,FedEx,2026-05-31,9,Greensboro
SHIP006981,ORD006981,Standard,DHL,2025-02-08,8,Chandler
SHIP006982,ORD006982,Standard,FedEx,2026-07-05,3,Phoenix
SHIP006983,ORD006983,Standard,IndiaPost,2023-11-28,4,Flint
SHIP006984,ORD006984,Same-Day,FedEx,2025-01-10,7,Ann Arbor
SHIP006985,ORD006985,Express,FedEx,2025-09-26,9,Greensboro
SHIP006987,ORD006987,Economy,Delhivery,2026-01-12,1,Grand Rapids
SHIP006988,ORD006988,Standard,IndiaPost,2023-05-21,4,Bellevue
SHIP006990,ORD006990,Same-Day,FedEx,2026-06-01,4,Sacramento
SHIP006991,ORD006991,Express,FedEx,2021-05-20,3,Akron
SHIP006992,ORD006992,Economy,FedEx,2026-02-24,7,Reading
SHIP006993,ORD006993,Standard,UPS,2026-02-19,2,Springfield
SHIP006994,ORD006994,Standard,FedEx,2026-07-22,8,Tacoma
SHIP006996,ORD006996,Economy,BlueDart,2026-05-18,8,Mesa
SHIP006997,ORD006997,Standard,DHL,2026-07-09,3,Trenton
SHIP006998,ORD006998,Standard,BlueDart,2024-08-27,1,Colorado Springs
SHIP006999,ORD006999,Standard,UPS,2023-02-16,7,Columbus
SHIP007000,ORD007000,Standard,UPS,2024-10-09,7,Springfield
SHIP007001,ORD007001,Standard,FedEx,2020-12-20,9,Jacksonville
SHIP007002,ORD007002,Standard,BlueDart,2023-11-02,1,Worcester
SHIP007003,ORD007003,Same-Day,Delhivery,2026-02-21,3,San Antonio
SHIP007004,ORD007004,Economy,Delhivery,2025-12-28,4,Tucson
SHIP007005,ORD007005,Standard,UPS,2025-12-27,8,Lansing
SHIP007006,ORD007006,Express,DHL,2023-06-13,6,Everett
SHIP007008,ORD007008,Standard,DHL,2025-12-09,3,San Antonio
SHIP007009,ORD007009,Standard,IndiaPost,2024-06-21,9,Rochester
SHIP007010,ORD007010,Economy,FedEx,2026-04-18,8,New York City
SHIP007011,ORD007011,Same-Day,FedEx,2023-01-13,3,Cleveland
SHIP007012,ORD007012,Standard,DHL,2026-03-13,8,Phoenix
SHIP007013,ORD007013,Standard,UPS,2021-03-09,7,Atlanta
SHIP007014,ORD007014,Standard,UPS,2026-05-17,2,Macon
SHIP007015,ORD007015,Standard,UPS,2025-04-11,1,Grand Rapids
SHIP007016,ORD007016,Express,DHL,2023-01-31,4,Aurora
SHIP007017,ORD007017,Same-Day,BlueDart,2024-04-19,5,San Jose
SHIP007018,ORD007018,Standard,Delhivery,2023-03-14,4,Bellevue
SHIP007019,ORD007019,Standard,IndiaPost,2022-12-21,7,Springfield
SHIP007020,ORD007020,Express,BlueDart,2023-04-05,1,Allentown
SHIP007021,ORD007021,Standard,DHL,2026-03-19,8,Rochester
SHIP007022,ORD007022,Same-Day,IndiaPost,2025-03-25,2,Pittsburgh
SHIP007024,ORD007024,Express,FedEx,2026-04-12,5,Chandler
SHIP007025,ORD007025,Same-Day,FedEx,2021-01-28,2,Orlando
SHIP007026,ORD007026,Standard,DHL,2021-08-11,3,Cambridge
SHIP007027,ORD007027,Express,BlueDart,2024-11-22,7,Miami
SHIP007028,ORD007028,Express,UPS,2025-02-25,3,Augusta
SHIP007029,ORD007029,Express,Delhivery,2020-04-15,9,Austin
SHIP007030,ORD007030,Standard,Delhivery,2026-07-09,4,Greensboro
SHIP007032,ORD007032,Standard,UPS,2024-08-13,1,Tacoma
SHIP007033,ORD007033,Standard,IndiaPost,2025-11-01,8,Athens
SHIP007034,ORD007034,Standard,DHL,2020-04-07,8,Jacksonville
SHIP007035,ORD007035,Express,BlueDart,2026-04-05,8,Raleigh
SHIP007036,ORD007036,Standard,IndiaPost,2026-04-26,8,Fort Collins
SHIP007038,ORD007038,Standard,BlueDart,2023-03-09,2,Rockford
SHIP007039,ORD007039,Same-Day,FedEx,2021-02-03,2,Scottsdale
SHIP007040,ORD007040,Economy,Delhivery,2026-06-26,2,Orlando
SHIP007041,ORD007041,Express,DHL,2026-05-11,3,Peoria
SHIP007042,ORD007042,Standard,DHL,2023-11-05,3,Erie
SHIP007043,ORD007043,Standard,BlueDart,2025-10-04,9,Los Angeles
SHIP007044,ORD007044,Standard,DHL,2025-03-20,4,Sacramento
SHIP007045,ORD007045,Standard,IndiaPost,2025-10-31,5,Worcester
SHIP007046,ORD007046,Standard,DHL,2025-07-23,8,Denver
SHIP007047,ORD007047,Express,BlueDart,2025-07-01,8,Fort Collins
SHIP007048,ORD007048,Express,FedEx,2026-07-19,5,Spokane
SHIP007049,ORD007049,Standard,UPS,2023-12-26,4,Akron
SHIP007050,ORD007050,Standard,UPS,2025-07-11,6,Jersey City
SHIP007051,ORD007051,Same-Day,UPS,2021-02-10,2,Augusta
SHIP007052,ORD007052,Express,BlueDart,2023-08-17,3,Grand Rapids
SHIP007053,ORD007053,Express,DHL,2025-08-23,4,Tucson
SHIP007054,ORD007054,Express,FedEx,2023-02-27,4,San Antonio
SHIP007055,ORD007055,Economy,FedEx,2025-07-01,6,Sacramento
SHIP007056,ORD007056,Standard,FedEx,2026-06-19,3,Scottsdale
SHIP007057,ORD007057,Express,UPS,2024-08-04,4,Bellevue
SHIP007059,ORD007059,Standard,Delhivery,2026-03-07,4,Buffalo
SHIP007060,ORD007060,Standard,DHL,2026-06-13,3,Detroit
SHIP007061,ORD007061,Same-Day,BlueDart,2026-07-15,5,Austin
SHIP007062,ORD007062,Standard,FedEx,2025-05-03,9,Worcester
SHIP007063,ORD007063,Standard,Delhivery,2025-06-22,6,Albany
SHIP007064,ORD007064,Same-Day,DHL,2023-01-12,3,Boulder
SHIP007065,ORD007065,Standard,FedEx,2026-04-13,7,Boston
SHIP007066,ORD007066,Standard,FedEx,2025-05-29,9,San Antonio
SHIP007067,ORD007067,Standard,UPS,2024-10-26,3,Tucson
SHIP007068,ORD007068,Standard,BlueDart,2022-08-20,2,Toledo
SHIP007069,ORD007069,Standard,UPS,2025-12-21,1,Pittsburgh
SHIP007070,ORD007070,Express,Delhivery,2021-04-23,9,Akron
SHIP007071,ORD007071,Standard,FedEx,2026-06-11,1,Chicago
SHIP007072,ORD007072,Standard,IndiaPost,2025-05-31,8,Chicago
SHIP007073,ORD007073,Express,DHL,2026-02-07,1,Pittsburgh
SHIP007074,ORD007074,Same-Day,BlueDart,2025-08-06,3,Tacoma
SHIP007075,ORD007075,Standard,FedEx,2026-06-06,3,Paterson
SHIP007076,ORD007076,Standard,FedEx,2021-04-13,7,Trenton
SHIP007077,ORD007077,Standard,BlueDart,2023-12-05,1,Fort Worth
SHIP007078,ORD007078,Standard,DHL,2022-07-30,9,Naperville
SHIP007079,ORD007079,Economy,UPS,2025-01-22,1,Lowell
SHIP007080,ORD007080,Express,BlueDart,2026-01-27,8,Atlanta
SHIP007081,ORD007081,Express,DHL,2022-04-27,1,Los Angeles
SHIP007082,ORD007082,Express,FedEx,2026-05-09,2,Chandler
SHIP007083,ORD007083,Standard,UPS,2025-03-27,1,Syracuse
SHIP007084,ORD007084,Standard,BlueDart,2022-02-03,8,Cambridge
SHIP007085,ORD007085,Standard,UPS,2023-04-05,2,Austin
SHIP007086,ORD007086,Standard,UPS,2023-09-16,1,Lowell
SHIP007087,ORD007087,Standard,BlueDart,2024-04-20,5,Grand Rapids
SHIP007088,ORD007088,Standard,IndiaPost,2025-02-21,9,Jacksonville
SHIP007089,ORD007089,Economy,UPS,2021-09-13,2,Miami
SHIP007090,ORD007090,Express,DHL,2025-07-30,7,Jacksonville
SHIP007091,ORD007091,Standard,DHL,2025-07-01,1,Orlando
SHIP007092,ORD007092,Standard,UPS,2023-05-19,8,San Francisco
SHIP007093,ORD007093,Standard,FedEx,2025-07-27,7,Spokane
SHIP007094,ORD007094,Standard,FedEx,2025-09-04,2,Fort Worth
SHIP007095,ORD007095,Standard,IndiaPost,2022-06-24,8,Greensboro
SHIP007096,ORD007096,Standard,BlueDart,2025-06-13,4,Flint
SHIP007097,ORD007097,Express,UPS,2025-12-03,4,Raleigh
SHIP007098,ORD007098,Standard,FedEx,2024-08-24,7,Mesa
SHIP007099,ORD007099,Standard,IndiaPost,2026-07-23,2,Paterson
SHIP007100,ORD007100,Standard,FedEx,2026-01-17,2,Jersey City
SHIP007101,ORD007101,Standard,DHL,2024-07-01,7,Jersey City
SHIP007103,ORD007103,Standard,Delhivery,2022-05-19,3,Denver
SHIP007104,ORD007104,Same-Day,Delhivery,2024-05-16,6,Augusta
SHIP007106,ORD007106,Economy,BlueDart,2023-07-30,7,San Antonio
SHIP007107,ORD007107,Same-Day,DHL,2024-06-17,5,Colorado Springs
SHIP007108,ORD007108,Economy,FedEx,2026-04-22,3,Worcester
SHIP007109,ORD007109,Economy,IndiaPost,2026-02-28,6,Rochester
SHIP007110,ORD007110,Express,UPS,2020-07-21,3,Jersey City
SHIP007111,ORD007111,Express,FedEx,2020-08-28,2,Cambridge
SHIP007112,ORD007112,Express,Delhivery,2026-07-31,2,Savannah
SHIP007114,ORD007114,Economy,DHL,2024-06-04,4,San Antonio
SHIP007115,ORD007115,Economy,FedEx,2024-07-07,3,Trenton
SHIP007116,ORD007116,Express,IndiaPost,2026-07-09,3,Mesa
SHIP007117,ORD007117,Standard,FedEx,2026-05-13,9,Raleigh
SHIP007118,ORD007118,Standard,BlueDart,2026-05-19,6,Macon
SHIP007121,ORD007121,Standard,IndiaPost,2025-01-25,5,Savannah
SHIP007122,ORD007122,Standard,DHL,2020-07-20,9,Paterson
SHIP007123,ORD007123,Express,BlueDart,2023-02-05,6,Philadelphia
SHIP007124,ORD007124,Standard,IndiaPost,2023-12-24,6,Winston-Salem
SHIP007125,ORD007125,Standard,IndiaPost,2025-09-08,4,Everett
SHIP007127,ORD007127,Economy,IndiaPost,2026-06-03,2,Austin
SHIP007128,ORD007128,Standard,BlueDart,2025-03-25,1,New York City
SHIP007129,ORD007129,Economy,DHL,2025-12-02,3,Durham
SHIP007130,ORD007130,Standard,IndiaPost,2026-04-20,8,Cincinnati
SHIP007131,ORD007131,Economy,DHL,2026-01-28,4,Trenton
SHIP007132,ORD007132,Standard,DHL,2023-06-04,6,Springfield
SHIP007133,ORD007133,Express,IndiaPost,2025-03-21,3,Philadelphia
SHIP007134,ORD007134,Standard,UPS,2022-03-22,5,Fort Collins
SHIP007136,ORD007136,Standard,IndiaPost,2024-04-15,3,San Jose
SHIP007137,ORD007137,Economy,DHL,2024-10-23,4,Lansing
SHIP007138,ORD007138,Express,BlueDart,2022-07-04,8,Bellevue
SHIP007139,ORD007139,Express,FedEx,2023-05-24,1,San Antonio
SHIP007141,ORD007141,Express,DHL,2026-06-07,3,Naperville
SHIP007142,ORD007142,Standard,IndiaPost,2025-10-06,4,Syracuse
SHIP007143,ORD007143,Same-Day,IndiaPost,2020-12-25,7,Raleigh
SHIP007144,ORD007144,Express,UPS,2024-03-04,7,Everett
SHIP007145,ORD007145,Economy,BlueDart,2025-08-05,6,Augusta
SHIP007146,ORD007146,Standard,UPS,2025-08-09,4,Chicago
SHIP007147,ORD007147,Standard,IndiaPost,2024-08-12,3,Tucson
SHIP007148,ORD007148,Standard,DHL,2026-03-21,3,Everett
SHIP007149,ORD007149,Standard,IndiaPost,2025-10-10,3,Philadelphia
SHIP007150,ORD007150,Standard,UPS,2024-11-20,9,Philadelphia
SHIP007151,ORD007151,Express,IndiaPost,2022-10-11,2,Sacramento
SHIP007152,ORD007152,Express,FedEx,2025-04-30,2,Buffalo
SHIP007156,ORD007156,Standard,IndiaPost,2026-05-23,1,Jersey City
SHIP007157,ORD007157,Standard,FedEx,2025-10-28,7,Fort Worth
SHIP007158,ORD007158,Standard,IndiaPost,2023-03-11,6,Durham
SHIP007160,ORD007160,Same-Day,FedEx,2026-04-03,4,Miami
SHIP007161,ORD007161,Standard,Delhivery,2024-10-25,3,Cleveland
SHIP007165,ORD007165,Standard,IndiaPost,2025-01-07,2,Detroit
SHIP007166,ORD007166,Standard,FedEx,2026-06-08,9,Springfield
SHIP007167,ORD007167,Express,FedEx,2024-09-23,9,Miami
SHIP007168,ORD007168,Standard,DHL,2025-12-03,1,Albany
SHIP007169,ORD007169,Standard,Delhivery,2022-02-10,1,Boston
SHIP007170,ORD007170,Economy,IndiaPost,2025-01-17,5,Spokane
SHIP007171,ORD007171,Express,UPS,2024-08-13,9,Reading
SHIP007172,ORD007172,Express,FedEx,2025-07-23,8,Houston
SHIP007173,ORD007173,Standard,IndiaPost,2023-07-15,3,Paterson
SHIP007175,ORD007175,Standard,DHL,2026-05-06,1,San Antonio
SHIP007177,ORD007177,Same-Day,IndiaPost,2026-06-06,3,Erie
SHIP007178,ORD007178,Express,IndiaPost,2025-01-30,5,Boston
SHIP007179,ORD007179,Same-Day,UPS,2025-12-27,8,Raleigh
SHIP007180,ORD007180,Express,UPS,2025-11-29,4,Denver
SHIP007181,ORD007181,Standard,FedEx,2025-06-28,8,Albany
SHIP007183,ORD007183,Standard,FedEx,2025-05-23,2,Columbus
SHIP007184,ORD007184,Same-Day,UPS,2026-02-24,2,Naperville
SHIP007185,ORD007185,Standard,UPS,2026-06-03,6,San Diego
SHIP007186,ORD007186,Same-Day,FedEx,2024-12-12,1,Everett
SHIP007188,ORD007188,Express,BlueDart,2020-02-12,3,Miami
SHIP007189,ORD007189,Standard,BlueDart,2023-11-10,4,Athens
SHIP007190,ORD007190,Economy,UPS,2024-02-21,4,Allentown
SHIP007191,ORD007191,Standard,DHL,2025-11-18,1,Philadelphia
SHIP007193,ORD007193,Express,DHL,2025-12-10,6,Philadelphia
SHIP007194,ORD007194,Standard,IndiaPost,2022-09-26,1,Cleveland
SHIP007195,ORD007195,Standard,UPS,2024-09-16,4,Spokane
SHIP007196,ORD007196,Express,UPS,2026-05-19,5,Springfield
SHIP007197,ORD007197,Express,DHL,2026-05-13,8,Ann Arbor
SHIP007198,ORD007198,Express,FedEx,2025-06-21,5,Raleigh
SHIP007199,ORD007199,Standard,Delhivery,2025-10-14,2,Chandler
SHIP007200,ORD007200,Express,Delhivery,2020-10-09,4,Houston
SHIP007201,ORD007201,Standard,UPS,2024-07-14,9,Miami
SHIP007202,ORD007202,Standard,UPS,2026-03-24,3,Raleigh
SHIP007204,ORD007204,Standard,BlueDart,2022-10-17,2,Greensboro
SHIP007205,ORD007205,Standard,DHL,2025-08-21,4,San Jose
SHIP007206,ORD007206,Standard,DHL,2025-07-01,9,Austin
SHIP007207,ORD007207,Standard,DHL,2026-03-07,6,Austin
SHIP007209,ORD007209,Standard,UPS,2026-01-04,9,Cincinnati
SHIP007210,ORD007210,Standard,Delhivery,2025-10-08,6,Toledo
SHIP007211,ORD007211,Express,UPS,2026-07-28,4,Durham
SHIP007213,ORD007213,Standard,FedEx,2024-11-17,6,San Antonio
SHIP007214,ORD007214,Express,Delhivery,2026-07-04,4,Buffalo
SHIP007215,ORD007215,Same-Day,DHL,2025-04-06,9,Trenton
SHIP007216,ORD007216,Standard,DHL,2022-09-27,7,Savannah
SHIP007217,ORD007217,Standard,IndiaPost,2024-09-04,7,Fort Collins
SHIP007218,ORD007218,Standard,FedEx,2026-07-10,4,Bellevue
SHIP007219,ORD007219,Standard,BlueDart,2025-09-08,3,Buffalo
SHIP007220,ORD007220,Express,DHL,2025-11-04,6,Athens
SHIP007221,ORD007221,Economy,IndiaPost,2026-06-29,3,Chicago
SHIP007222,ORD007222,Standard,UPS,2023-05-27,3,Sacramento
SHIP007223,ORD007223,Express,FedEx,2023-08-29,8,Philadelphia
SHIP007224,ORD007224,Same-Day,UPS,2026-05-14,5,Colorado Springs
SHIP007225,ORD007225,Economy,UPS,2026-05-05,6,Mesa
SHIP007226,ORD007226,Economy,FedEx,2026-02-04,9,Akron
SHIP007227,ORD007227,Standard,BlueDart,2023-06-01,8,Tampa
SHIP007228,ORD007228,Standard,Delhivery,2020-05-26,6,Bellevue
SHIP007229,ORD007229,Same-Day,BlueDart,2023-06-24,1,Lowell
SHIP007230,ORD007230,Standard,Delhivery,2026-02-02,7,Jersey City
SHIP007231,ORD007231,Express,UPS,2024-05-13,3,Grand Rapids
SHIP007232,ORD007232,Standard,DHL,2024-04-02,1,Tucson
SHIP007233,ORD007233,Standard,UPS,2022-01-27,3,Miami
SHIP007234,ORD007234,Standard,BlueDart,2023-08-26,7,Bellevue
SHIP007236,ORD007236,Standard,BlueDart,2026-02-20,6,Allentown
SHIP007237,ORD007237,Standard,BlueDart,2025-07-15,8,Grand Rapids
SHIP007238,ORD007238,Standard,IndiaPost,2025-11-03,6,Dallas
SHIP007239,ORD007239,Standard,IndiaPost,2025-05-29,3,Tucson
SHIP007240,ORD007240,Standard,DHL,2026-06-30,3,Cleveland
SHIP007241,ORD007241,Standard,Delhivery,2021-08-06,4,Cleveland
SHIP007242,ORD007242,Standard,UPS,2025-11-30,9,Phoenix
SHIP007243,ORD007243,Express,Delhivery,2023-06-22,2,Sacramento
SHIP007244,ORD007244,Express,FedEx,2025-07-10,7,Durham
SHIP007246,ORD007246,Standard,IndiaPost,2025-11-24,9,Fort Worth
SHIP007247,ORD007247,Economy,DHL,2021-05-16,4,Rockford
SHIP007249,ORD007249,Standard,FedEx,2024-12-30,4,Chicago
SHIP007250,ORD007250,Express,BlueDart,2024-07-28,9,Pittsburgh
SHIP007251,ORD007251,Standard,DHL,2022-05-25,1,Akron
SHIP007252,ORD007252,Economy,IndiaPost,2022-12-26,9,Dallas
SHIP007254,ORD007254,Standard,UPS,2024-08-31,9,Cambridge
SHIP007255,ORD007255,Standard,BlueDart,2025-10-28,2,Athens
SHIP007256,ORD007256,Standard,Delhivery,2026-03-16,5,Lansing
SHIP007257,ORD007257,Standard,DHL,2022-02-27,8,Spokane
SHIP007258,ORD007258,Standard,FedEx,2024-06-27,1,Paterson
SHIP007260,ORD007260,Economy,IndiaPost,2025-04-07,1,Chicago
SHIP007261,ORD007261,Express,UPS,2023-09-14,9,Reading
SHIP007262,ORD007262,Standard,IndiaPost,2025-09-12,4,Toledo
SHIP007264,ORD007264,Standard,FedEx,2022-04-28,1,Jacksonville
SHIP007265,ORD007265,Standard,DHL,2024-07-30,5,Augusta
SHIP007267,ORD007267,Economy,UPS,2026-03-19,1,Lowell
SHIP007268,ORD007268,Standard,UPS,2023-08-30,6,Los Angeles
SHIP007269,ORD007269,Standard,IndiaPost,2022-10-21,6,Grand Rapids
SHIP007270,ORD007270,Standard,IndiaPost,2026-03-30,1,Dallas
SHIP007271,ORD007271,Standard,IndiaPost,2026-04-25,6,Peoria
SHIP007272,ORD007272,Standard,DHL,2026-07-14,9,Cambridge
SHIP007273,ORD007273,Express,BlueDart,2022-06-18,5,Aurora
SHIP007275,ORD007275,Express,FedEx,2021-11-09,1,Toledo
SHIP007276,ORD007276,Standard,Delhivery,2024-03-29,9,Augusta
SHIP007277,ORD007277,Standard,IndiaPost,2023-08-09,1,Albany
SHIP007278,ORD007278,Standard,UPS,2026-05-27,7,Newark
SHIP007279,ORD007279,Express,BlueDart,2026-06-21,8,Philadelphia
SHIP007280,ORD007280,Economy,FedEx,2025-07-22,5,Jersey City
SHIP007281,ORD007281,Standard,BlueDart,2026-05-14,2,Macon
SHIP007282,ORD007282,Express,DHL,2026-05-21,4,Chandler
SHIP007283,ORD007283,Standard,IndiaPost,2026-06-11,2,Chandler
SHIP007285,ORD007285,Express,DHL,2025-03-29,3,San Francisco
SHIP007286,ORD007286,Express,Delhivery,2026-07-28,7,Peoria
SHIP007287,ORD007287,Express,UPS,2026-05-27,1,Pittsburgh
SHIP007288,ORD007288,Standard,IndiaPost,2024-09-29,9,Philadelphia
SHIP007290,ORD007290,Express,Delhivery,2023-09-24,7,Lansing
SHIP007291,ORD007291,Standard,Delhivery,2021-01-06,9,Allentown
SHIP007292,ORD007292,Standard,BlueDart,2025-01-28,4,Lansing
SHIP007293,ORD007293,Standard,UPS,2024-07-09,3,Philadelphia
SHIP007294,ORD007294,Standard,IndiaPost,2025-02-28,4,Denver
SHIP007295,ORD007295,Standard,BlueDart,2026-06-08,6,Sacramento
SHIP007296,ORD007296,Standard,UPS,2022-12-30,4,Philadelphia
SHIP007297,ORD007297,Express,FedEx,2023-10-13,8,Boston
SHIP007298,ORD007298,Express,Delhivery,2024-12-12,5,Scottsdale
SHIP007299,ORD007299,Standard,IndiaPost,2025-08-20,1,Boston
SHIP007301,ORD007301,Standard,FedEx,2024-04-13,8,Greensboro
SHIP007302,ORD007302,Express,DHL,2026-06-06,2,Tampa
SHIP007303,ORD007303,Same-Day,IndiaPost,2026-06-11,3,Miami
SHIP007304,ORD007304,Standard,BlueDart,2026-07-26,1,Pittsburgh
SHIP007305,ORD007305,Same-Day,DHL,2023-11-27,5,Cleveland
SHIP007306,ORD007306,Same-Day,BlueDart,2026-08-03,7,Lowell
SHIP007307,ORD007307,Standard,DHL,2026-02-27,7,Aurora
SHIP007308,ORD007308,Express,IndiaPost,2024-11-14,2,Everett
SHIP007310,ORD007310,Standard,Delhivery,2026-01-04,2,Tucson
SHIP007311,ORD007311,Standard,DHL,2025-08-17,9,Detroit
SHIP007312,ORD007312,Same-Day,UPS,2023-06-09,9,Spokane
SHIP007313,ORD007313,Standard,DHL,2025-12-15,3,Everett
SHIP007314,ORD007314,Same-Day,UPS,2026-06-16,6,Toledo
SHIP007315,ORD007315,Express,BlueDart,2026-07-17,7,Rockford
SHIP007316,ORD007316,Same-Day,BlueDart,2024-11-03,2,Trenton
SHIP007317,ORD007317,Same-Day,Delhivery,2023-04-22,5,Winston-Salem
SHIP007318,ORD007318,Standard,DHL,2025-02-21,5,Boston
SHIP007319,ORD007319,Express,BlueDart,2024-07-25,5,Trenton
SHIP007322,ORD007322,Standard,UPS,2023-01-20,7,Peoria
SHIP007324,ORD007324,Express,FedEx,2026-06-23,4,Trenton
SHIP007325,ORD007325,Standard,Delhivery,2025-08-06,4,Bellevue
SHIP007326,ORD007326,Standard,DHL,2025-02-25,8,San Francisco
SHIP007327,ORD007327,Standard,IndiaPost,2023-12-03,4,Miami
SHIP007328,ORD007328,Express,IndiaPost,2023-04-13,7,Fort Worth
SHIP007329,ORD007329,Express,IndiaPost,2022-03-03,2,Durham
SHIP007330,ORD007330,Standard,Delhivery,2023-03-30,8,Naperville
SHIP007331,ORD007331,Express,IndiaPost,2025-06-05,1,Fort Lauderdale
SHIP007332,ORD007332,Standard,UPS,2024-04-10,8,Erie
SHIP007336,ORD007336,Express,IndiaPost,2026-01-12,9,Erie
SHIP007337,ORD007337,Express,Delhivery,2025-06-25,9,Cincinnati
SHIP007338,ORD007338,Same-Day,UPS,2021-02-20,7,Springfield
SHIP007339,ORD007339,Express,DHL,2021-09-17,1,Miami
SHIP007340,ORD007340,Standard,Delhivery,2023-03-06,9,Jersey City
SHIP007341,ORD007341,Express,DHL,2024-09-28,7,San Francisco
SHIP007342,ORD007342,Standard,DHL,2024-11-04,5,Macon
SHIP007343,ORD007343,Same-Day,DHL,2024-06-20,6,Paterson
SHIP007345,ORD007345,Standard,Delhivery,2026-06-29,6,Jersey City
SHIP007346,ORD007346,Express,IndiaPost,2023-09-01,2,Dallas
SHIP007347,ORD007347,Standard,Delhivery,2025-10-02,8,Rockford
SHIP007348,ORD007348,Standard,Delhivery,2021-10-05,3,Macon
SHIP007349,ORD007349,Standard,Delhivery,2023-09-16,8,Jersey City
SHIP007350,ORD007350,Standard,UPS,2023-02-23,6,Reading
SHIP007351,ORD007351,Express,FedEx,2020-10-02,7,Phoenix
SHIP007352,ORD007352,Standard,Delhivery,2026-01-22,3,Jersey City
SHIP007353,ORD007353,Standard,BlueDart,2026-04-07,3,Syracuse
SHIP007354,ORD007354,Standard,DHL,2026-01-28,6,Rockford
SHIP007355,ORD007355,Express,BlueDart,2026-06-06,6,Albany
SHIP007357,ORD007357,Standard,BlueDart,2026-07-03,2,Buffalo
SHIP007358,ORD007358,Standard,Delhivery,2026-07-07,4,San Diego
SHIP007359,ORD007359,Express,UPS,2025-07-30,8,Austin
SHIP007361,ORD007361,Standard,UPS,2024-12-29,8,Trenton
SHIP007362,ORD007362,Express,FedEx,2026-05-09,1,Reading
SHIP007363,ORD007363,Standard,Delhivery,2023-06-13,2,Savannah
SHIP007364,ORD007364,Express,Delhivery,2025-08-26,3,Macon
SHIP007366,ORD007366,Express,FedEx,2024-06-24,3,Syracuse
SHIP007367,ORD007367,Standard,UPS,2026-01-04,5,Sacramento
SHIP007369,ORD007369,Standard,FedEx,2025-07-04,4,Atlanta
SHIP007370,ORD007370,Standard,Delhivery,2023-06-24,6,Toledo
SHIP007371,ORD007371,Standard,FedEx,2024-02-04,4,Spokane
SHIP007372,ORD007372,Express,BlueDart,2026-03-23,4,Dallas
SHIP007374,ORD007374,Express,DHL,2026-02-14,1,Tacoma
SHIP007375,ORD007375,Standard,UPS,2026-01-07,3,Philadelphia
SHIP007377,ORD007377,Express,BlueDart,2024-09-03,5,Los Angeles
SHIP007379,ORD007379,Standard,Delhivery,2024-10-13,2,Austin
SHIP007380,ORD007380,Express,IndiaPost,2021-11-02,9,Rochester
SHIP007381,ORD007381,Same-Day,IndiaPost,2026-05-21,4,Colorado Springs
SHIP007382,ORD007382,Standard,BlueDart,2026-04-25,6,San Jose
SHIP007384,ORD007384,Standard,DHL,2026-01-15,9,Aurora
SHIP007385,ORD007385,Standard,IndiaPost,2023-11-06,1,Winston-Salem
SHIP007386,ORD007386,Same-Day,UPS,2026-01-11,6,Durham
SHIP007387,ORD007387,Standard,UPS,2026-02-15,6,Fort Worth
SHIP007388,ORD007388,Standard,BlueDart,2026-05-30,4,Philadelphia
SHIP007389,ORD007389,Standard,Delhivery,2025-02-05,2,Rochester
SHIP007390,ORD007390,Standard,Delhivery,2026-04-18,3,San Jose
SHIP007391,ORD007391,Standard,FedEx,2022-11-15,8,Worcester
SHIP007392,ORD007392,Standard,IndiaPost,2026-04-10,3,Houston
SHIP007393,ORD007393,Standard,DHL,2026-07-27,7,Reading
SHIP007394,ORD007394,Express,IndiaPost,2026-04-13,8,Charlotte
SHIP007396,ORD007396,Express,BlueDart,2024-01-02,5,Atlanta
SHIP007397,ORD007397,Standard,IndiaPost,2026-07-31,7,Cambridge
SHIP007398,ORD007398,Standard,Delhivery,2021-05-18,7,Chicago
SHIP007401,ORD007401,Express,Delhivery,2026-03-04,3,Worcester
SHIP007402,ORD007402,Standard,UPS,2026-02-25,7,Buffalo
SHIP007403,ORD007403,Standard,UPS,2024-10-13,8,Boston
SHIP007404,ORD007404,Standard,DHL,2025-02-24,3,Springfield
SHIP007405,ORD007405,Standard,UPS,2025-07-05,7,Rochester
SHIP007406,ORD007406,Standard,UPS,2022-07-21,8,Grand Rapids
SHIP007407,ORD007407,Same-Day,IndiaPost,2025-10-15,7,New York City
SHIP007408,ORD007408,Standard,Delhivery,2025-07-04,6,Pittsburgh
SHIP007410,ORD007410,Economy,FedEx,2026-07-01,5,Toledo
SHIP007411,ORD007411,Same-Day,IndiaPost,2026-06-17,6,Rockford
SHIP007412,ORD007412,Standard,DHL,2020-02-04,4,New York City
SHIP007413,ORD007413,Standard,FedEx,2023-10-19,7,San Diego
SHIP007414,ORD007414,Standard,FedEx,2026-05-22,1,Erie
SHIP007415,ORD007415,Standard,UPS,2024-09-20,9,Flint
SHIP007416,ORD007416,Standard,BlueDart,2025-07-21,8,Bellevue
SHIP007417,ORD007417,Standard,FedEx,2026-02-10,1,Bellevue
SHIP007418,ORD007418,Standard,DHL,2026-01-27,8,Sacramento
SHIP007419,ORD007419,Express,Delhivery,2025-09-11,6,Jacksonville
SHIP007421,ORD007421,Standard,Delhivery,2022-03-18,1,Worcester
SHIP007422,ORD007422,Express,UPS,2025-07-29,8,Reading
SHIP007423,ORD007423,Same-Day,IndiaPost,2022-12-31,7,Boston
SHIP007424,ORD007424,Standard,BlueDart,2025-10-22,3,Mesa
SHIP007425,ORD007425,Same-Day,UPS,2023-11-23,9,Phoenix
SHIP007426,ORD007426,Standard,FedEx,2022-12-27,3,San Jose
SHIP007427,ORD007427,Express,UPS,2023-06-12,2,Seattle
SHIP007428,ORD007428,Express,BlueDart,2026-05-10,3,Grand Rapids
SHIP007430,ORD007430,Standard,DHL,2021-10-19,5,Paterson
SHIP007431,ORD007431,Standard,Delhivery,2023-12-26,5,Allentown
SHIP007432,ORD007432,Standard,BlueDart,2025-06-23,7,Rockford
SHIP007433,ORD007433,Express,FedEx,2024-02-05,1,Scottsdale
SHIP007434,ORD007434,Standard,IndiaPost,2026-06-26,8,Springfield
SHIP007435,ORD007435,Standard,Delhivery,2023-09-27,7,Raleigh
SHIP007436,ORD007436,Express,Delhivery,2025-04-25,2,Fort Worth
SHIP007437,ORD007437,Standard,IndiaPost,2025-07-18,4,Boulder
SHIP007438,ORD007438,Standard,DHL,2026-02-18,7,Detroit
SHIP007439,ORD007439,Standard,UPS,2025-04-19,4,Colorado Springs
SHIP007440,ORD007440,Standard,FedEx,2023-08-16,1,Columbus
SHIP007441,ORD007441,Standard,IndiaPost,2024-09-18,5,Worcester
SHIP007442,ORD007442,Standard,BlueDart,2023-11-22,2,Miami
SHIP007443,ORD007443,Economy,UPS,2020-09-15,9,Syracuse
SHIP007444,ORD007444,Economy,BlueDart,2023-09-24,6,Augusta
SHIP007445,ORD007445,Economy,UPS,2024-09-02,8,Boulder
SHIP007446,ORD007446,Economy,IndiaPost,2026-06-29,9,Elizabeth
SHIP007447,ORD007447,Standard,BlueDart,2025-01-29,7,Allentown
SHIP007448,ORD007448,Standard,FedEx,2024-10-13,8,Boston
SHIP007449,ORD007449,Standard,IndiaPost,2022-03-21,2,Chandler
SHIP007450,ORD007450,Standard,IndiaPost,2025-08-31,6,Springfield
SHIP007451,ORD007451,Standard,UPS,2026-04-20,2,Greensboro
SHIP007452,ORD007452,Economy,BlueDart,2026-04-24,8,Toledo
SHIP007454,ORD007454,Express,IndiaPost,2024-10-04,6,Worcester
SHIP007455,ORD007455,Standard,BlueDart,2025-11-23,1,Lansing
SHIP007456,ORD007456,Standard,DHL,2022-11-06,5,Elizabeth
SHIP007457,ORD007457,Same-Day,Delhivery,2024-06-13,5,Chandler
SHIP007458,ORD007458,Economy,Delhivery,2021-08-31,9,Macon
SHIP007459,ORD007459,Same-Day,Delhivery,2022-06-10,5,Akron
SHIP007460,ORD007460,Standard,Delhivery,2025-09-13,4,Detroit
SHIP007461,ORD007461,Standard,Delhivery,2024-12-03,7,Augusta
SHIP007462,ORD007462,Standard,BlueDart,2022-05-14,5,Albany
SHIP007463,ORD007463,Standard,FedEx,2026-06-19,4,Chicago
SHIP007464,ORD007464,Standard,DHL,2026-05-06,6,San Antonio
SHIP007465,ORD007465,Express,IndiaPost,2025-06-22,5,Bellevue
SHIP007466,ORD007466,Express,DHL,2026-07-15,1,Dallas
SHIP007468,ORD007468,Economy,DHL,2026-05-19,6,Jacksonville
SHIP007469,ORD007469,Standard,DHL,2025-09-21,9,Chandler
SHIP007470,ORD007470,Standard,DHL,2023-04-28,2,San Antonio
SHIP007471,ORD007471,Standard,DHL,2025-07-04,5,Boulder
SHIP007473,ORD007473,Standard,BlueDart,2025-09-26,4,Durham
SHIP007474,ORD007474,Standard,IndiaPost,2026-01-19,6,Grand Rapids
SHIP007475,ORD007475,Same-Day,Delhivery,2026-07-14,4,San Francisco
SHIP007476,ORD007476,Standard,Delhivery,2025-05-13,7,Springfield
SHIP007477,ORD007477,Same-Day,DHL,2025-04-21,3,Ann Arbor
SHIP007478,ORD007478,Standard,DHL,2025-09-30,7,Jersey City
SHIP007479,ORD007479,Same-Day,Delhivery,2025-02-06,3,Lowell
SHIP007480,ORD007480,Same-Day,FedEx,2026-02-24,9,Pittsburgh
SHIP007481,ORD007481,Standard,UPS,2025-08-12,8,Toledo
SHIP007483,ORD007483,Standard,FedEx,2024-09-24,2,Ann Arbor
SHIP007485,ORD007485,Express,BlueDart,2026-06-07,6,Fort Collins
SHIP007486,ORD007486,Economy,BlueDart,2026-05-12,8,Syracuse
SHIP007488,ORD007488,Express,FedEx,2026-07-31,2,Fort Lauderdale
SHIP007489,ORD007489,Economy,UPS,2025-01-20,3,Tucson
SHIP007490,ORD007490,Standard,DHL,2025-07-25,3,Austin
SHIP007493,ORD007493,Express,FedEx,2023-07-17,4,Ann Arbor
SHIP007494,ORD007494,Standard,UPS,2025-07-25,3,Spokane
SHIP007495,ORD007495,Standard,DHL,2021-02-21,8,Flint
SHIP007497,ORD007497,Standard,Delhivery,2024-01-26,2,Erie
SHIP007498,ORD007498,Standard,FedEx,2023-01-20,5,Ann Arbor
SHIP007499,ORD007499,Standard,UPS,2025-02-13,3,Greensboro
SHIP007501,ORD007501,Standard,BlueDart,2025-11-21,1,Macon
SHIP007502,ORD007502,Standard,IndiaPost,2026-02-22,1,Erie
SHIP007503,ORD007503,Standard,IndiaPost,2023-09-20,3,Buffalo
SHIP007504,ORD007504,Express,IndiaPost,2026-07-01,7,Macon
SHIP007505,ORD007505,Standard,FedEx,2025-11-23,8,Toledo
SHIP007506,ORD007506,Standard,UPS,2021-08-22,1,Grand Rapids
SHIP007508,ORD007508,Express,FedEx,2023-02-28,5,Fort Collins
SHIP007509,ORD007509,Standard,UPS,2025-12-02,5,Lowell
SHIP007510,ORD007510,Same-Day,BlueDart,2025-06-10,6,Erie
SHIP007511,ORD007511,Standard,DHL,2023-11-02,3,Sacramento
SHIP007512,ORD007512,Standard,Delhivery,2025-01-11,9,Springfield
SHIP007513,ORD007513,Standard,UPS,2024-07-30,7,Everett
SHIP007514,ORD007514,Standard,BlueDart,2022-10-02,7,Bellevue
SHIP007515,ORD007515,Standard,UPS,2025-12-09,9,Toledo
SHIP007517,ORD007517,Standard,Delhivery,2025-07-21,6,New York City
SHIP007518,ORD007518,Standard,DHL,2026-06-10,4,Phoenix
SHIP007519,ORD007519,Standard,BlueDart,2025-02-18,1,Worcester
SHIP007520,ORD007520,Standard,BlueDart,2025-05-22,4,Macon
SHIP007521,ORD007521,Same-Day,IndiaPost,2026-02-16,1,Fort Collins
SHIP007522,ORD007522,Express,FedEx,2025-09-04,7,Allentown
SHIP007523,ORD007523,Standard,UPS,2025-11-06,5,Fort Collins
SHIP007524,ORD007524,Express,UPS,2025-03-04,3,Peoria
SHIP007525,ORD007525,Express,Delhivery,2026-07-08,6,Trenton
SHIP007526,ORD007526,Standard,IndiaPost,2025-03-27,3,Jacksonville
SHIP007527,ORD007527,Standard,UPS,2025-05-20,9,Worcester
SHIP007528,ORD007528,Standard,Delhivery,2026-01-17,3,Augusta
SHIP007529,ORD007529,Standard,UPS,2025-12-29,6,Tampa
SHIP007530,ORD007530,Standard,UPS,2022-05-26,4,Mesa
SHIP007531,ORD007531,Standard,BlueDart,2025-04-25,6,Fort Worth
SHIP007532,ORD007532,Standard,UPS,2026-03-21,3,Charlotte
SHIP007533,ORD007533,Express,IndiaPost,2025-04-01,1,Atlanta
SHIP007534,ORD007534,Express,BlueDart,2026-03-02,9,Rochester
SHIP007535,ORD007535,Same-Day,DHL,2026-05-07,8,Allentown
SHIP007536,ORD007536,Standard,DHL,2023-12-15,2,San Antonio
SHIP007537,ORD007537,Same-Day,BlueDart,2026-06-03,6,Allentown
SHIP007538,ORD007538,Standard,FedEx,2026-07-22,9,Everett
SHIP007539,ORD007539,Express,FedEx,2025-02-06,6,Boston
SHIP007541,ORD007541,Standard,UPS,2024-09-18,1,Grand Rapids
SHIP007542,ORD007542,Same-Day,FedEx,2026-02-18,9,Worcester
SHIP007543,ORD007543,Standard,DHL,2024-06-23,3,Detroit
SHIP007545,ORD007545,Standard,IndiaPost,2022-08-08,4,Houston
SHIP007546,ORD007546,Standard,IndiaPost,2026-05-20,7,Athens
SHIP007547,ORD007547,Standard,FedEx,2024-12-23,2,Cambridge
SHIP007548,ORD007548,Standard,Delhivery,2026-02-28,2,Durham
SHIP007549,ORD007549,Same-Day,DHL,2023-04-10,6,Naperville
SHIP007550,ORD007550,Standard,FedEx,2026-03-03,2,Atlanta
SHIP007551,ORD007551,Standard,UPS,2024-02-02,4,Boulder
SHIP007552,ORD007552,Economy,FedEx,2025-11-13,9,Aurora
SHIP007553,ORD007553,Standard,FedEx,2025-09-29,8,Lowell
SHIP007554,ORD007554,Standard,Delhivery,2020-09-30,2,Miami
SHIP007555,ORD007555,Economy,UPS,2026-07-16,8,Flint
SHIP007556,ORD007556,Standard,UPS,2025-10-19,1,Augusta
SHIP007557,ORD007557,Economy,FedEx,2026-05-06,3,Boston
SHIP007558,ORD007558,Same-Day,UPS,2025-01-06,2,Cleveland
SHIP007559,ORD007559,Standard,IndiaPost,2024-09-28,5,New York City
SHIP007560,ORD007560,Standard,FedEx,2025-10-20,8,Allentown
SHIP007563,ORD007563,Standard,Delhivery,2025-05-20,3,Akron
SHIP007564,ORD007564,Express,FedEx,2024-10-16,3,Reading
SHIP007565,ORD007565,Standard,DHL,2026-06-02,6,Mesa
SHIP007566,ORD007566,Standard,UPS,2023-04-21,3,Reading
SHIP007567,ORD007567,Standard,DHL,2025-06-24,7,Columbus
SHIP007568,ORD007568,Standard,FedEx,2025-03-07,8,Durham
SHIP007569,ORD007569,Standard,IndiaPost,2025-12-02,8,Houston
SHIP007570,ORD007570,Same-Day,DHL,2025-11-18,3,Charlotte
SHIP007571,ORD007571,Standard,BlueDart,2026-06-12,9,Tucson
SHIP007572,ORD007572,Standard,DHL,2025-09-01,4,Detroit
SHIP007574,ORD007574,Express,FedEx,2025-04-21,7,Naperville
SHIP007575,ORD007575,Standard,UPS,2021-03-13,5,Naperville
SHIP007576,ORD007576,Standard,Delhivery,2026-05-23,1,Sacramento
SHIP007577,ORD007577,Standard,BlueDart,2025-07-23,1,Charlotte
SHIP007578,ORD007578,Standard,FedEx,2020-02-25,1,San Jose
SHIP007579,ORD007579,Standard,Delhivery,2025-09-29,4,Tampa
SHIP007581,ORD007581,Economy,UPS,2026-02-02,9,Detroit
SHIP007582,ORD007582,Standard,DHL,2026-07-25,6,New York City
SHIP007584,ORD007584,Express,IndiaPost,2023-12-22,4,Rochester
SHIP007585,ORD007585,Standard,UPS,2026-05-03,8,Chicago
SHIP007586,ORD007586,Standard,Delhivery,2023-10-07,3,Fort Lauderdale
SHIP007587,ORD007587,Standard,UPS,2026-05-26,1,Colorado Springs
SHIP007588,ORD007588,Standard,DHL,2026-07-22,9,Springfield
SHIP007589,ORD007589,Express,IndiaPost,2023-07-01,3,Buffalo
SHIP007591,ORD007591,Express,DHL,2026-01-18,2,Atlanta
SHIP007592,ORD007592,Standard,FedEx,2025-04-07,2,Rochester
SHIP007593,ORD007593,Standard,IndiaPost,2023-08-04,1,Buffalo
SHIP007595,ORD007595,Express,Delhivery,2025-12-17,7,Dallas
SHIP007596,ORD007596,Same-Day,BlueDart,2026-04-29,2,Chandler
SHIP007597,ORD007597,Standard,BlueDart,2023-03-25,6,Raleigh
SHIP007598,ORD007598,Same-Day,FedEx,2024-12-26,9,Syracuse
SHIP007599,ORD007599,Same-Day,DHL,2025-10-04,5,Tucson
SHIP007601,ORD007601,Standard,DHL,2024-12-26,9,Toledo
SHIP007602,ORD007602,Standard,Delhivery,2026-02-19,2,Albany
SHIP007603,ORD007603,Express,FedEx,2021-06-21,9,Worcester
SHIP007604,ORD007604,Standard,IndiaPost,2026-06-29,7,Reading
SHIP007605,ORD007605,Standard,UPS,2025-09-28,1,Denver
SHIP007608,ORD007608,Standard,FedEx,2021-01-28,7,Scottsdale
SHIP007609,ORD007609,Express,FedEx,2024-12-17,2,Cincinnati
SHIP007611,ORD007611,Express,DHL,2023-09-29,6,Greensboro
SHIP007612,ORD007612,Express,Delhivery,2026-04-28,8,Elizabeth
SHIP007613,ORD007613,Express,DHL,2025-05-15,1,Houston
SHIP007615,ORD007615,Standard,UPS,2021-05-01,6,Rochester
SHIP007616,ORD007616,Standard,IndiaPost,2026-02-20,3,Miami
SHIP007617,ORD007617,Standard,FedEx,2021-11-07,9,Peoria
SHIP007619,ORD007619,Standard,IndiaPost,2025-05-06,2,Macon
SHIP007620,ORD007620,Express,Delhivery,2024-07-16,5,Everett
SHIP007621,ORD007621,Economy,DHL,2025-11-08,5,Orlando
SHIP007623,ORD007623,Standard,IndiaPost,2023-02-17,4,Grand Rapids
SHIP007624,ORD007624,Same-Day,DHL,2025-12-23,1,Boston
SHIP007625,ORD007625,Standard,DHL,2026-07-01,4,Flint
SHIP007626,ORD007626,Standard,FedEx,2025-07-22,6,Syracuse
SHIP007628,ORD007628,Standard,BlueDart,2024-05-25,5,Tucson
SHIP007629,ORD007629,Standard,FedEx,2025-11-19,6,Atlanta
SHIP007630,ORD007630,Standard,IndiaPost,2026-07-09,3,Macon
SHIP007631,ORD007631,Standard,BlueDart,2022-10-06,6,Scottsdale
SHIP007633,ORD007633,Express,UPS,2025-06-01,5,Austin
SHIP007635,ORD007635,Standard,Delhivery,2026-03-24,1,Greensboro
SHIP007638,ORD007638,Standard,DHL,2024-05-29,3,Lansing
SHIP007639,ORD007639,Standard,FedEx,2026-04-05,9,Phoenix
SHIP007640,ORD007640,Standard,FedEx,2024-10-17,3,Savannah
SHIP007641,ORD007641,Standard,UPS,2025-09-28,7,Chicago
SHIP007642,ORD007642,Same-Day,FedEx,2024-09-08,2,Peoria
SHIP007644,ORD007644,Same-Day,BlueDart,2025-05-25,3,San Francisco
SHIP007645,ORD007645,Express,DHL,2025-10-11,9,Trenton
SHIP007646,ORD007646,Express,FedEx,2026-02-02,7,Bellevue
SHIP007647,ORD007647,Standard,UPS,2023-07-11,1,Lansing
SHIP007648,ORD007648,Economy,DHL,2024-11-11,8,Charlotte
SHIP007651,ORD007651,Standard,FedEx,2022-09-03,8,Everett
SHIP007652,ORD007652,Standard,DHL,2024-09-28,3,Flint
SHIP007653,ORD007653,Standard,IndiaPost,2024-11-20,1,Allentown
SHIP007656,ORD007656,Standard,FedEx,2023-04-24,1,Springfield
SHIP007657,ORD007657,Standard,IndiaPost,2025-05-10,2,Pittsburgh
SHIP007658,ORD007658,Standard,BlueDart,2026-06-21,1,Houston
SHIP007659,ORD007659,Express,IndiaPost,2025-08-09,6,Durham
SHIP007660,ORD007660,Standard,IndiaPost,2023-08-20,9,Colorado Springs
SHIP007661,ORD007661,Standard,DHL,2024-12-26,8,Greensboro
SHIP007662,ORD007662,Economy,DHL,2026-03-21,9,Seattle
SHIP007663,ORD007663,Same-Day,UPS,2023-12-14,1,Albany
SHIP007665,ORD007665,Standard,IndiaPost,2025-12-05,9,Trenton
SHIP007666,ORD007666,Express,FedEx,2026-04-07,4,Columbus
SHIP007667,ORD007667,Express,Delhivery,2023-09-30,8,Mesa
SHIP007668,ORD007668,Economy,FedEx,2025-10-02,7,Charlotte
SHIP007669,ORD007669,Economy,Delhivery,2026-03-23,3,Miami
SHIP007670,ORD007670,Same-Day,IndiaPost,2025-11-19,2,Allentown
SHIP007671,ORD007671,Standard,BlueDart,2021-10-17,2,Elizabeth
SHIP007672,ORD007672,Express,DHL,2025-05-28,7,Miami
SHIP007673,ORD007673,Standard,IndiaPost,2023-05-22,7,Atlanta
SHIP007674,ORD007674,Standard,Delhivery,2026-06-19,8,San Francisco
SHIP007675,ORD007675,Express,IndiaPost,2023-01-18,3,Reading
SHIP007676,ORD007676,Standard,BlueDart,2020-05-05,8,Toledo
SHIP007677,ORD007677,Standard,DHL,2025-06-14,3,Syracuse
SHIP007678,ORD007678,Standard,Delhivery,2025-09-10,7,Tacoma
SHIP007679,ORD007679,Economy,FedEx,2025-01-17,4,Trenton
SHIP007680,ORD007680,Standard,IndiaPost,2022-12-23,3,Naperville
SHIP007681,ORD007681,Express,Delhivery,2026-01-30,8,Spokane
SHIP007682,ORD007682,Standard,IndiaPost,2026-03-18,2,Phoenix
SHIP007684,ORD007684,Standard,Delhivery,2026-04-21,4,Elizabeth
SHIP007685,ORD007685,Same-Day,IndiaPost,2026-03-21,3,Buffalo
SHIP007686,ORD007686,Standard,BlueDart,2025-06-13,2,Detroit
SHIP007687,ORD007687,Economy,UPS,2024-03-16,2,Peoria
SHIP007688,ORD007688,Standard,BlueDart,2026-06-02,7,Elizabeth
SHIP007689,ORD007689,Standard,FedEx,2026-03-31,7,Naperville
SHIP007690,ORD007690,Express,Delhivery,2025-07-05,9,Cambridge
SHIP007692,ORD007692,Standard,UPS,2026-07-02,9,Trenton
SHIP007693,ORD007693,Standard,Delhivery,2025-05-11,5,Cleveland
SHIP007694,ORD007694,Standard,Delhivery,2020-11-07,6,Aurora
SHIP007695,ORD007695,Same-Day,FedEx,2026-02-26,3,Grand Rapids
SHIP007696,ORD007696,Express,IndiaPost,2026-07-07,6,Buffalo
SHIP007697,ORD007697,Standard,Delhivery,2026-07-17,5,Tampa
SHIP007698,ORD007698,Standard,BlueDart,2026-01-24,4,Elizabeth
SHIP007699,ORD007699,Express,FedEx,2025-09-26,6,Philadelphia
SHIP007701,ORD007701,Standard,BlueDart,2025-12-26,4,Savannah
SHIP007702,ORD007702,Standard,BlueDart,2026-05-14,9,Miami
SHIP007703,ORD007703,Same-Day,FedEx,2026-01-21,2,Jacksonville
SHIP007704,ORD007704,Standard,FedEx,2023-06-15,3,San Diego
SHIP007705,ORD007705,Standard,BlueDart,2024-11-14,1,Phoenix
SHIP007706,ORD007706,Express,FedEx,2019-09-03,6,Philadelphia
SHIP007707,ORD007707,Same-Day,IndiaPost,2025-08-09,8,Cambridge
SHIP007708,ORD007708,Standard,FedEx,2024-09-19,8,Houston
SHIP007709,ORD007709,Standard,DHL,2020-11-01,9,Newark
SHIP007710,ORD007710,Express,Delhivery,2025-02-04,8,Miami
SHIP007711,ORD007711,Standard,BlueDart,2024-04-02,3,San Jose
SHIP007712,ORD007712,Standard,BlueDart,2022-03-23,1,Naperville
SHIP007713,ORD007713,Economy,IndiaPost,2022-12-19,9,Atlanta
SHIP007714,ORD007714,Express,BlueDart,2022-05-26,8,Durham
SHIP007715,ORD007715,Express,BlueDart,2025-11-04,8,Lansing
SHIP007716,ORD007716,Standard,FedEx,2024-10-18,3,Naperville
SHIP007717,ORD007717,Express,DHL,2025-03-25,9,Tacoma
SHIP007718,ORD007718,Same-Day,DHL,2025-12-20,6,Aurora
SHIP007719,ORD007719,Standard,BlueDart,2023-07-14,7,Fort Collins
SHIP007720,ORD007720,Economy,FedEx,2025-02-23,7,Peoria
SHIP007721,ORD007721,Standard,IndiaPost,2026-03-02,4,Pittsburgh
SHIP007722,ORD007722,Express,IndiaPost,2026-04-07,6,Boulder
SHIP007723,ORD007723,Same-Day,UPS,2023-10-28,2,Albany
SHIP007724,ORD007724,Standard,Delhivery,2025-06-18,1,Houston
SHIP007725,ORD007725,Standard,IndiaPost,2022-04-10,7,Tampa
SHIP007726,ORD007726,Express,Delhivery,2025-11-27,3,Naperville
SHIP007727,ORD007727,Express,IndiaPost,2023-12-10,7,Lansing
SHIP007728,ORD007728,Standard,UPS,2026-03-23,5,Cleveland
SHIP007729,ORD007729,Same-Day,Delhivery,2023-04-26,3,Atlanta
SHIP007731,ORD007731,Standard,Delhivery,2026-04-24,5,Toledo
SHIP007732,ORD007732,Economy,UPS,2026-03-12,6,Lansing
SHIP007733,ORD007733,Same-Day,DHL,2025-09-29,8,Spokane
SHIP007734,ORD007734,Standard,IndiaPost,2025-09-08,1,Jacksonville
SHIP007738,ORD007738,Express,IndiaPost,2025-12-31,3,Toledo
SHIP007739,ORD007739,Express,BlueDart,2021-03-16,3,Sacramento
SHIP007741,ORD007741,Standard,BlueDart,2025-02-18,5,Augusta
SHIP007742,ORD007742,Express,DHL,2025-01-17,7,Erie
SHIP007743,ORD007743,Standard,Delhivery,2023-11-30,9,Phoenix
SHIP007744,ORD007744,Economy,BlueDart,2025-07-02,2,Aurora
SHIP007745,ORD007745,Standard,IndiaPost,2024-04-05,3,Scottsdale
SHIP007746,ORD007746,Standard,FedEx,2025-04-12,2,San Francisco
SHIP007747,ORD007747,Economy,BlueDart,2024-07-30,8,Columbus
SHIP007748,ORD007748,Standard,UPS,2026-04-13,6,Reading
SHIP007750,ORD007750,Express,UPS,2025-11-28,4,Grand Rapids
SHIP007752,ORD007752,Standard,IndiaPost,2023-03-04,7,Columbus
SHIP007753,ORD007753,Standard,Delhivery,2026-07-26,5,San Antonio
SHIP007754,ORD007754,Express,DHL,2021-01-30,7,Worcester
SHIP007755,ORD007755,Standard,DHL,2025-06-30,7,San Jose
SHIP007756,ORD007756,Standard,FedEx,2025-12-02,8,Allentown
SHIP007757,ORD007757,Standard,Delhivery,2025-04-20,8,Seattle
SHIP007758,ORD007758,Standard,UPS,2025-10-11,6,Cleveland
SHIP007759,ORD007759,Express,DHL,2026-07-19,7,Boston
SHIP007760,ORD007760,Standard,BlueDart,2026-05-10,6,Trenton
SHIP007761,ORD007761,Express,UPS,2021-12-16,2,Raleigh
SHIP007762,ORD007762,Standard,FedEx,2026-01-19,2,Seattle
SHIP007763,ORD007763,Standard,IndiaPost,2022-12-27,4,Grand Rapids
SHIP007764,ORD007764,Economy,DHL,2024-07-06,2,Colorado Springs
SHIP007765,ORD007765,Same-Day,Delhivery,2026-01-30,2,Detroit
SHIP007767,ORD007767,Same-Day,FedEx,2024-06-14,5,Boulder
SHIP007768,ORD007768,Standard,Delhivery,2025-09-06,9,Tucson
SHIP007769,ORD007769,Express,IndiaPost,2026-04-11,9,Charlotte
SHIP007770,ORD007770,Standard,Delhivery,2026-01-28,7,Savannah
SHIP007771,ORD007771,Standard,FedEx,2023-09-23,6,Peoria
SHIP007772,ORD007772,Standard,Delhivery,2026-07-18,5,San Antonio
SHIP007774,ORD007774,Standard,Delhivery,2021-12-14,4,Jacksonville
SHIP007775,ORD007775,Express,IndiaPost,2023-04-29,3,Reading
SHIP007776,ORD007776,Standard,IndiaPost,2026-07-22,9,Chandler
SHIP007777,ORD007777,Same-Day,BlueDart,2026-07-15,9,Atlanta
SHIP007778,ORD007778,Standard,DHL,2022-09-24,7,Jacksonville
SHIP007780,ORD007780,Standard,Delhivery,2026-08-05,6,Cambridge
SHIP007781,ORD007781,Standard,DHL,2025-06-07,8,Jacksonville
SHIP007782,ORD007782,Standard,DHL,2024-04-13,7,Orlando
SHIP007783,ORD007783,Standard,BlueDart,2026-03-17,7,Cambridge
SHIP007785,ORD007785,Standard,Delhivery,2025-12-19,8,Fort Lauderdale
SHIP007786,ORD007786,Express,UPS,2026-07-17,2,San Antonio
SHIP007787,ORD007787,Standard,Delhivery,2026-01-21,4,Newark
SHIP007788,ORD007788,Standard,Delhivery,2024-09-03,1,Chicago
SHIP007789,ORD007789,Standard,DHL,2026-06-07,1,Bellevue
SHIP007791,ORD007791,Standard,FedEx,2026-06-01,4,Newark
SHIP007792,ORD007792,Standard,BlueDart,2023-12-09,5,New York City
SHIP007793,ORD007793,Standard,Delhivery,2023-12-11,3,Columbus
SHIP007794,ORD007794,Economy,BlueDart,2025-07-01,9,Syracuse
SHIP007797,ORD007797,Standard,Delhivery,2025-01-14,5,Paterson
SHIP007798,ORD007798,Standard,UPS,2025-03-27,8,Buffalo
SHIP007799,ORD007799,Standard,DHL,2025-12-19,7,Mesa
SHIP007800,ORD007800,Standard,FedEx,2021-05-20,3,Cleveland
SHIP007801,ORD007801,Express,Delhivery,2024-02-01,2,Toledo
SHIP007802,ORD007802,Standard,DHL,2026-08-02,5,Grand Rapids
SHIP007803,ORD007803,Express,BlueDart,2026-02-08,6,Chandler
SHIP007804,ORD007804,Standard,Delhivery,2026-05-28,5,Phoenix
SHIP007805,ORD007805,Standard,FedEx,2026-01-20,1,Elizabeth
SHIP007806,ORD007806,Economy,IndiaPost,2025-05-08,9,San Antonio
SHIP007808,ORD007808,Express,Delhivery,2026-06-17,9,Elizabeth
SHIP007809,ORD007809,Standard,Delhivery,2023-06-14,6,Athens
SHIP007810,ORD007810,Same-Day,BlueDart,2023-11-09,5,Fort Worth
SHIP007812,ORD007812,Express,DHL,2026-06-24,9,Charlotte
SHIP007813,ORD007813,Standard,BlueDart,2023-11-04,2,Philadelphia
SHIP007818,ORD007818,Express,IndiaPost,2023-10-30,1,Augusta
SHIP007819,ORD007819,Standard,IndiaPost,2022-06-21,2,Augusta
SHIP007820,ORD007820,Same-Day,FedEx,2026-07-22,7,Boulder
SHIP007821,ORD007821,Standard,UPS,2025-09-07,8,Seattle
SHIP007822,ORD007822,Standard,BlueDart,2024-09-12,1,Newark
SHIP007823,ORD007823,Same-Day,UPS,2024-03-15,6,Mesa
SHIP007824,ORD007824,Standard,FedEx,2024-10-24,1,Jersey City
SHIP007825,ORD007825,Standard,BlueDart,2026-05-27,8,Aurora
SHIP007826,ORD007826,Express,FedEx,2021-04-08,2,Fort Lauderdale
SHIP007827,ORD007827,Standard,UPS,2026-05-28,9,Tucson
SHIP007828,ORD007828,Same-Day,UPS,2022-02-01,8,Paterson
SHIP007829,ORD007829,Standard,DHL,2024-04-14,7,Seattle
SHIP007830,ORD007830,Standard,IndiaPost,2026-02-10,7,Aurora
SHIP007832,ORD007832,Standard,Delhivery,2024-10-27,4,Everett
SHIP007833,ORD007833,Same-Day,IndiaPost,2026-05-27,9,Aurora
SHIP007834,ORD007834,Express,UPS,2024-04-26,7,Tampa
SHIP007835,ORD007835,Standard,IndiaPost,2025-10-16,9,Los Angeles
SHIP007836,ORD007836,Express,FedEx,2026-07-24,9,Durham
SHIP007837,ORD007837,Express,Delhivery,2024-07-30,6,Fort Worth
SHIP007838,ORD007838,Express,DHL,2025-08-04,1,Ann Arbor
SHIP007839,ORD007839,Same-Day,FedEx,2022-01-11,3,Flint
SHIP007841,ORD007841,Express,Delhivery,2024-06-28,5,Jersey City
SHIP007842,ORD007842,Standard,IndiaPost,2026-06-27,2,Chandler
SHIP007843,ORD007843,Standard,IndiaPost,2026-07-10,1,San Jose
SHIP007844,ORD007844,Standard,DHL,2025-05-21,2,Worcester
SHIP007845,ORD007845,Standard,Delhivery,2024-03-13,5,Akron
SHIP007846,ORD007846,Standard,BlueDart,2026-04-12,7,Austin
SHIP007847,ORD007847,Economy,DHL,2022-05-11,3,Syracuse
SHIP007848,ORD007848,Standard,FedEx,2021-10-28,2,Lowell
SHIP007849,ORD007849,Economy,Delhivery,2022-01-24,5,Fort Lauderdale
SHIP007850,ORD007850,Standard,Delhivery,2025-06-02,4,Aurora
SHIP007851,ORD007851,Standard,DHL,2026-01-23,8,Naperville
SHIP007852,ORD007852,Standard,FedEx,2023-06-06,4,Flint
SHIP007853,ORD007853,Express,DHL,2023-06-16,3,Erie
SHIP007854,ORD007854,Economy,BlueDart,2025-04-11,8,Toledo
SHIP007855,ORD007855,Same-Day,DHL,2025-05-14,7,Fort Collins
SHIP007856,ORD007856,Standard,Delhivery,2026-05-22,3,Colorado Springs
SHIP007857,ORD007857,Standard,DHL,2026-06-22,3,Fort Lauderdale
SHIP007858,ORD007858,Express,FedEx,2022-07-06,2,Tacoma
SHIP007859,ORD007859,Standard,FedEx,2025-11-28,7,San Antonio
SHIP007860,ORD007860,Express,FedEx,2026-02-09,4,Atlanta
SHIP007861,ORD007861,Economy,IndiaPost,2026-05-14,1,Spokane
SHIP007862,ORD007862,Standard,DHL,2022-01-18,8,Fort Lauderdale
SHIP007863,ORD007863,Express,Delhivery,2025-01-03,8,Newark
SHIP007864,ORD007864,Standard,BlueDart,2021-12-07,8,Peoria
SHIP007865,ORD007865,Economy,DHL,2026-03-29,6,Detroit
SHIP007866,ORD007866,Express,UPS,2025-11-21,9,Grand Rapids
SHIP007867,ORD007867,Standard,IndiaPost,2024-01-27,4,Cambridge
SHIP007868,ORD007868,Express,BlueDart,2022-10-21,6,Lansing
SHIP007869,ORD007869,Standard,BlueDart,2026-07-15,1,Aurora
SHIP007870,ORD007870,Express,DHL,2026-03-27,3,Naperville
SHIP007871,ORD007871,Same-Day,BlueDart,2025-07-25,3,Reading
SHIP007872,ORD007872,Standard,FedEx,2021-02-24,8,Buffalo
SHIP007873,ORD007873,Economy,UPS,2023-09-27,4,Spokane
SHIP007874,ORD007874,Standard,DHL,2026-02-13,5,Charlotte
SHIP007875,ORD007875,Standard,BlueDart,2025-09-09,7,Atlanta
SHIP007876,ORD007876,Standard,Delhivery,2025-12-30,6,Phoenix
SHIP007877,ORD007877,Express,Delhivery,2026-07-20,1,Naperville
SHIP007878,ORD007878,Economy,FedEx,2025-09-16,1,San Francisco
SHIP007879,ORD007879,Economy,DHL,2025-06-05,1,Erie
SHIP007880,ORD007880,Economy,IndiaPost,2025-11-13,6,New York City
SHIP007881,ORD007881,Express,FedEx,2024-10-26,2,Charlotte
SHIP007882,ORD007882,Standard,Delhivery,2026-07-01,4,Grand Rapids
SHIP007883,ORD007883,Standard,BlueDart,2026-07-03,4,Denver
SHIP007884,ORD007884,Standard,FedEx,2026-03-29,6,Atlanta
SHIP007885,ORD007885,Express,UPS,2022-05-17,3,Grand Rapids
SHIP007886,ORD007886,Standard,IndiaPost,2020-06-08,9,Denver
SHIP007887,ORD007887,Express,BlueDart,2023-06-25,5,Fort Collins
SHIP007889,ORD007889,Standard,IndiaPost,2024-08-13,1,Fort Lauderdale
SHIP007890,ORD007890,Standard,IndiaPost,2020-04-30,1,San Diego
SHIP007891,ORD007891,Express,DHL,2026-02-16,1,Cincinnati
SHIP007892,ORD007892,Standard,FedEx,2024-06-18,5,Grand Rapids
SHIP007893,ORD007893,Same-Day,IndiaPost,2026-05-02,7,Newark
SHIP007894,ORD007894,Standard,Delhivery,2024-06-12,8,San Jose
SHIP007895,ORD007895,Standard,IndiaPost,2022-03-15,1,Seattle
SHIP007896,ORD007896,Express,IndiaPost,2023-03-02,6,Austin
SHIP007897,ORD007897,Standard,UPS,2022-12-29,1,Raleigh
SHIP007898,ORD007898,Standard,Delhivery,2025-04-02,3,Paterson
SHIP007899,ORD007899,Standard,UPS,2022-11-22,8,Miami
SHIP007900,ORD007900,Economy,FedEx,2024-11-02,5,Rochester
SHIP007902,ORD007902,Express,DHL,2026-05-24,6,Fort Lauderdale
SHIP007903,ORD007903,Standard,UPS,2025-09-10,1,Los Angeles
SHIP007904,ORD007904,Standard,IndiaPost,2026-06-17,9,Atlanta
SHIP007905,ORD007905,Standard,IndiaPost,2023-10-29,3,San Diego
SHIP007906,ORD007906,Standard,IndiaPost,2021-10-16,8,Cincinnati
SHIP007907,ORD007907,Standard,UPS,2026-07-02,9,Augusta
SHIP007909,ORD007909,Standard,DHL,2025-12-31,7,Cincinnati
SHIP007910,ORD007910,Standard,FedEx,2025-07-22,1,Macon
SHIP007911,ORD007911,Standard,UPS,2026-06-10,3,Houston
SHIP007912,ORD007912,Express,UPS,2026-01-14,3,Phoenix
SHIP007913,ORD007913,Standard,FedEx,2023-12-10,4,Flint
SHIP007914,ORD007914,Economy,IndiaPost,2026-04-17,8,Sacramento
SHIP007916,ORD007916,Standard,Delhivery,2025-06-03,3,New York City
SHIP007918,ORD007918,Standard,DHL,2025-12-09,2,Cincinnati
SHIP007920,ORD007920,Standard,Delhivery,2026-07-02,2,Rockford
SHIP007921,ORD007921,Economy,FedEx,2026-07-11,4,Cleveland
SHIP007922,ORD007922,Standard,IndiaPost,2026-03-16,4,Everett
SHIP007923,ORD007923,Economy,IndiaPost,2025-12-04,2,Philadelphia
SHIP007924,ORD007924,Standard,IndiaPost,2024-03-14,5,Savannah
SHIP007925,ORD007925,Standard,DHL,2024-11-13,6,Fort Worth
SHIP007926,ORD007926,Standard,UPS,2024-10-01,4,Fort Lauderdale
SHIP007927,ORD007927,Standard,Delhivery,2026-07-16,3,Fort Collins
SHIP007928,ORD007928,Standard,IndiaPost,2024-10-12,9,Phoenix
SHIP007930,ORD007930,Standard,UPS,2024-12-24,3,Jersey City
SHIP007932,ORD007932,Economy,FedEx,2026-01-10,7,Houston
SHIP007933,ORD007933,Standard,UPS,2026-07-09,3,Boston
SHIP007935,ORD007935,Standard,BlueDart,2024-02-21,7,Springfield
SHIP007936,ORD007936,Express,IndiaPost,2026-06-02,6,Naperville
SHIP007938,ORD007938,Standard,FedEx,2022-03-13,5,New York City
SHIP007939,ORD007939,Standard,IndiaPost,2025-10-12,7,Lansing
SHIP007940,ORD007940,Standard,BlueDart,2022-05-28,6,Tampa
SHIP007941,ORD007941,Express,UPS,2024-05-27,6,Austin
SHIP007942,ORD007942,Economy,Delhivery,2026-06-17,7,Fort Lauderdale
SHIP007943,ORD007943,Standard,FedEx,2025-08-15,3,Fort Collins
SHIP007944,ORD007944,Express,UPS,2022-07-19,3,Jacksonville
SHIP007945,ORD007945,Standard,DHL,2025-10-06,9,Tucson
SHIP007946,ORD007946,Standard,IndiaPost,2026-02-11,7,Newark
SHIP007947,ORD007947,Same-Day,DHL,2020-11-24,1,Erie
SHIP007948,ORD007948,Standard,IndiaPost,2024-12-01,5,Naperville
SHIP007950,ORD007950,Standard,UPS,2021-06-04,1,Tucson
SHIP007952,ORD007952,Standard,BlueDart,2025-01-28,9,Cambridge
SHIP007953,ORD007953,Standard,Delhivery,2026-07-20,4,Charlotte
SHIP007954,ORD007954,Standard,FedEx,2021-08-16,8,Phoenix
SHIP007955,ORD007955,Same-Day,UPS,2020-09-13,3,San Antonio
SHIP007956,ORD007956,Standard,FedEx,2024-08-13,1,San Francisco
SHIP007957,ORD007957,Economy,DHL,2026-07-11,1,Macon
SHIP007958,ORD007958,Express,FedEx,2025-03-08,9,Newark
SHIP007959,ORD007959,Standard,FedEx,2025-10-25,2,Charlotte
SHIP007960,ORD007960,Same-Day,Delhivery,2022-11-07,4,Chicago
SHIP007962,ORD007962,Express,BlueDart,2024-06-08,5,Albany
SHIP007963,ORD007963,Standard,Delhivery,2020-08-21,4,Orlando
SHIP007964,ORD007964,Economy,FedEx,2025-03-08,2,Durham
SHIP007966,ORD007966,Same-Day,IndiaPost,2023-11-27,2,Aurora
SHIP007967,ORD007967,Standard,UPS,2024-08-02,2,Savannah
SHIP007968,ORD007968,Standard,IndiaPost,2026-07-24,8,Ann Arbor
SHIP007969,ORD007969,Economy,IndiaPost,2025-01-26,3,Lowell
SHIP007970,ORD007970,Economy,Delhivery,2025-08-22,9,Fort Lauderdale
SHIP007971,ORD007971,Standard,Delhivery,2024-07-12,4,Tucson
SHIP007972,ORD007972,Express,UPS,2022-04-08,8,Cincinnati
SHIP007974,ORD007974,Express,FedEx,2021-10-18,6,Albany
SHIP007976,ORD007976,Economy,DHL,2025-10-08,3,Boulder
SHIP007978,ORD007978,Standard,FedEx,2026-01-10,4,Phoenix
SHIP007979,ORD007979,Standard,Delhivery,2026-01-24,7,Springfield
SHIP007980,ORD007980,Standard,Delhivery,2022-12-14,7,Cleveland
SHIP007981,ORD007981,Standard,Delhivery,2025-11-04,3,Athens
SHIP007982,ORD007982,Standard,FedEx,2026-05-09,2,Aurora
SHIP007983,ORD007983,Same-Day,BlueDart,2020-08-12,8,Boulder
SHIP007984,ORD007984,Standard,UPS,2026-05-03,4,Flint
SHIP007985,ORD007985,Economy,UPS,2024-01-19,8,Spokane
SHIP007986,ORD007986,Standard,DHL,2024-11-20,8,Erie
SHIP007987,ORD007987,Express,Delhivery,2025-01-25,7,Durham
SHIP007989,ORD007989,Standard,BlueDart,2026-08-05,7,Atlanta
SHIP007990,ORD007990,Standard,Delhivery,2025-12-04,2,Sacramento
SHIP007991,ORD007991,Standard,IndiaPost,2023-10-14,2,Houston
SHIP007992,ORD007992,Standard,UPS,2025-02-02,7,Grand Rapids
SHIP007993,ORD007993,Standard,UPS,2021-05-02,2,Athens
SHIP007994,ORD007994,Standard,IndiaPost,2023-11-23,9,Chicago
SHIP007995,ORD007995,Economy,Delhivery,2025-02-22,5,Athens
SHIP007996,ORD007996,Standard,Delhivery,2024-02-21,7,Scottsdale
SHIP007998,ORD007998,Economy,BlueDart,2026-02-10,8,Buffalo
SHIP007999,ORD007999,Express,FedEx,2025-05-27,3,Boston
SHIP008000,ORD008000,Express,DHL,2025-11-03,1,Ann Arbor
SHIP008001,ORD008001,Economy,IndiaPost,2024-05-29,6,Jacksonville
SHIP008002,ORD008002,Standard,FedEx,2025-05-07,9,Durham
SHIP008003,ORD008003,Express,FedEx,2026-04-14,1,Jersey City
SHIP008004,ORD008004,Standard,DHL,2024-02-10,8,Akron
SHIP008005,ORD008005,Standard,Delhivery,2022-03-29,5,Akron
SHIP008006,ORD008006,Express,BlueDart,2023-09-10,2,Detroit
SHIP008008,ORD008008,Express,DHL,2026-07-06,3,Houston
SHIP008009,ORD008009,Standard,UPS,2026-06-10,1,Phoenix
SHIP008010,ORD008010,Standard,DHL,2025-10-12,2,Worcester
SHIP008011,ORD008011,Express,Delhivery,2023-10-10,4,Flint
SHIP008013,ORD008013,Standard,BlueDart,2025-02-01,8,New York City
SHIP008015,ORD008015,Express,DHL,2024-12-07,4,Tucson
SHIP008016,ORD008016,Express,BlueDart,2023-05-17,7,Akron
SHIP008017,ORD008017,Express,FedEx,2026-06-16,6,Phoenix
SHIP008018,ORD008018,Standard,FedEx,2022-05-04,4,Dallas
SHIP008019,ORD008019,Economy,IndiaPost,2026-07-24,3,Springfield
SHIP008020,ORD008020,Standard,FedEx,2026-07-20,6,San Francisco
SHIP008021,ORD008021,Standard,BlueDart,2022-10-21,3,Everett
SHIP008022,ORD008022,Standard,DHL,2024-01-20,8,Boston
SHIP008023,ORD008023,Express,Delhivery,2026-07-22,5,Savannah
SHIP008024,ORD008024,Express,IndiaPost,2025-07-06,9,Paterson
SHIP008026,ORD008026,Express,DHL,2025-12-11,5,Tacoma
SHIP008027,ORD008027,Standard,FedEx,2025-06-28,3,New York City
SHIP008028,ORD008028,Express,UPS,2026-06-10,8,San Antonio
SHIP008029,ORD008029,Standard,UPS,2025-09-29,5,Colorado Springs
SHIP008030,ORD008030,Economy,IndiaPost,2021-01-14,4,Fort Worth
SHIP008031,ORD008031,Standard,BlueDart,2026-06-29,2,Toledo
SHIP008032,ORD008032,Standard,IndiaPost,2026-04-20,9,Chicago
SHIP008033,ORD008033,Standard,IndiaPost,2023-01-08,8,Naperville
SHIP008034,ORD008034,Standard,DHL,2024-04-11,1,San Diego
SHIP008035,ORD008035,Same-Day,FedEx,2024-12-10,4,Seattle
SHIP008036,ORD008036,Standard,IndiaPost,2022-10-01,4,Augusta
SHIP008037,ORD008037,Standard,UPS,2025-01-07,2,Lowell
SHIP008038,ORD008038,Standard,IndiaPost,2022-02-06,2,Winston-Salem
SHIP008039,ORD008039,Same-Day,DHL,2025-11-10,2,Jacksonville
SHIP008040,ORD008040,Economy,IndiaPost,2021-04-23,3,Colorado Springs
SHIP008041,ORD008041,Express,DHL,2022-10-05,9,Jacksonville
SHIP008042,ORD008042,Standard,Delhivery,2025-11-20,3,Athens
SHIP008043,ORD008043,Standard,UPS,2025-02-08,3,Rockford
SHIP008044,ORD008044,Same-Day,Delhivery,2026-02-02,8,Tucson
SHIP008045,ORD008045,Standard,UPS,2025-12-18,4,San Antonio
SHIP008046,ORD008046,Standard,IndiaPost,2024-11-12,6,New York City
SHIP008047,ORD008047,Same-Day,Delhivery,2023-08-29,9,Fort Collins
SHIP008048,ORD008048,Standard,Delhivery,2021-01-15,4,Macon
SHIP008049,ORD008049,Standard,Delhivery,2025-08-12,4,Aurora
SHIP008050,ORD008050,Standard,FedEx,2022-05-11,4,New York City
SHIP008051,ORD008051,Same-Day,FedEx,2026-03-13,1,Jacksonville
SHIP008052,ORD008052,Economy,DHL,2024-12-12,3,Trenton
SHIP008053,ORD008053,Standard,BlueDart,2024-03-06,6,Detroit
SHIP008054,ORD008054,Express,BlueDart,2026-04-21,8,Syracuse
SHIP008055,ORD008055,Standard,FedEx,2023-09-06,3,Jersey City
SHIP008056,ORD008056,Standard,IndiaPost,2026-06-06,6,Augusta
SHIP008057,ORD008057,Economy,BlueDart,2026-06-03,9,Grand Rapids
SHIP008058,ORD008058,Standard,IndiaPost,2026-04-28,6,Tucson
SHIP008059,ORD008059,Same-Day,UPS,2025-09-08,4,Savannah
SHIP008060,ORD008060,Standard,FedEx,2025-01-01,8,Detroit
SHIP008061,ORD008061,Express,Delhivery,2025-08-30,5,Augusta
SHIP008062,ORD008062,Express,IndiaPost,2022-05-27,4,New York City
SHIP008063,ORD008063,Express,UPS,2025-06-16,2,Boulder
SHIP008064,ORD008064,Economy,BlueDart,2025-12-11,4,Cleveland
SHIP008065,ORD008065,Standard,UPS,2026-02-09,8,Bellevue
SHIP008066,ORD008066,Standard,DHL,2023-10-22,8,Aurora
SHIP008068,ORD008068,Standard,DHL,2025-06-28,7,Newark
SHIP008069,ORD008069,Express,UPS,2025-02-20,7,Augusta
SHIP008070,ORD008070,Same-Day,IndiaPost,2026-06-18,3,Fort Collins
SHIP008071,ORD008071,Standard,BlueDart,2025-04-08,8,Boston
SHIP008072,ORD008072,Standard,DHL,2025-11-06,5,Elizabeth
SHIP008073,ORD008073,Standard,BlueDart,2026-05-15,1,Akron
SHIP008074,ORD008074,Economy,BlueDart,2024-02-10,1,Boulder
SHIP008075,ORD008075,Express,UPS,2025-07-13,9,Aurora
SHIP008076,ORD008076,Standard,Delhivery,2026-03-25,7,Everett
SHIP008077,ORD008077,Economy,BlueDart,2022-09-27,8,Atlanta
SHIP008078,ORD008078,Standard,FedEx,2022-07-18,8,San Jose
SHIP008079,ORD008079,Standard,IndiaPost,2023-10-14,5,Seattle
SHIP008080,ORD008080,Standard,BlueDart,2024-12-28,1,Tacoma
SHIP008081,ORD008081,Standard,DHL,2024-09-08,8,Mesa
SHIP008083,ORD008083,Standard,UPS,2026-04-23,8,Cincinnati
SHIP008084,ORD008084,Economy,UPS,2024-09-03,2,Jacksonville
SHIP008085,ORD008085,Express,BlueDart,2025-09-23,8,Allentown
SHIP008087,ORD008087,Standard,Delhivery,2026-02-05,5,Savannah
SHIP008088,ORD008088,Standard,DHL,2023-10-29,2,Detroit
SHIP008089,ORD008089,Same-Day,BlueDart,2024-03-25,5,Bellevue
SHIP008090,ORD008090,Standard,DHL,2023-03-15,8,Chandler
SHIP008091,ORD008091,Standard,BlueDart,2022-07-30,5,Los Angeles
SHIP008092,ORD008092,Express,DHL,2026-04-07,4,Atlanta
SHIP008093,ORD008093,Express,BlueDart,2025-08-14,5,Aurora
SHIP008094,ORD008094,Standard,FedEx,2025-05-13,3,Lowell
SHIP008095,ORD008095,Standard,IndiaPost,2026-06-02,2,Austin
SHIP008096,ORD008096,Standard,Delhivery,2025-02-19,3,San Diego
SHIP008097,ORD008097,Express,UPS,2023-08-09,6,Greensboro
SHIP008098,ORD008098,Standard,IndiaPost,2025-11-02,8,Durham
SHIP008100,ORD008100,Standard,FedEx,2024-11-06,8,Sacramento
SHIP008101,ORD008101,Standard,BlueDart,2023-08-20,9,Albany
SHIP008103,ORD008103,Standard,Delhivery,2026-07-23,5,Los Angeles
SHIP008104,ORD008104,Express,IndiaPost,2025-03-24,1,Mesa
SHIP008105,ORD008105,Standard,FedEx,2022-12-07,7,Greensboro
SHIP008106,ORD008106,Standard,IndiaPost,2025-09-22,3,Elizabeth
SHIP008107,ORD008107,Standard,BlueDart,2024-01-21,4,Austin
SHIP008108,ORD008108,Standard,FedEx,2025-08-31,6,Grand Rapids
SHIP008109,ORD008109,Economy,Delhivery,2026-02-10,7,Cambridge
SHIP008110,ORD008110,Express,Delhivery,2020-10-08,9,Toledo
SHIP008111,ORD008111,Standard,IndiaPost,2023-06-19,6,Seattle
SHIP008113,ORD008113,Standard,IndiaPost,2025-07-26,7,Chandler
SHIP008114,ORD008114,Standard,Delhivery,2025-11-14,3,Ann Arbor
SHIP008115,ORD008115,Standard,UPS,2023-09-26,7,Allentown
SHIP008116,ORD008116,Standard,IndiaPost,2020-05-27,2,Miami
SHIP008117,ORD008117,Express,IndiaPost,2024-07-18,9,Houston
SHIP008118,ORD008118,Express,Delhivery,2019-12-02,8,Grand Rapids
SHIP008119,ORD008119,Standard,Delhivery,2026-05-04,5,Jersey City
SHIP008120,ORD008120,Same-Day,IndiaPost,2025-09-03,8,Pittsburgh
SHIP008121,ORD008121,Standard,UPS,2026-05-05,8,Philadelphia
SHIP008122,ORD008122,Express,IndiaPost,2022-07-29,6,Sacramento
SHIP008123,ORD008123,Standard,IndiaPost,2024-12-03,9,Greensboro
SHIP008124,ORD008124,Standard,Delhivery,2022-12-17,8,Philadelphia
SHIP008125,ORD008125,Standard,DHL,2025-10-24,7,Mesa
SHIP008126,ORD008126,Economy,BlueDart,2026-05-27,9,Akron
SHIP008127,ORD008127,Standard,UPS,2022-01-24,2,Springfield
SHIP008128,ORD008128,Same-Day,DHL,2026-06-13,7,Fort Collins
SHIP008130,ORD008130,Same-Day,IndiaPost,2025-09-07,3,Augusta
SHIP008131,ORD008131,Standard,BlueDart,2023-04-20,5,Atlanta
SHIP008132,ORD008132,Standard,BlueDart,2024-07-06,4,Miami
SHIP008133,ORD008133,Standard,FedEx,2023-07-05,2,Orlando
SHIP008134,ORD008134,Standard,FedEx,2022-10-21,6,Detroit
SHIP008136,ORD008136,Standard,DHL,2025-09-10,5,Macon
SHIP008137,ORD008137,Standard,DHL,2024-10-28,6,Philadelphia
SHIP008138,ORD008138,Express,Delhivery,2025-12-19,2,Paterson
SHIP008140,ORD008140,Standard,Delhivery,2023-11-12,9,San Francisco
SHIP008141,ORD008141,Standard,Delhivery,2024-04-17,8,Athens
SHIP008142,ORD008142,Standard,FedEx,2026-07-16,3,Pittsburgh
SHIP008143,ORD008143,Standard,Delhivery,2026-01-02,2,Augusta
SHIP008144,ORD008144,Standard,DHL,2026-05-10,9,Athens
SHIP008145,ORD008145,Same-Day,Delhivery,2021-09-18,3,Albany
SHIP008146,ORD008146,Same-Day,FedEx,2025-07-01,6,Greensboro
SHIP008147,ORD008147,Economy,Delhivery,2024-07-17,7,Everett
SHIP008149,ORD008149,Economy,UPS,2026-06-16,3,Detroit
SHIP008150,ORD008150,Express,DHL,2024-09-04,3,Atlanta
SHIP008151,ORD008151,Express,DHL,2026-01-19,1,Athens
SHIP008152,ORD008152,Economy,BlueDart,2025-09-16,5,Springfield
SHIP008154,ORD008154,Standard,Delhivery,2025-04-21,9,Boston
SHIP008156,ORD008156,Standard,Delhivery,2021-06-23,3,Spokane
SHIP008157,ORD008157,Same-Day,BlueDart,2025-03-08,3,Lowell
SHIP008158,ORD008158,Economy,BlueDart,2023-07-02,2,Springfield
SHIP008159,ORD008159,Same-Day,IndiaPost,2026-06-16,6,Spokane
SHIP008160,ORD008160,Same-Day,DHL,2021-04-03,8,San Jose
SHIP008161,ORD008161,Standard,IndiaPost,2024-01-14,6,Fort Lauderdale
SHIP008162,ORD008162,Express,UPS,2021-07-22,6,Erie
SHIP008163,ORD008163,Standard,UPS,2024-02-21,7,Paterson
SHIP008164,ORD008164,Standard,DHL,2025-09-24,2,Scottsdale
SHIP008165,ORD008165,Standard,DHL,2026-07-24,2,Savannah
SHIP008166,ORD008166,Same-Day,FedEx,2025-01-30,5,Peoria
SHIP008168,ORD008168,Same-Day,UPS,2022-01-13,3,Raleigh
SHIP008170,ORD008170,Express,Delhivery,2023-12-07,6,Fort Lauderdale
SHIP008171,ORD008171,Standard,FedEx,2026-07-04,2,Boston
SHIP008172,ORD008172,Express,UPS,2026-04-17,2,Springfield
SHIP008174,ORD008174,Standard,BlueDart,2022-10-06,5,Charlotte
SHIP008175,ORD008175,Same-Day,Delhivery,2025-07-23,6,Cleveland
SHIP008176,ORD008176,Same-Day,BlueDart,2025-11-02,5,Flint
SHIP008178,ORD008178,Standard,UPS,2024-11-24,5,Peoria
SHIP008179,ORD008179,Standard,FedEx,2025-06-30,6,Raleigh
SHIP008180,ORD008180,Express,DHL,2025-12-05,8,Seattle
SHIP008181,ORD008181,Express,Delhivery,2021-12-28,6,Jacksonville
SHIP008182,ORD008182,Standard,UPS,2025-07-16,6,San Jose
SHIP008184,ORD008184,Express,BlueDart,2025-09-12,5,Springfield
SHIP008185,ORD008185,Standard,DHL,2024-04-14,6,San Antonio
SHIP008186,ORD008186,Standard,UPS,2026-07-26,2,Detroit
SHIP008187,ORD008187,Standard,BlueDart,2026-07-24,4,Seattle
SHIP008188,ORD008188,Standard,UPS,2022-02-05,4,Rockford
SHIP008189,ORD008189,Standard,FedEx,2026-05-29,2,Jacksonville
SHIP008190,ORD008190,Standard,BlueDart,2026-06-05,4,Syracuse
SHIP008191,ORD008191,Express,IndiaPost,2025-01-09,6,Savannah
SHIP008192,ORD008192,Standard,FedEx,2025-09-19,7,Peoria
SHIP008193,ORD008193,Standard,DHL,2024-12-29,9,Dallas
SHIP008194,ORD008194,Standard,UPS,2026-01-02,6,Trenton
SHIP008195,ORD008195,Economy,FedEx,2024-01-14,1,Charlotte
SHIP008196,ORD008196,Express,BlueDart,2020-07-17,6,Springfield
SHIP008197,ORD008197,Standard,UPS,2026-06-26,8,Austin
SHIP008198,ORD008198,Standard,IndiaPost,2020-09-23,2,Raleigh
SHIP008199,ORD008199,Economy,IndiaPost,2024-05-23,4,Boulder
SHIP008201,ORD008201,Same-Day,FedEx,2025-10-12,2,Houston
SHIP008202,ORD008202,Economy,DHL,2023-11-06,7,Chandler
SHIP008203,ORD008203,Standard,IndiaPost,2023-06-12,5,Orlando
SHIP008204,ORD008204,Express,FedEx,2023-07-27,1,Rockford
SHIP008205,ORD008205,Standard,DHL,2026-04-13,3,Everett
SHIP008206,ORD008206,Standard,Delhivery,2025-03-14,4,Philadelphia
SHIP008207,ORD008207,Express,IndiaPost,2022-04-07,1,Colorado Springs
SHIP008208,ORD008208,Standard,IndiaPost,2026-07-08,5,Fort Lauderdale
SHIP008209,ORD008209,Standard,UPS,2026-05-12,4,Houston
SHIP008210,ORD008210,Economy,IndiaPost,2022-04-17,8,Macon
SHIP008212,ORD008212,Standard,Delhivery,2023-07-13,5,Austin
SHIP008213,ORD008213,Standard,Delhivery,2025-11-21,2,Los Angeles
SHIP008214,ORD008214,Express,Delhivery,2024-01-21,7,Boston
SHIP008216,ORD008216,Standard,DHL,2022-07-25,6,Greensboro
SHIP008217,ORD008217,Express,DHL,2023-10-27,7,Fort Worth
SHIP008218,ORD008218,Economy,DHL,2026-07-21,9,Sacramento
SHIP008219,ORD008219,Express,Delhivery,2026-04-05,1,Tucson
SHIP008220,ORD008220,Economy,DHL,2021-12-12,1,Boulder
SHIP008221,ORD008221,Standard,BlueDart,2026-01-05,3,Raleigh
SHIP008222,ORD008222,Standard,DHL,2026-04-19,7,Fort Collins
SHIP008224,ORD008224,Standard,IndiaPost,2025-03-08,5,Syracuse
SHIP008225,ORD008225,Express,UPS,2025-09-25,9,Durham
SHIP008226,ORD008226,Standard,BlueDart,2025-10-28,4,Bellevue
SHIP008227,ORD008227,Standard,Delhivery,2024-03-20,3,Springfield
SHIP008228,ORD008228,Express,UPS,2026-04-22,2,Fort Lauderdale
SHIP008229,ORD008229,Express,DHL,2025-05-13,1,Rockford
SHIP008230,ORD008230,Standard,FedEx,2025-11-01,6,Augusta
SHIP008231,ORD008231,Economy,UPS,2023-06-17,8,Columbus
SHIP008232,ORD008232,Economy,UPS,2026-07-14,4,Elizabeth
SHIP008234,ORD008234,Standard,UPS,2024-04-13,1,Trenton
SHIP008235,ORD008235,Standard,DHL,2022-07-31,2,Houston
SHIP008236,ORD008236,Standard,Delhivery,2026-05-02,8,Erie
SHIP008237,ORD008237,Same-Day,BlueDart,2026-06-18,6,Atlanta
SHIP008238,ORD008238,Express,UPS,2023-01-08,1,San Diego
SHIP008239,ORD008239,Standard,IndiaPost,2021-03-25,1,Detroit
SHIP008240,ORD008240,Economy,Delhivery,2026-01-23,8,Lowell
SHIP008241,ORD008241,Standard,Delhivery,2026-06-20,5,Syracuse
SHIP008242,ORD008242,Standard,FedEx,2024-12-10,7,Detroit
SHIP008244,ORD008244,Standard,IndiaPost,2024-01-18,6,New York City
SHIP008245,ORD008245,Standard,UPS,2023-03-09,5,Fort Collins
SHIP008246,ORD008246,Express,FedEx,2025-02-24,7,Macon
SHIP008247,ORD008247,Standard,FedEx,2026-04-28,5,Aurora
SHIP008248,ORD008248,Express,FedEx,2021-06-16,6,Phoenix
SHIP008249,ORD008249,Same-Day,Delhivery,2026-01-18,1,Winston-Salem
SHIP008250,ORD008250,Same-Day,FedEx,2024-10-31,5,Chicago
SHIP008254,ORD008254,Standard,IndiaPost,2025-04-30,5,Allentown
SHIP008255,ORD008255,Express,DHL,2026-04-14,5,Savannah
SHIP008256,ORD008256,Standard,FedEx,2025-01-03,1,Aurora
SHIP008257,ORD008257,Standard,BlueDart,2026-04-29,8,Bellevue
SHIP008258,ORD008258,Standard,DHL,2026-06-20,4,Jersey City
SHIP008259,ORD008259,Express,BlueDart,2023-12-18,1,Mesa
SHIP008260,ORD008260,Express,Delhivery,2025-09-17,1,Elizabeth
SHIP008261,ORD008261,Standard,DHL,2024-08-04,3,Savannah
SHIP008262,ORD008262,Economy,FedEx,2022-01-17,8,Grand Rapids
SHIP008263,ORD008263,Express,Delhivery,2024-05-03,2,Toledo
SHIP008265,ORD008265,Express,FedEx,2026-05-14,3,Austin
SHIP008266,ORD008266,Express,UPS,2025-04-23,5,Sacramento
SHIP008267,ORD008267,Same-Day,BlueDart,2023-04-16,6,Boston
SHIP008268,ORD008268,Standard,UPS,2026-06-02,7,Aurora
SHIP008269,ORD008269,Same-Day,BlueDart,2025-06-06,9,Orlando
SHIP008270,ORD008270,Standard,UPS,2026-02-26,4,Tacoma
SHIP008271,ORD008271,Same-Day,FedEx,2021-09-19,2,Naperville
SHIP008273,ORD008273,Standard,DHL,2023-06-08,4,Orlando
SHIP008274,ORD008274,Standard,UPS,2025-12-01,4,Phoenix
SHIP008275,ORD008275,Same-Day,Delhivery,2026-06-03,5,Naperville
SHIP008276,ORD008276,Standard,IndiaPost,2024-12-07,2,Toledo
SHIP008277,ORD008277,Same-Day,IndiaPost,2025-11-27,3,Rockford
SHIP008278,ORD008278,Express,IndiaPost,2022-03-19,3,Springfield
SHIP008279,ORD008279,Standard,IndiaPost,2025-03-21,4,Cincinnati
SHIP008280,ORD008280,Economy,UPS,2023-08-31,4,Macon
SHIP008281,ORD008281,Standard,UPS,2026-01-04,2,Detroit
SHIP008282,ORD008282,Express,IndiaPost,2025-11-06,3,Ann Arbor
SHIP008283,ORD008283,Same-Day,IndiaPost,2023-01-18,3,Spokane
SHIP008284,ORD008284,Economy,DHL,2023-08-24,5,Buffalo
SHIP008285,ORD008285,Standard,BlueDart,2026-07-05,9,Worcester
SHIP008286,ORD008286,Express,DHL,2023-07-23,6,Trenton
SHIP008287,ORD008287,Standard,UPS,2023-08-25,4,Colorado Springs
SHIP008288,ORD008288,Express,DHL,2022-11-30,5,Aurora
SHIP008289,ORD008289,Same-Day,UPS,2024-09-06,8,Savannah
SHIP008291,ORD008291,Same-Day,IndiaPost,2023-07-09,2,Everett
SHIP008293,ORD008293,Standard,UPS,2023-08-17,9,Syracuse
SHIP008294,ORD008294,Economy,BlueDart,2023-06-24,7,Mesa
SHIP008295,ORD008295,Express,DHL,2025-07-25,3,Macon
SHIP008296,ORD008296,Standard,BlueDart,2021-07-19,5,Springfield
SHIP008297,ORD008297,Standard,UPS,2025-08-29,7,Fort Lauderdale
SHIP008298,ORD008298,Standard,BlueDart,2025-12-09,1,Chicago
SHIP008299,ORD008299,Express,FedEx,2026-07-11,7,Columbus
SHIP008300,ORD008300,Standard,UPS,2024-08-23,9,San Antonio
SHIP008301,ORD008301,Standard,FedEx,2025-03-18,1,Buffalo
SHIP008302,ORD008302,Standard,BlueDart,2024-04-27,3,Colorado Springs
SHIP008303,ORD008303,Economy,DHL,2026-01-13,3,Lowell
SHIP008304,ORD008304,Standard,IndiaPost,2026-04-21,1,Phoenix
SHIP008305,ORD008305,Express,IndiaPost,2025-09-05,4,Aurora
SHIP008306,ORD008306,Economy,IndiaPost,2020-12-17,8,Tampa
SHIP008307,ORD008307,Standard,Delhivery,2026-02-20,2,Boulder
SHIP008309,ORD008309,Standard,UPS,2022-11-21,4,San Francisco
SHIP008310,ORD008310,Express,IndiaPost,2026-01-22,2,Boulder
SHIP008311,ORD008311,Standard,UPS,2026-03-05,5,Augusta
SHIP008313,ORD008313,Economy,DHL,2025-01-20,6,Albany
SHIP008314,ORD008314,Same-Day,DHL,2025-08-28,2,Tampa
SHIP008315,ORD008315,Standard,DHL,2023-07-24,6,Rochester
SHIP008316,ORD008316,Standard,BlueDart,2026-04-12,9,Allentown
SHIP008317,ORD008317,Express,DHL,2025-02-01,9,Chandler
SHIP008318,ORD008318,Same-Day,UPS,2026-04-01,2,Savannah
SHIP008320,ORD008320,Same-Day,IndiaPost,2024-07-13,1,Toledo
SHIP008321,ORD008321,Standard,Delhivery,2024-06-19,6,Orlando
SHIP008322,ORD008322,Express,BlueDart,2026-05-06,7,Worcester
SHIP008323,ORD008323,Express,Delhivery,2020-11-10,3,Detroit
SHIP008324,ORD008324,Standard,Delhivery,2026-03-12,5,Spokane
SHIP008325,ORD008325,Standard,FedEx,2024-07-02,8,Austin
SHIP008326,ORD008326,Standard,Delhivery,2023-08-11,9,Erie
SHIP008328,ORD008328,Economy,FedEx,2024-06-05,9,Cincinnati
SHIP008329,ORD008329,Standard,UPS,2026-01-27,5,Ann Arbor
SHIP008330,ORD008330,Express,UPS,2026-02-18,6,Atlanta
SHIP008331,ORD008331,Same-Day,UPS,2025-12-21,8,Boulder
SHIP008332,ORD008332,Express,DHL,2022-05-11,2,Rockford
SHIP008333,ORD008333,Standard,FedEx,2024-07-31,7,Miami
SHIP008334,ORD008334,Standard,Delhivery,2024-06-29,1,Peoria
SHIP008335,ORD008335,Economy,UPS,2026-03-14,5,Greensboro
SHIP008336,ORD008336,Standard,UPS,2026-02-01,4,Denver
SHIP008338,ORD008338,Standard,Delhivery,2021-12-08,4,Albany
SHIP008339,ORD008339,Same-Day,BlueDart,2025-07-31,2,New York City
SHIP008340,ORD008340,Economy,IndiaPost,2024-11-18,7,Tucson
SHIP008341,ORD008341,Economy,IndiaPost,2024-10-29,8,Pittsburgh
SHIP008342,ORD008342,Standard,Delhivery,2025-10-09,3,San Jose
SHIP008343,ORD008343,Standard,BlueDart,2023-03-30,3,Pittsburgh
SHIP008344,ORD008344,Standard,Delhivery,2024-07-16,4,Charlotte
SHIP008346,ORD008346,Standard,FedEx,2026-06-29,3,Boston
SHIP008347,ORD008347,Standard,FedEx,2026-04-08,3,Albany
SHIP008348,ORD008348,Express,Delhivery,2022-10-13,5,Toledo
SHIP008351,ORD008351,Standard,UPS,2026-02-25,3,Colorado Springs
SHIP008352,ORD008352,Standard,FedEx,2025-10-03,6,Austin
SHIP008354,ORD008354,Standard,DHL,2026-04-08,4,Jersey City
SHIP008355,ORD008355,Express,FedEx,2022-01-15,6,Aurora
SHIP008356,ORD008356,Express,FedEx,2026-07-01,7,Erie
SHIP008357,ORD008357,Standard,DHL,2026-05-26,8,Chandler
SHIP008359,ORD008359,Express,BlueDart,2025-06-01,9,Springfield
SHIP008360,ORD008360,Standard,UPS,2026-02-04,3,Syracuse
SHIP008361,ORD008361,Standard,DHL,2026-03-29,6,Springfield
SHIP008362,ORD008362,Same-Day,IndiaPost,2021-02-15,1,Charlotte
SHIP008363,ORD008363,Standard,FedEx,2025-05-11,7,Springfield
SHIP008364,ORD008364,Standard,Delhivery,2026-05-30,3,Chicago
SHIP008365,ORD008365,Standard,FedEx,2020-06-21,6,Durham
SHIP008366,ORD008366,Economy,BlueDart,2022-12-26,9,Tucson
SHIP008367,ORD008367,Economy,IndiaPost,2026-02-23,3,Jersey City
SHIP008368,ORD008368,Standard,BlueDart,2025-08-13,3,Akron
SHIP008370,ORD008370,Express,DHL,2021-11-14,4,Philadelphia
SHIP008371,ORD008371,Economy,Delhivery,2023-07-17,5,Los Angeles
SHIP008372,ORD008372,Standard,FedEx,2023-12-08,3,San Diego
SHIP008374,ORD008374,Standard,BlueDart,2024-07-30,8,Fort Worth
SHIP008375,ORD008375,Standard,DHL,2026-01-14,2,Macon
SHIP008378,ORD008378,Express,DHL,2022-06-14,5,Chicago
SHIP008379,ORD008379,Express,UPS,2021-09-28,9,Bellevue
SHIP008380,ORD008380,Standard,IndiaPost,2025-05-08,2,Cambridge
SHIP008381,ORD008381,Express,UPS,2025-03-22,7,Allentown
SHIP008382,ORD008382,Economy,UPS,2023-01-01,3,Grand Rapids
SHIP008383,ORD008383,Standard,FedEx,2026-07-20,5,Greensboro
SHIP008384,ORD008384,Standard,IndiaPost,2026-04-14,4,Seattle
SHIP008385,ORD008385,Express,DHL,2025-10-02,9,Austin
SHIP008386,ORD008386,Standard,IndiaPost,2026-01-17,4,Grand Rapids
SHIP008387,ORD008387,Express,UPS,2025-12-28,4,Dallas
SHIP008388,ORD008388,Standard,UPS,2026-06-20,5,Philadelphia
SHIP008389,ORD008389,Same-Day,DHL,2026-02-13,5,Atlanta
SHIP008390,ORD008390,Standard,Delhivery,2026-04-23,5,Springfield
SHIP008391,ORD008391,Standard,UPS,2024-12-15,8,Everett
SHIP008392,ORD008392,Same-Day,FedEx,2026-06-28,7,Chandler
SHIP008393,ORD008393,Express,DHL,2020-03-26,7,Seattle
SHIP008394,ORD008394,Express,DHL,2026-03-07,2,Miami
SHIP008395,ORD008395,Standard,DHL,2026-05-02,4,Rockford
SHIP008396,ORD008396,Standard,Delhivery,2024-08-23,8,Chicago
SHIP008397,ORD008397,Express,FedEx,2023-01-23,7,Scottsdale
SHIP008398,ORD008398,Standard,DHL,2026-05-15,4,Flint
SHIP008399,ORD008399,Standard,UPS,2026-03-21,7,Worcester
SHIP008401,ORD008401,Standard,Delhivery,2023-08-04,4,Seattle
SHIP008402,ORD008402,Express,UPS,2026-07-28,2,Tacoma
SHIP008404,ORD008404,Standard,IndiaPost,2022-08-13,6,Jacksonville
SHIP008405,ORD008405,Economy,DHL,2026-04-04,7,San Jose
SHIP008406,ORD008406,Express,UPS,2026-05-03,1,Jacksonville
SHIP008407,ORD008407,Standard,Delhivery,2024-09-09,9,Tucson
SHIP008408,ORD008408,Economy,FedEx,2023-06-29,9,Durham
SHIP008409,ORD008409,Express,DHL,2025-02-14,3,Colorado Springs
SHIP008411,ORD008411,Standard,DHL,2024-05-09,1,Mesa
SHIP008412,ORD008412,Express,BlueDart,2022-08-09,9,New York City
SHIP008415,ORD008415,Economy,FedEx,2025-12-16,9,Peoria
SHIP008416,ORD008416,Express,Delhivery,2025-11-24,2,Fort Collins
SHIP008417,ORD008417,Standard,UPS,2024-04-07,6,Orlando
SHIP008418,ORD008418,Same-Day,DHL,2026-04-07,3,Everett
SHIP008419,ORD008419,Express,IndiaPost,2023-08-02,1,Los Angeles
SHIP008420,ORD008420,Same-Day,Delhivery,2025-06-12,1,Savannah
SHIP008421,ORD008421,Standard,Delhivery,2021-12-08,9,Tacoma
SHIP008422,ORD008422,Standard,IndiaPost,2022-02-19,3,Austin
SHIP008423,ORD008423,Express,FedEx,2025-08-12,8,Scottsdale
SHIP008424,ORD008424,Express,UPS,2026-03-17,2,Akron
SHIP008425,ORD008425,Standard,DHL,2023-01-23,8,Philadelphia
SHIP008426,ORD008426,Express,DHL,2025-02-05,5,Sacramento
SHIP008427,ORD008427,Standard,Delhivery,2025-08-08,8,Greensboro
SHIP008428,ORD008428,Express,DHL,2024-11-23,6,Allentown
SHIP008429,ORD008429,Economy,IndiaPost,2026-03-30,2,Tampa
SHIP008430,ORD008430,Economy,IndiaPost,2025-07-15,7,Athens
SHIP008432,ORD008432,Express,IndiaPost,2025-02-25,9,Everett
SHIP008434,ORD008434,Standard,IndiaPost,2022-08-15,8,Mesa
SHIP008435,ORD008435,Standard,Delhivery,2025-05-31,8,Philadelphia
SHIP008436,ORD008436,Standard,UPS,2025-07-02,8,Boston
SHIP008437,ORD008437,Standard,UPS,2026-06-01,1,Houston
SHIP008438,ORD008438,Standard,FedEx,2026-07-14,8,Worcester
SHIP008439,ORD008439,Same-Day,IndiaPost,2026-07-17,1,Grand Rapids
SHIP008440,ORD008440,Standard,FedEx,2020-09-23,8,Tampa
SHIP008441,ORD008441,Express,DHL,2022-11-05,2,Seattle
SHIP008442,ORD008442,Express,UPS,2022-12-27,3,Lansing
SHIP008443,ORD008443,Standard,BlueDart,2022-03-07,3,Macon
SHIP008445,ORD008445,Standard,FedEx,2025-09-05,9,Phoenix
SHIP008446,ORD008446,Express,DHL,2026-07-02,6,Bellevue
SHIP008447,ORD008447,Standard,UPS,2024-08-27,2,Tampa
SHIP008448,ORD008448,Economy,DHL,2024-01-21,9,Worcester
SHIP008449,ORD008449,Standard,BlueDart,2026-07-25,3,Tampa
SHIP008450,ORD008450,Standard,UPS,2022-08-12,7,Los Angeles
SHIP008451,ORD008451,Standard,FedEx,2020-06-07,9,Allentown
SHIP008452,ORD008452,Standard,IndiaPost,2022-05-03,8,Athens
SHIP008454,ORD008454,Standard,BlueDart,2024-01-19,3,Allentown
SHIP008455,ORD008455,Standard,UPS,2025-11-12,3,Denver
SHIP008456,ORD008456,Standard,UPS,2026-03-13,4,Athens
SHIP008457,ORD008457,Standard,Delhivery,2026-02-27,7,Rockford
SHIP008458,ORD008458,Same-Day,Delhivery,2026-08-05,6,Everett
SHIP008459,ORD008459,Standard,IndiaPost,2026-02-05,5,Lowell
SHIP008460,ORD008460,Economy,DHL,2026-01-30,5,Buffalo
SHIP008461,ORD008461,Economy,BlueDart,2024-04-23,9,Tacoma
SHIP008462,ORD008462,Standard,BlueDart,2026-07-25,5,Dallas
SHIP008463,ORD008463,Standard,Delhivery,2025-05-10,7,Syracuse
SHIP008464,ORD008464,Standard,FedEx,2024-01-23,7,Lowell
SHIP008466,ORD008466,Express,FedEx,2025-01-16,6,Lowell
SHIP008467,ORD008467,Same-Day,IndiaPost,2024-10-16,2,Raleigh
SHIP008468,ORD008468,Economy,DHL,2025-01-31,7,Detroit
SHIP008469,ORD008469,Express,Delhivery,2026-01-02,6,Pittsburgh
SHIP008471,ORD008471,Standard,BlueDart,2022-02-28,5,Newark
SHIP008472,ORD008472,Standard,Delhivery,2025-08-22,9,Chandler
SHIP008475,ORD008475,Standard,Delhivery,2024-01-06,1,Springfield
SHIP008476,ORD008476,Express,FedEx,2023-02-21,1,Detroit
SHIP008477,ORD008477,Express,BlueDart,2026-01-24,3,Flint
SHIP008478,ORD008478,Standard,DHL,2026-05-23,1,Tampa
SHIP008480,ORD008480,Standard,FedEx,2025-09-03,9,New York City
SHIP008481,ORD008481,Same-Day,DHL,2022-12-15,2,Flint
SHIP008482,ORD008482,Same-Day,Delhivery,2026-04-12,6,Everett
SHIP008483,ORD008483,Standard,Delhivery,2026-01-16,1,Augusta
SHIP008485,ORD008485,Standard,BlueDart,2026-05-05,6,Aurora
SHIP008486,ORD008486,Economy,BlueDart,2026-07-18,6,New York City
SHIP008487,ORD008487,Economy,UPS,2024-09-12,3,Elizabeth
SHIP008488,ORD008488,Standard,BlueDart,2023-10-21,3,Tampa
SHIP008489,ORD008489,Economy,UPS,2024-10-06,8,Trenton
SHIP008490,ORD008490,Same-Day,FedEx,2022-05-11,8,Lowell
SHIP008491,ORD008491,Standard,Delhivery,2024-09-01,9,Paterson
SHIP008492,ORD008492,Same-Day,BlueDart,2023-06-06,2,Tampa
SHIP008493,ORD008493,Express,UPS,2026-05-29,1,Mesa
SHIP008494,ORD008494,Economy,FedEx,2026-01-21,5,Philadelphia
SHIP008495,ORD008495,Express,BlueDart,2026-06-05,7,Columbus
SHIP008497,ORD008497,Express,FedEx,2025-04-24,1,Albany
SHIP008498,ORD008498,Express,UPS,2026-06-12,6,Cambridge
SHIP008499,ORD008499,Express,BlueDart,2026-04-24,6,Augusta
SHIP008500,ORD008500,Economy,FedEx,2024-01-24,8,Worcester
SHIP008501,ORD008501,Standard,FedEx,2024-07-17,3,Orlando
SHIP008503,ORD008503,Express,IndiaPost,2025-09-03,6,Charlotte
SHIP008504,ORD008504,Standard,UPS,2024-09-07,7,San Jose
SHIP008506,ORD008506,Standard,IndiaPost,2024-08-23,3,Boston
SHIP008507,ORD008507,Same-Day,DHL,2022-07-24,3,Scottsdale
SHIP008508,ORD008508,Express,Delhivery,2025-12-11,9,Austin
SHIP008509,ORD008509,Standard,BlueDart,2026-07-13,8,Worcester
SHIP008510,ORD008510,Standard,FedEx,2024-11-15,1,Pittsburgh
SHIP008511,ORD008511,Standard,DHL,2022-12-01,6,Phoenix
SHIP008512,ORD008512,Standard,IndiaPost,2026-06-28,9,Springfield
SHIP008514,ORD008514,Standard,BlueDart,2023-06-13,9,Greensboro
SHIP008515,ORD008515,Standard,Delhivery,2024-12-30,5,Worcester
SHIP008516,ORD008516,Standard,Delhivery,2026-03-20,3,Cleveland
SHIP008517,ORD008517,Standard,IndiaPost,2025-05-29,7,Augusta
SHIP008518,ORD008518,Express,Delhivery,2026-06-03,7,Reading
SHIP008519,ORD008519,Economy,IndiaPost,2024-05-12,5,Lansing
SHIP008520,ORD008520,Standard,BlueDart,2022-07-29,6,Colorado Springs
SHIP008521,ORD008521,Standard,UPS,2025-06-10,9,Boulder
SHIP008523,ORD008523,Standard,BlueDart,2026-06-05,8,Spokane
SHIP008524,ORD008524,Same-Day,IndiaPost,2025-06-21,8,Tampa
SHIP008526,ORD008526,Express,DHL,2024-07-27,1,Fort Collins
SHIP008527,ORD008527,Express,IndiaPost,2022-09-24,9,Atlanta
SHIP008530,ORD008530,Economy,DHL,2026-02-20,6,Rockford
SHIP008531,ORD008531,Standard,UPS,2026-06-19,8,Charlotte
SHIP008532,ORD008532,Standard,Delhivery,2026-07-08,9,Jersey City
SHIP008533,ORD008533,Express,BlueDart,2026-08-05,7,New York City
SHIP008534,ORD008534,Standard,BlueDart,2025-01-17,3,Trenton
SHIP008536,ORD008536,Economy,BlueDart,2025-12-19,3,Akron
SHIP008537,ORD008537,Express,IndiaPost,2025-04-15,5,Los Angeles
SHIP008538,ORD008538,Same-Day,DHL,2022-07-13,2,Athens
SHIP008539,ORD008539,Same-Day,IndiaPost,2024-01-27,1,Orlando
SHIP008540,ORD008540,Standard,IndiaPost,2024-07-14,8,Atlanta
SHIP008541,ORD008541,Standard,UPS,2025-09-14,6,Allentown
SHIP008542,ORD008542,Standard,UPS,2022-12-16,9,Philadelphia
SHIP008543,ORD008543,Express,FedEx,2025-10-03,6,Allentown
SHIP008544,ORD008544,Express,DHL,2021-02-04,9,San Jose
SHIP008545,ORD008545,Express,BlueDart,2020-05-09,3,Flint
SHIP008546,ORD008546,Same-Day,IndiaPost,2026-06-05,7,Orlando
SHIP008547,ORD008547,Standard,BlueDart,2022-06-21,1,Austin
SHIP008548,ORD008548,Express,FedEx,2025-02-21,8,Durham
SHIP008550,ORD008550,Economy,DHL,2020-03-05,7,Ann Arbor
SHIP008551,ORD008551,Same-Day,FedEx,2026-05-26,9,San Jose
SHIP008553,ORD008553,Express,Delhivery,2023-03-22,4,Boulder
SHIP008554,ORD008554,Standard,BlueDart,2026-01-08,6,Athens
SHIP008555,ORD008555,Standard,DHL,2026-05-30,4,Bellevue
SHIP008556,ORD008556,Standard,DHL,2025-05-01,8,Chicago
SHIP008557,ORD008557,Standard,Delhivery,2025-12-15,4,Grand Rapids
SHIP008558,ORD008558,Standard,BlueDart,2025-12-10,4,Springfield
SHIP008559,ORD008559,Standard,Delhivery,2022-09-23,8,Denver
SHIP008561,ORD008561,Express,IndiaPost,2023-07-31,8,Athens
SHIP008562,ORD008562,Standard,FedEx,2025-02-07,3,Flint
SHIP008563,ORD008563,Standard,UPS,2025-07-18,4,Athens
SHIP008564,ORD008564,Standard,BlueDart,2023-06-08,4,Ann Arbor
SHIP008565,ORD008565,Standard,IndiaPost,2024-02-16,3,Rochester
SHIP008566,ORD008566,Standard,Delhivery,2025-02-22,9,Chandler
SHIP008568,ORD008568,Same-Day,IndiaPost,2025-06-11,6,Worcester
SHIP008569,ORD008569,Economy,FedEx,2023-06-09,6,Ann Arbor
SHIP008571,ORD008571,Standard,UPS,2025-10-07,4,Raleigh
SHIP008572,ORD008572,Standard,Delhivery,2024-11-18,9,Raleigh
SHIP008573,ORD008573,Standard,DHL,2023-05-29,3,Durham
SHIP008574,ORD008574,Express,Delhivery,2021-11-11,1,Flint
SHIP008575,ORD008575,Express,FedEx,2026-01-02,8,Scottsdale
SHIP008577,ORD008577,Economy,BlueDart,2025-08-22,8,Boulder
SHIP008578,ORD008578,Standard,IndiaPost,2026-07-30,4,Chandler
SHIP008579,ORD008579,Express,DHL,2026-01-01,5,Mesa
SHIP008580,ORD008580,Standard,BlueDart,2025-05-15,5,Savannah
SHIP008581,ORD008581,Economy,DHL,2025-11-25,5,Athens
SHIP008582,ORD008582,Standard,DHL,2025-12-11,9,Ann Arbor
SHIP008583,ORD008583,Express,DHL,2022-07-18,5,Elizabeth
SHIP008584,ORD008584,Standard,BlueDart,2023-12-15,6,Durham
SHIP008586,ORD008586,Express,UPS,2023-12-03,7,Naperville
SHIP008587,ORD008587,Standard,BlueDart,2025-05-04,8,Boulder
SHIP008589,ORD008589,Standard,FedEx,2026-02-13,2,Rochester
SHIP008590,ORD008590,Standard,Delhivery,2024-05-30,1,Lansing
SHIP008591,ORD008591,Standard,BlueDart,2023-07-17,8,San Antonio
SHIP008592,ORD008592,Standard,UPS,2025-05-05,3,Athens
SHIP008593,ORD008593,Express,BlueDart,2026-07-15,8,Charlotte
SHIP008594,ORD008594,Standard,DHL,2022-08-01,2,Everett
SHIP008595,ORD008595,Standard,DHL,2024-08-21,4,Fort Lauderdale
SHIP008596,ORD008596,Standard,DHL,2023-09-04,6,Durham
SHIP008597,ORD008597,Standard,IndiaPost,2024-07-24,6,Fort Worth
SHIP008598,ORD008598,Economy,FedEx,2025-03-25,8,Mesa
SHIP008600,ORD008600,Economy,UPS,2025-11-16,3,Newark
SHIP008601,ORD008601,Economy,BlueDart,2025-10-25,6,Ann Arbor
SHIP008602,ORD008602,Standard,Delhivery,2021-06-05,7,Macon
SHIP008604,ORD008604,Standard,UPS,2025-02-19,3,Cincinnati
SHIP008605,ORD008605,Express,Delhivery,2024-06-27,3,Paterson
SHIP008606,ORD008606,Standard,IndiaPost,2024-01-09,4,Buffalo
SHIP008607,ORD008607,Economy,Delhivery,2026-05-25,4,Durham
SHIP008609,ORD008609,Express,UPS,2021-09-19,5,Erie
SHIP008610,ORD008610,Express,Delhivery,2024-08-30,4,Sacramento
SHIP008611,ORD008611,Economy,UPS,2026-02-11,1,Pittsburgh
SHIP008612,ORD008612,Same-Day,UPS,2025-12-20,5,Jersey City
SHIP008613,ORD008613,Express,BlueDart,2026-06-21,8,Los Angeles
SHIP008614,ORD008614,Express,UPS,2026-07-10,6,Erie
SHIP008617,ORD008617,Standard,BlueDart,2021-12-07,2,Flint
SHIP008619,ORD008619,Standard,BlueDart,2023-02-23,9,Toledo
SHIP008620,ORD008620,Standard,DHL,2023-09-24,8,Ann Arbor
SHIP008623,ORD008623,Same-Day,BlueDart,2023-09-26,7,Houston
SHIP008624,ORD008624,Standard,IndiaPost,2025-07-04,8,Savannah
SHIP008625,ORD008625,Standard,FedEx,2025-04-14,2,Boulder
SHIP008626,ORD008626,Standard,BlueDart,2026-06-15,5,Seattle
SHIP008627,ORD008627,Standard,Delhivery,2024-06-18,1,San Diego
SHIP008628,ORD008628,Standard,IndiaPost,2024-02-10,1,Newark
SHIP008629,ORD008629,Express,Delhivery,2026-04-12,6,Worcester
SHIP008630,ORD008630,Express,FedEx,2023-09-13,6,Trenton
SHIP008632,ORD008632,Express,IndiaPost,2019-12-21,5,Flint
SHIP008633,ORD008633,Standard,BlueDart,2024-07-08,1,Lowell
SHIP008635,ORD008635,Express,UPS,2025-01-09,4,Jacksonville
SHIP008636,ORD008636,Standard,Delhivery,2024-05-27,9,Detroit
SHIP008637,ORD008637,Standard,FedEx,2022-07-06,1,Boston
SHIP008638,ORD008638,Express,DHL,2024-08-30,7,Allentown
SHIP008639,ORD008639,Standard,Delhivery,2021-01-26,2,Miami
SHIP008640,ORD008640,Standard,Delhivery,2025-08-11,8,Augusta
SHIP008641,ORD008641,Standard,IndiaPost,2024-02-17,1,Colorado Springs
SHIP008642,ORD008642,Express,UPS,2026-02-23,2,Macon
SHIP008643,ORD008643,Standard,Delhivery,2024-07-02,5,San Francisco
SHIP008644,ORD008644,Standard,DHL,2023-07-30,8,Flint
SHIP008645,ORD008645,Standard,FedEx,2025-06-10,5,Elizabeth
SHIP008646,ORD008646,Express,DHL,2025-11-13,8,Athens
SHIP008648,ORD008648,Same-Day,DHL,2022-08-29,5,Cambridge
SHIP008649,ORD008649,Standard,IndiaPost,2024-10-13,6,Rockford
SHIP008650,ORD008650,Economy,IndiaPost,2026-01-13,9,Durham
SHIP008651,ORD008651,Express,DHL,2025-06-06,3,Miami
SHIP008652,ORD008652,Economy,BlueDart,2025-09-27,6,Newark
SHIP008653,ORD008653,Standard,IndiaPost,2023-11-08,3,Tampa
SHIP008654,ORD008654,Economy,Delhivery,2022-01-30,7,Boston
SHIP008656,ORD008656,Same-Day,FedEx,2026-06-16,8,Chandler
SHIP008658,ORD008658,Express,DHL,2026-05-28,2,Worcester
SHIP008659,ORD008659,Express,DHL,2019-12-20,7,Newark
SHIP008660,ORD008660,Standard,UPS,2022-10-21,7,Atlanta
SHIP008661,ORD008661,Standard,Delhivery,2026-03-14,5,Colorado Springs
SHIP008662,ORD008662,Standard,Delhivery,2024-08-24,2,Jacksonville
SHIP008664,ORD008664,Express,Delhivery,2026-07-14,7,Atlanta
SHIP008665,ORD008665,Express,IndiaPost,2023-05-02,7,Columbus
SHIP008666,ORD008666,Same-Day,DHL,2025-03-13,3,Bellevue
SHIP008668,ORD008668,Standard,FedEx,2026-08-03,4,Syracuse
SHIP008670,ORD008670,Standard,FedEx,2025-03-08,7,Naperville
SHIP008671,ORD008671,Same-Day,DHL,2026-06-25,8,Newark
SHIP008673,ORD008673,Express,Delhivery,2026-04-24,1,Detroit
SHIP008674,ORD008674,Standard,FedEx,2020-06-18,2,Boulder
SHIP008675,ORD008675,Express,BlueDart,2026-05-27,5,Los Angeles
SHIP008678,ORD008678,Same-Day,FedEx,2025-04-27,2,Newark
SHIP008679,ORD008679,Standard,DHL,2024-02-22,1,Trenton
SHIP008680,ORD008680,Standard,UPS,2026-01-20,2,Bellevue
SHIP008681,ORD008681,Standard,FedEx,2025-02-16,6,Lansing
SHIP008682,ORD008682,Same-Day,Delhivery,2025-12-08,5,Fort Worth
SHIP008684,ORD008684,Express,FedEx,2023-04-27,5,Rochester
SHIP008685,ORD008685,Express,BlueDart,2025-12-31,7,Naperville
SHIP008687,ORD008687,Same-Day,DHL,2024-07-24,6,Boulder
SHIP008688,ORD008688,Standard,Delhivery,2022-03-21,1,Boston
SHIP008689,ORD008689,Same-Day,Delhivery,2026-01-31,1,Everett
SHIP008690,ORD008690,Same-Day,Delhivery,2023-07-17,2,Rochester
SHIP008691,ORD008691,Standard,FedEx,2023-12-14,1,Springfield
SHIP008692,ORD008692,Standard,UPS,2024-12-12,5,Colorado Springs
SHIP008693,ORD008693,Express,Delhivery,2022-06-05,7,Albany
SHIP008694,ORD008694,Express,FedEx,2022-01-04,7,Paterson
SHIP008695,ORD008695,Standard,Delhivery,2024-07-22,6,Seattle
SHIP008698,ORD008698,Express,IndiaPost,2024-08-13,5,Bellevue
SHIP008699,ORD008699,Economy,BlueDart,2023-02-16,2,Jersey City
SHIP008700,ORD008700,Standard,BlueDart,2024-11-21,1,Los Angeles
SHIP008701,ORD008701,Standard,FedEx,2022-08-27,7,Jacksonville
SHIP008702,ORD008702,Same-Day,UPS,2025-12-14,3,Boston
SHIP008703,ORD008703,Same-Day,IndiaPost,2025-12-02,6,Augusta
SHIP008705,ORD008705,Standard,DHL,2025-12-29,8,Orlando
SHIP008706,ORD008706,Standard,Delhivery,2026-03-10,2,San Antonio
SHIP008707,ORD008707,Standard,IndiaPost,2024-09-10,7,Tampa
SHIP008709,ORD008709,Economy,FedEx,2024-10-04,3,Trenton
SHIP008710,ORD008710,Economy,Delhivery,2020-04-10,4,New York City
SHIP008711,ORD008711,Standard,IndiaPost,2026-02-18,9,Sacramento
SHIP008718,ORD008718,Same-Day,DHL,2022-10-04,3,Lansing
SHIP008719,ORD008719,Standard,Delhivery,2026-07-02,9,Jersey City
SHIP008720,ORD008720,Standard,Delhivery,2023-03-05,2,Flint
SHIP008721,ORD008721,Economy,Delhivery,2024-12-22,6,Everett
SHIP008723,ORD008723,Standard,BlueDart,2023-07-04,5,Allentown
SHIP008724,ORD008724,Standard,BlueDart,2025-07-26,2,Savannah
SHIP008726,ORD008726,Economy,BlueDart,2022-02-05,9,Reading
SHIP008727,ORD008727,Standard,BlueDart,2025-09-01,3,Lowell
SHIP008728,ORD008728,Standard,DHL,2025-03-28,7,Dallas
SHIP008730,ORD008730,Same-Day,DHL,2022-12-29,2,San Francisco
SHIP008731,ORD008731,Economy,DHL,2023-12-24,1,Athens
SHIP008732,ORD008732,Standard,IndiaPost,2024-06-19,2,Houston
SHIP008733,ORD008733,Economy,BlueDart,2026-01-22,4,Akron
SHIP008735,ORD008735,Express,Delhivery,2026-05-07,4,Cambridge
SHIP008737,ORD008737,Standard,IndiaPost,2021-03-13,7,Boston
SHIP008738,ORD008738,Standard,FedEx,2023-08-19,4,Elizabeth
SHIP008740,ORD008740,Standard,BlueDart,2024-03-05,7,Tucson
SHIP008741,ORD008741,Express,UPS,2022-01-20,6,Toledo
SHIP008742,ORD008742,Standard,Delhivery,2025-07-23,9,Buffalo
SHIP008743,ORD008743,Express,BlueDart,2025-05-07,6,Rochester
SHIP008744,ORD008744,Standard,BlueDart,2024-11-12,2,Athens
SHIP008745,ORD008745,Standard,IndiaPost,2024-04-13,2,Rochester
SHIP008746,ORD008746,Standard,Delhivery,2026-01-13,5,Erie
SHIP008747,ORD008747,Standard,IndiaPost,2025-12-26,8,Trenton
SHIP008748,ORD008748,Express,BlueDart,2024-09-03,1,Macon
SHIP008749,ORD008749,Standard,UPS,2026-06-28,7,Chicago
SHIP008751,ORD008751,Standard,DHL,2025-10-26,7,Winston-Salem
SHIP008753,ORD008753,Same-Day,BlueDart,2025-01-20,8,Cleveland
SHIP008754,ORD008754,Standard,UPS,2024-05-16,7,Phoenix
SHIP008755,ORD008755,Express,BlueDart,2023-08-20,1,Durham
SHIP008756,ORD008756,Standard,FedEx,2023-03-24,5,Los Angeles
SHIP008757,ORD008757,Standard,Delhivery,2024-05-23,2,Athens
SHIP008758,ORD008758,Same-Day,FedEx,2023-08-11,4,Savannah
SHIP008761,ORD008761,Standard,UPS,2021-03-28,6,San Diego
SHIP008762,ORD008762,Standard,Delhivery,2023-03-25,8,Buffalo
SHIP008763,ORD008763,Standard,Delhivery,2025-11-01,4,Tacoma
SHIP008764,ORD008764,Standard,Delhivery,2024-12-06,3,Fort Lauderdale
SHIP008765,ORD008765,Express,IndiaPost,2025-06-15,8,Scottsdale
SHIP008766,ORD008766,Standard,BlueDart,2026-04-17,5,Grand Rapids
SHIP008767,ORD008767,Standard,DHL,2021-03-23,6,Newark
SHIP008768,ORD008768,Same-Day,UPS,2026-06-27,5,Peoria
SHIP008769,ORD008769,Standard,UPS,2025-02-09,9,Austin
SHIP008770,ORD008770,Express,BlueDart,2022-07-21,7,Aurora
SHIP008771,ORD008771,Standard,UPS,2026-03-02,6,Austin
SHIP008772,ORD008772,Express,Delhivery,2026-02-13,2,San Jose
SHIP008773,ORD008773,Standard,Delhivery,2023-01-12,2,Philadelphia
SHIP008774,ORD008774,Standard,FedEx,2026-07-06,7,Fort Collins
SHIP008775,ORD008775,Standard,BlueDart,2024-09-28,2,Syracuse
SHIP008776,ORD008776,Standard,DHL,2020-08-13,4,Springfield
SHIP008777,ORD008777,Standard,UPS,2021-08-20,4,Houston
SHIP008779,ORD008779,Same-Day,DHL,2023-09-21,7,Mesa
SHIP008780,ORD008780,Standard,UPS,2021-04-06,1,Elizabeth
SHIP008781,ORD008781,Standard,BlueDart,2026-06-17,2,Jersey City
SHIP008782,ORD008782,Express,UPS,2026-05-02,3,Tucson
SHIP008783,ORD008783,Express,IndiaPost,2022-03-30,9,Springfield
SHIP008784,ORD008784,Express,BlueDart,2023-11-14,8,Rochester
SHIP008785,ORD008785,Standard,BlueDart,2025-08-07,2,Ann Arbor
SHIP008786,ORD008786,Standard,BlueDart,2023-08-24,9,Peoria
SHIP008787,ORD008787,Express,IndiaPost,2026-05-10,5,Lansing
SHIP008788,ORD008788,Standard,UPS,2021-03-03,1,Los Angeles
SHIP008789,ORD008789,Express,UPS,2026-07-12,5,San Antonio
SHIP008791,ORD008791,Standard,UPS,2025-01-28,3,Phoenix
SHIP008792,ORD008792,Standard,Delhivery,2024-10-16,8,Chandler
SHIP008793,ORD008793,Standard,IndiaPost,2026-06-20,4,Greensboro
SHIP008794,ORD008794,Standard,FedEx,2025-08-29,6,Cincinnati
SHIP008795,ORD008795,Express,FedEx,2026-05-23,1,Seattle
SHIP008796,ORD008796,Economy,Delhivery,2025-04-05,9,Spokane
SHIP008799,ORD008799,Standard,UPS,2026-05-09,5,Springfield
SHIP008800,ORD008800,Standard,UPS,2022-11-02,2,Boulder
SHIP008801,ORD008801,Express,FedEx,2020-10-08,6,Fort Collins
SHIP008802,ORD008802,Standard,BlueDart,2026-04-15,7,Lansing
SHIP008803,ORD008803,Same-Day,BlueDart,2025-08-18,1,Rockford
SHIP008804,ORD008804,Standard,DHL,2026-04-30,1,Erie
SHIP008806,ORD008806,Standard,Delhivery,2026-01-11,6,Elizabeth
SHIP008808,ORD008808,Standard,BlueDart,2025-11-20,2,Phoenix
SHIP008809,ORD008809,Express,FedEx,2026-03-14,9,Fort Lauderdale
SHIP008810,ORD008810,Standard,FedEx,2025-12-11,1,Rockford
SHIP008811,ORD008811,Standard,BlueDart,2024-04-17,1,Fort Lauderdale
SHIP008812,ORD008812,Standard,Delhivery,2025-12-07,8,Toledo
SHIP008813,ORD008813,Standard,DHL,2023-05-21,7,Pittsburgh
SHIP008814,ORD008814,Standard,FedEx,2025-07-19,6,Macon
SHIP008815,ORD008815,Standard,DHL,2026-04-18,1,Detroit
SHIP008816,ORD008816,Standard,DHL,2026-07-24,9,Denver
SHIP008817,ORD008817,Standard,DHL,2023-09-04,6,Cincinnati
SHIP008818,ORD008818,Express,IndiaPost,2022-04-28,4,Tacoma
SHIP008819,ORD008819,Same-Day,Delhivery,2022-05-28,3,New York City
SHIP008820,ORD008820,Economy,Delhivery,2026-06-24,1,Springfield
SHIP008822,ORD008822,Express,UPS,2025-11-29,7,Everett
SHIP008823,ORD008823,Standard,Delhivery,2026-05-01,7,Ann Arbor
SHIP008824,ORD008824,Standard,FedEx,2026-02-03,4,Los Angeles
SHIP008825,ORD008825,Standard,DHL,2025-08-25,5,San Jose
SHIP008826,ORD008826,Standard,DHL,2024-10-04,1,Denver
SHIP008827,ORD008827,Standard,FedEx,2021-02-16,3,Cambridge
SHIP008828,ORD008828,Standard,IndiaPost,2025-02-28,4,Syracuse
SHIP008829,ORD008829,Standard,DHL,2026-06-16,5,Scottsdale
SHIP008830,ORD008830,Standard,FedEx,2025-12-23,6,Ann Arbor
SHIP008831,ORD008831,Standard,Delhivery,2025-08-25,3,Naperville
SHIP008832,ORD008832,Standard,IndiaPost,2025-04-29,3,San Antonio
SHIP008833,ORD008833,Standard,BlueDart,2024-11-04,3,Peoria
SHIP008834,ORD008834,Economy,IndiaPost,2026-03-12,9,Philadelphia
SHIP008835,ORD008835,Express,BlueDart,2025-12-03,6,Denver
SHIP008836,ORD008836,Standard,FedEx,2022-11-03,7,Jacksonville
SHIP008837,ORD008837,Same-Day,FedEx,2021-11-18,8,New York City
SHIP008838,ORD008838,Standard,UPS,2026-03-10,6,Charlotte
SHIP008839,ORD008839,Express,BlueDart,2025-06-05,7,Lansing
SHIP008840,ORD008840,Economy,BlueDart,2025-04-13,1,Bellevue
SHIP008841,ORD008841,Standard,UPS,2022-12-09,2,Macon
SHIP008842,ORD008842,Standard,UPS,2026-06-14,1,Erie
SHIP008843,ORD008843,Standard,BlueDart,2024-01-14,9,Trenton
SHIP008844,ORD008844,Standard,IndiaPost,2024-09-18,5,Grand Rapids
SHIP008846,ORD008846,Standard,FedEx,2025-11-22,3,Chandler
SHIP008847,ORD008847,Express,BlueDart,2026-05-22,5,Fort Worth
SHIP008848,ORD008848,Standard,DHL,2024-07-16,1,New York City
SHIP008850,ORD008850,Standard,FedEx,2023-02-06,9,Jersey City
SHIP008851,ORD008851,Standard,Delhivery,2026-04-16,9,Tampa
SHIP008852,ORD008852,Same-Day,BlueDart,2023-05-23,8,Tacoma
SHIP008853,ORD008853,Express,BlueDart,2025-10-01,4,Toledo
SHIP008854,ORD008854,Standard,FedEx,2025-06-16,2,Austin
SHIP008855,ORD008855,Economy,IndiaPost,2026-04-12,3,Peoria
SHIP008857,ORD008857,Standard,FedEx,2024-09-20,1,Rockford
SHIP008858,ORD008858,Express,FedEx,2023-09-10,8,Scottsdale
SHIP008859,ORD008859,Standard,IndiaPost,2025-12-11,5,Spokane
SHIP008860,ORD008860,Standard,UPS,2025-10-25,9,Augusta
SHIP008861,ORD008861,Standard,IndiaPost,2022-04-23,6,Bellevue
SHIP008862,ORD008862,Standard,UPS,2025-12-14,5,Grand Rapids
SHIP008863,ORD008863,Standard,UPS,2022-05-17,6,Chicago
SHIP008864,ORD008864,Express,FedEx,2026-01-07,3,Augusta
SHIP008865,ORD008865,Express,IndiaPost,2025-08-29,5,Lowell
SHIP008866,ORD008866,Same-Day,Delhivery,2025-03-17,1,Phoenix
SHIP008867,ORD008867,Standard,Delhivery,2025-01-18,8,Rockford
SHIP008868,ORD008868,Standard,BlueDart,2025-03-31,6,Lansing
SHIP008869,ORD008869,Express,UPS,2021-04-08,2,Peoria
SHIP008870,ORD008870,Express,DHL,2023-06-23,3,Jacksonville
SHIP008871,ORD008871,Express,FedEx,2026-02-13,2,Grand Rapids
SHIP008872,ORD008872,Same-Day,BlueDart,2021-09-06,8,Chicago
SHIP008873,ORD008873,Standard,BlueDart,2025-09-06,3,Newark
SHIP008874,ORD008874,Same-Day,DHL,2024-03-03,2,Allentown
SHIP008875,ORD008875,Express,BlueDart,2025-02-22,7,Charlotte
SHIP008878,ORD008878,Same-Day,IndiaPost,2026-08-02,8,Flint
SHIP008879,ORD008879,Economy,Delhivery,2023-06-16,5,Cleveland
SHIP008880,ORD008880,Standard,BlueDart,2026-07-02,7,Reading
SHIP008882,ORD008882,Standard,BlueDart,2026-01-20,1,Boulder
SHIP008883,ORD008883,Express,UPS,2023-04-15,6,Austin
SHIP008885,ORD008885,Standard,IndiaPost,2023-07-16,7,Syracuse
SHIP008886,ORD008886,Economy,IndiaPost,2024-07-13,2,Flint
SHIP008887,ORD008887,Standard,Delhivery,2022-03-27,8,New York City
SHIP008888,ORD008888,Express,FedEx,2024-06-17,6,Springfield
SHIP008889,ORD008889,Standard,FedEx,2023-04-10,7,Phoenix
SHIP008890,ORD008890,Economy,Delhivery,2024-11-05,8,Houston
SHIP008891,ORD008891,Express,FedEx,2026-01-31,6,Tucson
SHIP008892,ORD008892,Express,Delhivery,2026-07-01,6,Akron
SHIP008893,ORD008893,Standard,IndiaPost,2026-07-26,3,Grand Rapids
SHIP008894,ORD008894,Same-Day,BlueDart,2025-12-11,1,Cincinnati
SHIP008896,ORD008896,Standard,Delhivery,2026-04-13,3,Phoenix
SHIP008897,ORD008897,Standard,UPS,2024-09-02,9,Charlotte
SHIP008899,ORD008899,Express,IndiaPost,2026-02-20,7,Naperville
SHIP008900,ORD008900,Standard,BlueDart,2024-10-10,6,Phoenix
SHIP008901,ORD008901,Economy,Delhivery,2022-12-26,5,Detroit
SHIP008902,ORD008902,Standard,BlueDart,2023-03-01,1,Syracuse
SHIP008903,ORD008903,Same-Day,DHL,2021-06-11,4,Fort Worth
SHIP008904,ORD008904,Standard,Delhivery,2024-09-20,8,Allentown
SHIP008905,ORD008905,Express,UPS,2023-12-07,9,Albany
SHIP008906,ORD008906,Standard,IndiaPost,2026-01-06,2,Lansing
SHIP008907,ORD008907,Economy,FedEx,2025-05-18,7,Akron
SHIP008908,ORD008908,Standard,FedEx,2026-07-08,4,New York City
SHIP008909,ORD008909,Express,Delhivery,2023-12-22,8,Lowell
SHIP008910,ORD008910,Economy,Delhivery,2025-07-11,5,Springfield
SHIP008911,ORD008911,Express,DHL,2026-05-25,6,Durham
SHIP008912,ORD008912,Standard,Delhivery,2025-08-19,9,Aurora
SHIP008913,ORD008913,Economy,BlueDart,2025-09-28,5,Ann Arbor
SHIP008914,ORD008914,Express,UPS,2026-02-08,2,San Antonio
SHIP008915,ORD008915,Same-Day,UPS,2024-09-13,5,Bellevue
SHIP008916,ORD008916,Standard,DHL,2023-12-09,6,Cambridge
SHIP008917,ORD008917,Economy,Delhivery,2026-05-16,1,Chandler
SHIP008918,ORD008918,Economy,IndiaPost,2023-08-12,8,Jacksonville
SHIP008919,ORD008919,Economy,FedEx,2025-10-27,5,Chicago
SHIP008921,ORD008921,Standard,UPS,2026-01-11,5,Jacksonville
SHIP008923,ORD008923,Standard,BlueDart,2023-08-29,3,Chandler
SHIP008924,ORD008924,Economy,BlueDart,2026-07-13,7,Jacksonville
SHIP008926,ORD008926,Express,UPS,2024-02-22,2,Rockford
SHIP008929,ORD008929,Standard,BlueDart,2021-12-26,4,Winston-Salem
SHIP008930,ORD008930,Standard,BlueDart,2023-07-17,5,Fort Lauderdale
SHIP008932,ORD008932,Same-Day,UPS,2025-11-08,5,Springfield
SHIP008933,ORD008933,Standard,BlueDart,2026-06-07,5,Ann Arbor
SHIP008934,ORD008934,Express,IndiaPost,2023-08-06,7,Denver
SHIP008935,ORD008935,Standard,IndiaPost,2022-10-13,9,Houston
SHIP008936,ORD008936,Standard,UPS,2026-06-01,9,Springfield
SHIP008937,ORD008937,Express,Delhivery,2023-09-12,6,Chandler
SHIP008938,ORD008938,Economy,UPS,2026-01-19,5,Sacramento
SHIP008939,ORD008939,Same-Day,BlueDart,2026-02-24,5,Tampa
SHIP008940,ORD008940,Standard,FedEx,2025-06-12,2,Syracuse
SHIP008941,ORD008941,Standard,BlueDart,2025-06-30,5,Augusta
SHIP008942,ORD008942,Same-Day,FedEx,2026-04-27,6,Boulder
SHIP008943,ORD008943,Same-Day,IndiaPost,2025-08-24,9,Boulder
SHIP008944,ORD008944,Standard,IndiaPost,2026-02-27,5,Charlotte
SHIP008945,ORD008945,Economy,IndiaPost,2026-06-22,1,Detroit
SHIP008946,ORD008946,Standard,BlueDart,2026-01-28,5,Paterson
SHIP008947,ORD008947,Standard,FedEx,2023-11-19,8,Seattle
SHIP008948,ORD008948,Same-Day,DHL,2026-02-21,9,Winston-Salem
SHIP008950,ORD008950,Same-Day,FedEx,2025-07-04,4,Toledo
SHIP008952,ORD008952,Standard,IndiaPost,2021-12-25,7,Miami
SHIP008954,ORD008954,Standard,BlueDart,2025-06-26,9,Chandler
SHIP008955,ORD008955,Standard,IndiaPost,2021-08-18,9,Macon
SHIP008956,ORD008956,Standard,FedEx,2024-12-20,8,Raleigh
SHIP008957,ORD008957,Same-Day,Delhivery,2026-05-09,4,Orlando
SHIP008958,ORD008958,Express,DHL,2024-03-22,2,Chandler
SHIP008959,ORD008959,Economy,Delhivery,2026-03-13,6,Phoenix
SHIP008961,ORD008961,Standard,IndiaPost,2024-01-18,2,Paterson
SHIP008962,ORD008962,Standard,UPS,2025-12-24,9,Winston-Salem
SHIP008963,ORD008963,Express,FedEx,2025-01-30,2,Rochester
SHIP008964,ORD008964,Standard,FedEx,2023-01-19,2,Pittsburgh
SHIP008966,ORD008966,Standard,DHL,2026-07-31,2,Springfield
SHIP008967,ORD008967,Express,IndiaPost,2023-01-03,1,Bellevue
SHIP008968,ORD008968,Same-Day,FedEx,2025-08-15,8,Jacksonville
SHIP008969,ORD008969,Standard,DHL,2023-12-06,2,Syracuse
SHIP008970,ORD008970,Standard,IndiaPost,2025-01-11,1,Worcester
SHIP008971,ORD008971,Standard,UPS,2026-07-05,6,Peoria
SHIP008972,ORD008972,Standard,IndiaPost,2025-09-05,7,Detroit
SHIP008973,ORD008973,Express,DHL,2026-05-20,9,Cincinnati
SHIP008974,ORD008974,Standard,UPS,2024-08-31,2,Charlotte
SHIP008975,ORD008975,Standard,Delhivery,2026-02-18,5,Miami
SHIP008976,ORD008976,Standard,FedEx,2025-03-18,1,Syracuse
SHIP008977,ORD008977,Economy,DHL,2025-03-28,1,Lansing
SHIP008978,ORD008978,Same-Day,FedEx,2026-06-16,4,Philadelphia
SHIP008979,ORD008979,Standard,FedEx,2026-05-06,9,Detroit
SHIP008980,ORD008980,Express,BlueDart,2025-10-03,9,Detroit
SHIP008981,ORD008981,Express,BlueDart,2022-02-02,3,Lansing
SHIP008982,ORD008982,Standard,DHL,2024-11-11,7,Paterson
SHIP008983,ORD008983,Express,BlueDart,2026-06-30,4,Orlando
SHIP008984,ORD008984,Standard,DHL,2021-12-01,9,Albany
SHIP008985,ORD008985,Standard,UPS,2022-11-30,7,Orlando
SHIP008986,ORD008986,Express,Delhivery,2024-09-13,1,Lansing
SHIP008987,ORD008987,Express,UPS,2022-09-26,2,Paterson
SHIP008988,ORD008988,Economy,IndiaPost,2025-09-15,7,Allentown
SHIP008989,ORD008989,Express,BlueDart,2025-08-25,1,Trenton
SHIP008990,ORD008990,Same-Day,UPS,2026-02-18,1,Raleigh
SHIP008992,ORD008992,Standard,Delhivery,2025-04-01,1,Savannah
SHIP008993,ORD008993,Express,UPS,2023-07-17,3,Aurora
SHIP008994,ORD008994,Same-Day,Delhivery,2025-11-12,4,Cleveland
SHIP008995,ORD008995,Economy,UPS,2024-12-14,5,Phoenix
SHIP008996,ORD008996,Standard,IndiaPost,2026-06-05,5,Boston
SHIP008997,ORD008997,Standard,Delhivery,2026-03-25,2,Tacoma
SHIP008998,ORD008998,Standard,IndiaPost,2024-04-12,2,Chicago
SHIP008999,ORD008999,Express,DHL,2026-02-12,5,Atlanta
SHIP009000,ORD009000,Express,FedEx,2021-09-24,5,Raleigh
SHIP009001,ORD009001,Express,Delhivery,2026-05-01,5,Phoenix
SHIP009002,ORD009002,Economy,DHL,2025-12-04,8,Lowell
SHIP009003,ORD009003,Standard,BlueDart,2022-07-31,7,Charlotte
SHIP009004,ORD009004,Standard,DHL,2023-07-26,6,Fort Collins
SHIP009005,ORD009005,Standard,DHL,2023-11-28,6,Greensboro
SHIP009007,ORD009007,Standard,DHL,2020-07-27,9,Fort Lauderdale
SHIP009008,ORD009008,Same-Day,UPS,2020-10-07,8,Erie
SHIP009009,ORD009009,Standard,DHL,2025-11-20,3,Springfield
SHIP009010,ORD009010,Standard,UPS,2025-05-16,3,Pittsburgh
SHIP009011,ORD009011,Standard,DHL,2025-11-20,7,Trenton
SHIP009012,ORD009012,Standard,UPS,2026-06-28,4,Albany
SHIP009013,ORD009013,Standard,Delhivery,2022-10-08,9,Tucson
SHIP009015,ORD009015,Standard,Delhivery,2025-03-01,5,Fort Collins
SHIP009016,ORD009016,Standard,Delhivery,2025-01-25,1,Bellevue
SHIP009017,ORD009017,Same-Day,DHL,2026-03-16,2,Ann Arbor
SHIP009018,ORD009018,Standard,BlueDart,2026-03-20,1,Lowell
SHIP009019,ORD009019,Express,BlueDart,2026-05-19,7,Cleveland
SHIP009020,ORD009020,Standard,DHL,2025-08-20,4,Athens
SHIP009021,ORD009021,Express,IndiaPost,2020-07-28,3,Toledo
SHIP009022,ORD009022,Standard,DHL,2025-12-17,6,Allentown
SHIP009023,ORD009023,Standard,Delhivery,2025-08-02,1,Colorado Springs
SHIP009024,ORD009024,Express,IndiaPost,2026-03-28,6,Athens
SHIP009025,ORD009025,Standard,DHL,2024-09-07,2,Austin
SHIP009026,ORD009026,Standard,IndiaPost,2026-07-10,3,Lowell
SHIP009027,ORD009027,Standard,Delhivery,2024-05-29,5,Fort Worth
SHIP009028,ORD009028,Same-Day,IndiaPost,2026-03-29,9,Denver
SHIP009029,ORD009029,Standard,Delhivery,2026-01-18,7,Ann Arbor
SHIP009030,ORD009030,Standard,FedEx,2021-08-29,8,San Antonio
SHIP009031,ORD009031,Standard,FedEx,2025-06-23,9,Rockford
SHIP009033,ORD009033,Express,BlueDart,2025-12-06,9,Fort Worth
SHIP009034,ORD009034,Standard,BlueDart,2025-11-22,6,Mesa
SHIP009035,ORD009035,Standard,BlueDart,2022-09-06,2,Phoenix
SHIP009036,ORD009036,Standard,Delhivery,2026-04-11,8,Paterson
SHIP009037,ORD009037,Standard,DHL,2023-07-23,1,Syracuse
SHIP009038,ORD009038,Standard,DHL,2025-12-29,2,Boston
SHIP009040,ORD009040,Standard,UPS,2024-10-14,9,Allentown
SHIP009041,ORD009041,Standard,FedEx,2024-04-05,6,Reading
SHIP009042,ORD009042,Express,IndiaPost,2024-05-01,2,Pittsburgh
SHIP009043,ORD009043,Standard,IndiaPost,2025-04-22,8,Fort Collins
SHIP009044,ORD009044,Standard,FedEx,2026-05-21,2,Augusta
SHIP009045,ORD009045,Same-Day,BlueDart,2025-01-14,6,Jersey City
SHIP009046,ORD009046,Standard,Delhivery,2021-04-10,3,Houston
SHIP009047,ORD009047,Standard,BlueDart,2025-11-29,7,Bellevue
SHIP009048,ORD009048,Standard,FedEx,2022-01-22,1,Erie
SHIP009049,ORD009049,Standard,BlueDart,2023-11-09,7,Winston-Salem
SHIP009050,ORD009050,Same-Day,FedEx,2023-12-06,4,Savannah
SHIP009051,ORD009051,Express,Delhivery,2023-06-29,8,Springfield
SHIP009052,ORD009052,Express,FedEx,2026-07-31,9,Akron
SHIP009054,ORD009054,Express,Delhivery,2025-11-15,8,Bellevue
SHIP009056,ORD009056,Economy,BlueDart,2026-06-29,8,Toledo
SHIP009057,ORD009057,Standard,UPS,2023-11-17,5,San Diego
SHIP009058,ORD009058,Express,IndiaPost,2022-05-12,7,Jersey City
SHIP009059,ORD009059,Economy,UPS,2026-04-26,6,Worcester
SHIP009060,ORD009060,Standard,IndiaPost,2024-08-19,2,Albany
SHIP009061,ORD009061,Express,Delhivery,2023-09-08,4,Denver
SHIP009063,ORD009063,Express,BlueDart,2026-06-29,9,Macon
SHIP009065,ORD009065,Standard,FedEx,2026-04-12,3,Savannah
SHIP009066,ORD009066,Express,DHL,2022-10-17,2,Newark
SHIP009067,ORD009067,Standard,IndiaPost,2024-09-14,1,Allentown
SHIP009068,ORD009068,Express,DHL,2024-02-10,7,Lansing
SHIP009069,ORD009069,Express,FedEx,2025-12-14,6,Fort Worth
SHIP009070,ORD009070,Same-Day,DHL,2025-12-06,8,Macon
SHIP009071,ORD009071,Standard,DHL,2026-05-18,5,Sacramento
SHIP009073,ORD009073,Express,DHL,2024-12-15,6,Aurora
SHIP009074,ORD009074,Standard,FedEx,2025-10-24,5,Jacksonville
SHIP009076,ORD009076,Standard,DHL,2025-01-31,8,Athens
SHIP009077,ORD009077,Standard,DHL,2025-09-14,4,Greensboro
SHIP009079,ORD009079,Standard,UPS,2026-02-19,2,Elizabeth
SHIP009080,ORD009080,Standard,DHL,2023-10-06,2,Spokane
SHIP009081,ORD009081,Express,IndiaPost,2023-04-09,7,Atlanta
SHIP009082,ORD009082,Express,DHL,2025-03-13,4,Flint
SHIP009083,ORD009083,Express,BlueDart,2026-07-30,4,Tucson
SHIP009084,ORD009084,Express,Delhivery,2021-08-08,6,Lansing
SHIP009085,ORD009085,Standard,DHL,2025-10-19,8,Fort Lauderdale
SHIP009086,ORD009086,Express,IndiaPost,2026-02-21,5,Orlando
SHIP009087,ORD009087,Standard,IndiaPost,2025-02-15,7,Austin
SHIP009089,ORD009089,Standard,IndiaPost,2024-03-24,8,Tucson
SHIP009090,ORD009090,Express,Delhivery,2024-10-02,7,Springfield
SHIP009091,ORD009091,Economy,IndiaPost,2025-06-27,6,Reading
SHIP009092,ORD009092,Standard,FedEx,2026-06-08,9,Tampa
SHIP009093,ORD009093,Express,BlueDart,2026-03-21,8,Boulder
SHIP009094,ORD009094,Express,DHL,2026-06-29,4,Philadelphia
SHIP009095,ORD009095,Standard,IndiaPost,2026-02-16,9,Everett
SHIP009096,ORD009096,Express,IndiaPost,2026-02-27,9,Boston
SHIP009097,ORD009097,Express,DHL,2024-06-13,1,Denver
SHIP009098,ORD009098,Standard,BlueDart,2025-12-11,4,Bellevue
SHIP009099,ORD009099,Standard,UPS,2023-03-07,4,Mesa
SHIP009100,ORD009100,Standard,BlueDart,2022-09-05,8,Colorado Springs
SHIP009101,ORD009101,Standard,DHL,2025-02-19,9,Orlando
SHIP009102,ORD009102,Economy,IndiaPost,2024-08-21,1,Everett
SHIP009103,ORD009103,Standard,IndiaPost,2024-06-23,3,San Jose
SHIP009105,ORD009105,Standard,FedEx,2024-05-27,1,Paterson
SHIP009106,ORD009106,Express,BlueDart,2026-01-01,2,Worcester
SHIP009107,ORD009107,Standard,DHL,2022-07-13,2,Scottsdale
SHIP009108,ORD009108,Standard,FedEx,2025-09-19,8,Rochester
SHIP009109,ORD009109,Express,DHL,2024-01-22,5,Cambridge
SHIP009110,ORD009110,Express,IndiaPost,2026-03-08,7,Newark
SHIP009111,ORD009111,Economy,IndiaPost,2024-10-03,4,Ann Arbor
SHIP009112,ORD009112,Express,IndiaPost,2025-01-02,5,Springfield
SHIP009113,ORD009113,Same-Day,FedEx,2025-11-12,5,Tampa
SHIP009114,ORD009114,Standard,IndiaPost,2024-02-26,6,Ann Arbor
SHIP009116,ORD009116,Standard,BlueDart,2026-06-23,7,Chandler
SHIP009117,ORD009117,Express,FedEx,2025-12-09,2,San Diego
SHIP009118,ORD009118,Same-Day,Delhivery,2026-05-04,6,Austin
SHIP009119,ORD009119,Standard,UPS,2024-08-08,7,Pittsburgh
SHIP009120,ORD009120,Standard,BlueDart,2023-11-30,4,Macon
SHIP009121,ORD009121,Standard,DHL,2025-06-06,8,Boston
SHIP009122,ORD009122,Standard,UPS,2026-06-27,6,Chicago
SHIP009123,ORD009123,Express,UPS,2025-04-21,1,Buffalo
SHIP009124,ORD009124,Standard,Delhivery,2024-05-11,4,Ann Arbor
SHIP009125,ORD009125,Standard,DHL,2026-05-16,4,Athens
SHIP009126,ORD009126,Standard,FedEx,2026-03-21,8,Boston
SHIP009127,ORD009127,Standard,FedEx,2025-04-07,6,Raleigh
SHIP009128,ORD009128,Express,DHL,2025-03-27,7,Detroit
SHIP009130,ORD009130,Standard,Delhivery,2023-11-24,7,Aurora
SHIP009131,ORD009131,Express,BlueDart,2023-06-13,4,Charlotte
SHIP009132,ORD009132,Standard,FedEx,2025-11-17,7,Boulder
SHIP009133,ORD009133,Express,DHL,2025-08-14,7,Scottsdale
SHIP009134,ORD009134,Express,IndiaPost,2022-06-08,4,San Francisco
SHIP009135,ORD009135,Same-Day,IndiaPost,2025-08-18,3,Peoria
SHIP009136,ORD009136,Standard,Delhivery,2026-03-23,3,Fort Lauderdale
SHIP009138,ORD009138,Standard,Delhivery,2020-12-01,9,San Jose
SHIP009140,ORD009140,Standard,UPS,2025-07-20,6,Phoenix
SHIP009141,ORD009141,Same-Day,FedEx,2025-08-24,4,Toledo
SHIP009142,ORD009142,Same-Day,BlueDart,2025-07-26,6,Mesa
SHIP009143,ORD009143,Standard,IndiaPost,2025-06-16,8,Grand Rapids
SHIP009144,ORD009144,Standard,IndiaPost,2024-05-08,4,Philadelphia
SHIP009146,ORD009146,Economy,FedEx,2025-12-01,7,Denver
SHIP009147,ORD009147,Express,Delhivery,2026-06-10,6,Seattle
SHIP009148,ORD009148,Standard,UPS,2024-02-03,8,Syracuse
SHIP009149,ORD009149,Standard,DHL,2020-03-17,4,Athens
SHIP009150,ORD009150,Standard,Delhivery,2023-03-29,3,Allentown
SHIP009151,ORD009151,Standard,UPS,2026-07-30,2,Pittsburgh
SHIP009152,ORD009152,Express,Delhivery,2023-03-09,5,Miami
SHIP009153,ORD009153,Same-Day,IndiaPost,2023-02-19,1,Sacramento
SHIP009154,ORD009154,Standard,IndiaPost,2022-12-27,9,Winston-Salem
SHIP009155,ORD009155,Express,IndiaPost,2026-04-03,8,Augusta
SHIP009157,ORD009157,Express,DHL,2024-08-04,8,Los Angeles
SHIP009160,ORD009160,Standard,BlueDart,2022-09-20,7,Peoria
SHIP009161,ORD009161,Express,IndiaPost,2023-09-09,5,Toledo
SHIP009162,ORD009162,Economy,IndiaPost,2024-07-25,9,San Antonio
SHIP009163,ORD009163,Express,BlueDart,2026-05-03,6,Seattle
SHIP009164,ORD009164,Standard,IndiaPost,2025-06-13,6,Phoenix
SHIP009165,ORD009165,Express,Delhivery,2025-10-17,3,Augusta
SHIP009166,ORD009166,Standard,UPS,2026-06-16,5,Greensboro
SHIP009167,ORD009167,Standard,Delhivery,2026-03-09,6,Springfield
SHIP009169,ORD009169,Standard,IndiaPost,2025-12-18,5,Greensboro
SHIP009170,ORD009170,Standard,IndiaPost,2021-05-19,6,Fort Collins
SHIP009171,ORD009171,Express,Delhivery,2021-10-10,9,Jersey City
SHIP009172,ORD009172,Standard,UPS,2022-02-18,8,Worcester
SHIP009174,ORD009174,Standard,DHL,2025-12-07,3,Sacramento
SHIP009175,ORD009175,Standard,DHL,2025-07-27,3,Phoenix
SHIP009177,ORD009177,Standard,DHL,2025-06-16,6,Rockford
SHIP009178,ORD009178,Standard,BlueDart,2020-11-12,8,Paterson
SHIP009179,ORD009179,Express,Delhivery,2025-07-08,2,Spokane
SHIP009181,ORD009181,Standard,IndiaPost,2025-12-23,4,Springfield
SHIP009182,ORD009182,Standard,Delhivery,2021-11-09,2,Charlotte
SHIP009183,ORD009183,Standard,Delhivery,2025-10-17,5,Grand Rapids
SHIP009184,ORD009184,Standard,UPS,2024-10-08,9,Reading
SHIP009185,ORD009185,Standard,FedEx,2022-04-03,2,Dallas
SHIP009186,ORD009186,Same-Day,Delhivery,2025-05-27,2,Greensboro
SHIP009187,ORD009187,Standard,BlueDart,2020-12-13,3,Fort Collins
SHIP009188,ORD009188,Standard,FedEx,2026-07-01,3,Boston
SHIP009189,ORD009189,Standard,BlueDart,2023-09-19,8,Everett
SHIP009190,ORD009190,Standard,DHL,2025-07-11,8,Savannah
SHIP009192,ORD009192,Express,IndiaPost,2025-03-22,5,Naperville
SHIP009193,ORD009193,Same-Day,DHL,2026-05-09,1,Greensboro
SHIP009194,ORD009194,Standard,FedEx,2022-12-22,9,Orlando
SHIP009195,ORD009195,Standard,IndiaPost,2024-12-25,2,Springfield
SHIP009196,ORD009196,Express,IndiaPost,2020-04-29,8,Cambridge
SHIP009199,ORD009199,Express,DHL,2023-04-13,3,Raleigh
SHIP009200,ORD009200,Express,FedEx,2026-02-01,2,Jacksonville
SHIP009202,ORD009202,Standard,FedEx,2022-10-26,3,Columbus
SHIP009203,ORD009203,Express,FedEx,2024-12-24,7,Worcester
SHIP009204,ORD009204,Express,BlueDart,2026-03-28,3,Aurora
SHIP009205,ORD009205,Standard,UPS,2026-05-22,8,Savannah
SHIP009206,ORD009206,Express,Delhivery,2026-03-25,9,Naperville
SHIP009207,ORD009207,Standard,IndiaPost,2026-01-17,4,Cleveland
SHIP009209,ORD009209,Standard,IndiaPost,2025-11-08,2,Jersey City
SHIP009210,ORD009210,Standard,DHL,2026-06-08,3,Savannah
SHIP009211,ORD009211,Standard,IndiaPost,2025-12-23,1,San Antonio
SHIP009212,ORD009212,Standard,DHL,2023-05-23,2,Tampa
SHIP009213,ORD009213,Standard,Delhivery,2026-06-05,2,Aurora
SHIP009214,ORD009214,Express,DHL,2024-03-03,2,Philadelphia
SHIP009215,ORD009215,Standard,BlueDart,2024-08-15,5,San Antonio
SHIP009216,ORD009216,Same-Day,Delhivery,2024-01-02,4,Dallas
SHIP009217,ORD009217,Standard,UPS,2025-08-28,4,Detroit
SHIP009218,ORD009218,Standard,FedEx,2025-03-21,5,San Antonio
SHIP009219,ORD009219,Standard,FedEx,2026-08-03,9,Austin
SHIP009221,ORD009221,Express,DHL,2025-12-05,4,Houston
SHIP009222,ORD009222,Standard,Delhivery,2026-03-05,3,Winston-Salem
SHIP009223,ORD009223,Standard,FedEx,2026-04-13,4,New York City
SHIP009225,ORD009225,Standard,Delhivery,2025-02-14,2,Fort Lauderdale
SHIP009226,ORD009226,Standard,Delhivery,2025-10-22,3,Macon
SHIP009227,ORD009227,Standard,BlueDart,2025-12-10,4,Rochester
SHIP009228,ORD009228,Economy,DHL,2024-04-19,2,Augusta
SHIP009229,ORD009229,Standard,IndiaPost,2025-08-05,2,Elizabeth
SHIP009230,ORD009230,Express,DHL,2022-03-19,8,Augusta
SHIP009231,ORD009231,Standard,Delhivery,2024-12-31,1,Allentown
SHIP009232,ORD009232,Express,Delhivery,2023-04-27,6,Seattle
SHIP009233,ORD009233,Standard,Delhivery,2025-06-22,1,Greensboro
SHIP009234,ORD009234,Standard,Delhivery,2020-05-11,3,Houston
SHIP009235,ORD009235,Standard,UPS,2025-06-14,2,Los Angeles
SHIP009236,ORD009236,Economy,BlueDart,2026-02-01,4,Colorado Springs
SHIP009238,ORD009238,Standard,UPS,2022-06-12,2,Albany
SHIP009239,ORD009239,Economy,BlueDart,2023-08-12,7,Akron
SHIP009241,ORD009241,Standard,DHL,2024-11-03,4,Chicago
SHIP009242,ORD009242,Standard,IndiaPost,2026-06-01,3,Flint
SHIP009243,ORD009243,Economy,BlueDart,2026-03-21,6,Philadelphia
SHIP009245,ORD009245,Standard,DHL,2024-07-05,1,Columbus
SHIP009246,ORD009246,Standard,FedEx,2026-04-23,3,Fort Worth
SHIP009247,ORD009247,Standard,UPS,2022-10-08,2,Springfield
SHIP009248,ORD009248,Standard,Delhivery,2025-12-15,4,Boulder
SHIP009249,ORD009249,Economy,BlueDart,2021-04-07,1,Cincinnati
SHIP009250,ORD009250,Same-Day,DHL,2020-08-16,6,Tucson
SHIP009251,ORD009251,Standard,FedEx,2022-07-24,2,Tucson
SHIP009252,ORD009252,Same-Day,IndiaPost,2023-03-24,2,Durham
SHIP009254,ORD009254,Standard,IndiaPost,2024-11-28,8,Newark
SHIP009255,ORD009255,Economy,BlueDart,2020-07-07,7,Naperville
SHIP009256,ORD009256,Standard,FedEx,2023-02-04,7,Grand Rapids
SHIP009257,ORD009257,Same-Day,UPS,2023-11-03,9,Erie
SHIP009258,ORD009258,Standard,FedEx,2025-05-30,1,Scottsdale
SHIP009259,ORD009259,Standard,BlueDart,2025-06-23,7,Winston-Salem
SHIP009260,ORD009260,Standard,IndiaPost,2023-06-22,4,Fort Collins
SHIP009261,ORD009261,Express,UPS,2023-03-13,9,Buffalo
SHIP009262,ORD009262,Standard,FedEx,2026-01-23,8,Houston
SHIP009263,ORD009263,Standard,DHL,2026-07-04,3,Lowell
SHIP009264,ORD009264,Standard,FedEx,2024-08-17,5,Chicago
SHIP009265,ORD009265,Standard,UPS,2026-04-19,4,Naperville
SHIP009267,ORD009267,Express,FedEx,2026-05-28,7,Ann Arbor
SHIP009268,ORD009268,Same-Day,DHL,2026-03-02,6,Boulder
SHIP009269,ORD009269,Standard,BlueDart,2026-07-17,9,Ann Arbor
SHIP009270,ORD009270,Standard,Delhivery,2023-09-08,6,Albany
SHIP009271,ORD009271,Standard,UPS,2024-10-12,8,Worcester
SHIP009272,ORD009272,Standard,IndiaPost,2026-06-08,9,San Francisco
SHIP009273,ORD009273,Standard,IndiaPost,2026-08-05,9,Phoenix
SHIP009274,ORD009274,Standard,Delhivery,2024-10-02,6,Tacoma
SHIP009275,ORD009275,Express,DHL,2024-03-07,2,Austin
SHIP009276,ORD009276,Standard,BlueDart,2023-05-11,3,Lansing
SHIP009277,ORD009277,Standard,Delhivery,2026-01-24,3,Cincinnati
SHIP009278,ORD009278,Express,UPS,2020-11-23,2,Macon
SHIP009280,ORD009280,Standard,FedEx,2025-12-28,3,San Diego
SHIP009283,ORD009283,Standard,UPS,2026-05-22,9,Worcester
SHIP009284,ORD009284,Express,Delhivery,2022-02-04,5,Orlando
SHIP009285,ORD009285,Standard,DHL,2024-04-23,7,Chicago
SHIP009286,ORD009286,Economy,UPS,2022-08-19,8,Toledo
SHIP009287,ORD009287,Economy,UPS,2024-02-29,1,Syracuse
SHIP009288,ORD009288,Standard,BlueDart,2026-02-12,7,Raleigh
SHIP009289,ORD009289,Express,FedEx,2024-10-12,1,Colorado Springs
SHIP009290,ORD009290,Economy,BlueDart,2023-08-14,5,Allentown
SHIP009291,ORD009291,Standard,BlueDart,2026-07-01,2,Augusta
SHIP009292,ORD009292,Express,FedEx,2026-05-06,6,Akron
SHIP009294,ORD009294,Express,UPS,2021-11-17,4,Cambridge
SHIP009295,ORD009295,Express,BlueDart,2020-11-08,2,Macon
SHIP009296,ORD009296,Standard,FedEx,2023-12-13,6,Chandler
SHIP009297,ORD009297,Express,UPS,2025-06-26,4,Syracuse
SHIP009299,ORD009299,Express,FedEx,2020-08-02,5,Fort Lauderdale
SHIP009300,ORD009300,Standard,UPS,2025-04-14,6,Greensboro
SHIP009302,ORD009302,Economy,FedEx,2026-07-13,8,Peoria
SHIP009303,ORD009303,Express,BlueDart,2025-01-09,7,Allentown
SHIP009304,ORD009304,Express,BlueDart,2020-11-04,1,Springfield
SHIP009306,ORD009306,Standard,FedEx,2020-07-22,8,Philadelphia
SHIP009307,ORD009307,Standard,IndiaPost,2023-11-30,1,Boulder
SHIP009308,ORD009308,Standard,Delhivery,2025-10-02,8,Springfield
SHIP009309,ORD009309,Standard,Delhivery,2025-08-02,3,Reading
SHIP009310,ORD009310,Standard,Delhivery,2025-04-17,1,Trenton
SHIP009312,ORD009312,Express,DHL,2024-05-04,8,Spokane
SHIP009313,ORD009313,Express,Delhivery,2024-05-21,5,Denver
SHIP009314,ORD009314,Standard,IndiaPost,2024-05-03,2,Miami
SHIP009315,ORD009315,Standard,DHL,2022-06-20,4,Phoenix
SHIP009317,ORD009317,Economy,Delhivery,2024-07-11,9,Naperville
SHIP009318,ORD009318,Standard,BlueDart,2024-05-29,9,Mesa
SHIP009319,ORD009319,Standard,UPS,2026-07-19,5,Denver
SHIP009320,ORD009320,Standard,IndiaPost,2025-04-18,1,Philadelphia
SHIP009321,ORD009321,Express,UPS,2022-09-29,7,Chandler
SHIP009323,ORD009323,Standard,FedEx,2026-06-10,1,San Diego
SHIP009324,ORD009324,Standard,Delhivery,2024-09-17,9,Spokane
SHIP009325,ORD009325,Express,DHL,2025-02-22,8,Savannah
SHIP009327,ORD009327,Same-Day,Delhivery,2024-11-16,8,Charlotte
SHIP009328,ORD009328,Express,Delhivery,2025-06-17,4,San Jose
SHIP009330,ORD009330,Standard,BlueDart,2026-07-18,9,San Antonio
SHIP009331,ORD009331,Standard,BlueDart,2020-09-03,6,Grand Rapids
SHIP009332,ORD009332,Standard,UPS,2024-04-19,5,Allentown
SHIP009333,ORD009333,Express,BlueDart,2022-12-22,2,Mesa
SHIP009334,ORD009334,Express,BlueDart,2025-08-13,5,Flint
SHIP009335,ORD009335,Express,UPS,2020-06-12,5,Charlotte
SHIP009336,ORD009336,Express,UPS,2024-05-25,2,Ann Arbor
SHIP009337,ORD009337,Express,UPS,2026-07-22,5,Athens
SHIP009338,ORD009338,Express,BlueDart,2026-06-06,6,Worcester
SHIP009339,ORD009339,Standard,FedEx,2021-09-14,9,Springfield
SHIP009340,ORD009340,Standard,UPS,2023-09-04,4,Elizabeth
SHIP009341,ORD009341,Standard,DHL,2026-03-13,5,Aurora
SHIP009342,ORD009342,Standard,FedEx,2021-03-14,2,Cambridge
SHIP009343,ORD009343,Standard,DHL,2025-12-20,9,Trenton
SHIP009344,ORD009344,Express,BlueDart,2026-06-20,8,Phoenix
SHIP009345,ORD009345,Standard,Delhivery,2024-08-22,5,Detroit
SHIP009346,ORD009346,Express,BlueDart,2026-02-11,1,Macon
SHIP009347,ORD009347,Express,BlueDart,2026-07-13,1,Toledo
SHIP009348,ORD009348,Express,IndiaPost,2024-02-27,7,Peoria
SHIP009349,ORD009349,Same-Day,Delhivery,2026-01-16,1,Colorado Springs
SHIP009350,ORD009350,Standard,DHL,2021-11-29,1,Denver
SHIP009351,ORD009351,Standard,FedEx,2022-12-06,4,Orlando
SHIP009352,ORD009352,Standard,UPS,2026-06-13,5,Columbus
SHIP009353,ORD009353,Standard,BlueDart,2025-01-18,8,Atlanta
SHIP009354,ORD009354,Same-Day,Delhivery,2022-10-31,1,Austin
SHIP009355,ORD009355,Same-Day,IndiaPost,2025-11-20,5,Charlotte
SHIP009356,ORD009356,Standard,FedEx,2022-06-08,2,Akron
SHIP009357,ORD009357,Express,IndiaPost,2025-01-20,2,Bellevue
SHIP009358,ORD009358,Express,FedEx,2025-09-18,8,Colorado Springs
SHIP009359,ORD009359,Same-Day,BlueDart,2025-01-17,4,Athens
SHIP009360,ORD009360,Express,FedEx,2025-03-01,3,Bellevue
SHIP009361,ORD009361,Express,BlueDart,2024-04-03,2,Newark
SHIP009362,ORD009362,Standard,Delhivery,2024-05-12,3,Fort Collins
SHIP009363,ORD009363,Standard,Delhivery,2024-10-01,6,Detroit
SHIP009364,ORD009364,Standard,FedEx,2022-03-17,1,Savannah
SHIP009365,ORD009365,Standard,Delhivery,2025-05-30,9,Rockford
SHIP009366,ORD009366,Standard,FedEx,2023-10-03,2,Boulder
SHIP009367,ORD009367,Standard,Delhivery,2022-04-09,7,Denver
SHIP009368,ORD009368,Express,Delhivery,2026-06-08,8,Spokane
SHIP009369,ORD009369,Express,FedEx,2026-07-26,5,Miami
SHIP009370,ORD009370,Standard,DHL,2020-02-15,1,Spokane
SHIP009371,ORD009371,Standard,Delhivery,2022-10-04,5,Naperville
SHIP009372,ORD009372,Standard,DHL,2025-09-27,1,Lowell
SHIP009373,ORD009373,Standard,FedEx,2023-08-31,1,Boulder
SHIP009374,ORD009374,Economy,DHL,2020-05-31,2,Tucson
SHIP009375,ORD009375,Standard,UPS,2026-02-18,4,Austin
SHIP009376,ORD009376,Express,UPS,2024-11-24,7,Macon
SHIP009378,ORD009378,Standard,BlueDart,2025-08-03,5,Jacksonville
SHIP009379,ORD009379,Economy,Delhivery,2022-01-28,6,Raleigh
SHIP009380,ORD009380,Economy,Delhivery,2026-07-19,8,Jacksonville
SHIP009381,ORD009381,Standard,DHL,2023-10-25,8,New York City
SHIP009382,ORD009382,Standard,BlueDart,2023-08-01,8,Athens
SHIP009383,ORD009383,Economy,FedEx,2025-06-06,7,Syracuse
SHIP009384,ORD009384,Express,IndiaPost,2026-07-29,6,Philadelphia
SHIP009385,ORD009385,Standard,UPS,2025-10-27,7,Paterson
SHIP009386,ORD009386,Standard,Delhivery,2022-05-29,3,Colorado Springs
SHIP009387,ORD009387,Standard,BlueDart,2026-04-22,7,Springfield
SHIP009388,ORD009388,Standard,Delhivery,2026-03-28,3,Colorado Springs
SHIP009389,ORD009389,Standard,FedEx,2026-02-21,3,Fort Lauderdale
SHIP009390,ORD009390,Standard,Delhivery,2020-11-30,2,New York City
SHIP009391,ORD009391,Standard,Delhivery,2025-11-27,2,Springfield
SHIP009392,ORD009392,Standard,IndiaPost,2025-09-26,6,Jersey City
SHIP009394,ORD009394,Express,FedEx,2025-01-28,6,Chandler
SHIP009395,ORD009395,Economy,UPS,2024-04-19,4,Rockford
SHIP009396,ORD009396,Standard,FedEx,2023-03-10,6,Newark
SHIP009397,ORD009397,Standard,UPS,2024-12-28,1,Greensboro
SHIP009398,ORD009398,Standard,UPS,2026-05-04,3,Allentown
SHIP009399,ORD009399,Standard,FedEx,2026-04-14,4,Durham
SHIP009401,ORD009401,Standard,DHL,2026-08-04,9,Philadelphia
SHIP009402,ORD009402,Standard,UPS,2026-06-26,5,Reading
SHIP009403,ORD009403,Standard,DHL,2023-07-15,8,Trenton
SHIP009404,ORD009404,Standard,UPS,2024-09-22,8,Colorado Springs
SHIP009405,ORD009405,Standard,BlueDart,2025-09-22,9,Columbus
SHIP009406,ORD009406,Economy,Delhivery,2025-12-29,4,Cleveland
SHIP009407,ORD009407,Standard,BlueDart,2025-11-04,7,Chandler
SHIP009409,ORD009409,Express,UPS,2025-01-14,8,Lowell
SHIP009410,ORD009410,Express,Delhivery,2026-04-01,7,Springfield
SHIP009411,ORD009411,Express,FedEx,2025-09-22,9,Sacramento
SHIP009413,ORD009413,Economy,BlueDart,2021-05-15,4,Elizabeth
SHIP009414,ORD009414,Economy,DHL,2023-02-08,7,Athens
SHIP009415,ORD009415,Express,IndiaPost,2022-09-27,8,San Antonio
SHIP009417,ORD009417,Standard,IndiaPost,2019-12-12,9,Raleigh
SHIP009418,ORD009418,Express,FedEx,2025-06-11,1,Macon
SHIP009419,ORD009419,Same-Day,Delhivery,2025-10-01,1,Houston
SHIP009420,ORD009420,Standard,DHL,2024-11-05,5,Fort Worth
SHIP009421,ORD009421,Standard,BlueDart,2025-10-04,3,Akron
SHIP009423,ORD009423,Standard,DHL,2025-03-03,1,Springfield
SHIP009424,ORD009424,Express,IndiaPost,2022-09-17,7,Rockford
SHIP009427,ORD009427,Standard,IndiaPost,2025-01-19,5,Erie
SHIP009428,ORD009428,Same-Day,IndiaPost,2024-11-24,1,Elizabeth
SHIP009429,ORD009429,Standard,Delhivery,2025-09-23,8,San Francisco
SHIP009430,ORD009430,Economy,UPS,2024-07-05,4,Mesa
SHIP009431,ORD009431,Economy,UPS,2026-07-08,2,Savannah
SHIP009432,ORD009432,Express,UPS,2024-07-06,5,Spokane
SHIP009433,ORD009433,Express,BlueDart,2023-11-18,4,Jacksonville
SHIP009434,ORD009434,Standard,IndiaPost,2025-06-22,5,Jersey City
SHIP009437,ORD009437,Economy,BlueDart,2024-07-27,8,Boston
SHIP009438,ORD009438,Standard,Delhivery,2026-07-07,2,Boston
SHIP009439,ORD009439,Same-Day,UPS,2026-06-07,7,Cambridge
SHIP009440,ORD009440,Economy,IndiaPost,2026-07-25,3,Greensboro
SHIP009441,ORD009441,Standard,DHL,2025-07-21,4,Durham
SHIP009442,ORD009442,Standard,BlueDart,2025-02-16,2,Raleigh
SHIP009443,ORD009443,Express,IndiaPost,2025-09-10,4,Mesa
SHIP009444,ORD009444,Express,UPS,2022-03-23,9,Denver
SHIP009445,ORD009445,Standard,UPS,2021-12-18,6,Cleveland
SHIP009446,ORD009446,Standard,UPS,2025-02-13,9,Jersey City
SHIP009448,ORD009448,Standard,UPS,2026-07-20,1,Flint
SHIP009449,ORD009449,Express,FedEx,2024-03-05,1,Akron
SHIP009450,ORD009450,Standard,IndiaPost,2025-05-02,1,Tampa
SHIP009451,ORD009451,Standard,BlueDart,2025-05-03,4,San Jose
SHIP009453,ORD009453,Standard,IndiaPost,2025-03-07,2,Peoria
SHIP009454,ORD009454,Standard,FedEx,2026-04-18,6,Chicago
SHIP009456,ORD009456,Express,BlueDart,2023-03-12,1,Boston
SHIP009457,ORD009457,Express,BlueDart,2025-12-31,2,Ann Arbor
SHIP009458,ORD009458,Standard,DHL,2021-03-26,4,Durham
SHIP009459,ORD009459,Standard,FedEx,2021-11-18,8,Worcester
SHIP009460,ORD009460,Standard,DHL,2021-12-15,5,Cleveland
SHIP009461,ORD009461,Express,FedEx,2026-04-19,1,Rochester
SHIP009462,ORD009462,Standard,Delhivery,2024-03-05,5,Miami
SHIP009463,ORD009463,Standard,Delhivery,2026-04-28,2,Athens
SHIP009464,ORD009464,Standard,UPS,2025-09-07,4,Winston-Salem
SHIP009465,ORD009465,Standard,UPS,2022-09-20,1,Buffalo
SHIP009466,ORD009466,Express,BlueDart,2024-09-27,5,San Diego
SHIP009468,ORD009468,Standard,IndiaPost,2026-03-26,9,San Francisco
SHIP009469,ORD009469,Express,FedEx,2021-04-08,2,Scottsdale
SHIP009472,ORD009472,Standard,Delhivery,2023-07-06,1,Cincinnati
SHIP009473,ORD009473,Express,FedEx,2023-06-16,3,Newark
SHIP009474,ORD009474,Express,BlueDart,2024-11-12,2,Scottsdale
SHIP009475,ORD009475,Express,DHL,2020-08-30,7,Phoenix
SHIP009476,ORD009476,Standard,IndiaPost,2023-01-02,5,Savannah
SHIP009478,ORD009478,Standard,IndiaPost,2025-04-01,6,Erie
SHIP009479,ORD009479,Standard,IndiaPost,2025-06-06,3,Chicago
SHIP009480,ORD009480,Express,IndiaPost,2025-06-02,6,Philadelphia
SHIP009481,ORD009481,Standard,BlueDart,2025-08-14,9,Detroit
SHIP009482,ORD009482,Standard,IndiaPost,2023-04-15,8,Cambridge
SHIP009483,ORD009483,Standard,FedEx,2026-01-09,7,Allentown
SHIP009484,ORD009484,Express,UPS,2024-02-14,5,Dallas
SHIP009485,ORD009485,Economy,BlueDart,2025-09-04,6,Dallas
SHIP009486,ORD009486,Express,IndiaPost,2025-08-30,4,Miami
SHIP009487,ORD009487,Standard,IndiaPost,2025-02-18,8,Jacksonville
SHIP009488,ORD009488,Standard,UPS,2024-10-04,5,Elizabeth
SHIP009490,ORD009490,Standard,DHL,2025-10-04,6,Cincinnati
SHIP009491,ORD009491,Standard,FedEx,2024-12-02,8,Atlanta
SHIP009492,ORD009492,Standard,UPS,2026-01-19,6,Los Angeles
SHIP009493,ORD009493,Same-Day,FedEx,2019-12-09,4,Akron
SHIP009494,ORD009494,Express,IndiaPost,2023-11-03,6,Syracuse
SHIP009495,ORD009495,Express,DHL,2025-01-26,1,Atlanta
SHIP009496,ORD009496,Standard,DHL,2026-07-09,2,Reading
SHIP009497,ORD009497,Economy,Delhivery,2026-08-03,4,Denver
SHIP009498,ORD009498,Express,Delhivery,2025-07-25,4,Durham
SHIP009500,ORD009500,Same-Day,DHL,2022-08-23,5,Los Angeles
SHIP009501,ORD009501,Express,UPS,2026-03-09,7,Scottsdale
SHIP009502,ORD009502,Standard,Delhivery,2023-07-05,6,Columbus
SHIP009503,ORD009503,Express,BlueDart,2023-10-23,6,Savannah
SHIP009504,ORD009504,Standard,IndiaPost,2026-05-31,2,Cambridge
SHIP009505,ORD009505,Economy,Delhivery,2024-02-24,5,Fort Collins
SHIP009506,ORD009506,Express,Delhivery,2026-06-27,5,Athens
SHIP009507,ORD009507,Standard,BlueDart,2025-11-20,4,Philadelphia
SHIP009509,ORD009509,Express,DHL,2026-02-09,5,Columbus
SHIP009510,ORD009510,Same-Day,BlueDart,2019-12-01,9,Worcester
SHIP009511,ORD009511,Standard,UPS,2025-11-02,1,Philadelphia
SHIP009512,ORD009512,Standard,Delhivery,2023-10-13,3,Boulder
SHIP009513,ORD009513,Standard,DHL,2024-09-17,6,Springfield
SHIP009514,ORD009514,Standard,Delhivery,2021-08-15,4,Springfield
SHIP009515,ORD009515,Standard,UPS,2025-08-02,5,Boulder
SHIP009516,ORD009516,Express,IndiaPost,2023-10-10,8,Houston
SHIP009517,ORD009517,Same-Day,FedEx,2022-09-01,1,Akron
SHIP009518,ORD009518,Standard,UPS,2025-08-27,1,Macon
SHIP009519,ORD009519,Standard,Delhivery,2022-08-30,7,Chandler
SHIP009520,ORD009520,Standard,IndiaPost,2026-04-01,8,Scottsdale
SHIP009521,ORD009521,Express,BlueDart,2026-07-14,7,Erie
SHIP009522,ORD009522,Standard,UPS,2023-01-24,3,Mesa
SHIP009523,ORD009523,Express,FedEx,2026-01-02,1,Durham
SHIP009524,ORD009524,Economy,DHL,2026-02-18,6,Cambridge
SHIP009525,ORD009525,Standard,IndiaPost,2026-06-05,3,Jersey City
SHIP009526,ORD009526,Economy,UPS,2026-05-16,1,Springfield
SHIP009527,ORD009527,Standard,IndiaPost,2026-05-01,7,Columbus
SHIP009529,ORD009529,Standard,FedEx,2024-10-14,6,Grand Rapids
SHIP009532,ORD009532,Express,IndiaPost,2025-08-19,9,Chandler
SHIP009534,ORD009534,Express,DHL,2026-04-15,5,Rochester
SHIP009535,ORD009535,Standard,DHL,2026-02-08,6,Peoria
SHIP009536,ORD009536,Standard,Delhivery,2025-02-05,9,Lansing
SHIP009539,ORD009539,Standard,FedEx,2026-01-26,5,Philadelphia
SHIP009540,ORD009540,Express,DHL,2025-12-06,1,Fort Collins
SHIP009541,ORD009541,Standard,IndiaPost,2023-09-18,1,San Francisco
SHIP009542,ORD009542,Standard,FedEx,2025-06-11,8,Albany
SHIP009543,ORD009543,Express,IndiaPost,2026-07-01,7,Mesa
SHIP009545,ORD009545,Economy,BlueDart,2026-05-30,4,Mesa
SHIP009546,ORD009546,Standard,DHL,2024-11-19,5,Boulder
SHIP009547,ORD009547,Express,FedEx,2025-11-12,8,Columbus
SHIP009548,ORD009548,Standard,FedEx,2022-06-09,9,Boulder
SHIP009549,ORD009549,Standard,FedEx,2023-11-13,4,Phoenix
SHIP009550,ORD009550,Standard,BlueDart,2022-02-13,4,Greensboro
SHIP009551,ORD009551,Standard,Delhivery,2021-10-22,2,Fort Worth
SHIP009552,ORD009552,Standard,Delhivery,2026-07-25,8,Rockford
SHIP009553,ORD009553,Standard,UPS,2022-11-05,4,Pittsburgh
SHIP009554,ORD009554,Standard,Delhivery,2024-06-11,2,Fort Worth
SHIP009555,ORD009555,Standard,Delhivery,2025-01-02,2,Houston
SHIP009556,ORD009556,Standard,IndiaPost,2022-09-15,7,Denver
SHIP009557,ORD009557,Standard,IndiaPost,2025-10-14,6,Mesa
SHIP009558,ORD009558,Same-Day,IndiaPost,2026-03-17,3,Tampa
SHIP009559,ORD009559,Standard,DHL,2024-04-21,7,Chandler
SHIP009560,ORD009560,Economy,Delhivery,2026-05-30,1,Grand Rapids
SHIP009561,ORD009561,Standard,BlueDart,2026-01-22,3,Cincinnati
SHIP009562,ORD009562,Standard,DHL,2025-06-13,4,Paterson
SHIP009563,ORD009563,Standard,Delhivery,2026-03-19,6,Buffalo
SHIP009564,ORD009564,Standard,UPS,2022-06-28,5,Tacoma
SHIP009565,ORD009565,Standard,BlueDart,2022-10-23,1,Elizabeth
SHIP009566,ORD009566,Standard,IndiaPost,2026-07-07,1,Trenton
SHIP009567,ORD009567,Standard,DHL,2026-08-03,6,Sacramento
SHIP009568,ORD009568,Standard,IndiaPost,2026-06-02,1,Tacoma
SHIP009569,ORD009569,Standard,BlueDart,2025-11-21,9,Newark
SHIP009570,ORD009570,Economy,IndiaPost,2025-04-25,6,Reading
SHIP009571,ORD009571,Same-Day,DHL,2026-03-10,3,Durham
SHIP009572,ORD009572,Express,BlueDart,2025-01-06,9,Springfield
SHIP009573,ORD009573,Express,FedEx,2026-02-12,6,Columbus
SHIP009574,ORD009574,Standard,Delhivery,2023-04-25,8,Elizabeth
SHIP009575,ORD009575,Express,UPS,2025-12-15,1,Charlotte
SHIP009577,ORD009577,Express,Delhivery,2026-07-28,4,Chicago
SHIP009578,ORD009578,Express,DHL,2025-11-09,8,Springfield
SHIP009580,ORD009580,Express,BlueDart,2026-04-05,8,Seattle
SHIP009581,ORD009581,Standard,IndiaPost,2026-01-16,4,Tampa
SHIP009582,ORD009582,Same-Day,UPS,2021-12-26,7,New York City
SHIP009583,ORD009583,Standard,DHL,2020-11-08,5,Lansing
SHIP009584,ORD009584,Same-Day,DHL,2026-02-20,9,Raleigh
SHIP009585,ORD009585,Standard,DHL,2024-02-21,2,Cleveland
SHIP009586,ORD009586,Same-Day,IndiaPost,2020-10-31,3,Jersey City
SHIP009588,ORD009588,Economy,DHL,2024-09-20,1,Newark
SHIP009589,ORD009589,Standard,BlueDart,2025-11-02,4,Detroit
SHIP009590,ORD009590,Economy,DHL,2020-07-20,9,Paterson
SHIP009593,ORD009593,Express,DHL,2025-02-04,6,Winston-Salem
SHIP009594,ORD009594,Same-Day,Delhivery,2024-07-04,5,Newark
SHIP009596,ORD009596,Standard,FedEx,2025-12-29,1,Fort Worth
SHIP009597,ORD009597,Standard,BlueDart,2025-06-17,7,Rockford
SHIP009598,ORD009598,Express,BlueDart,2022-11-28,1,Dallas
SHIP009599,ORD009599,Standard,Delhivery,2024-11-16,1,Grand Rapids
SHIP009600,ORD009600,Express,Delhivery,2024-03-07,4,Tucson
SHIP009601,ORD009601,Same-Day,DHL,2026-04-12,9,Dallas
SHIP009602,ORD009602,Standard,IndiaPost,2026-07-07,2,Los Angeles
SHIP009603,ORD009603,Express,UPS,2024-05-25,9,Cambridge
SHIP009604,ORD009604,Standard,DHL,2022-09-16,7,Seattle
SHIP009605,ORD009605,Standard,DHL,2025-12-09,9,Charlotte
SHIP009606,ORD009606,Same-Day,DHL,2026-02-10,2,Fort Lauderdale
SHIP009608,ORD009608,Same-Day,IndiaPost,2026-08-02,6,Houston
SHIP009609,ORD009609,Same-Day,Delhivery,2024-12-30,2,Bellevue
SHIP009610,ORD009610,Standard,Delhivery,2021-05-18,7,Tucson
SHIP009612,ORD009612,Express,Delhivery,2023-02-26,8,Syracuse
SHIP009613,ORD009613,Standard,UPS,2023-12-13,7,San Francisco
SHIP009614,ORD009614,Standard,UPS,2023-07-19,7,Durham
SHIP009616,ORD009616,Standard,IndiaPost,2026-07-16,5,Tucson
SHIP009617,ORD009617,Standard,DHL,2024-04-27,8,San Diego
SHIP009618,ORD009618,Economy,BlueDart,2025-05-15,9,Erie
SHIP009620,ORD009620,Standard,IndiaPost,2025-01-27,7,Miami
SHIP009621,ORD009621,Express,Delhivery,2023-02-12,8,Grand Rapids
SHIP009622,ORD009622,Express,UPS,2022-01-04,1,Rochester
SHIP009623,ORD009623,Standard,FedEx,2026-02-28,7,Everett
SHIP009625,ORD009625,Standard,UPS,2026-05-30,8,Columbus
SHIP009626,ORD009626,Same-Day,Delhivery,2023-09-11,4,San Jose
SHIP009628,ORD009628,Express,DHL,2025-10-24,2,Raleigh
SHIP009629,ORD009629,Economy,IndiaPost,2025-10-15,9,New York City
SHIP009630,ORD009630,Standard,IndiaPost,2025-07-01,2,Fort Collins
SHIP009632,ORD009632,Standard,Delhivery,2026-07-04,8,Augusta
SHIP009633,ORD009633,Economy,BlueDart,2025-05-20,7,Rochester
SHIP009634,ORD009634,Standard,IndiaPost,2020-10-06,5,New York City
SHIP009635,ORD009635,Standard,FedEx,2026-03-04,9,Everett
SHIP009636,ORD009636,Economy,UPS,2021-03-02,8,Lansing
SHIP009637,ORD009637,Express,Delhivery,2025-12-28,4,Detroit
SHIP009638,ORD009638,Same-Day,FedEx,2026-08-06,9,Charlotte
SHIP009639,ORD009639,Express,Delhivery,2026-01-20,6,Rochester
SHIP009640,ORD009640,Economy,Delhivery,2024-03-10,5,Rochester
SHIP009641,ORD009641,Standard,IndiaPost,2026-05-31,3,Scottsdale
SHIP009642,ORD009642,Express,UPS,2022-05-31,3,Toledo
SHIP009644,ORD009644,Standard,UPS,2024-09-17,4,Orlando
SHIP009645,ORD009645,Standard,IndiaPost,2025-06-30,9,Toledo
SHIP009646,ORD009646,Standard,DHL,2020-09-26,9,Orlando
SHIP009647,ORD009647,Standard,FedEx,2026-04-19,2,Philadelphia
SHIP009648,ORD009648,Express,BlueDart,2026-06-21,6,Peoria
SHIP009649,ORD009649,Standard,FedEx,2026-05-08,7,Los Angeles
SHIP009650,ORD009650,Same-Day,FedEx,2026-06-13,7,Flint
SHIP009651,ORD009651,Standard,Delhivery,2023-05-18,8,Fort Worth
SHIP009652,ORD009652,Standard,DHL,2026-04-06,1,Detroit
SHIP009653,ORD009653,Economy,UPS,2022-07-13,5,Reading
SHIP009654,ORD009654,Express,Delhivery,2026-01-16,2,Jersey City
SHIP009655,ORD009655,Standard,BlueDart,2024-12-15,5,Augusta
SHIP009656,ORD009656,Standard,DHL,2023-08-12,7,Athens
SHIP009657,ORD009657,Standard,FedEx,2026-01-08,5,Boulder
SHIP009660,ORD009660,Standard,UPS,2024-04-13,9,Cambridge
SHIP009661,ORD009661,Express,BlueDart,2024-01-11,8,Scottsdale
SHIP009662,ORD009662,Standard,UPS,2024-08-21,3,Seattle
SHIP009663,ORD009663,Standard,DHL,2025-10-23,3,Boulder
SHIP009664,ORD009664,Standard,IndiaPost,2026-06-11,7,Jersey City
SHIP009666,ORD009666,Express,BlueDart,2023-10-17,1,Los Angeles
SHIP009667,ORD009667,Express,FedEx,2026-03-30,1,Peoria
SHIP009668,ORD009668,Same-Day,IndiaPost,2022-04-22,4,Durham
SHIP009669,ORD009669,Standard,Delhivery,2024-07-04,8,Akron
SHIP009670,ORD009670,Economy,Delhivery,2026-05-12,8,Allentown
SHIP009671,ORD009671,Economy,FedEx,2026-07-25,4,Lowell
SHIP009672,ORD009672,Express,IndiaPost,2026-07-21,4,Orlando
SHIP009674,ORD009674,Standard,DHL,2021-08-12,2,Tampa
SHIP009675,ORD009675,Same-Day,UPS,2024-03-30,3,Seattle
SHIP009676,ORD009676,Standard,IndiaPost,2025-12-07,5,Raleigh
SHIP009677,ORD009677,Express,UPS,2022-02-05,7,Denver
SHIP009678,ORD009678,Same-Day,Delhivery,2021-03-22,7,Charlotte
SHIP009679,ORD009679,Economy,UPS,2022-11-20,4,Orlando
SHIP009680,ORD009680,Standard,DHL,2022-09-09,8,Naperville
SHIP009681,ORD009681,Standard,BlueDart,2023-09-10,8,Spokane
SHIP009682,ORD009682,Express,DHL,2023-05-16,4,Lansing
SHIP009683,ORD009683,Standard,DHL,2026-02-17,5,Boulder
SHIP009684,ORD009684,Express,DHL,2026-01-05,8,Chandler
SHIP009685,ORD009685,Express,FedEx,2026-06-08,3,Boulder
SHIP009686,ORD009686,Standard,UPS,2026-04-22,7,San Francisco
SHIP009687,ORD009687,Standard,BlueDart,2025-08-25,8,Austin
SHIP009688,ORD009688,Standard,UPS,2023-01-29,1,Charlotte
SHIP009689,ORD009689,Express,BlueDart,2026-04-12,3,Springfield
SHIP009690,ORD009690,Standard,IndiaPost,2025-12-18,5,Orlando
SHIP009691,ORD009691,Express,IndiaPost,2024-02-23,4,Grand Rapids
SHIP009693,ORD009693,Express,IndiaPost,2021-01-04,3,Detroit
SHIP009694,ORD009694,Express,Delhivery,2023-09-25,3,Chandler
SHIP009695,ORD009695,Economy,IndiaPost,2022-12-26,2,Los Angeles
SHIP009696,ORD009696,Standard,BlueDart,2025-12-08,8,Buffalo
SHIP009697,ORD009697,Standard,Delhivery,2024-01-12,3,Austin
SHIP009698,ORD009698,Standard,DHL,2023-09-09,2,Boulder
SHIP009699,ORD009699,Express,UPS,2021-06-20,9,Boulder
SHIP009700,ORD009700,Same-Day,UPS,2021-03-20,8,Pittsburgh
SHIP009701,ORD009701,Standard,UPS,2025-07-24,8,Mesa
SHIP009702,ORD009702,Standard,BlueDart,2021-10-17,1,San Jose
SHIP009703,ORD009703,Express,Delhivery,2025-12-20,1,Houston
SHIP009704,ORD009704,Express,BlueDart,2022-10-13,7,Macon
SHIP009707,ORD009707,Standard,UPS,2025-03-21,4,Scottsdale
SHIP009708,ORD009708,Standard,IndiaPost,2023-12-26,6,Chicago
SHIP009709,ORD009709,Same-Day,BlueDart,2024-08-01,3,Jersey City
SHIP009711,ORD009711,Standard,FedEx,2026-04-10,2,Philadelphia
SHIP009712,ORD009712,Standard,DHL,2024-12-21,7,Charlotte
SHIP009713,ORD009713,Standard,Delhivery,2024-08-01,2,Boston
SHIP009714,ORD009714,Standard,DHL,2026-01-24,4,Cincinnati
SHIP009715,ORD009715,Standard,DHL,2026-02-07,8,Fort Collins
SHIP009716,ORD009716,Express,DHL,2020-06-29,1,San Diego
SHIP009717,ORD009717,Express,Delhivery,2025-12-14,6,Springfield
SHIP009718,ORD009718,Express,Delhivery,2026-05-17,1,Bellevue
SHIP009721,ORD009721,Standard,FedEx,2025-06-12,1,Albany
SHIP009722,ORD009722,Express,Delhivery,2024-04-05,6,Chicago
SHIP009723,ORD009723,Express,FedEx,2025-01-01,5,Erie
SHIP009724,ORD009724,Standard,FedEx,2024-04-26,9,Paterson
SHIP009725,ORD009725,Economy,UPS,2025-07-24,6,Winston-Salem
SHIP009726,ORD009726,Standard,DHL,2024-11-02,1,Orlando
SHIP009728,ORD009728,Standard,BlueDart,2023-02-19,8,Naperville
SHIP009729,ORD009729,Standard,DHL,2026-07-10,1,Springfield
SHIP009730,ORD009730,Standard,UPS,2021-08-15,2,Toledo
SHIP009731,ORD009731,Standard,BlueDart,2025-07-05,5,Reading
SHIP009733,ORD009733,Standard,FedEx,2025-03-12,2,Dallas
SHIP009734,ORD009734,Standard,UPS,2022-08-03,1,Winston-Salem
SHIP009735,ORD009735,Express,Delhivery,2025-11-11,6,Akron
SHIP009736,ORD009736,Standard,DHL,2024-05-02,5,Spokane
SHIP009737,ORD009737,Standard,Delhivery,2025-05-09,4,Mesa
SHIP009739,ORD009739,Standard,BlueDart,2025-09-15,5,Syracuse
SHIP009741,ORD009741,Same-Day,DHL,2025-11-27,1,Colorado Springs
SHIP009742,ORD009742,Economy,IndiaPost,2026-07-18,4,Augusta
SHIP009743,ORD009743,Standard,IndiaPost,2026-05-01,7,Atlanta
SHIP009745,ORD009745,Standard,FedEx,2023-09-10,2,Atlanta
SHIP009746,ORD009746,Standard,DHL,2025-07-12,3,Cleveland
SHIP009747,ORD009747,Express,UPS,2026-06-06,2,Lowell
SHIP009748,ORD009748,Standard,Delhivery,2024-09-14,8,San Antonio
SHIP009750,ORD009750,Standard,BlueDart,2025-09-14,8,Everett
SHIP009752,ORD009752,Economy,FedEx,2024-12-02,8,San Francisco
SHIP009753,ORD009753,Economy,IndiaPost,2026-01-06,2,Detroit
SHIP009755,ORD009755,Economy,UPS,2025-09-21,3,Pittsburgh
SHIP009756,ORD009756,Standard,Delhivery,2022-03-31,8,Springfield
SHIP009757,ORD009757,Standard,IndiaPost,2025-06-05,8,San Antonio
SHIP009758,ORD009758,Express,DHL,2022-01-11,1,San Francisco
SHIP009759,ORD009759,Economy,UPS,2026-02-19,3,Spokane
SHIP009761,ORD009761,Standard,BlueDart,2025-07-23,1,Miami
SHIP009762,ORD009762,Same-Day,IndiaPost,2026-03-10,7,Tucson
SHIP009763,ORD009763,Express,FedEx,2022-03-24,4,Newark
SHIP009764,ORD009764,Standard,DHL,2023-12-18,2,Albany
SHIP009765,ORD009765,Standard,UPS,2022-07-07,4,Erie
SHIP009767,ORD009767,Standard,IndiaPost,2025-01-01,7,Winston-Salem
SHIP009768,ORD009768,Express,UPS,2025-09-18,5,Newark
SHIP009771,ORD009771,Standard,DHL,2024-05-31,9,Winston-Salem
SHIP009772,ORD009772,Same-Day,IndiaPost,2025-06-01,1,Tucson
SHIP009773,ORD009773,Express,DHL,2024-11-20,1,Cincinnati
SHIP009774,ORD009774,Standard,FedEx,2022-06-20,2,Athens
SHIP009775,ORD009775,Standard,UPS,2023-08-25,1,San Antonio
SHIP009776,ORD009776,Express,Delhivery,2020-10-14,9,Sacramento
SHIP009777,ORD009777,Express,BlueDart,2022-09-07,8,Macon
SHIP009778,ORD009778,Express,FedEx,2025-12-30,2,Worcester
SHIP009779,ORD009779,Express,BlueDart,2023-08-07,5,Raleigh
SHIP009780,ORD009780,Standard,Delhivery,2024-01-02,4,Erie
SHIP009781,ORD009781,Standard,UPS,2020-08-27,6,Lansing
SHIP009782,ORD009782,Economy,BlueDart,2024-10-26,8,Greensboro
SHIP009783,ORD009783,Economy,FedEx,2025-11-04,1,Lansing
SHIP009784,ORD009784,Standard,DHL,2026-08-07,9,Houston
SHIP009785,ORD009785,Express,BlueDart,2026-04-23,5,Bellevue
SHIP009786,ORD009786,Economy,DHL,2026-07-16,6,Bellevue
SHIP009787,ORD009787,Standard,IndiaPost,2026-01-12,2,Ann Arbor
SHIP009789,ORD009789,Standard,UPS,2024-02-07,7,Winston-Salem
SHIP009790,ORD009790,Standard,BlueDart,2024-02-13,4,Austin
SHIP009791,ORD009791,Standard,Delhivery,2022-09-17,9,Lansing
SHIP009792,ORD009792,Standard,BlueDart,2026-07-26,3,Tacoma
SHIP009793,ORD009793,Standard,IndiaPost,2026-03-22,1,Raleigh
SHIP009794,ORD009794,Express,IndiaPost,2023-07-15,7,Augusta
SHIP009795,ORD009795,Standard,BlueDart,2026-08-01,6,Colorado Springs
SHIP009796,ORD009796,Standard,IndiaPost,2025-07-07,3,Sacramento
SHIP009797,ORD009797,Standard,BlueDart,2025-02-25,5,Syracuse
SHIP009798,ORD009798,Express,IndiaPost,2023-07-06,2,Aurora
SHIP009799,ORD009799,Express,DHL,2024-11-03,1,Albany
SHIP009800,ORD009800,Express,FedEx,2025-05-01,7,Fort Collins
SHIP009803,ORD009803,Standard,Delhivery,2025-10-24,7,Paterson
SHIP009804,ORD009804,Economy,UPS,2024-09-17,5,Trenton
SHIP009805,ORD009805,Economy,IndiaPost,2026-03-07,1,Macon
SHIP009807,ORD009807,Standard,IndiaPost,2026-05-14,3,Tucson
SHIP009808,ORD009808,Standard,UPS,2024-01-31,9,Durham
SHIP009810,ORD009810,Same-Day,Delhivery,2023-09-11,6,San Diego
SHIP009811,ORD009811,Express,UPS,2020-05-25,7,Lansing
SHIP009812,ORD009812,Same-Day,IndiaPost,2026-08-03,8,Tacoma
SHIP009813,ORD009813,Express,FedEx,2023-07-09,6,Springfield
SHIP009814,ORD009814,Express,UPS,2024-12-01,6,Raleigh
SHIP009817,ORD009817,Standard,UPS,2026-02-04,3,Ann Arbor
SHIP009818,ORD009818,Standard,DHL,2026-06-22,8,San Jose
SHIP009821,ORD009821,Express,Delhivery,2024-11-22,4,Boston
SHIP009822,ORD009822,Standard,IndiaPost,2026-08-06,9,Reading
SHIP009824,ORD009824,Same-Day,FedEx,2025-06-24,8,Flint
SHIP009825,ORD009825,Standard,UPS,2026-06-09,6,Seattle
SHIP009826,ORD009826,Standard,IndiaPost,2024-09-18,7,Greensboro
SHIP009827,ORD009827,Economy,Delhivery,2021-06-04,1,Akron
SHIP009828,ORD009828,Same-Day,FedEx,2025-11-17,4,Pittsburgh
SHIP009829,ORD009829,Express,Delhivery,2026-07-20,1,Seattle
SHIP009830,ORD009830,Express,DHL,2025-10-01,6,Trenton
SHIP009831,ORD009831,Standard,IndiaPost,2025-10-13,2,Tampa
SHIP009832,ORD009832,Standard,DHL,2022-05-26,6,San Francisco
SHIP009833,ORD009833,Standard,IndiaPost,2026-07-19,2,Scottsdale
SHIP009834,ORD009834,Standard,Delhivery,2021-03-16,2,Lansing
SHIP009835,ORD009835,Standard,DHL,2025-08-27,8,Aurora
SHIP009837,ORD009837,Express,IndiaPost,2019-12-25,9,Winston-Salem
SHIP009838,ORD009838,Standard,FedEx,2026-03-05,1,San Jose
SHIP009839,ORD009839,Standard,DHL,2025-12-18,2,Winston-Salem
SHIP009841,ORD009841,Standard,Delhivery,2025-08-08,5,Flint
SHIP009842,ORD009842,Standard,DHL,2026-03-27,5,Erie
SHIP009844,ORD009844,Same-Day,UPS,2025-05-31,4,Jersey City
SHIP009845,ORD009845,Same-Day,UPS,2025-12-14,2,Cleveland
SHIP009846,ORD009846,Standard,Delhivery,2025-12-22,1,Springfield
SHIP009848,ORD009848,Standard,BlueDart,2024-11-26,2,Sacramento
SHIP009849,ORD009849,Economy,Delhivery,2026-04-27,4,Rockford
SHIP009850,ORD009850,Economy,BlueDart,2020-11-09,4,Allentown
SHIP009851,ORD009851,Economy,UPS,2022-12-10,2,Orlando
SHIP009852,ORD009852,Express,BlueDart,2021-02-22,8,Los Angeles
SHIP009853,ORD009853,Standard,BlueDart,2026-03-10,6,Denver
SHIP009854,ORD009854,Express,BlueDart,2026-06-17,3,Springfield
SHIP009855,ORD009855,Standard,FedEx,2024-01-25,2,Phoenix
SHIP009856,ORD009856,Express,IndiaPost,2025-09-16,8,Lansing
SHIP009857,ORD009857,Same-Day,BlueDart,2023-08-04,5,Rockford
SHIP009860,ORD009860,Standard,UPS,2024-03-10,9,Cleveland
SHIP009861,ORD009861,Standard,BlueDart,2022-07-02,8,Columbus
SHIP009862,ORD009862,Standard,UPS,2019-12-21,5,Chandler
SHIP009863,ORD009863,Express,FedEx,2024-02-04,5,Rockford
SHIP009865,ORD009865,Standard,IndiaPost,2026-04-13,8,Denver
SHIP009866,ORD009866,Standard,BlueDart,2024-02-09,2,Orlando
SHIP009869,ORD009869,Express,FedEx,2024-03-05,2,Fort Collins
SHIP009870,ORD009870,Standard,IndiaPost,2024-05-22,5,Chicago
SHIP009871,ORD009871,Standard,IndiaPost,2026-07-27,1,Greensboro
SHIP009872,ORD009872,Standard,IndiaPost,2024-10-09,7,Tucson
SHIP009873,ORD009873,Economy,IndiaPost,2025-09-18,3,San Antonio
SHIP009874,ORD009874,Economy,BlueDart,2025-01-20,1,Pittsburgh
SHIP009875,ORD009875,Standard,IndiaPost,2025-08-29,3,Los Angeles
SHIP009876,ORD009876,Standard,DHL,2024-08-07,5,Tampa
SHIP009877,ORD009877,Standard,UPS,2026-07-10,5,Tacoma
SHIP009878,ORD009878,Same-Day,DHL,2022-04-28,7,Los Angeles
SHIP009880,ORD009880,Economy,BlueDart,2021-06-10,6,Elizabeth
SHIP009881,ORD009881,Express,IndiaPost,2021-03-28,8,Elizabeth
SHIP009883,ORD009883,Standard,UPS,2025-07-26,8,Peoria
SHIP009884,ORD009884,Standard,FedEx,2022-08-12,5,Raleigh
SHIP009885,ORD009885,Standard,IndiaPost,2024-06-16,2,Denver
SHIP009886,ORD009886,Standard,Delhivery,2023-10-27,6,Columbus
SHIP009887,ORD009887,Standard,DHL,2023-08-18,3,Elizabeth
SHIP009888,ORD009888,Same-Day,IndiaPost,2026-05-22,9,Augusta
SHIP009889,ORD009889,Standard,UPS,2023-04-30,2,Athens
SHIP009890,ORD009890,Economy,IndiaPost,2023-08-23,6,Raleigh
SHIP009892,ORD009892,Standard,DHL,2026-02-14,7,San Antonio
SHIP009893,ORD009893,Standard,Delhivery,2025-08-15,4,Cincinnati
SHIP009894,ORD009894,Economy,FedEx,2026-01-09,8,Albany
SHIP009895,ORD009895,Same-Day,Delhivery,2026-07-30,5,Grand Rapids
SHIP009896,ORD009896,Economy,IndiaPost,2026-03-05,2,Sacramento
SHIP009897,ORD009897,Standard,IndiaPost,2025-05-15,1,Raleigh
SHIP009898,ORD009898,Standard,Delhivery,2026-05-22,4,Lowell
SHIP009899,ORD009899,Express,UPS,2022-04-17,2,Fort Worth
SHIP009901,ORD009901,Express,Delhivery,2026-07-01,2,Greensboro
SHIP009902,ORD009902,Standard,FedEx,2020-02-21,2,San Jose
SHIP009903,ORD009903,Same-Day,IndiaPost,2026-05-17,3,Akron
SHIP009904,ORD009904,Standard,FedEx,2026-04-04,2,Naperville
SHIP009905,ORD009905,Standard,DHL,2023-09-12,3,Jacksonville
SHIP009906,ORD009906,Standard,BlueDart,2026-07-19,6,Scottsdale
SHIP009907,ORD009907,Economy,FedEx,2024-12-23,2,Winston-Salem
SHIP009908,ORD009908,Economy,Delhivery,2024-09-15,2,New York City
SHIP009909,ORD009909,Standard,IndiaPost,2024-02-20,8,Fort Lauderdale
SHIP009910,ORD009910,Standard,BlueDart,2020-06-18,5,Fort Collins
SHIP009911,ORD009911,Express,UPS,2025-08-05,5,Jacksonville
SHIP009912,ORD009912,Economy,UPS,2021-09-23,3,Raleigh
SHIP009913,ORD009913,Standard,UPS,2022-06-30,5,Tampa
SHIP009914,ORD009914,Standard,IndiaPost,2021-11-26,4,Greensboro
SHIP009915,ORD009915,Express,BlueDart,2026-05-19,5,Naperville
SHIP009916,ORD009916,Express,BlueDart,2025-05-03,6,Toledo
SHIP009917,ORD009917,Standard,FedEx,2025-04-14,5,Pittsburgh
SHIP009918,ORD009918,Standard,FedEx,2025-11-16,9,San Francisco
SHIP009919,ORD009919,Standard,Delhivery,2025-12-29,5,Worcester
SHIP009920,ORD009920,Economy,IndiaPost,2022-01-10,1,Scottsdale
SHIP009924,ORD009924,Standard,Delhivery,2024-06-23,6,Lansing
SHIP009925,ORD009925,Express,DHL,2025-03-29,4,Syracuse
SHIP009926,ORD009926,Standard,UPS,2026-02-23,7,Paterson
SHIP009930,ORD009930,Same-Day,FedEx,2026-04-02,9,New York City
SHIP009931,ORD009931,Economy,Delhivery,2026-02-10,2,New York City
SHIP009932,ORD009932,Economy,BlueDart,2025-07-11,5,Albany
SHIP009933,ORD009933,Economy,IndiaPost,2023-08-12,9,Dallas
SHIP009934,ORD009934,Standard,DHL,2023-09-27,5,Fort Worth
SHIP009935,ORD009935,Same-Day,IndiaPost,2024-12-05,3,Columbus
SHIP009936,ORD009936,Express,IndiaPost,2024-06-18,6,Erie
SHIP009937,ORD009937,Standard,Delhivery,2026-01-20,8,Columbus
SHIP009939,ORD009939,Standard,DHL,2026-04-15,8,Buffalo
SHIP009940,ORD009940,Standard,Delhivery,2026-02-19,9,Cleveland
SHIP009941,ORD009941,Economy,Delhivery,2023-09-13,4,Chicago
SHIP009942,ORD009942,Express,FedEx,2023-01-02,4,Tacoma
SHIP009943,ORD009943,Economy,DHL,2023-11-05,3,Durham
SHIP009944,ORD009944,Same-Day,UPS,2026-03-01,3,Syracuse
SHIP009945,ORD009945,Economy,FedEx,2024-11-01,7,Jacksonville
SHIP009946,ORD009946,Express,UPS,2021-12-16,5,Pittsburgh
SHIP009947,ORD009947,Standard,BlueDart,2022-12-03,6,Ann Arbor
SHIP009949,ORD009949,Express,BlueDart,2022-01-24,5,Erie
SHIP009950,ORD009950,Same-Day,UPS,2023-06-18,7,Greensboro
SHIP009951,ORD009951,Standard,Delhivery,2025-07-08,3,Aurora
SHIP009952,ORD009952,Standard,FedEx,2026-06-01,6,Dallas
SHIP009954,ORD009954,Express,Delhivery,2026-01-11,1,Naperville
SHIP009955,ORD009955,Same-Day,BlueDart,2024-07-14,5,Newark
SHIP009956,ORD009956,Standard,FedEx,2025-03-07,3,Houston
SHIP009957,ORD009957,Standard,Delhivery,2026-07-24,9,Philadelphia
SHIP009958,ORD009958,Standard,DHL,2023-08-27,8,Syracuse
SHIP009959,ORD009959,Standard,UPS,2024-02-01,1,Greensboro
SHIP009960,ORD009960,Express,IndiaPost,2023-02-07,9,Everett
SHIP009961,ORD009961,Same-Day,IndiaPost,2022-12-18,1,Macon
SHIP009962,ORD009962,Same-Day,BlueDart,2026-03-29,8,Fort Lauderdale
SHIP009963,ORD009963,Same-Day,FedEx,2025-04-22,7,Winston-Salem
SHIP009964,ORD009964,Express,BlueDart,2025-11-13,9,Grand Rapids
SHIP009966,ORD009966,Standard,Delhivery,2024-10-13,2,Lowell
SHIP009967,ORD009967,Economy,Delhivery,2023-07-30,6,Buffalo
SHIP009968,ORD009968,Standard,IndiaPost,2026-03-15,7,Springfield
SHIP009969,ORD009969,Express,IndiaPost,2025-09-12,1,Macon
SHIP009970,ORD009970,Express,DHL,2026-07-01,8,Aurora
SHIP009971,ORD009971,Standard,BlueDart,2026-04-24,4,Raleigh
SHIP009972,ORD009972,Same-Day,DHL,2026-01-19,7,Austin
SHIP009973,ORD009973,Standard,Delhivery,2026-06-12,5,Miami
SHIP009974,ORD009974,Economy,FedEx,2024-11-11,7,Augusta
SHIP009975,ORD009975,Economy,Delhivery,2026-01-14,1,Naperville
SHIP009976,ORD009976,Standard,BlueDart,2021-12-31,8,Denver
SHIP009977,ORD009977,Express,FedEx,2025-04-25,1,Fort Lauderdale
SHIP009978,ORD009978,Standard,FedEx,2023-12-09,7,Winston-Salem
SHIP009979,ORD009979,Standard,DHL,2025-07-24,2,Miami
SHIP009981,ORD009981,Same-Day,UPS,2026-06-05,9,San Diego
SHIP009982,ORD009982,Economy,UPS,2026-05-14,3,Toledo
SHIP009983,ORD009983,Standard,IndiaPost,2023-09-10,5,Winston-Salem
SHIP009984,ORD009984,Same-Day,IndiaPost,2024-12-03,1,San Jose
SHIP009985,ORD009985,Same-Day,BlueDart,2024-08-09,2,Fort Collins
SHIP009986,ORD009986,Express,FedEx,2024-02-27,6,Erie
SHIP009987,ORD009987,Economy,Delhivery,2025-10-22,1,Rockford
SHIP009988,ORD009988,Economy,DHL,2026-01-30,7,Tacoma
SHIP009989,ORD009989,Standard,UPS,2022-05-26,4,Austin
SHIP009990,ORD009990,Express,IndiaPost,2023-03-30,8,Newark
SHIP009991,ORD009991,Standard,BlueDart,2022-01-15,6,San Antonio
SHIP009992,ORD009992,Standard,Delhivery,2026-06-26,8,Raleigh
SHIP009993,ORD009993,Economy,BlueDart,2025-04-19,3,Miami
SHIP009994,ORD009994,Standard,FedEx,2023-05-04,9,Macon
SHIP009995,ORD009995,Same-Day,IndiaPost,2026-04-14,5,San Antonio
SHIP009996,ORD009996,Express,FedEx,2022-06-22,1,Allentown
SHIP009997,ORD009997,Express,DHL,2025-04-01,7,Augusta
SHIP009998,ORD009998,Standard,IndiaPost,2023-02-14,3,Lowell
SHIP009999,ORD009999,Standard,IndiaPost,2025-07-08,1,Los Angeles
SHIP010001,ORD010001,Express,FedEx,2025-08-31,6,Rochester
SHIP010002,ORD010002,Same-Day,BlueDart,2020-06-20,9,Rockford
SHIP010003,ORD010003,Express,Delhivery,2023-10-23,3,Buffalo
SHIP010004,ORD010004,Express,FedEx,2026-07-20,7,Chandler
SHIP010006,ORD010006,Standard,BlueDart,2024-11-30,6,Cambridge
SHIP010007,ORD010007,Standard,IndiaPost,2026-02-08,7,Fort Lauderdale
SHIP010008,ORD010008,Standard,UPS,2022-04-10,1,Phoenix
SHIP010009,ORD010009,Express,BlueDart,2024-12-19,7,Scottsdale
SHIP010010,ORD010010,Express,IndiaPost,2022-05-15,8,Scottsdale
SHIP010011,ORD010011,Standard,Delhivery,2026-06-15,7,Orlando
SHIP010012,ORD010012,Standard,IndiaPost,2023-12-20,3,Springfield
SHIP010013,ORD010013,Same-Day,FedEx,2025-12-26,4,Syracuse
SHIP010014,ORD010014,Standard,Delhivery,2023-03-04,5,Los Angeles
SHIP010015,ORD010015,Standard,UPS,2025-09-15,6,Springfield
SHIP010016,ORD010016,Express,FedEx,2026-02-23,9,Austin
SHIP010017,ORD010017,Express,Delhivery,2025-02-28,4,Chicago
SHIP010018,ORD010018,Express,BlueDart,2026-04-08,7,Akron
SHIP010019,ORD010019,Standard,BlueDart,2023-08-09,8,Rochester
SHIP010020,ORD010020,Economy,BlueDart,2026-05-31,5,Grand Rapids
SHIP010021,ORD010021,Standard,IndiaPost,2023-07-29,9,Philadelphia
SHIP010022,ORD010022,Standard,FedEx,2025-07-30,4,Orlando
SHIP010023,ORD010023,Economy,FedEx,2022-10-16,1,Tampa
SHIP010024,ORD010024,Express,UPS,2023-11-23,1,Fort Collins
SHIP010025,ORD010025,Standard,FedEx,2022-04-18,1,Akron
SHIP010026,ORD010026,Standard,BlueDart,2025-06-11,9,Springfield
SHIP010027,ORD010027,Standard,BlueDart,2026-02-20,5,Cleveland
SHIP010028,ORD010028,Standard,Delhivery,2026-06-08,9,Phoenix
SHIP010030,ORD010030,Standard,UPS,2025-01-25,7,Worcester
SHIP010031,ORD010031,Standard,FedEx,2025-02-13,1,Newark
SHIP010032,ORD010032,Same-Day,Delhivery,2026-02-13,2,Philadelphia
SHIP010033,ORD010033,Standard,DHL,2023-06-17,8,Raleigh
SHIP010034,ORD010034,Standard,Delhivery,2025-10-21,3,Austin
SHIP010035,ORD010035,Express,BlueDart,2022-04-04,9,Philadelphia
SHIP010036,ORD010036,Express,DHL,2026-06-18,2,San Diego
SHIP010038,ORD010038,Express,UPS,2025-12-15,4,Augusta
SHIP010039,ORD010039,Express,BlueDart,2025-12-24,9,Lowell
SHIP010041,ORD010041,Express,DHL,2020-01-29,4,Sacramento
SHIP010042,ORD010042,Economy,Delhivery,2023-05-09,4,Philadelphia
SHIP010043,ORD010043,Express,Delhivery,2023-05-23,9,Los Angeles
SHIP010044,ORD010044,Economy,IndiaPost,2024-09-19,9,Reading
SHIP010045,ORD010045,Standard,FedEx,2024-10-23,1,Jacksonville
SHIP010046,ORD010046,Express,FedEx,2025-09-13,6,Bellevue
SHIP010047,ORD010047,Standard,Delhivery,2026-04-15,5,Fort Collins
SHIP010049,ORD010049,Express,DHL,2024-10-07,2,Macon
SHIP010050,ORD010050,Same-Day,FedEx,2025-02-09,9,Everett
SHIP010051,ORD010051,Standard,DHL,2025-03-06,3,Orlando
SHIP010052,ORD010052,Express,BlueDart,2022-11-17,1,Elizabeth
SHIP010054,ORD010054,Express,BlueDart,2026-05-29,6,Paterson
SHIP010055,ORD010055,Standard,FedEx,2025-01-02,5,San Jose
SHIP010058,ORD010058,Standard,DHL,2022-08-04,4,Winston-Salem
SHIP010059,ORD010059,Standard,DHL,2025-09-19,1,Los Angeles
SHIP010060,ORD010060,Same-Day,FedEx,2020-06-13,3,Albany
SHIP010061,ORD010061,Express,DHL,2025-05-05,2,Ann Arbor
SHIP010062,ORD010062,Same-Day,FedEx,2024-03-13,2,Dallas
SHIP010064,ORD010064,Standard,DHL,2023-05-08,6,Savannah
SHIP010065,ORD010065,Standard,Delhivery,2023-07-26,2,Springfield
SHIP010066,ORD010066,Standard,FedEx,2024-12-24,9,Los Angeles
SHIP010067,ORD010067,Standard,UPS,2024-03-19,4,Lansing
SHIP010068,ORD010068,Express,Delhivery,2023-03-31,3,Erie
SHIP010071,ORD010071,Standard,BlueDart,2024-05-02,2,Tacoma
SHIP010072,ORD010072,Standard,DHL,2026-03-25,7,Raleigh
SHIP010073,ORD010073,Standard,UPS,2025-12-29,7,Atlanta
SHIP010074,ORD010074,Standard,Delhivery,2024-05-03,8,Ann Arbor
SHIP010075,ORD010075,Standard,FedEx,2026-04-04,9,Boston
SHIP010076,ORD010076,Standard,IndiaPost,2026-04-24,8,Tucson
SHIP010077,ORD010077,Standard,UPS,2023-02-27,9,Scottsdale
SHIP010079,ORD010079,Standard,BlueDart,2026-03-04,2,Albany
SHIP010080,ORD010080,Standard,FedEx,2021-11-08,5,Springfield
SHIP010081,ORD010081,Standard,DHL,2022-07-07,8,Durham
SHIP010082,ORD010082,Same-Day,IndiaPost,2023-12-01,6,Paterson
SHIP010084,ORD010084,Same-Day,Delhivery,2026-05-14,2,Colorado Springs
SHIP010085,ORD010085,Standard,BlueDart,2025-12-12,9,Aurora
SHIP010086,ORD010086,Standard,UPS,2025-08-28,2,Los Angeles
SHIP010087,ORD010087,Standard,IndiaPost,2023-08-08,1,Greensboro
SHIP010088,ORD010088,Express,IndiaPost,2025-11-17,6,Naperville
SHIP010089,ORD010089,Express,IndiaPost,2025-12-11,7,Bellevue
SHIP010090,ORD010090,Standard,IndiaPost,2026-02-04,9,Winston-Salem
SHIP010091,ORD010091,Same-Day,FedEx,2023-12-01,2,Winston-Salem
SHIP010092,ORD010092,Express,UPS,2026-07-11,5,Buffalo
SHIP010093,ORD010093,Standard,FedEx,2026-04-17,5,Atlanta
SHIP010095,ORD010095,Standard,BlueDart,2022-07-13,7,Akron
SHIP010096,ORD010096,Express,BlueDart,2025-08-19,3,Everett
SHIP010097,ORD010097,Standard,FedEx,2025-07-23,2,Akron
SHIP010098,ORD010098,Standard,FedEx,2021-05-27,6,Cambridge
SHIP010099,ORD010099,Economy,UPS,2026-04-07,4,Augusta
SHIP010100,ORD010100,Standard,BlueDart,2023-03-12,3,Toledo
SHIP010101,ORD010101,Standard,DHL,2023-09-06,8,Tacoma
SHIP010102,ORD010102,Economy,IndiaPost,2022-07-11,3,Jacksonville
SHIP010103,ORD010103,Express,DHL,2024-06-23,4,Boston
SHIP010104,ORD010104,Standard,Delhivery,2022-02-03,6,Augusta
SHIP010105,ORD010105,Standard,IndiaPost,2025-10-25,7,Buffalo
SHIP010106,ORD010106,Same-Day,IndiaPost,2023-06-16,6,Greensboro
SHIP010107,ORD010107,Economy,Delhivery,2025-10-17,6,Syracuse
SHIP010109,ORD010109,Standard,Delhivery,2026-03-05,5,Denver
SHIP010110,ORD010110,Express,Delhivery,2022-12-01,2,Tucson
SHIP010111,ORD010111,Express,FedEx,2020-01-17,1,San Diego
SHIP010112,ORD010112,Standard,BlueDart,2026-07-14,4,Pittsburgh
SHIP010113,ORD010113,Standard,IndiaPost,2023-07-10,4,Lowell
SHIP010114,ORD010114,Standard,BlueDart,2026-04-29,2,Worcester
SHIP010115,ORD010115,Standard,DHL,2021-12-31,6,Winston-Salem
SHIP010116,ORD010116,Standard,UPS,2026-07-08,1,Fort Collins
SHIP010117,ORD010117,Standard,UPS,2022-08-07,3,Macon
SHIP010118,ORD010118,Standard,Delhivery,2023-05-04,3,Orlando
SHIP010119,ORD010119,Same-Day,Delhivery,2023-03-01,4,Everett
SHIP010120,ORD010120,Standard,IndiaPost,2026-01-30,4,Rockford
SHIP010121,ORD010121,Standard,UPS,2025-03-12,3,Philadelphia
SHIP010123,ORD010123,Standard,UPS,2025-12-06,6,Bellevue
SHIP010124,ORD010124,Same-Day,IndiaPost,2026-06-08,4,Augusta
SHIP010125,ORD010125,Standard,BlueDart,2024-11-01,3,Worcester
SHIP010126,ORD010126,Express,BlueDart,2022-01-06,8,Tacoma
SHIP010127,ORD010127,Economy,IndiaPost,2025-12-06,1,Boston
SHIP010128,ORD010128,Same-Day,UPS,2026-04-24,4,Detroit
SHIP010129,ORD010129,Standard,FedEx,2026-07-15,4,Orlando
SHIP010131,ORD010131,Standard,UPS,2019-09-26,6,Springfield
SHIP010132,ORD010132,Standard,FedEx,2025-11-26,8,Denver
SHIP010133,ORD010133,Standard,Delhivery,2025-11-10,8,Rockford
SHIP010134,ORD010134,Standard,DHL,2024-07-22,8,Atlanta
SHIP010135,ORD010135,Express,IndiaPost,2024-06-28,6,Tacoma
SHIP010136,ORD010136,Standard,Delhivery,2024-03-26,3,Paterson
SHIP010137,ORD010137,Standard,DHL,2026-04-23,4,Boulder
SHIP010138,ORD010138,Standard,UPS,2024-03-08,6,Lansing
SHIP010139,ORD010139,Express,IndiaPost,2026-07-13,8,Dallas
SHIP010141,ORD010141,Standard,DHL,2023-10-30,1,Lansing
SHIP010142,ORD010142,Express,FedEx,2025-10-07,7,Athens
SHIP010143,ORD010143,Express,UPS,2025-10-23,5,Fort Worth
SHIP010144,ORD010144,Standard,BlueDart,2023-03-14,4,Chandler
SHIP010145,ORD010145,Standard,DHL,2025-08-15,9,Cleveland
SHIP010146,ORD010146,Same-Day,IndiaPost,2024-06-30,4,Springfield
SHIP010147,ORD010147,Standard,FedEx,2023-06-21,1,Los Angeles
SHIP010148,ORD010148,Standard,UPS,2025-07-08,1,Lowell
SHIP010149,ORD010149,Express,IndiaPost,2024-12-22,4,Phoenix
SHIP010150,ORD010150,Same-Day,IndiaPost,2025-12-10,4,Boulder
SHIP010151,ORD010151,Express,Delhivery,2025-07-04,2,Spokane
SHIP010153,ORD010153,Express,IndiaPost,2023-07-23,6,Syracuse
SHIP010154,ORD010154,Standard,DHL,2022-11-05,3,Fort Worth
SHIP010155,ORD010155,Standard,UPS,2024-01-17,7,Everett
SHIP010157,ORD010157,Standard,IndiaPost,2025-09-28,3,Buffalo
SHIP010158,ORD010158,Standard,UPS,2023-05-28,7,Phoenix
SHIP010159,ORD010159,Economy,UPS,2025-10-14,2,Bellevue
SHIP010160,ORD010160,Standard,Delhivery,2023-05-25,3,San Diego
SHIP010161,ORD010161,Express,Delhivery,2026-04-15,1,Everett
SHIP010162,ORD010162,Standard,UPS,2025-10-28,7,Lowell
SHIP010163,ORD010163,Standard,UPS,2024-12-31,8,Augusta
SHIP010164,ORD010164,Standard,UPS,2025-04-06,4,Ann Arbor
SHIP010165,ORD010165,Express,DHL,2025-09-23,2,San Antonio
SHIP010166,ORD010166,Standard,BlueDart,2025-02-26,6,Dallas
SHIP010167,ORD010167,Standard,FedEx,2026-07-18,4,Newark
SHIP010168,ORD010168,Economy,DHL,2022-02-20,3,Tampa
SHIP010169,ORD010169,Standard,BlueDart,2026-01-01,7,Charlotte
SHIP010170,ORD010170,Standard,UPS,2024-02-13,1,Spokane
SHIP010172,ORD010172,Standard,UPS,2025-08-30,5,Cambridge
SHIP010173,ORD010173,Standard,FedEx,2025-02-20,2,Reading
SHIP010174,ORD010174,Standard,FedEx,2025-06-27,3,Cambridge
SHIP010176,ORD010176,Standard,BlueDart,2024-10-15,3,Athens
SHIP010178,ORD010178,Express,BlueDart,2025-04-28,3,Durham
SHIP010180,ORD010180,Standard,BlueDart,2024-07-12,1,Raleigh
SHIP010181,ORD010181,Same-Day,BlueDart,2026-07-18,7,Fort Collins
SHIP010182,ORD010182,Express,BlueDart,2025-11-16,3,Cambridge
SHIP010185,ORD010185,Standard,BlueDart,2023-09-16,6,Aurora
SHIP010186,ORD010186,Standard,Delhivery,2026-06-28,3,Fort Collins
SHIP010187,ORD010187,Standard,Delhivery,2024-10-04,5,Grand Rapids
SHIP010188,ORD010188,Express,DHL,2026-04-11,5,Atlanta
SHIP010189,ORD010189,Standard,IndiaPost,2024-07-16,1,Scottsdale
SHIP010190,ORD010190,Same-Day,IndiaPost,2025-06-21,4,Syracuse
SHIP010192,ORD010192,Express,BlueDart,2021-01-21,9,Houston
SHIP010194,ORD010194,Standard,IndiaPost,2024-05-21,4,Scottsdale
SHIP010195,ORD010195,Express,UPS,2026-07-02,5,San Antonio
SHIP010196,ORD010196,Express,DHL,2021-09-30,3,Dallas
SHIP010197,ORD010197,Express,BlueDart,2025-08-05,3,Elizabeth
SHIP010199,ORD010199,Standard,IndiaPost,2025-08-17,8,Springfield
SHIP010200,ORD010200,Standard,UPS,2025-02-08,2,San Antonio
SHIP010201,ORD010201,Standard,Delhivery,2021-11-09,3,Winston-Salem
SHIP010202,ORD010202,Standard,IndiaPost,2025-10-19,5,Cleveland
SHIP010203,ORD010203,Standard,IndiaPost,2024-07-09,3,Detroit
SHIP010204,ORD010204,Economy,DHL,2022-04-16,7,Everett
SHIP010205,ORD010205,Express,Delhivery,2026-05-18,6,Chicago
SHIP010206,ORD010206,Express,IndiaPost,2024-07-06,5,Savannah
SHIP010207,ORD010207,Standard,BlueDart,2023-08-14,4,Syracuse
SHIP010208,ORD010208,Standard,IndiaPost,2025-07-10,4,Fort Lauderdale
SHIP010209,ORD010209,Standard,UPS,2025-04-02,3,Spokane
SHIP010210,ORD010210,Same-Day,BlueDart,2023-01-20,2,Charlotte
SHIP010211,ORD010211,Standard,IndiaPost,2023-05-08,6,Orlando
SHIP010212,ORD010212,Standard,BlueDart,2024-12-10,3,Springfield
SHIP010213,ORD010213,Standard,FedEx,2026-02-22,2,Boulder
SHIP010214,ORD010214,Same-Day,Delhivery,2026-07-25,9,Cincinnati
SHIP010215,ORD010215,Standard,IndiaPost,2026-06-28,2,Rockford
SHIP010216,ORD010216,Economy,UPS,2026-05-12,8,Pittsburgh
SHIP010217,ORD010217,Same-Day,Delhivery,2024-10-23,4,Miami
SHIP010219,ORD010219,Economy,IndiaPost,2023-04-23,4,Seattle
SHIP010220,ORD010220,Standard,DHL,2025-10-03,7,Trenton
SHIP010221,ORD010221,Standard,DHL,2026-02-23,3,Spokane
SHIP010223,ORD010223,Express,Delhivery,2026-01-07,4,Cincinnati
SHIP010224,ORD010224,Standard,UPS,2022-09-11,1,Savannah
SHIP010225,ORD010225,Standard,FedEx,2022-06-24,1,Cincinnati
SHIP010226,ORD010226,Economy,Delhivery,2025-09-12,5,Columbus
SHIP010227,ORD010227,Standard,FedEx,2025-01-29,9,Aurora
SHIP010228,ORD010228,Standard,FedEx,2025-03-08,1,San Jose
SHIP010229,ORD010229,Standard,IndiaPost,2020-12-10,3,Columbus
SHIP010230,ORD010230,Express,FedEx,2026-06-20,2,Reading
SHIP010231,ORD010231,Express,DHL,2025-06-28,1,San Francisco
SHIP010232,ORD010232,Standard,DHL,2024-09-12,3,Boulder
SHIP010233,ORD010233,Standard,IndiaPost,2025-08-25,6,Lowell
SHIP010234,ORD010234,Standard,FedEx,2021-10-24,3,Scottsdale
SHIP010235,ORD010235,Express,FedEx,2025-05-03,7,Sacramento
SHIP010236,ORD010236,Standard,Delhivery,2025-05-09,3,Naperville
SHIP010238,ORD010238,Standard,Delhivery,2024-10-30,9,Los Angeles
SHIP010239,ORD010239,Express,UPS,2026-06-16,9,Mesa
SHIP010241,ORD010241,Standard,FedEx,2024-03-02,5,New York City
SHIP010242,ORD010242,Standard,Delhivery,2025-02-18,3,Aurora
SHIP010244,ORD010244,Express,BlueDart,2025-06-27,7,Seattle
SHIP010245,ORD010245,Standard,UPS,2023-01-09,6,Augusta
SHIP010246,ORD010246,Express,UPS,2026-06-02,7,Seattle
SHIP010247,ORD010247,Standard,Delhivery,2020-03-15,2,Athens
SHIP010248,ORD010248,Standard,Delhivery,2025-09-28,2,Allentown
SHIP010249,ORD010249,Standard,BlueDart,2025-05-25,6,Fort Lauderdale
SHIP010250,ORD010250,Express,BlueDart,2020-08-04,9,Philadelphia
SHIP010251,ORD010251,Same-Day,DHL,2026-04-09,1,Cambridge
SHIP010252,ORD010252,Express,FedEx,2026-06-21,8,Allentown
SHIP010253,ORD010253,Same-Day,DHL,2026-03-18,6,Athens
SHIP010254,ORD010254,Standard,BlueDart,2026-07-21,7,Jacksonville
SHIP010255,ORD010255,Economy,Delhivery,2024-06-13,8,Syracuse
SHIP010256,ORD010256,Standard,BlueDart,2024-08-03,3,Sacramento
SHIP010257,ORD010257,Standard,UPS,2023-03-23,7,Erie
SHIP010258,ORD010258,Economy,IndiaPost,2026-08-03,7,Los Angeles
SHIP010259,ORD010259,Standard,BlueDart,2026-07-09,6,Sacramento
SHIP010260,ORD010260,Standard,FedEx,2026-05-07,6,Grand Rapids
SHIP010261,ORD010261,Standard,IndiaPost,2024-04-11,7,Augusta
SHIP010262,ORD010262,Standard,Delhivery,2025-07-16,8,Fort Collins
SHIP010263,ORD010263,Standard,BlueDart,2022-11-16,6,Phoenix
SHIP010264,ORD010264,Express,Delhivery,2026-01-10,2,Flint
SHIP010266,ORD010266,Express,IndiaPost,2025-02-07,7,Columbus
SHIP010267,ORD010267,Economy,UPS,2024-08-21,1,Peoria
SHIP010268,ORD010268,Standard,Delhivery,2026-03-14,1,Toledo
SHIP010269,ORD010269,Express,IndiaPost,2024-06-01,4,Philadelphia
SHIP010270,ORD010270,Standard,DHL,2026-07-26,6,Trenton
SHIP010271,ORD010271,Same-Day,BlueDart,2024-05-28,6,Grand Rapids
SHIP010272,ORD010272,Standard,IndiaPost,2025-11-02,4,Boston
SHIP010273,ORD010273,Standard,FedEx,2024-04-21,2,Buffalo
SHIP010274,ORD010274,Express,FedEx,2026-05-02,8,Denver
SHIP010275,ORD010275,Economy,UPS,2024-06-21,8,Charlotte
SHIP010276,ORD010276,Standard,DHL,2024-01-11,7,Lansing
SHIP010277,ORD010277,Express,IndiaPost,2024-11-13,9,Greensboro
SHIP010279,ORD010279,Standard,IndiaPost,2023-03-11,3,Ann Arbor
SHIP010280,ORD010280,Express,DHL,2024-06-25,9,Ann Arbor
SHIP010281,ORD010281,Express,FedEx,2023-06-15,8,Rockford
SHIP010282,ORD010282,Standard,UPS,2024-10-06,5,Buffalo
SHIP010283,ORD010283,Express,FedEx,2024-12-03,2,Denver
SHIP010284,ORD010284,Standard,BlueDart,2024-02-12,6,Scottsdale
SHIP010285,ORD010285,Standard,IndiaPost,2025-03-18,4,Boston
SHIP010286,ORD010286,Standard,BlueDart,2023-12-21,5,Springfield
SHIP010287,ORD010287,Express,IndiaPost,2025-04-10,5,Sacramento
SHIP010288,ORD010288,Economy,FedEx,2026-06-20,5,Lowell
SHIP010289,ORD010289,Standard,DHL,2024-12-18,1,Flint
SHIP010290,ORD010290,Standard,BlueDart,2026-03-26,8,San Francisco
SHIP010291,ORD010291,Same-Day,Delhivery,2024-04-10,3,Augusta
SHIP010292,ORD010292,Standard,DHL,2026-03-12,2,New York City
SHIP010294,ORD010294,Standard,Delhivery,2023-07-20,8,Charlotte
SHIP010295,ORD010295,Express,UPS,2022-10-08,6,Pittsburgh
SHIP010296,ORD010296,Same-Day,IndiaPost,2025-11-25,4,Augusta
SHIP010297,ORD010297,Standard,BlueDart,2026-03-09,8,Dallas
SHIP010298,ORD010298,Standard,DHL,2023-02-26,6,Mesa
SHIP010299,ORD010299,Standard,BlueDart,2025-05-22,7,New York City
SHIP010300,ORD010300,Express,DHL,2026-06-06,6,Dallas
SHIP010301,ORD010301,Standard,DHL,2022-09-04,3,Fort Worth
SHIP010302,ORD010302,Express,IndiaPost,2020-06-17,7,Scottsdale
SHIP010303,ORD010303,Economy,UPS,2023-07-08,5,Boston
SHIP010304,ORD010304,Express,UPS,2024-05-10,1,Akron
SHIP010305,ORD010305,Standard,IndiaPost,2025-04-07,4,Savannah
SHIP010306,ORD010306,Standard,DHL,2026-08-02,4,Boston
SHIP010308,ORD010308,Express,DHL,2022-09-03,3,Worcester
SHIP010309,ORD010309,Standard,Delhivery,2024-10-17,4,Bellevue
SHIP010310,ORD010310,Standard,FedEx,2026-03-14,3,Philadelphia
SHIP010311,ORD010311,Economy,UPS,2024-11-09,9,Cincinnati
SHIP010312,ORD010312,Same-Day,DHL,2022-09-20,3,Bellevue
SHIP010313,ORD010313,Express,Delhivery,2026-04-25,8,Fort Collins
SHIP010314,ORD010314,Standard,BlueDart,2026-05-16,1,Mesa
SHIP010315,ORD010315,Standard,BlueDart,2025-12-21,2,Fort Worth
SHIP010316,ORD010316,Express,Delhivery,2024-11-12,6,Spokane
SHIP010317,ORD010317,Standard,Delhivery,2020-10-04,3,Buffalo
SHIP010318,ORD010318,Same-Day,IndiaPost,2025-01-22,9,Springfield
SHIP010320,ORD010320,Express,Delhivery,2021-10-11,7,Macon
SHIP010322,ORD010322,Standard,Delhivery,2023-12-10,4,Ann Arbor
SHIP010323,ORD010323,Standard,FedEx,2022-05-02,9,Worcester
SHIP010324,ORD010324,Express,BlueDart,2026-04-30,6,Rochester
SHIP010325,ORD010325,Express,DHL,2026-03-16,9,Tampa
SHIP010326,ORD010326,Same-Day,UPS,2023-03-09,9,Colorado Springs
SHIP010327,ORD010327,Standard,Delhivery,2024-07-05,2,San Francisco
SHIP010328,ORD010328,Economy,BlueDart,2022-02-27,5,Los Angeles
SHIP010330,ORD010330,Express,Delhivery,2026-04-27,2,Lowell
SHIP010331,ORD010331,Standard,FedEx,2026-04-10,2,Albany
SHIP010332,ORD010332,Standard,BlueDart,2025-11-21,2,San Jose
SHIP010333,ORD010333,Express,BlueDart,2025-07-25,8,Akron
SHIP010334,ORD010334,Same-Day,Delhivery,2023-06-25,8,Toledo
SHIP010335,ORD010335,Standard,BlueDart,2022-08-11,4,Los Angeles
SHIP010336,ORD010336,Standard,DHL,2025-12-16,2,Cleveland
SHIP010338,ORD010338,Same-Day,FedEx,2026-05-26,3,Jersey City
SHIP010339,ORD010339,Standard,DHL,2026-01-07,4,Houston
SHIP010341,ORD010341,Express,DHL,2024-12-07,8,Peoria
SHIP010344,ORD010344,Standard,FedEx,2024-12-27,7,Chicago
SHIP010345,ORD010345,Standard,BlueDart,2024-06-24,5,Allentown
SHIP010346,ORD010346,Standard,DHL,2024-08-19,1,Tucson
SHIP010347,ORD010347,Standard,FedEx,2022-11-26,9,Chandler
SHIP010348,ORD010348,Standard,FedEx,2026-01-29,3,Elizabeth
SHIP010349,ORD010349,Standard,BlueDart,2026-08-04,6,Toledo
SHIP010350,ORD010350,Standard,Delhivery,2026-07-23,4,Spokane
SHIP010351,ORD010351,Economy,DHL,2025-08-27,6,Ann Arbor
SHIP010352,ORD010352,Standard,BlueDart,2020-07-06,5,Rockford
SHIP010353,ORD010353,Express,Delhivery,2023-07-03,3,San Jose
SHIP010354,ORD010354,Standard,UPS,2026-03-27,7,Rochester
SHIP010355,ORD010355,Express,DHL,2025-11-08,5,Tampa
SHIP010357,ORD010357,Express,Delhivery,2021-11-07,4,Worcester
SHIP010358,ORD010358,Standard,FedEx,2026-06-02,6,San Diego
SHIP010359,ORD010359,Express,FedEx,2025-11-03,2,Cleveland
SHIP010360,ORD010360,Economy,Delhivery,2024-06-07,8,Toledo
SHIP010361,ORD010361,Standard,UPS,2026-07-10,2,Cleveland
SHIP010362,ORD010362,Standard,IndiaPost,2026-03-03,4,Fort Collins
SHIP010363,ORD010363,Standard,FedEx,2022-01-23,2,Albany
SHIP010364,ORD010364,Same-Day,BlueDart,2026-07-28,2,Reading
SHIP010365,ORD010365,Same-Day,UPS,2023-11-24,5,Tacoma
SHIP010367,ORD010367,Standard,IndiaPost,2021-05-01,7,Seattle
SHIP010368,ORD010368,Standard,UPS,2026-05-03,6,Augusta
SHIP010369,ORD010369,Standard,IndiaPost,2021-10-31,1,Albany
SHIP010370,ORD010370,Standard,UPS,2025-10-16,5,Flint
SHIP010372,ORD010372,Standard,BlueDart,2026-01-09,6,Winston-Salem
SHIP010373,ORD010373,Express,DHL,2024-03-02,8,San Francisco
SHIP010374,ORD010374,Express,DHL,2026-03-15,3,Grand Rapids
SHIP010375,ORD010375,Standard,UPS,2023-10-19,8,San Antonio
SHIP010376,ORD010376,Standard,FedEx,2025-08-06,5,Philadelphia
SHIP010377,ORD010377,Economy,UPS,2025-07-28,1,Savannah
SHIP010378,ORD010378,Standard,DHL,2025-04-28,3,San Francisco
SHIP010379,ORD010379,Express,UPS,2026-05-21,7,Columbus
SHIP010380,ORD010380,Express,FedEx,2025-05-27,5,Allentown
SHIP010382,ORD010382,Standard,IndiaPost,2024-02-29,6,Augusta
SHIP010383,ORD010383,Economy,FedEx,2026-01-16,8,Newark
SHIP010384,ORD010384,Standard,IndiaPost,2025-01-09,6,Buffalo
SHIP010385,ORD010385,Standard,BlueDart,2024-10-06,5,Bellevue
SHIP010386,ORD010386,Standard,DHL,2025-10-25,9,Syracuse
SHIP010387,ORD010387,Standard,DHL,2026-05-27,5,Elizabeth
SHIP010389,ORD010389,Standard,BlueDart,2024-02-16,2,Athens
SHIP010390,ORD010390,Economy,FedEx,2026-04-14,7,Fort Lauderdale
SHIP010392,ORD010392,Express,BlueDart,2026-03-16,5,Scottsdale
SHIP010393,ORD010393,Standard,FedEx,2023-12-09,5,Albany
SHIP010394,ORD010394,Express,IndiaPost,2026-01-15,4,Fort Lauderdale
SHIP010395,ORD010395,Same-Day,UPS,2021-01-12,7,Albany
SHIP010396,ORD010396,Economy,IndiaPost,2026-02-10,6,Naperville
SHIP010397,ORD010397,Standard,BlueDart,2024-12-28,9,Fort Worth
SHIP010398,ORD010398,Same-Day,BlueDart,2021-09-26,8,Greensboro
SHIP010399,ORD010399,Express,BlueDart,2024-02-08,7,Chicago
SHIP010400,ORD010400,Express,DHL,2025-12-27,5,Buffalo
SHIP010401,ORD010401,Standard,BlueDart,2026-03-15,6,Fort Lauderdale
SHIP010402,ORD010402,Standard,DHL,2022-08-30,7,Augusta
SHIP010403,ORD010403,Standard,DHL,2026-07-24,3,Albany
SHIP010404,ORD010404,Express,BlueDart,2023-03-27,2,New York City
SHIP010406,ORD010406,Standard,BlueDart,2024-12-13,3,Scottsdale
SHIP010407,ORD010407,Express,FedEx,2023-10-16,2,Rockford
SHIP010408,ORD010408,Same-Day,BlueDart,2024-10-17,8,Fort Worth
SHIP010409,ORD010409,Express,BlueDart,2026-02-21,8,Durham
SHIP010410,ORD010410,Standard,UPS,2026-07-27,7,Fort Collins
SHIP010411,ORD010411,Same-Day,UPS,2026-04-25,7,Bellevue
SHIP010412,ORD010412,Standard,UPS,2022-09-27,9,Trenton
SHIP010413,ORD010413,Same-Day,IndiaPost,2025-04-11,2,Orlando
SHIP010414,ORD010414,Economy,DHL,2022-01-09,1,Fort Lauderdale
SHIP010415,ORD010415,Express,FedEx,2023-09-22,5,Bellevue
SHIP010416,ORD010416,Standard,FedEx,2023-05-18,3,Flint
SHIP010417,ORD010417,Standard,UPS,2021-09-08,5,Peoria
SHIP010418,ORD010418,Express,FedEx,2025-06-05,7,Fort Collins
SHIP010419,ORD010419,Express,IndiaPost,2025-08-08,3,Macon
SHIP010420,ORD010420,Standard,Delhivery,2026-07-20,1,Charlotte
SHIP010421,ORD010421,Economy,Delhivery,2023-02-24,1,Rochester
SHIP010423,ORD010423,Standard,IndiaPost,2024-06-16,4,Peoria
SHIP010424,ORD010424,Standard,UPS,2022-03-27,1,Durham
SHIP010425,ORD010425,Economy,BlueDart,2026-07-26,3,Naperville
SHIP010426,ORD010426,Express,BlueDart,2026-01-09,2,Cincinnati
SHIP010427,ORD010427,Standard,UPS,2021-11-23,4,Cleveland
SHIP010429,ORD010429,Economy,UPS,2023-08-21,6,Seattle
SHIP010431,ORD010431,Standard,IndiaPost,2024-05-28,4,Athens
SHIP010432,ORD010432,Standard,Delhivery,2024-01-14,2,Winston-Salem
SHIP010434,ORD010434,Economy,FedEx,2026-04-15,8,Seattle
SHIP010435,ORD010435,Standard,IndiaPost,2026-01-21,3,Trenton
SHIP010436,ORD010436,Standard,Delhivery,2023-05-09,4,Newark
SHIP010437,ORD010437,Standard,BlueDart,2023-04-01,8,Winston-Salem
SHIP010438,ORD010438,Standard,BlueDart,2026-01-16,4,Macon
SHIP010439,ORD010439,Standard,UPS,2025-03-17,6,Bellevue
SHIP010440,ORD010440,Standard,FedEx,2021-12-13,2,Tampa
SHIP010442,ORD010442,Standard,UPS,2025-02-20,8,Newark
SHIP010444,ORD010444,Economy,FedEx,2026-05-08,2,Albany
SHIP010447,ORD010447,Same-Day,Delhivery,2021-03-11,2,Rockford
SHIP010448,ORD010448,Express,Delhivery,2021-12-22,4,Houston
SHIP010449,ORD010449,Standard,IndiaPost,2025-10-07,6,Springfield
SHIP010450,ORD010450,Economy,FedEx,2021-08-01,7,Allentown
SHIP010451,ORD010451,Economy,UPS,2025-08-21,7,Reading
SHIP010452,ORD010452,Standard,IndiaPost,2026-02-06,1,San Francisco
SHIP010453,ORD010453,Standard,DHL,2025-05-08,4,Grand Rapids
SHIP010454,ORD010454,Economy,IndiaPost,2025-09-16,3,Lowell
SHIP010456,ORD010456,Standard,BlueDart,2025-10-23,7,San Francisco
SHIP010457,ORD010457,Same-Day,UPS,2025-09-05,9,Savannah
SHIP010458,ORD010458,Standard,UPS,2023-03-17,3,Detroit
SHIP010459,ORD010459,Express,UPS,2025-11-01,2,Raleigh
SHIP010460,ORD010460,Economy,DHL,2025-08-21,5,Jacksonville
SHIP010461,ORD010461,Standard,FedEx,2021-07-20,8,Denver
SHIP010462,ORD010462,Express,FedEx,2025-08-06,4,Savannah
SHIP010463,ORD010463,Express,FedEx,2025-05-23,3,San Antonio
SHIP010464,ORD010464,Standard,Delhivery,2026-06-16,9,Rockford
SHIP010465,ORD010465,Standard,UPS,2023-11-16,4,Trenton
SHIP010466,ORD010466,Standard,UPS,2026-06-29,7,Reading
SHIP010467,ORD010467,Same-Day,FedEx,2020-01-26,4,Cambridge
SHIP010468,ORD010468,Same-Day,UPS,2024-05-28,9,Durham
SHIP010469,ORD010469,Standard,IndiaPost,2024-09-25,8,Fort Worth
SHIP010470,ORD010470,Standard,UPS,2025-11-08,5,Boulder
SHIP010471,ORD010471,Express,UPS,2025-07-01,8,Mesa
SHIP010473,ORD010473,Economy,IndiaPost,2024-06-29,4,San Diego
SHIP010476,ORD010476,Express,IndiaPost,2025-04-05,6,Rochester
SHIP010477,ORD010477,Standard,IndiaPost,2026-07-26,8,Newark
SHIP010478,ORD010478,Express,FedEx,2023-02-27,3,Mesa
SHIP010479,ORD010479,Standard,IndiaPost,2020-09-24,9,Tacoma
SHIP010480,ORD010480,Same-Day,FedEx,2025-07-15,9,Philadelphia
SHIP010482,ORD010482,Same-Day,IndiaPost,2025-05-30,4,Rockford
SHIP010483,ORD010483,Standard,Delhivery,2025-02-27,8,Cleveland
SHIP010484,ORD010484,Standard,Delhivery,2024-07-23,5,Springfield
SHIP010486,ORD010486,Same-Day,IndiaPost,2022-04-09,2,Raleigh
SHIP010487,ORD010487,Standard,UPS,2021-03-24,6,Boulder
SHIP010489,ORD010489,Standard,IndiaPost,2023-05-11,2,San Francisco
SHIP010491,ORD010491,Express,FedEx,2026-02-28,6,Jacksonville
SHIP010492,ORD010492,Standard,FedEx,2026-01-10,2,Houston
SHIP010493,ORD010493,Standard,Delhivery,2026-07-20,4,Phoenix
SHIP010495,ORD010495,Standard,IndiaPost,2026-04-18,7,Worcester
SHIP010496,ORD010496,Express,BlueDart,2024-12-31,1,Syracuse
SHIP010497,ORD010497,Standard,DHL,2025-11-04,1,Los Angeles
SHIP010499,ORD010499,Economy,DHL,2023-10-31,4,San Diego
SHIP010500,ORD010500,Standard,BlueDart,2023-10-25,9,Elizabeth
SHIP010501,ORD010501,Express,IndiaPost,2021-11-27,9,Jacksonville
SHIP010502,ORD010502,Express,BlueDart,2026-02-21,8,Augusta
SHIP010503,ORD010503,Standard,FedEx,2025-07-26,3,Elizabeth
SHIP010505,ORD010505,Standard,DHL,2025-12-02,1,Tacoma
SHIP010506,ORD010506,Economy,FedEx,2023-03-21,4,Springfield
SHIP010507,ORD010507,Standard,BlueDart,2023-05-16,1,Lansing
SHIP010508,ORD010508,Standard,Delhivery,2025-10-11,7,Springfield
SHIP010510,ORD010510,Standard,FedEx,2024-12-07,8,Dallas
SHIP010511,ORD010511,Same-Day,BlueDart,2023-07-12,4,Rockford
SHIP010513,ORD010513,Economy,UPS,2025-06-29,3,Austin
SHIP010515,ORD010515,Standard,DHL,2025-06-11,1,Naperville
SHIP010516,ORD010516,Standard,BlueDart,2022-10-16,9,Denver
SHIP010517,ORD010517,Standard,IndiaPost,2023-02-16,8,Naperville
SHIP010518,ORD010518,Standard,IndiaPost,2026-01-06,3,Augusta
SHIP010519,ORD010519,Standard,IndiaPost,2022-07-03,3,Scottsdale
SHIP010520,ORD010520,Standard,Delhivery,2024-03-16,8,Dallas
SHIP010521,ORD010521,Standard,BlueDart,2023-12-17,7,Phoenix
SHIP010523,ORD010523,Economy,FedEx,2022-04-26,8,San Antonio
SHIP010524,ORD010524,Economy,IndiaPost,2026-05-31,3,San Francisco
SHIP010525,ORD010525,Standard,BlueDart,2026-02-09,4,Chicago
SHIP010526,ORD010526,Standard,BlueDart,2022-09-29,9,Houston
SHIP010527,ORD010527,Standard,Delhivery,2022-07-12,2,Chandler
SHIP010528,ORD010528,Economy,FedEx,2026-05-14,5,Scottsdale
SHIP010529,ORD010529,Standard,Delhivery,2026-01-07,4,Chicago
SHIP010530,ORD010530,Same-Day,FedEx,2024-05-22,4,Austin
SHIP010531,ORD010531,Standard,IndiaPost,2026-07-15,1,Aurora
SHIP010532,ORD010532,Standard,FedEx,2021-05-06,2,Boston
SHIP010533,ORD010533,Standard,Delhivery,2022-11-06,3,Buffalo
SHIP010534,ORD010534,Express,Delhivery,2025-07-31,6,Austin
SHIP010535,ORD010535,Express,IndiaPost,2023-02-24,8,Atlanta
SHIP010536,ORD010536,Standard,BlueDart,2024-09-14,2,Cincinnati
SHIP010537,ORD010537,Standard,Delhivery,2026-08-05,6,Sacramento
SHIP010540,ORD010540,Express,Delhivery,2025-07-13,1,Greensboro
SHIP010541,ORD010541,Express,UPS,2025-09-06,6,Phoenix
SHIP010542,ORD010542,Standard,FedEx,2024-02-14,9,Fort Collins
SHIP010543,ORD010543,Express,DHL,2026-07-15,8,Springfield
SHIP010546,ORD010546,Express,Delhivery,2026-07-21,5,Boulder
SHIP010548,ORD010548,Economy,BlueDart,2026-07-05,2,Boulder
SHIP010549,ORD010549,Same-Day,UPS,2026-02-23,2,Athens
SHIP010550,ORD010550,Standard,BlueDart,2026-05-21,9,Jersey City
SHIP010551,ORD010551,Express,BlueDart,2024-12-20,5,Miami
SHIP010552,ORD010552,Standard,FedEx,2022-12-16,3,Spokane
SHIP010553,ORD010553,Express,FedEx,2025-08-17,9,Flint
SHIP010555,ORD010555,Standard,DHL,2026-02-02,8,Rockford
SHIP010556,ORD010556,Standard,BlueDart,2024-06-21,1,New York City
SHIP010558,ORD010558,Standard,Delhivery,2024-06-06,7,Spokane
SHIP010559,ORD010559,Standard,IndiaPost,2022-02-05,7,Phoenix
SHIP010560,ORD010560,Standard,BlueDart,2024-12-19,9,Fort Lauderdale
SHIP010562,ORD010562,Standard,BlueDart,2024-12-14,4,Augusta
SHIP010563,ORD010563,Standard,Delhivery,2025-10-23,1,Detroit
SHIP010564,ORD010564,Standard,Delhivery,2025-11-01,2,Cambridge
SHIP010565,ORD010565,Standard,Delhivery,2025-12-30,5,Peoria
SHIP010566,ORD010566,Standard,DHL,2023-05-08,7,Spokane
SHIP010567,ORD010567,Standard,UPS,2022-01-31,8,Mesa
SHIP010570,ORD010570,Standard,UPS,2026-06-12,7,Jacksonville
SHIP010571,ORD010571,Same-Day,Delhivery,2026-03-27,5,Rockford
SHIP010572,ORD010572,Express,FedEx,2023-11-25,8,Reading
SHIP010573,ORD010573,Standard,FedEx,2023-02-09,9,Augusta
SHIP010574,ORD010574,Express,Delhivery,2023-08-07,1,Aurora
SHIP010575,ORD010575,Economy,FedEx,2022-03-10,2,Allentown
SHIP010577,ORD010577,Standard,DHL,2024-09-03,8,Grand Rapids
SHIP010579,ORD010579,Standard,Delhivery,2023-09-05,9,Aurora
SHIP010580,ORD010580,Express,IndiaPost,2021-04-11,8,Sacramento
SHIP010581,ORD010581,Standard,BlueDart,2022-05-13,5,Buffalo
SHIP010582,ORD010582,Standard,Delhivery,2024-09-14,2,Newark
SHIP010583,ORD010583,Standard,FedEx,2024-11-12,4,Philadelphia
SHIP010585,ORD010585,Standard,UPS,2025-06-23,3,Athens
SHIP010588,ORD010588,Same-Day,DHL,2024-10-26,1,Orlando
SHIP010589,ORD010589,Standard,BlueDart,2020-07-22,5,Fort Lauderdale
SHIP010590,ORD010590,Express,UPS,2025-07-06,7,Chandler
SHIP010591,ORD010591,Standard,FedEx,2026-04-29,3,Miami
SHIP010592,ORD010592,Standard,UPS,2021-08-23,8,Rochester
SHIP010593,ORD010593,Same-Day,IndiaPost,2025-09-22,4,Buffalo
SHIP010596,ORD010596,Express,BlueDart,2026-04-14,9,Everett
SHIP010597,ORD010597,Standard,IndiaPost,2022-04-05,6,Miami
SHIP010598,ORD010598,Same-Day,Delhivery,2026-03-02,3,Newark
SHIP010601,ORD010601,Express,UPS,2023-04-12,2,Mesa
SHIP010602,ORD010602,Standard,UPS,2023-03-01,8,Lowell
SHIP010603,ORD010603,Express,UPS,2026-04-08,8,Boulder
SHIP010604,ORD010604,Standard,BlueDart,2023-09-16,3,Rochester
SHIP010606,ORD010606,Same-Day,BlueDart,2025-09-22,5,Dallas
SHIP010608,ORD010608,Same-Day,DHL,2024-08-03,9,Buffalo
SHIP010609,ORD010609,Standard,FedEx,2026-06-04,6,Boulder
SHIP010610,ORD010610,Standard,UPS,2026-07-25,6,Tucson
SHIP010611,ORD010611,Standard,Delhivery,2026-02-11,3,San Jose
SHIP010612,ORD010612,Express,DHL,2023-12-05,5,Atlanta
SHIP010613,ORD010613,Express,BlueDart,2019-11-01,8,Tampa
SHIP010614,ORD010614,Express,Delhivery,2024-01-08,1,Sacramento
SHIP010615,ORD010615,Standard,IndiaPost,2022-03-06,9,Lansing
SHIP010616,ORD010616,Express,Delhivery,2025-10-16,2,Scottsdale
SHIP010618,ORD010618,Economy,BlueDart,2026-03-04,1,Naperville
SHIP010619,ORD010619,Same-Day,DHL,2022-04-06,9,San Francisco
SHIP010620,ORD010620,Standard,BlueDart,2025-12-30,2,Everett
SHIP010621,ORD010621,Express,UPS,2025-11-11,9,Mesa
SHIP010622,ORD010622,Economy,Delhivery,2023-11-09,3,Spokane
SHIP010624,ORD010624,Standard,Delhivery,2024-08-07,5,Jersey City
SHIP010625,ORD010625,Standard,IndiaPost,2023-06-22,5,Charlotte
SHIP010627,ORD010627,Express,FedEx,2025-08-30,3,Springfield
SHIP010628,ORD010628,Standard,UPS,2022-03-17,3,Cincinnati
SHIP010629,ORD010629,Standard,BlueDart,2026-02-23,6,Charlotte
SHIP010630,ORD010630,Same-Day,Delhivery,2025-11-11,4,Colorado Springs
SHIP010631,ORD010631,Economy,UPS,2026-06-05,7,Austin
SHIP010632,ORD010632,Standard,UPS,2025-11-21,5,Buffalo
SHIP010633,ORD010633,Express,UPS,2026-06-08,4,Chicago
SHIP010636,ORD010636,Economy,BlueDart,2025-05-01,8,Seattle
SHIP010637,ORD010637,Same-Day,IndiaPost,2025-12-08,9,Paterson
SHIP010638,ORD010638,Standard,BlueDart,2022-12-07,2,Athens
SHIP010639,ORD010639,Standard,IndiaPost,2023-11-19,6,New York City
SHIP010640,ORD010640,Standard,DHL,2024-09-23,7,Newark
SHIP010642,ORD010642,Same-Day,FedEx,2026-01-08,6,San Diego
SHIP010643,ORD010643,Standard,FedEx,2024-02-21,8,Winston-Salem
SHIP010644,ORD010644,Standard,DHL,2025-10-25,1,Durham
SHIP010645,ORD010645,Express,BlueDart,2026-06-23,2,New York City
SHIP010647,ORD010647,Standard,FedEx,2024-06-26,8,Jacksonville
SHIP010648,ORD010648,Express,DHL,2026-06-19,6,Tampa
SHIP010649,ORD010649,Standard,UPS,2023-06-16,5,Spokane
SHIP010650,ORD010650,Express,Delhivery,2023-01-21,4,Bellevue
SHIP010651,ORD010651,Standard,DHL,2022-10-04,7,Buffalo
SHIP010652,ORD010652,Standard,FedEx,2026-05-12,6,Savannah
SHIP010653,ORD010653,Standard,FedEx,2025-06-05,5,Springfield
SHIP010654,ORD010654,Standard,BlueDart,2024-12-24,9,Athens
SHIP010655,ORD010655,Economy,DHL,2025-03-22,2,Raleigh
SHIP010656,ORD010656,Standard,UPS,2026-06-28,2,Naperville
SHIP010657,ORD010657,Standard,UPS,2026-05-26,1,Naperville
SHIP010658,ORD010658,Standard,FedEx,2025-01-31,3,Macon
SHIP010659,ORD010659,Standard,IndiaPost,2026-02-06,9,Mesa
SHIP010660,ORD010660,Standard,IndiaPost,2026-05-23,1,Chandler
SHIP010661,ORD010661,Standard,UPS,2026-01-07,1,Los Angeles
SHIP010662,ORD010662,Standard,BlueDart,2026-03-27,4,San Diego
SHIP010663,ORD010663,Express,DHL,2022-10-23,6,Flint
SHIP010664,ORD010664,Same-Day,IndiaPost,2026-03-20,1,Austin
SHIP010665,ORD010665,Standard,Delhivery,2023-03-18,9,Bellevue
SHIP010666,ORD010666,Standard,Delhivery,2025-03-06,5,Fort Lauderdale
SHIP010667,ORD010667,Express,DHL,2025-12-16,5,Chandler
SHIP010668,ORD010668,Same-Day,DHL,2026-07-05,8,Dallas
SHIP010669,ORD010669,Express,BlueDart,2025-10-16,4,Aurora
SHIP010673,ORD010673,Same-Day,BlueDart,2022-10-05,8,Grand Rapids
SHIP010674,ORD010674,Express,DHL,2026-03-21,8,Lansing
SHIP010675,ORD010675,Same-Day,UPS,2020-10-24,3,Erie
SHIP010676,ORD010676,Standard,UPS,2023-01-10,5,Philadelphia
SHIP010677,ORD010677,Standard,Delhivery,2021-09-23,8,Sacramento
SHIP010678,ORD010678,Express,FedEx,2025-03-31,3,Springfield
SHIP010679,ORD010679,Same-Day,UPS,2024-12-09,1,Los Angeles
SHIP010680,ORD010680,Express,Delhivery,2024-10-02,2,Grand Rapids
SHIP010681,ORD010681,Standard,UPS,2022-07-11,7,Akron
SHIP010682,ORD010682,Standard,DHL,2026-03-06,7,Tacoma
SHIP010683,ORD010683,Standard,FedEx,2023-07-03,4,Fort Lauderdale
SHIP010686,ORD010686,Express,IndiaPost,2022-10-22,3,San Jose
SHIP010687,ORD010687,Standard,UPS,2023-09-09,2,Sacramento
SHIP010688,ORD010688,Express,IndiaPost,2026-05-08,8,Fort Collins
SHIP010691,ORD010691,Standard,Delhivery,2025-11-07,8,Scottsdale
SHIP010692,ORD010692,Standard,UPS,2025-01-27,6,Jersey City
SHIP010693,ORD010693,Same-Day,DHL,2024-06-24,6,Durham
SHIP010694,ORD010694,Same-Day,Delhivery,2026-05-29,8,Chandler
SHIP010695,ORD010695,Economy,UPS,2023-02-12,9,Jacksonville
SHIP010696,ORD010696,Economy,Delhivery,2024-06-14,9,Miami
SHIP010697,ORD010697,Economy,DHL,2023-10-30,9,Springfield
SHIP010698,ORD010698,Economy,BlueDart,2025-12-27,1,Fort Lauderdale
SHIP010699,ORD010699,Express,IndiaPost,2024-08-02,5,Savannah
SHIP010700,ORD010700,Standard,FedEx,2026-05-14,9,Scottsdale
SHIP010701,ORD010701,Express,IndiaPost,2025-05-03,7,Macon
SHIP010702,ORD010702,Economy,UPS,2026-02-28,3,Everett
SHIP010703,ORD010703,Standard,IndiaPost,2024-02-15,8,Columbus
SHIP010704,ORD010704,Standard,BlueDart,2023-08-08,6,New York City
SHIP010706,ORD010706,Express,FedEx,2024-01-29,2,Akron
SHIP010707,ORD010707,Express,FedEx,2023-10-29,7,Detroit
SHIP010708,ORD010708,Standard,BlueDart,2026-03-04,5,San Jose
SHIP010709,ORD010709,Economy,Delhivery,2021-07-24,4,Sacramento
SHIP010711,ORD010711,Standard,Delhivery,2026-06-26,9,Erie
SHIP010712,ORD010712,Same-Day,UPS,2024-01-25,4,Jersey City
SHIP010713,ORD010713,Same-Day,FedEx,2026-04-29,2,Fort Collins
SHIP010714,ORD010714,Standard,FedEx,2026-06-26,6,Cincinnati
SHIP010715,ORD010715,Same-Day,UPS,2025-06-13,9,Cleveland
SHIP010716,ORD010716,Standard,BlueDart,2025-09-07,3,Lansing
SHIP010717,ORD010717,Economy,UPS,2025-05-02,4,Jersey City
SHIP010719,ORD010719,Standard,UPS,2026-08-08,9,Augusta
SHIP010721,ORD010721,Express,DHL,2025-06-09,7,Cincinnati
SHIP010722,ORD010722,Standard,BlueDart,2025-12-17,4,Augusta
SHIP010724,ORD010724,Standard,BlueDart,2023-05-29,4,Syracuse
SHIP010725,ORD010725,Same-Day,BlueDart,2025-09-17,2,Worcester
SHIP010726,ORD010726,Standard,IndiaPost,2026-05-08,2,Chicago
SHIP010727,ORD010727,Standard,UPS,2026-03-05,5,San Antonio
SHIP010728,ORD010728,Standard,BlueDart,2026-07-11,7,San Francisco
SHIP010730,ORD010730,Express,Delhivery,2023-02-15,1,Boston
SHIP010731,ORD010731,Standard,DHL,2022-09-24,2,Pittsburgh
SHIP010732,ORD010732,Standard,IndiaPost,2025-03-06,2,Mesa
SHIP010733,ORD010733,Standard,Delhivery,2025-05-31,4,Fort Collins
SHIP010734,ORD010734,Standard,IndiaPost,2024-08-08,7,Syracuse
SHIP010735,ORD010735,Standard,BlueDart,2022-01-22,5,Miami
SHIP010736,ORD010736,Standard,DHL,2026-01-10,2,Los Angeles
SHIP010737,ORD010737,Standard,FedEx,2025-09-16,1,Charlotte
SHIP010738,ORD010738,Same-Day,Delhivery,2026-06-04,2,Columbus
SHIP010740,ORD010740,Same-Day,Delhivery,2025-05-02,7,Miami
SHIP010743,ORD010743,Economy,BlueDart,2025-01-08,9,Scottsdale
SHIP010744,ORD010744,Standard,Delhivery,2020-09-20,2,San Jose
SHIP010745,ORD010745,Standard,DHL,2021-02-07,1,Raleigh
SHIP010746,ORD010746,Standard,FedEx,2024-03-04,3,Pittsburgh
SHIP010747,ORD010747,Standard,FedEx,2022-08-10,2,Chicago
SHIP010748,ORD010748,Same-Day,BlueDart,2026-02-10,3,Elizabeth
SHIP010750,ORD010750,Standard,IndiaPost,2025-07-04,3,Rochester
SHIP010751,ORD010751,Economy,DHL,2022-04-20,2,Elizabeth
SHIP010752,ORD010752,Express,IndiaPost,2025-06-22,4,Fort Worth
SHIP010753,ORD010753,Express,Delhivery,2024-01-21,2,Chandler
SHIP010755,ORD010755,Express,FedEx,2026-07-25,9,Atlanta
SHIP010756,ORD010756,Standard,Delhivery,2026-08-01,2,Flint
SHIP010757,ORD010757,Standard,Delhivery,2023-02-10,8,Allentown
SHIP010758,ORD010758,Standard,FedEx,2025-10-20,7,Tampa
SHIP010759,ORD010759,Standard,BlueDart,2021-12-03,6,Spokane
SHIP010760,ORD010760,Economy,IndiaPost,2025-07-08,9,Lansing
SHIP010761,ORD010761,Standard,DHL,2022-09-15,4,Everett
SHIP010762,ORD010762,Express,UPS,2025-04-09,5,Tucson
SHIP010763,ORD010763,Standard,IndiaPost,2024-02-29,4,San Diego
SHIP010764,ORD010764,Same-Day,Delhivery,2024-11-07,1,Columbus
SHIP010765,ORD010765,Express,FedEx,2022-02-15,6,Denver
SHIP010766,ORD010766,Express,UPS,2024-09-29,8,Cambridge
SHIP010767,ORD010767,Standard,FedEx,2021-11-28,2,Greensboro
SHIP010768,ORD010768,Express,FedEx,2026-06-15,7,Orlando
SHIP010769,ORD010769,Economy,BlueDart,2024-01-31,6,Houston
SHIP010770,ORD010770,Standard,IndiaPost,2025-03-07,3,Fort Lauderdale
SHIP010771,ORD010771,Standard,IndiaPost,2025-12-17,9,Boston
SHIP010772,ORD010772,Standard,UPS,2022-11-03,4,Jersey City
SHIP010773,ORD010773,Standard,BlueDart,2026-07-04,7,Rochester
SHIP010775,ORD010775,Standard,IndiaPost,2026-03-22,1,Raleigh
SHIP010776,ORD010776,Standard,FedEx,2022-08-03,8,Elizabeth
SHIP010777,ORD010777,Express,IndiaPost,2022-12-30,7,Augusta
SHIP010778,ORD010778,Standard,FedEx,2025-12-11,5,Cambridge
SHIP010779,ORD010779,Same-Day,UPS,2025-02-25,4,Winston-Salem
SHIP010780,ORD010780,Express,IndiaPost,2020-12-20,5,San Antonio
SHIP010782,ORD010782,Standard,DHL,2023-08-06,1,Flint
SHIP010783,ORD010783,Economy,DHL,2026-02-16,1,Austin
SHIP010784,ORD010784,Express,Delhivery,2026-06-03,4,Elizabeth
SHIP010785,ORD010785,Standard,IndiaPost,2025-01-23,6,Reading
SHIP010786,ORD010786,Same-Day,DHL,2026-06-18,6,San Antonio
SHIP010788,ORD010788,Express,DHL,2024-08-26,5,Fort Lauderdale
SHIP010789,ORD010789,Same-Day,IndiaPost,2023-06-02,1,Philadelphia
SHIP010790,ORD010790,Standard,DHL,2021-11-14,2,Los Angeles
SHIP010791,ORD010791,Same-Day,IndiaPost,2025-11-30,2,Fort Collins
SHIP010792,ORD010792,Express,BlueDart,2026-04-28,6,Newark
SHIP010793,ORD010793,Economy,FedEx,2025-06-09,7,Athens
SHIP010794,ORD010794,Standard,DHL,2026-02-22,5,Ann Arbor
SHIP010795,ORD010795,Express,DHL,2026-05-23,2,Scottsdale
SHIP010796,ORD010796,Express,BlueDart,2026-03-23,5,San Francisco
SHIP010797,ORD010797,Standard,BlueDart,2025-07-04,8,Los Angeles
SHIP010798,ORD010798,Express,IndiaPost,2022-09-08,5,Macon
SHIP010799,ORD010799,Standard,DHL,2024-07-31,8,Grand Rapids
SHIP010800,ORD010800,Same-Day,BlueDart,2024-08-31,6,Cleveland
SHIP010801,ORD010801,Express,Delhivery,2025-12-24,4,Chandler
SHIP010802,ORD010802,Express,BlueDart,2024-05-30,2,Houston
SHIP010803,ORD010803,Same-Day,IndiaPost,2021-05-31,7,Fort Lauderdale
SHIP010804,ORD010804,Standard,BlueDart,2025-06-17,4,Atlanta
SHIP010805,ORD010805,Standard,FedEx,2024-01-11,3,Durham
SHIP010806,ORD010806,Standard,DHL,2022-10-17,5,Trenton
SHIP010807,ORD010807,Standard,FedEx,2025-05-18,3,Boston
SHIP010809,ORD010809,Standard,FedEx,2026-03-03,7,Columbus
SHIP010810,ORD010810,Standard,IndiaPost,2026-07-20,9,Los Angeles
SHIP010811,ORD010811,Economy,UPS,2025-12-27,6,Spokane
SHIP010812,ORD010812,Standard,UPS,2026-06-18,3,Durham
SHIP010813,ORD010813,Economy,DHL,2026-05-09,7,Tucson
SHIP010814,ORD010814,Standard,FedEx,2025-12-26,9,Everett
SHIP010815,ORD010815,Express,BlueDart,2025-03-04,2,Phoenix
SHIP010817,ORD010817,Standard,Delhivery,2025-09-12,5,Dallas
SHIP010818,ORD010818,Same-Day,Delhivery,2025-05-29,3,Pittsburgh
SHIP010819,ORD010819,Express,IndiaPost,2025-12-19,1,Lowell
SHIP010820,ORD010820,Express,IndiaPost,2026-03-31,1,Orlando
SHIP010821,ORD010821,Standard,Delhivery,2026-04-27,5,Winston-Salem
SHIP010822,ORD010822,Standard,FedEx,2024-10-08,1,Buffalo
SHIP010823,ORD010823,Express,IndiaPost,2026-07-19,3,Worcester
SHIP010824,ORD010824,Standard,UPS,2025-06-03,9,Lowell
SHIP010825,ORD010825,Economy,UPS,2025-08-13,4,Springfield
SHIP010826,ORD010826,Standard,Delhivery,2026-06-01,4,Bellevue
SHIP010827,ORD010827,Standard,BlueDart,2024-02-07,2,Erie
SHIP010828,ORD010828,Express,BlueDart,2026-06-05,9,New York City
SHIP010829,ORD010829,Standard,BlueDart,2026-04-28,2,Greensboro
SHIP010830,ORD010830,Standard,BlueDart,2024-12-10,3,Buffalo
SHIP010831,ORD010831,Standard,BlueDart,2025-09-14,8,Durham
SHIP010832,ORD010832,Standard,DHL,2022-04-13,3,New York City
SHIP010833,ORD010833,Standard,BlueDart,2025-10-24,7,Paterson
SHIP010834,ORD010834,Express,UPS,2023-08-14,8,Buffalo
SHIP010835,ORD010835,Express,IndiaPost,2026-06-12,3,Lowell
SHIP010836,ORD010836,Standard,Delhivery,2026-06-18,2,Everett
SHIP010837,ORD010837,Standard,DHL,2026-07-29,6,Syracuse
SHIP010838,ORD010838,Same-Day,UPS,2026-07-08,2,Los Angeles
SHIP010839,ORD010839,Standard,DHL,2026-06-11,5,Tampa
SHIP010842,ORD010842,Standard,BlueDart,2022-09-08,3,Sacramento
SHIP010843,ORD010843,Standard,DHL,2025-09-08,4,San Francisco
SHIP010846,ORD010846,Standard,BlueDart,2024-09-05,9,Raleigh
SHIP010848,ORD010848,Standard,FedEx,2022-03-14,3,Charlotte
SHIP010849,ORD010849,Express,UPS,2020-12-02,8,Paterson
SHIP010850,ORD010850,Standard,FedEx,2025-09-06,5,Winston-Salem
SHIP010851,ORD010851,Express,BlueDart,2022-02-09,2,Tampa
SHIP010852,ORD010852,Standard,DHL,2023-09-28,2,Everett
SHIP010853,ORD010853,Express,UPS,2024-10-08,7,Springfield
SHIP010854,ORD010854,Express,IndiaPost,2024-02-26,6,Macon
SHIP010856,ORD010856,Standard,UPS,2021-08-11,1,Boulder
SHIP010858,ORD010858,Standard,FedEx,2025-05-22,5,Chicago
SHIP010860,ORD010860,Standard,Delhivery,2023-05-22,3,Aurora
SHIP010861,ORD010861,Standard,UPS,2026-07-26,7,Tacoma
SHIP010862,ORD010862,Standard,DHL,2026-05-14,2,Macon
SHIP010863,ORD010863,Standard,UPS,2026-02-11,1,Seattle
SHIP010865,ORD010865,Standard,UPS,2023-08-16,5,Lansing
SHIP010866,ORD010866,Standard,DHL,2022-04-21,1,Rockford
SHIP010868,ORD010868,Standard,FedEx,2026-02-19,9,San Francisco
SHIP010869,ORD010869,Same-Day,DHL,2025-08-25,3,Jersey City
SHIP010871,ORD010871,Express,Delhivery,2025-03-13,6,Everett
SHIP010872,ORD010872,Standard,UPS,2023-11-29,5,San Jose
SHIP010873,ORD010873,Standard,DHL,2026-03-19,9,Fort Collins
SHIP010874,ORD010874,Standard,BlueDart,2026-07-06,7,Macon
SHIP010875,ORD010875,Standard,DHL,2022-11-17,4,Everett
SHIP010876,ORD010876,Standard,BlueDart,2024-12-02,1,Philadelphia
SHIP010877,ORD010877,Standard,FedEx,2023-10-03,1,Macon
SHIP010878,ORD010878,Standard,Delhivery,2024-01-27,7,Atlanta
SHIP010879,ORD010879,Standard,IndiaPost,2025-10-01,4,Grand Rapids
SHIP010880,ORD010880,Standard,DHL,2026-06-16,8,Springfield
SHIP010881,ORD010881,Express,DHL,2025-09-30,9,Tucson
SHIP010883,ORD010883,Economy,DHL,2026-04-27,2,Syracuse
SHIP010884,ORD010884,Standard,Delhivery,2025-09-14,2,Tampa
SHIP010885,ORD010885,Standard,DHL,2026-07-31,3,Tacoma
SHIP010886,ORD010886,Standard,UPS,2026-03-15,3,Rochester
SHIP010887,ORD010887,Standard,Delhivery,2023-09-17,7,Orlando
SHIP010888,ORD010888,Express,DHL,2024-10-02,7,Ann Arbor
SHIP010889,ORD010889,Same-Day,IndiaPost,2025-04-20,6,Springfield
SHIP010890,ORD010890,Standard,FedEx,2023-09-09,9,Fort Lauderdale
SHIP010891,ORD010891,Standard,UPS,2025-11-13,8,Toledo
SHIP010893,ORD010893,Same-Day,BlueDart,2024-10-12,6,Scottsdale
SHIP010894,ORD010894,Express,IndiaPost,2023-03-06,6,Denver
SHIP010895,ORD010895,Standard,UPS,2026-05-29,3,Akron
SHIP010896,ORD010896,Standard,FedEx,2025-01-13,2,Spokane
SHIP010898,ORD010898,Standard,IndiaPost,2025-06-12,8,Rockford
SHIP010899,ORD010899,Economy,Delhivery,2025-02-24,8,Denver
SHIP010900,ORD010900,Standard,IndiaPost,2023-03-17,6,Spokane
SHIP010901,ORD010901,Express,DHL,2026-01-01,3,Cincinnati
SHIP010902,ORD010902,Standard,IndiaPost,2025-07-09,1,Phoenix
SHIP010905,ORD010905,Standard,Delhivery,2025-07-27,2,Chandler
SHIP010906,ORD010906,Standard,FedEx,2024-07-14,7,Pittsburgh
SHIP010907,ORD010907,Express,BlueDart,2025-10-07,8,Spokane
SHIP010908,ORD010908,Express,FedEx,2025-05-18,4,Ann Arbor
SHIP010909,ORD010909,Standard,BlueDart,2025-12-21,4,Tucson
SHIP010910,ORD010910,Standard,BlueDart,2022-11-15,3,Ann Arbor
SHIP010911,ORD010911,Standard,DHL,2024-02-06,3,San Francisco
SHIP010912,ORD010912,Express,UPS,2022-12-23,6,Detroit
SHIP010913,ORD010913,Standard,DHL,2024-08-10,6,San Antonio
SHIP010914,ORD010914,Standard,Delhivery,2021-08-28,1,Paterson
SHIP010915,ORD010915,Standard,IndiaPost,2025-03-10,1,Fort Worth
SHIP010916,ORD010916,Same-Day,Delhivery,2026-06-07,3,Flint
SHIP010917,ORD010917,Same-Day,BlueDart,2025-12-03,9,Jacksonville
SHIP010918,ORD010918,Standard,Delhivery,2025-07-17,2,San Francisco
SHIP010919,ORD010919,Standard,DHL,2026-03-23,2,Seattle
SHIP010920,ORD010920,Standard,FedEx,2025-10-19,6,Savannah
SHIP010921,ORD010921,Economy,BlueDart,2024-07-16,2,Augusta
SHIP010922,ORD010922,Economy,FedEx,2025-07-27,3,Phoenix
SHIP010923,ORD010923,Standard,FedEx,2024-12-19,4,Akron
SHIP010924,ORD010924,Express,FedEx,2026-03-14,5,Trenton
SHIP010925,ORD010925,Standard,DHL,2026-05-15,4,Fort Lauderdale
SHIP010926,ORD010926,Express,BlueDart,2023-11-07,7,Orlando
SHIP010927,ORD010927,Standard,Delhivery,2024-04-12,5,Winston-Salem
SHIP010928,ORD010928,Express,UPS,2026-01-03,6,Peoria
SHIP010929,ORD010929,Standard,Delhivery,2024-09-27,9,Phoenix
SHIP010930,ORD010930,Standard,BlueDart,2023-10-29,3,San Diego
SHIP010931,ORD010931,Standard,IndiaPost,2024-05-08,2,Grand Rapids
SHIP010933,ORD010933,Express,UPS,2026-05-19,8,Winston-Salem
SHIP010934,ORD010934,Express,BlueDart,2025-04-14,8,Detroit
SHIP010936,ORD010936,Express,UPS,2021-12-21,8,Tampa
SHIP010937,ORD010937,Standard,UPS,2023-12-02,9,Boston
SHIP010938,ORD010938,Express,FedEx,2026-05-10,8,Rockford
SHIP010940,ORD010940,Express,IndiaPost,2025-06-21,5,San Antonio
SHIP010941,ORD010941,Standard,IndiaPost,2024-10-08,5,Scottsdale
SHIP010943,ORD010943,Standard,BlueDart,2025-10-13,1,Allentown
SHIP010945,ORD010945,Standard,DHL,2025-12-07,8,Mesa
SHIP010946,ORD010946,Standard,FedEx,2022-05-18,9,San Jose
SHIP010947,ORD010947,Express,FedEx,2024-04-30,2,Newark
SHIP010948,ORD010948,Same-Day,Delhivery,2025-10-30,7,Charlotte
SHIP010949,ORD010949,Express,DHL,2024-10-08,4,San Antonio
SHIP010950,ORD010950,Standard,Delhivery,2024-05-15,7,San Jose
SHIP010951,ORD010951,Express,DHL,2024-11-11,3,Lowell
SHIP010952,ORD010952,Standard,Delhivery,2026-02-26,4,Fort Collins
SHIP010953,ORD010953,Standard,IndiaPost,2026-01-09,5,Savannah
SHIP010955,ORD010955,Standard,FedEx,2023-03-18,1,Elizabeth
SHIP010957,ORD010957,Standard,IndiaPost,2024-12-07,5,Los Angeles
SHIP010958,ORD010958,Standard,UPS,2026-01-22,3,Chandler
SHIP010959,ORD010959,Standard,FedEx,2021-12-29,8,Philadelphia
SHIP010961,ORD010961,Standard,FedEx,2024-04-12,9,Fort Worth
SHIP010962,ORD010962,Standard,DHL,2025-11-07,5,Newark
SHIP010963,ORD010963,Same-Day,IndiaPost,2025-05-17,8,Houston
SHIP010964,ORD010964,Standard,Delhivery,2024-09-22,8,Los Angeles
SHIP010965,ORD010965,Express,IndiaPost,2024-02-03,9,Charlotte
SHIP010966,ORD010966,Standard,UPS,2024-09-20,6,Colorado Springs
SHIP010967,ORD010967,Standard,IndiaPost,2025-01-04,5,Chandler
SHIP010968,ORD010968,Standard,BlueDart,2026-01-02,1,Raleigh
SHIP010969,ORD010969,Express,Delhivery,2025-02-25,8,Macon
SHIP010970,ORD010970,Express,IndiaPost,2026-07-09,4,Austin
SHIP010971,ORD010971,Standard,UPS,2024-07-25,6,Cambridge
SHIP010972,ORD010972,Express,UPS,2026-01-05,9,Bellevue
SHIP010973,ORD010973,Express,BlueDart,2024-08-23,6,Springfield
SHIP010974,ORD010974,Standard,BlueDart,2024-03-03,6,Fort Collins
SHIP010975,ORD010975,Express,IndiaPost,2025-01-27,8,Trenton
SHIP010976,ORD010976,Express,DHL,2025-09-06,1,Macon
SHIP010977,ORD010977,Same-Day,BlueDart,2022-11-11,5,Athens
SHIP010979,ORD010979,Standard,FedEx,2026-06-28,3,Boulder
SHIP010980,ORD010980,Economy,IndiaPost,2025-04-18,8,Raleigh
SHIP010981,ORD010981,Express,BlueDart,2024-07-24,4,Trenton
SHIP010982,ORD010982,Express,IndiaPost,2024-08-02,9,Everett
SHIP010983,ORD010983,Same-Day,BlueDart,2026-07-10,7,Jersey City
SHIP010984,ORD010984,Same-Day,Delhivery,2026-01-31,2,Mesa
SHIP010987,ORD010987,Standard,IndiaPost,2021-03-31,6,Albany
SHIP010988,ORD010988,Economy,DHL,2026-06-30,6,Aurora
SHIP010989,ORD010989,Economy,BlueDart,2023-08-07,6,Colorado Springs
SHIP010990,ORD010990,Standard,UPS,2020-12-05,2,Mesa
SHIP010991,ORD010991,Standard,UPS,2026-07-06,4,San Francisco
SHIP010992,ORD010992,Same-Day,BlueDart,2026-05-28,8,Toledo
SHIP010993,ORD010993,Same-Day,BlueDart,2021-08-02,9,Newark
SHIP010994,ORD010994,Standard,FedEx,2022-08-06,7,Springfield
SHIP010995,ORD010995,Standard,UPS,2025-09-18,4,Naperville
SHIP010996,ORD010996,Standard,DHL,2026-02-11,3,Chandler
SHIP010998,ORD010998,Standard,Delhivery,2024-09-26,1,Aurora
SHIP010999,ORD010999,Standard,UPS,2024-08-03,6,San Diego
SHIP011001,ORD011001,Economy,UPS,2024-06-10,4,Miami
SHIP011002,ORD011002,Standard,BlueDart,2026-03-01,5,Ann Arbor
SHIP011003,ORD011003,Standard,FedEx,2025-05-09,8,San Diego
SHIP011004,ORD011004,Standard,DHL,2026-04-15,5,San Antonio
SHIP011007,ORD011007,Standard,IndiaPost,2021-01-24,7,Naperville
SHIP011008,ORD011008,Economy,IndiaPost,2024-10-16,5,Worcester
SHIP011009,ORD011009,Standard,BlueDart,2026-06-04,8,Naperville
SHIP011010,ORD011010,Standard,UPS,2023-11-03,8,Savannah
SHIP011011,ORD011011,Standard,IndiaPost,2026-04-12,9,Cincinnati
SHIP011012,ORD011012,Standard,UPS,2025-09-26,4,San Antonio
SHIP011013,ORD011013,Standard,DHL,2022-10-29,6,Colorado Springs
SHIP011014,ORD011014,Express,IndiaPost,2025-05-13,9,Akron
SHIP011015,ORD011015,Standard,BlueDart,2026-03-03,5,San Jose
SHIP011016,ORD011016,Economy,FedEx,2025-12-09,2,Detroit
SHIP011017,ORD011017,Standard,FedEx,2026-05-05,2,Cambridge
SHIP011018,ORD011018,Same-Day,IndiaPost,2026-01-20,3,Fort Lauderdale
SHIP011019,ORD011019,Same-Day,FedEx,2022-08-06,2,Athens
SHIP011021,ORD011021,Express,BlueDart,2026-07-14,8,Elizabeth
SHIP011022,ORD011022,Express,UPS,2025-05-06,5,San Antonio
SHIP011023,ORD011023,Express,UPS,2022-07-31,1,Akron
SHIP011024,ORD011024,Standard,DHL,2025-08-26,7,Detroit
SHIP011025,ORD011025,Standard,IndiaPost,2021-07-03,9,Philadelphia
SHIP011026,ORD011026,Standard,UPS,2026-03-29,5,San Francisco
SHIP011027,ORD011027,Standard,IndiaPost,2024-10-07,2,San Diego
SHIP011028,ORD011028,Standard,BlueDart,2026-07-19,4,Columbus
SHIP011029,ORD011029,Express,FedEx,2025-11-29,3,Peoria
SHIP011030,ORD011030,Standard,DHL,2024-01-02,7,Flint
SHIP011031,ORD011031,Express,BlueDart,2023-01-20,3,Miami
SHIP011032,ORD011032,Standard,UPS,2025-06-17,4,New York City
SHIP011033,ORD011033,Express,FedEx,2025-07-04,6,Naperville
SHIP011034,ORD011034,Standard,IndiaPost,2026-07-11,3,Reading
SHIP011036,ORD011036,Standard,DHL,2026-04-25,2,Greensboro
SHIP011037,ORD011037,Economy,IndiaPost,2020-08-04,6,Reading
SHIP011039,ORD011039,Standard,UPS,2023-08-31,7,Bellevue
SHIP011040,ORD011040,Standard,BlueDart,2026-05-15,9,Rochester
SHIP011043,ORD011043,Standard,DHL,2024-11-11,7,Cambridge
SHIP011044,ORD011044,Economy,DHL,2026-03-12,7,Durham
SHIP011045,ORD011045,Standard,DHL,2026-01-31,8,San Jose
SHIP011046,ORD011046,Express,FedEx,2024-07-09,6,Fort Lauderdale
SHIP011047,ORD011047,Express,BlueDart,2025-09-11,4,Detroit
SHIP011048,ORD011048,Same-Day,BlueDart,2025-07-20,5,San Antonio
SHIP011050,ORD011050,Economy,DHL,2024-12-31,9,Lowell
SHIP011052,ORD011052,Same-Day,UPS,2026-04-22,1,Grand Rapids
SHIP011053,ORD011053,Standard,IndiaPost,2025-09-15,2,Chandler
SHIP011054,ORD011054,Standard,UPS,2024-03-25,2,Lansing
SHIP011056,ORD011056,Standard,BlueDart,2025-04-24,1,Paterson
SHIP011057,ORD011057,Express,UPS,2026-01-26,1,Austin
SHIP011058,ORD011058,Standard,FedEx,2021-12-28,1,Bellevue
SHIP011060,ORD011060,Same-Day,IndiaPost,2026-05-11,6,Macon
SHIP011061,ORD011061,Express,FedEx,2025-01-04,5,Austin
SHIP011062,ORD011062,Standard,IndiaPost,2026-06-19,3,Peoria
SHIP011063,ORD011063,Standard,BlueDart,2024-09-12,8,Everett
SHIP011064,ORD011064,Express,FedEx,2022-12-23,6,Albany
SHIP011065,ORD011065,Standard,DHL,2025-08-08,1,Durham
SHIP011066,ORD011066,Express,UPS,2026-06-11,4,Trenton
SHIP011067,ORD011067,Standard,UPS,2023-02-14,8,Houston
SHIP011068,ORD011068,Standard,Delhivery,2025-03-21,7,Phoenix
SHIP011070,ORD011070,Express,IndiaPost,2025-07-08,7,Ann Arbor
SHIP011071,ORD011071,Same-Day,IndiaPost,2025-05-23,4,Aurora
SHIP011074,ORD011074,Standard,Delhivery,2023-04-12,2,Tampa
SHIP011075,ORD011075,Express,FedEx,2022-11-26,8,Bellevue
SHIP011076,ORD011076,Standard,IndiaPost,2026-06-12,8,Fort Worth
SHIP011077,ORD011077,Same-Day,UPS,2026-01-03,5,Jersey City
SHIP011078,ORD011078,Express,Delhivery,2026-05-23,6,Mesa
SHIP011079,ORD011079,Express,BlueDart,2025-04-09,2,Flint
SHIP011080,ORD011080,Express,UPS,2025-08-13,1,Tampa
SHIP011081,ORD011081,Standard,Delhivery,2026-01-21,3,San Jose
SHIP011082,ORD011082,Standard,Delhivery,2022-09-02,6,Miami
SHIP011083,ORD011083,Standard,IndiaPost,2023-12-12,9,Syracuse
SHIP011084,ORD011084,Standard,UPS,2024-08-20,7,Dallas
SHIP011085,ORD011085,Standard,IndiaPost,2022-05-19,7,Sacramento
SHIP011086,ORD011086,Express,IndiaPost,2022-11-30,1,Erie
SHIP011087,ORD011087,Standard,UPS,2024-09-29,6,Flint
SHIP011088,ORD011088,Express,UPS,2025-03-07,7,Raleigh
SHIP011089,ORD011089,Standard,FedEx,2025-03-19,1,Syracuse
SHIP011090,ORD011090,Standard,Delhivery,2024-07-13,5,Boulder
SHIP011091,ORD011091,Standard,DHL,2025-08-13,5,Trenton
SHIP011092,ORD011092,Same-Day,BlueDart,2025-12-11,2,Winston-Salem
SHIP011093,ORD011093,Standard,FedEx,2021-01-30,9,Ann Arbor
SHIP011094,ORD011094,Express,DHL,2026-05-22,2,Austin
SHIP011095,ORD011095,Express,Delhivery,2026-06-13,8,San Antonio
SHIP011099,ORD011099,Standard,FedEx,2026-01-31,4,Reading
SHIP011100,ORD011100,Standard,DHL,2020-09-14,2,Macon
SHIP011103,ORD011103,Express,FedEx,2025-06-16,8,Lowell
SHIP011104,ORD011104,Standard,BlueDart,2024-11-27,6,Bellevue
SHIP011105,ORD011105,Express,IndiaPost,2021-12-31,7,Houston
SHIP011106,ORD011106,Express,UPS,2024-01-07,7,Durham
SHIP011108,ORD011108,Standard,UPS,2025-08-21,8,Macon
SHIP011109,ORD011109,Express,Delhivery,2022-12-12,8,Fort Collins
SHIP011110,ORD011110,Standard,DHL,2023-12-01,8,Rochester
SHIP011111,ORD011111,Standard,DHL,2023-08-17,9,Macon
SHIP011112,ORD011112,Standard,FedEx,2026-05-15,2,San Antonio
SHIP011114,ORD011114,Standard,DHL,2026-04-06,7,Akron
SHIP011115,ORD011115,Economy,UPS,2025-12-08,3,Spokane
SHIP011116,ORD011116,Standard,Delhivery,2022-09-04,4,Mesa
SHIP011117,ORD011117,Standard,UPS,2026-08-01,9,Syracuse
SHIP011118,ORD011118,Express,IndiaPost,2025-08-06,4,Cleveland
SHIP011119,ORD011119,Express,FedEx,2025-05-03,4,Austin
SHIP011121,ORD011121,Express,FedEx,2024-11-04,5,Boston
SHIP011123,ORD011123,Standard,Delhivery,2026-07-24,2,Chandler
SHIP011124,ORD011124,Standard,FedEx,2025-05-13,8,Seattle
SHIP011125,ORD011125,Express,BlueDart,2024-02-15,2,Savannah
SHIP011126,ORD011126,Standard,Delhivery,2025-08-02,8,Trenton
SHIP011128,ORD011128,Express,FedEx,2026-01-04,5,Springfield
SHIP011129,ORD011129,Express,FedEx,2025-10-08,7,Reading
SHIP011130,ORD011130,Standard,UPS,2026-06-05,9,Chandler
SHIP011131,ORD011131,Standard,IndiaPost,2026-01-30,5,Flint
SHIP011132,ORD011132,Express,IndiaPost,2026-07-23,5,Boston
SHIP011133,ORD011133,Standard,IndiaPost,2025-12-26,2,San Jose
SHIP011134,ORD011134,Express,IndiaPost,2025-07-24,9,Jacksonville
SHIP011135,ORD011135,Standard,DHL,2025-01-04,5,Aurora
SHIP011136,ORD011136,Standard,Delhivery,2023-12-06,8,New York City
SHIP011137,ORD011137,Standard,Delhivery,2024-05-16,1,Springfield
SHIP011138,ORD011138,Express,IndiaPost,2026-04-29,5,Tacoma
SHIP011139,ORD011139,Standard,IndiaPost,2022-09-23,3,Springfield
SHIP011140,ORD011140,Same-Day,Delhivery,2025-05-23,1,Savannah
SHIP011141,ORD011141,Standard,BlueDart,2026-04-23,8,Scottsdale
SHIP011143,ORD011143,Same-Day,BlueDart,2022-01-18,4,Rochester
SHIP011144,ORD011144,Express,FedEx,2026-03-29,1,Naperville
SHIP011145,ORD011145,Standard,DHL,2025-10-02,8,Greensboro
SHIP011146,ORD011146,Standard,DHL,2026-04-21,4,Lowell
SHIP011147,ORD011147,Standard,Delhivery,2026-05-29,1,Boulder
SHIP011148,ORD011148,Standard,BlueDart,2026-07-23,9,Seattle
SHIP011149,ORD011149,Standard,BlueDart,2023-05-14,1,Austin
SHIP011150,ORD011150,Same-Day,FedEx,2024-08-01,1,Fort Lauderdale
SHIP011152,ORD011152,Standard,UPS,2021-11-19,7,Rochester
SHIP011153,ORD011153,Same-Day,FedEx,2024-04-06,1,Everett
SHIP011154,ORD011154,Economy,UPS,2024-09-15,7,Jersey City
SHIP011155,ORD011155,Standard,Delhivery,2021-04-20,9,Colorado Springs
SHIP011156,ORD011156,Same-Day,FedEx,2024-06-27,2,Naperville
SHIP011158,ORD011158,Same-Day,Delhivery,2022-01-09,9,Jacksonville
SHIP011159,ORD011159,Standard,BlueDart,2023-07-06,3,Charlotte
SHIP011160,ORD011160,Standard,IndiaPost,2026-04-05,5,Jersey City
SHIP011161,ORD011161,Express,IndiaPost,2026-06-05,3,San Jose
SHIP011162,ORD011162,Express,BlueDart,2025-12-03,1,Buffalo
SHIP011163,ORD011163,Standard,DHL,2025-01-24,4,Worcester
SHIP011164,ORD011164,Standard,UPS,2023-07-08,6,San Francisco
SHIP011165,ORD011165,Standard,BlueDart,2025-10-30,6,Colorado Springs
SHIP011166,ORD011166,Standard,DHL,2024-01-14,6,Athens
SHIP011167,ORD011167,Express,FedEx,2026-07-24,6,Albany
SHIP011168,ORD011168,Express,IndiaPost,2026-05-08,6,Pittsburgh
SHIP011169,ORD011169,Standard,BlueDart,2024-01-06,7,Winston-Salem
SHIP011170,ORD011170,Economy,DHL,2026-07-04,3,Houston
SHIP011171,ORD011171,Express,DHL,2024-10-13,3,Houston
SHIP011173,ORD011173,Standard,BlueDart,2025-05-11,1,Grand Rapids
SHIP011174,ORD011174,Standard,Delhivery,2022-12-18,2,Rockford
SHIP011175,ORD011175,Standard,IndiaPost,2024-04-17,8,Boston
SHIP011176,ORD011176,Standard,UPS,2025-03-26,2,San Diego
SHIP011177,ORD011177,Standard,DHL,2026-04-29,7,Lowell
SHIP011178,ORD011178,Standard,Delhivery,2023-07-14,4,Rochester
SHIP011179,ORD011179,Economy,Delhivery,2026-07-05,3,Miami
SHIP011180,ORD011180,Standard,Delhivery,2025-09-14,1,New York City
SHIP011181,ORD011181,Economy,Delhivery,2023-10-23,6,San Jose
SHIP011182,ORD011182,Standard,Delhivery,2026-04-04,7,Tacoma
SHIP011183,ORD011183,Standard,Delhivery,2023-03-01,8,Boston
SHIP011184,ORD011184,Standard,IndiaPost,2023-02-28,4,Flint
SHIP011185,ORD011185,Standard,IndiaPost,2026-05-12,3,Atlanta
SHIP011186,ORD011186,Standard,BlueDart,2023-06-06,9,Spokane
SHIP011187,ORD011187,Express,Delhivery,2024-11-04,3,Winston-Salem
SHIP011188,ORD011188,Standard,Delhivery,2020-08-13,9,Raleigh
SHIP011189,ORD011189,Express,BlueDart,2022-12-30,8,Lowell
SHIP011190,ORD011190,Express,DHL,2025-03-08,1,Erie
SHIP011191,ORD011191,Same-Day,FedEx,2023-04-20,1,Houston
SHIP011192,ORD011192,Standard,IndiaPost,2023-06-16,1,Boston
SHIP011193,ORD011193,Standard,FedEx,2024-12-15,9,Bellevue
SHIP011194,ORD011194,Express,Delhivery,2022-08-01,6,Cincinnati
SHIP011195,ORD011195,Express,FedEx,2026-05-21,6,Denver
SHIP011196,ORD011196,Standard,UPS,2025-07-24,9,Trenton
SHIP011197,ORD011197,Standard,DHL,2025-05-13,8,Colorado Springs
SHIP011198,ORD011198,Standard,BlueDart,2026-07-15,2,Aurora
SHIP011199,ORD011199,Standard,FedEx,2026-06-26,4,Austin
SHIP011200,ORD011200,Standard,DHL,2023-06-08,4,Boston
SHIP011201,ORD011201,Express,IndiaPost,2019-11-06,3,Flint
SHIP011203,ORD011203,Standard,Delhivery,2023-09-30,9,Houston
SHIP011204,ORD011204,Standard,FedEx,2026-07-11,3,Winston-Salem
SHIP011205,ORD011205,Standard,IndiaPost,2025-10-31,8,Boulder
SHIP011206,ORD011206,Standard,BlueDart,2022-05-14,5,Worcester
SHIP011207,ORD011207,Express,IndiaPost,2024-12-15,6,Seattle
SHIP011208,ORD011208,Standard,IndiaPost,2025-09-21,7,Ann Arbor
SHIP011209,ORD011209,Express,FedEx,2026-02-10,7,Boulder
SHIP011210,ORD011210,Standard,BlueDart,2026-07-24,8,Austin
SHIP011211,ORD011211,Express,UPS,2026-05-02,7,Mesa
SHIP011213,ORD011213,Standard,Delhivery,2025-06-03,6,Albany
SHIP011214,ORD011214,Express,IndiaPost,2024-05-09,4,Sacramento
SHIP011215,ORD011215,Standard,FedEx,2025-12-09,6,Chicago
SHIP011216,ORD011216,Standard,DHL,2026-06-16,5,Boston
SHIP011217,ORD011217,Same-Day,DHL,2026-01-21,4,Buffalo
SHIP011218,ORD011218,Standard,FedEx,2025-10-02,8,Tacoma
SHIP011220,ORD011220,Standard,UPS,2025-07-24,3,Lansing
SHIP011221,ORD011221,Standard,UPS,2026-06-19,5,Springfield
SHIP011222,ORD011222,Express,BlueDart,2021-11-08,8,Austin
SHIP011223,ORD011223,Economy,IndiaPost,2024-09-02,6,Phoenix
SHIP011224,ORD011224,Standard,UPS,2025-12-31,9,Everett
SHIP011225,ORD011225,Economy,Delhivery,2021-10-28,2,San Jose
SHIP011226,ORD011226,Standard,DHL,2025-04-23,5,Philadelphia
SHIP011227,ORD011227,Express,IndiaPost,2023-06-18,3,San Antonio
SHIP011228,ORD011228,Express,UPS,2026-05-11,8,Mesa
SHIP011230,ORD011230,Standard,IndiaPost,2024-11-27,2,San Francisco
SHIP011231,ORD011231,Standard,IndiaPost,2020-07-07,6,Cleveland
SHIP011232,ORD011232,Standard,FedEx,2025-09-04,4,Durham
SHIP011233,ORD011233,Standard,Delhivery,2024-02-25,1,Chicago
SHIP011234,ORD011234,Standard,IndiaPost,2025-05-20,4,Naperville
SHIP011235,ORD011235,Standard,DHL,2024-10-16,6,Worcester
SHIP011236,ORD011236,Standard,IndiaPost,2025-01-30,9,Jacksonville
SHIP011237,ORD011237,Standard,UPS,2025-03-06,2,Augusta
SHIP011238,ORD011238,Economy,IndiaPost,2026-06-06,9,San Diego
SHIP011239,ORD011239,Standard,Delhivery,2026-02-10,2,Lowell
SHIP011240,ORD011240,Standard,Delhivery,2025-05-20,1,Bellevue
SHIP011241,ORD011241,Express,Delhivery,2026-03-05,8,Fort Lauderdale
SHIP011242,ORD011242,Economy,DHL,2021-08-03,1,Grand Rapids
SHIP011246,ORD011246,Economy,Delhivery,2025-09-08,2,Ann Arbor
SHIP011249,ORD011249,Standard,IndiaPost,2026-05-09,4,Raleigh
SHIP011250,ORD011250,Express,IndiaPost,2021-10-24,5,Aurora
SHIP011252,ORD011252,Express,UPS,2025-02-03,7,Albany
SHIP011253,ORD011253,Express,UPS,2026-07-24,4,Aurora
SHIP011254,ORD011254,Economy,IndiaPost,2025-10-25,7,Ann Arbor
SHIP011255,ORD011255,Standard,IndiaPost,2025-09-13,7,Paterson
SHIP011256,ORD011256,Express,BlueDart,2026-07-15,9,Boston
SHIP011257,ORD011257,Same-Day,Delhivery,2021-12-17,3,Grand Rapids
SHIP011259,ORD011259,Standard,DHL,2026-07-08,1,Everett
SHIP011262,ORD011262,Economy,FedEx,2024-04-09,5,Colorado Springs
SHIP011264,ORD011264,Express,BlueDart,2024-11-19,5,Macon
SHIP011266,ORD011266,Standard,FedEx,2023-05-18,5,Aurora
SHIP011267,ORD011267,Standard,UPS,2026-01-22,2,Fort Worth
SHIP011268,ORD011268,Standard,FedEx,2025-08-01,9,Cleveland
SHIP011269,ORD011269,Standard,Delhivery,2026-01-15,3,Rockford
SHIP011270,ORD011270,Standard,UPS,2026-01-08,8,Detroit
SHIP011274,ORD011274,Express,DHL,2024-08-26,4,Mesa
SHIP011275,ORD011275,Standard,DHL,2026-04-03,7,Akron
SHIP011276,ORD011276,Express,DHL,2025-12-23,4,Macon
SHIP011278,ORD011278,Express,IndiaPost,2026-05-01,1,Boulder
SHIP011279,ORD011279,Standard,BlueDart,2026-03-14,4,Springfield
SHIP011280,ORD011280,Express,IndiaPost,2024-11-22,4,Rochester
SHIP011281,ORD011281,Standard,BlueDart,2024-02-07,8,Jacksonville
SHIP011282,ORD011282,Standard,IndiaPost,2024-11-29,6,Spokane
SHIP011283,ORD011283,Standard,DHL,2022-10-22,7,Aurora
SHIP011284,ORD011284,Standard,IndiaPost,2024-05-16,5,Aurora
SHIP011286,ORD011286,Same-Day,DHL,2022-09-13,6,Houston
SHIP011287,ORD011287,Economy,BlueDart,2022-12-22,1,Springfield
SHIP011288,ORD011288,Same-Day,BlueDart,2021-11-14,9,Pittsburgh
SHIP011289,ORD011289,Express,Delhivery,2025-08-07,1,Trenton
SHIP011290,ORD011290,Express,Delhivery,2024-02-28,6,Dallas
SHIP011291,ORD011291,Standard,IndiaPost,2022-07-03,7,Athens
SHIP011292,ORD011292,Standard,Delhivery,2021-12-17,4,San Francisco
SHIP011294,ORD011294,Standard,FedEx,2023-08-28,3,Austin
SHIP011296,ORD011296,Economy,Delhivery,2025-10-21,1,Lansing
SHIP011298,ORD011298,Standard,UPS,2023-07-22,6,Dallas
SHIP011299,ORD011299,Standard,Delhivery,2024-03-22,8,Athens
SHIP011300,ORD011300,Express,Delhivery,2025-08-01,8,Raleigh
SHIP011302,ORD011302,Economy,FedEx,2022-01-12,4,Worcester
SHIP011303,ORD011303,Express,UPS,2026-03-27,6,Greensboro
SHIP011304,ORD011304,Standard,FedEx,2026-05-22,2,Buffalo
SHIP011305,ORD011305,Economy,UPS,2025-08-07,1,Peoria
SHIP011306,ORD011306,Standard,Delhivery,2023-09-17,9,Dallas
SHIP011307,ORD011307,Standard,FedEx,2025-10-05,6,Chandler
SHIP011308,ORD011308,Standard,FedEx,2020-05-28,4,Augusta
SHIP011309,ORD011309,Standard,BlueDart,2025-12-16,6,Raleigh
SHIP011310,ORD011310,Express,DHL,2021-11-11,3,Augusta
SHIP011311,ORD011311,Standard,BlueDart,2026-06-16,2,Miami
SHIP011312,ORD011312,Standard,BlueDart,2026-05-21,7,Springfield
SHIP011313,ORD011313,Standard,BlueDart,2024-11-23,6,Peoria
SHIP011314,ORD011314,Standard,Delhivery,2026-07-10,3,Colorado Springs
SHIP011315,ORD011315,Standard,IndiaPost,2026-05-04,3,Rochester
SHIP011316,ORD011316,Same-Day,IndiaPost,2025-11-06,4,Chicago
SHIP011317,ORD011317,Economy,DHL,2022-06-15,2,Sacramento
SHIP011318,ORD011318,Standard,UPS,2025-02-16,4,Allentown
SHIP011321,ORD011321,Economy,UPS,2026-02-05,4,Cleveland
SHIP011322,ORD011322,Standard,Delhivery,2023-02-12,8,Chandler
SHIP011323,ORD011323,Standard,DHL,2023-08-08,4,San Diego
SHIP011324,ORD011324,Standard,Delhivery,2023-10-07,8,Buffalo
SHIP011327,ORD011327,Standard,DHL,2023-02-25,3,Tucson
SHIP011329,ORD011329,Standard,FedEx,2025-09-19,3,Dallas
SHIP011331,ORD011331,Express,Delhivery,2026-03-09,2,Mesa
SHIP011332,ORD011332,Express,UPS,2026-03-22,9,Athens
SHIP011334,ORD011334,Express,Delhivery,2025-12-31,1,Boulder
SHIP011335,ORD011335,Standard,UPS,2025-06-07,3,Jersey City
SHIP011336,ORD011336,Standard,DHL,2024-05-20,8,Phoenix
SHIP011338,ORD011338,Standard,FedEx,2025-04-24,7,Denver
SHIP011339,ORD011339,Standard,FedEx,2022-07-01,6,Scottsdale
SHIP011340,ORD011340,Economy,DHL,2025-12-20,5,Ann Arbor
SHIP011342,ORD011342,Express,UPS,2024-05-17,5,Worcester
SHIP011343,ORD011343,Same-Day,IndiaPost,2022-12-22,8,Tucson
SHIP011344,ORD011344,Express,DHL,2026-04-11,5,Boston
SHIP011345,ORD011345,Same-Day,UPS,2025-11-20,3,Cambridge
SHIP011346,ORD011346,Express,BlueDart,2026-04-26,4,Macon
SHIP011347,ORD011347,Express,DHL,2025-02-02,8,Tucson
SHIP011348,ORD011348,Express,IndiaPost,2026-06-27,9,Tampa
SHIP011349,ORD011349,Same-Day,DHL,2025-02-23,4,Detroit
SHIP011350,ORD011350,Economy,DHL,2023-04-18,6,Worcester
SHIP011351,ORD011351,Express,UPS,2021-08-11,7,Athens
SHIP011352,ORD011352,Standard,IndiaPost,2025-09-28,4,Philadelphia
SHIP011353,ORD011353,Standard,UPS,2024-12-16,3,Boston
SHIP011354,ORD011354,Express,FedEx,2024-11-11,3,New York City
SHIP011355,ORD011355,Express,UPS,2026-05-26,1,Trenton
SHIP011356,ORD011356,Standard,IndiaPost,2025-03-26,1,Charlotte
SHIP011357,ORD011357,Express,Delhivery,2024-01-05,5,Worcester
SHIP011359,ORD011359,Standard,FedEx,2025-03-17,2,Winston-Salem
SHIP011361,ORD011361,Economy,BlueDart,2026-05-19,9,New York City
SHIP011363,ORD011363,Express,BlueDart,2026-07-31,3,Buffalo
SHIP011364,ORD011364,Standard,UPS,2024-06-24,9,Los Angeles
SHIP011365,ORD011365,Same-Day,DHL,2023-10-13,3,Tampa
SHIP011367,ORD011367,Express,DHL,2025-09-06,5,Peoria
SHIP011368,ORD011368,Express,BlueDart,2025-09-07,5,Tucson
SHIP011370,ORD011370,Standard,DHL,2025-12-01,2,Winston-Salem
SHIP011372,ORD011372,Express,UPS,2024-07-29,1,Pittsburgh
SHIP011373,ORD011373,Standard,Delhivery,2025-03-16,8,Buffalo
SHIP011374,ORD011374,Express,BlueDart,2022-04-08,5,Houston
SHIP011375,ORD011375,Standard,IndiaPost,2024-02-23,4,Paterson
SHIP011376,ORD011376,Economy,BlueDart,2025-02-07,3,Macon
SHIP011378,ORD011378,Standard,BlueDart,2025-11-28,2,Jersey City
SHIP011379,ORD011379,Standard,DHL,2026-01-04,6,Chicago
SHIP011380,ORD011380,Standard,FedEx,2024-02-17,9,San Francisco
SHIP011381,ORD011381,Standard,FedEx,2025-06-02,3,Sacramento
SHIP011382,ORD011382,Same-Day,IndiaPost,2026-04-27,6,Ann Arbor
SHIP011383,ORD011383,Same-Day,DHL,2024-03-22,3,Naperville
SHIP011384,ORD011384,Economy,FedEx,2024-07-11,2,Everett
SHIP011386,ORD011386,Standard,UPS,2022-07-22,5,Mesa
SHIP011387,ORD011387,Standard,UPS,2026-06-20,8,Lowell
SHIP011388,ORD011388,Standard,Delhivery,2022-09-02,1,Orlando
SHIP011389,ORD011389,Standard,Delhivery,2025-09-10,6,Rochester
SHIP011390,ORD011390,Standard,BlueDart,2025-04-13,9,Jersey City
SHIP011391,ORD011391,Standard,IndiaPost,2024-07-28,4,Boston
SHIP011392,ORD011392,Express,Delhivery,2024-05-18,6,Greensboro
SHIP011393,ORD011393,Standard,Delhivery,2026-01-09,2,Ann Arbor
SHIP011394,ORD011394,Express,Delhivery,2026-04-20,6,Albany
SHIP011395,ORD011395,Standard,Delhivery,2023-05-05,7,Colorado Springs
SHIP011396,ORD011396,Standard,Delhivery,2022-05-11,2,Detroit
SHIP011397,ORD011397,Standard,UPS,2023-11-22,3,Jersey City
SHIP011398,ORD011398,Same-Day,DHL,2024-03-20,7,Jacksonville
SHIP011400,ORD011400,Standard,BlueDart,2024-12-15,4,Ann Arbor
SHIP011401,ORD011401,Express,IndiaPost,2024-10-15,6,Aurora
SHIP011402,ORD011402,Economy,FedEx,2026-06-27,2,Allentown
SHIP011403,ORD011403,Express,FedEx,2025-12-20,2,Detroit
SHIP011404,ORD011404,Express,BlueDart,2020-12-23,3,Lowell
SHIP011405,ORD011405,Express,FedEx,2026-02-12,9,Buffalo
SHIP011406,ORD011406,Standard,IndiaPost,2026-06-04,5,Cincinnati
SHIP011407,ORD011407,Express,DHL,2026-04-15,5,Chandler
SHIP011408,ORD011408,Express,DHL,2026-07-17,4,Boulder
SHIP011409,ORD011409,Standard,BlueDart,2025-02-26,7,Lowell
SHIP011410,ORD011410,Economy,Delhivery,2026-06-14,7,Rockford
SHIP011411,ORD011411,Same-Day,FedEx,2024-03-23,9,Elizabeth
SHIP011412,ORD011412,Standard,Delhivery,2023-07-07,7,Jacksonville
SHIP011414,ORD011414,Standard,Delhivery,2026-07-27,8,Cambridge
SHIP011416,ORD011416,Standard,FedEx,2023-01-17,9,Lowell
SHIP011417,ORD011417,Express,Delhivery,2024-07-08,1,Fort Collins
SHIP011418,ORD011418,Standard,Delhivery,2025-07-21,6,Newark
SHIP011419,ORD011419,Standard,Delhivery,2023-08-18,3,Springfield
SHIP011420,ORD011420,Express,Delhivery,2025-07-03,2,Cincinnati
SHIP011421,ORD011421,Standard,UPS,2025-02-24,1,Trenton
SHIP011422,ORD011422,Standard,FedEx,2022-01-10,4,Athens
SHIP011423,ORD011423,Standard,IndiaPost,2026-02-15,6,Athens
SHIP011424,ORD011424,Express,FedEx,2025-12-13,5,Columbus
SHIP011427,ORD011427,Express,DHL,2025-03-11,6,Boston
SHIP011428,ORD011428,Standard,FedEx,2023-12-04,7,Ann Arbor
SHIP011429,ORD011429,Express,UPS,2023-08-30,3,Toledo
SHIP011430,ORD011430,Same-Day,BlueDart,2026-05-23,4,New York City
SHIP011431,ORD011431,Express,IndiaPost,2024-12-15,3,Fort Worth
SHIP011432,ORD011432,Standard,Delhivery,2023-04-27,4,Fort Worth
SHIP011433,ORD011433,Standard,IndiaPost,2026-05-17,6,Aurora
SHIP011434,ORD011434,Standard,Delhivery,2022-11-11,1,Charlotte
SHIP011435,ORD011435,Express,Delhivery,2025-01-20,8,Tacoma
SHIP011436,ORD011436,Economy,FedEx,2024-09-21,6,Macon
SHIP011437,ORD011437,Standard,UPS,2026-05-01,1,Cincinnati
SHIP011438,ORD011438,Standard,DHL,2026-07-21,5,Fort Collins
SHIP011439,ORD011439,Express,IndiaPost,2025-12-28,6,Chicago
SHIP011440,ORD011440,Standard,UPS,2024-02-13,5,Columbus
SHIP011441,ORD011441,Express,Delhivery,2024-04-07,9,Tampa
SHIP011443,ORD011443,Express,FedEx,2025-07-30,1,Rochester
SHIP011445,ORD011445,Economy,FedEx,2026-01-31,4,Worcester
SHIP011446,ORD011446,Same-Day,DHL,2025-01-06,2,Miami
SHIP011448,ORD011448,Standard,DHL,2026-03-10,3,Tucson
SHIP011450,ORD011450,Express,IndiaPost,2023-04-25,8,Tampa
SHIP011452,ORD011452,Economy,UPS,2026-03-17,3,San Diego
SHIP011453,ORD011453,Standard,UPS,2026-03-26,3,Pittsburgh
SHIP011454,ORD011454,Standard,FedEx,2023-09-07,2,Pittsburgh
SHIP011455,ORD011455,Standard,BlueDart,2026-06-13,5,Aurora
SHIP011456,ORD011456,Standard,DHL,2022-06-05,2,Toledo
SHIP011458,ORD011458,Standard,Delhivery,2026-07-10,6,Miami
SHIP011459,ORD011459,Standard,UPS,2026-04-21,1,Erie
SHIP011460,ORD011460,Standard,FedEx,2026-06-07,1,Springfield
SHIP011461,ORD011461,Standard,UPS,2026-03-10,7,Raleigh
SHIP011462,ORD011462,Standard,IndiaPost,2022-09-10,8,Buffalo
SHIP011464,ORD011464,Standard,IndiaPost,2020-09-09,6,Ann Arbor
SHIP011465,ORD011465,Standard,BlueDart,2022-11-27,9,Everett
SHIP011467,ORD011467,Standard,DHL,2025-11-09,3,Grand Rapids
SHIP011468,ORD011468,Standard,DHL,2025-12-03,6,Winston-Salem
SHIP011469,ORD011469,Same-Day,BlueDart,2025-01-14,5,Athens
SHIP011470,ORD011470,Economy,BlueDart,2024-01-03,3,San Francisco
SHIP011471,ORD011471,Standard,BlueDart,2024-05-31,8,Rockford
SHIP011472,ORD011472,Same-Day,FedEx,2026-02-11,6,Cincinnati
SHIP011473,ORD011473,Standard,FedEx,2024-05-17,9,Los Angeles
SHIP011474,ORD011474,Same-Day,UPS,2022-11-24,4,Trenton
SHIP011475,ORD011475,Express,Delhivery,2026-07-22,8,Lowell
SHIP011476,ORD011476,Standard,UPS,2025-08-22,5,Chandler
SHIP011477,ORD011477,Standard,Delhivery,2021-11-19,6,San Francisco
SHIP011478,ORD011478,Economy,FedEx,2021-07-15,2,Savannah
SHIP011480,ORD011480,Standard,UPS,2023-12-19,7,Los Angeles
SHIP011481,ORD011481,Express,DHL,2021-06-05,3,Chicago
SHIP011482,ORD011482,Standard,BlueDart,2025-08-31,3,Tacoma
SHIP011483,ORD011483,Standard,Delhivery,2025-11-22,8,Ann Arbor
SHIP011484,ORD011484,Express,DHL,2026-03-06,2,Buffalo
SHIP011486,ORD011486,Standard,Delhivery,2026-01-13,6,Los Angeles
SHIP011487,ORD011487,Express,DHL,2024-10-08,3,Grand Rapids
SHIP011488,ORD011488,Standard,BlueDart,2025-11-19,8,Jersey City
SHIP011489,ORD011489,Standard,BlueDart,2026-05-13,8,Savannah
SHIP011490,ORD011490,Same-Day,BlueDart,2025-12-31,1,Greensboro
SHIP011491,ORD011491,Express,FedEx,2026-07-18,7,Springfield
SHIP011492,ORD011492,Express,IndiaPost,2026-04-19,2,San Antonio
SHIP011493,ORD011493,Economy,Delhivery,2021-08-14,8,Denver
SHIP011494,ORD011494,Standard,Delhivery,2025-07-24,6,Springfield
SHIP011496,ORD011496,Same-Day,UPS,2026-03-28,6,Mesa
SHIP011497,ORD011497,Same-Day,Delhivery,2025-06-12,4,Los Angeles
SHIP011498,ORD011498,Standard,Delhivery,2022-01-05,2,Syracuse
SHIP011499,ORD011499,Standard,UPS,2023-09-14,3,New York City
SHIP011501,ORD011501,Express,UPS,2021-11-28,3,Charlotte
SHIP011502,ORD011502,Standard,IndiaPost,2026-07-29,3,Raleigh
SHIP011503,ORD011503,Standard,UPS,2021-05-26,1,Macon
SHIP011504,ORD011504,Standard,DHL,2024-09-22,7,Greensboro
SHIP011506,ORD011506,Express,UPS,2025-09-26,9,Erie
SHIP011507,ORD011507,Standard,UPS,2022-07-23,6,Albany
SHIP011508,ORD011508,Economy,DHL,2025-01-09,5,Springfield
SHIP011509,ORD011509,Same-Day,IndiaPost,2025-09-25,5,Orlando
SHIP011511,ORD011511,Express,UPS,2023-11-10,3,Colorado Springs
SHIP011512,ORD011512,Express,FedEx,2022-12-14,6,Buffalo
SHIP011513,ORD011513,Standard,IndiaPost,2026-02-26,9,Ann Arbor
SHIP011514,ORD011514,Standard,IndiaPost,2025-03-31,6,San Francisco
SHIP011515,ORD011515,Economy,UPS,2025-03-20,1,Allentown
SHIP011516,ORD011516,Express,FedEx,2022-09-04,3,Erie
SHIP011517,ORD011517,Standard,BlueDart,2025-07-27,2,Philadelphia
SHIP011518,ORD011518,Standard,Delhivery,2026-05-02,8,Boston
SHIP011519,ORD011519,Standard,FedEx,2022-02-17,4,Sacramento
SHIP011520,ORD011520,Express,UPS,2024-10-28,7,Rockford
SHIP011521,ORD011521,Standard,FedEx,2025-10-07,7,Grand Rapids
SHIP011522,ORD011522,Economy,Delhivery,2025-07-12,6,Mesa
SHIP011523,ORD011523,Standard,DHL,2025-12-15,2,Grand Rapids
SHIP011525,ORD011525,Standard,BlueDart,2025-07-08,3,Bellevue
SHIP011527,ORD011527,Standard,UPS,2022-11-05,8,Pittsburgh
SHIP011528,ORD011528,Standard,DHL,2024-03-27,5,Raleigh
SHIP011531,ORD011531,Express,UPS,2026-05-04,6,Los Angeles
SHIP011532,ORD011532,Standard,Delhivery,2021-07-24,4,Philadelphia
SHIP011533,ORD011533,Standard,Delhivery,2025-03-02,7,Dallas
SHIP011534,ORD011534,Standard,FedEx,2025-11-04,8,Boston
SHIP011535,ORD011535,Standard,BlueDart,2023-07-26,4,Rockford
SHIP011536,ORD011536,Express,Delhivery,2024-08-05,8,Augusta
SHIP011538,ORD011538,Standard,IndiaPost,2020-06-30,9,Akron
SHIP011539,ORD011539,Standard,BlueDart,2024-10-11,9,Jacksonville
SHIP011540,ORD011540,Standard,DHL,2025-07-25,3,Everett
SHIP011541,ORD011541,Standard,IndiaPost,2024-06-19,7,Detroit
SHIP011542,ORD011542,Economy,BlueDart,2024-10-21,3,Cleveland
SHIP011543,ORD011543,Standard,Delhivery,2025-02-15,5,Mesa
SHIP011544,ORD011544,Standard,DHL,2025-03-08,7,Athens
SHIP011545,ORD011545,Standard,Delhivery,2026-08-08,9,Naperville
SHIP011546,ORD011546,Standard,DHL,2025-02-18,8,Boulder
SHIP011547,ORD011547,Same-Day,IndiaPost,2025-09-01,3,Cincinnati
SHIP011549,ORD011549,Economy,UPS,2023-06-09,1,Grand Rapids
SHIP011550,ORD011550,Express,UPS,2026-07-29,7,San Francisco
SHIP011551,ORD011551,Standard,BlueDart,2023-06-22,4,San Francisco
SHIP011552,ORD011552,Standard,BlueDart,2026-05-25,4,Boulder
SHIP011553,ORD011553,Standard,UPS,2026-04-12,9,Fort Lauderdale
SHIP011557,ORD011557,Same-Day,UPS,2023-01-04,2,Allentown
SHIP011558,ORD011558,Standard,Delhivery,2023-03-23,7,Fort Lauderdale
SHIP011559,ORD011559,Standard,UPS,2021-11-10,4,Cleveland
SHIP011560,ORD011560,Express,BlueDart,2022-07-29,2,Raleigh
SHIP011562,ORD011562,Express,DHL,2026-01-14,9,Rockford
SHIP011563,ORD011563,Standard,IndiaPost,2026-06-13,8,Aurora
SHIP011564,ORD011564,Standard,UPS,2026-07-06,8,Augusta
SHIP011565,ORD011565,Express,BlueDart,2024-01-24,5,Dallas
SHIP011566,ORD011566,Express,UPS,2026-03-22,1,Everett
SHIP011567,ORD011567,Economy,IndiaPost,2025-09-18,8,Colorado Springs
SHIP011568,ORD011568,Standard,BlueDart,2025-10-02,7,Buffalo
SHIP011569,ORD011569,Standard,UPS,2026-02-02,9,Springfield
SHIP011570,ORD011570,Express,IndiaPost,2025-09-15,7,Seattle
SHIP011571,ORD011571,Standard,Delhivery,2026-08-06,9,Tampa
SHIP011573,ORD011573,Express,Delhivery,2024-09-13,7,Fort Worth
SHIP011574,ORD011574,Express,FedEx,2026-05-28,6,Paterson
SHIP011575,ORD011575,Standard,FedEx,2026-05-27,1,Syracuse
SHIP011576,ORD011576,Standard,DHL,2026-01-09,4,Reading
SHIP011577,ORD011577,Standard,BlueDart,2026-03-26,4,Tucson
SHIP011578,ORD011578,Express,BlueDart,2026-07-18,8,Savannah
SHIP011579,ORD011579,Standard,DHL,2023-08-06,7,Jersey City
SHIP011580,ORD011580,Standard,Delhivery,2024-05-24,2,Spokane
SHIP011581,ORD011581,Express,UPS,2023-04-23,7,Athens
SHIP011582,ORD011582,Standard,DHL,2025-09-29,9,Houston
SHIP011583,ORD011583,Economy,BlueDart,2026-03-13,5,Scottsdale
SHIP011584,ORD011584,Same-Day,Delhivery,2026-04-26,8,Rochester
SHIP011585,ORD011585,Standard,Delhivery,2023-07-09,8,Miami
SHIP011586,ORD011586,Standard,UPS,2025-04-16,2,Macon
SHIP011587,ORD011587,Economy,UPS,2025-07-03,1,Sacramento
SHIP011588,ORD011588,Express,UPS,2026-06-30,5,San Antonio
SHIP011589,ORD011589,Standard,BlueDart,2026-01-06,6,Detroit
SHIP011590,ORD011590,Standard,DHL,2022-05-24,6,Syracuse
SHIP011591,ORD011591,Same-Day,BlueDart,2026-04-27,8,Syracuse
SHIP011592,ORD011592,Economy,IndiaPost,2020-05-16,1,Columbus
SHIP011593,ORD011593,Standard,UPS,2025-05-20,8,Sacramento
SHIP011594,ORD011594,Standard,DHL,2021-06-14,7,Seattle
SHIP011595,ORD011595,Express,UPS,2024-06-08,1,Springfield
SHIP011596,ORD011596,Standard,FedEx,2023-06-27,8,Mesa
SHIP011597,ORD011597,Standard,Delhivery,2025-09-14,3,Philadelphia
SHIP011598,ORD011598,Express,FedEx,2024-08-12,1,Syracuse
SHIP011601,ORD011601,Same-Day,FedEx,2026-06-17,8,Aurora
SHIP011603,ORD011603,Economy,IndiaPost,2025-12-09,4,Tucson
SHIP011604,ORD011604,Standard,Delhivery,2025-04-03,1,Denver
SHIP011605,ORD011605,Same-Day,DHL,2025-09-09,3,Grand Rapids
SHIP011606,ORD011606,Standard,FedEx,2024-11-07,1,Paterson
SHIP011608,ORD011608,Standard,UPS,2026-04-01,6,Erie
SHIP011609,ORD011609,Standard,DHL,2021-02-12,7,Miami
SHIP011610,ORD011610,Economy,UPS,2025-12-30,1,Elizabeth
SHIP011611,ORD011611,Standard,Delhivery,2025-09-01,8,Jersey City
SHIP011612,ORD011612,Standard,IndiaPost,2025-05-24,7,San Jose
SHIP011613,ORD011613,Express,IndiaPost,2026-07-27,5,Philadelphia
SHIP011615,ORD011615,Express,IndiaPost,2025-02-14,3,Chicago
SHIP011616,ORD011616,Express,IndiaPost,2021-06-07,6,Seattle
SHIP011617,ORD011617,Express,Delhivery,2024-05-11,6,Lansing
SHIP011620,ORD011620,Standard,Delhivery,2022-03-30,4,Jersey City
SHIP011621,ORD011621,Economy,FedEx,2025-10-22,1,Phoenix
SHIP011623,ORD011623,Standard,Delhivery,2026-05-09,2,Lowell
SHIP011624,ORD011624,Standard,FedEx,2026-03-17,8,Denver
SHIP011625,ORD011625,Same-Day,Delhivery,2023-03-01,2,Raleigh
SHIP011626,ORD011626,Standard,DHL,2021-12-15,3,Spokane
SHIP011627,ORD011627,Same-Day,UPS,2025-02-09,3,Buffalo
SHIP011628,ORD011628,Same-Day,Delhivery,2023-07-21,2,Fort Worth
SHIP011629,ORD011629,Economy,Delhivery,2024-05-21,5,Lansing
SHIP011631,ORD011631,Standard,FedEx,2026-01-17,1,Jacksonville
SHIP011632,ORD011632,Standard,Delhivery,2026-01-20,2,Orlando
SHIP011633,ORD011633,Standard,IndiaPost,2026-07-23,6,Lowell
SHIP011634,ORD011634,Standard,BlueDart,2025-04-08,1,Fort Lauderdale
SHIP011635,ORD011635,Same-Day,UPS,2024-01-15,4,Rockford
SHIP011636,ORD011636,Standard,UPS,2024-12-14,7,Erie
SHIP011637,ORD011637,Express,FedEx,2025-06-19,2,San Diego
SHIP011638,ORD011638,Standard,Delhivery,2023-07-03,4,Peoria
SHIP011639,ORD011639,Express,IndiaPost,2026-02-01,9,Springfield
SHIP011640,ORD011640,Standard,UPS,2026-04-12,6,Spokane
SHIP011642,ORD011642,Express,FedEx,2023-10-25,9,Pittsburgh
SHIP011643,ORD011643,Express,BlueDart,2022-02-15,4,Fort Lauderdale
SHIP011644,ORD011644,Same-Day,BlueDart,2025-03-11,4,Orlando
SHIP011645,ORD011645,Same-Day,UPS,2023-06-21,6,Aurora
SHIP011646,ORD011646,Express,Delhivery,2024-12-10,7,Chicago
SHIP011647,ORD011647,Standard,UPS,2023-10-25,4,Erie
SHIP011649,ORD011649,Standard,Delhivery,2026-06-22,4,Erie
SHIP011650,ORD011650,Express,BlueDart,2026-06-20,9,Pittsburgh
SHIP011651,ORD011651,Express,IndiaPost,2025-10-04,8,Fort Lauderdale
SHIP011652,ORD011652,Standard,IndiaPost,2023-07-14,7,Rockford
SHIP011653,ORD011653,Express,IndiaPost,2026-02-02,9,Tacoma
SHIP011654,ORD011654,Standard,IndiaPost,2026-07-26,9,Worcester
SHIP011655,ORD011655,Same-Day,DHL,2026-07-14,8,Syracuse
SHIP011656,ORD011656,Express,UPS,2026-02-05,2,Worcester
SHIP011658,ORD011658,Economy,Delhivery,2024-04-29,2,Boston
SHIP011659,ORD011659,Standard,IndiaPost,2025-10-27,2,Charlotte
SHIP011660,ORD011660,Standard,IndiaPost,2025-10-13,4,Tucson
SHIP011661,ORD011661,Express,IndiaPost,2025-06-05,3,Scottsdale
SHIP011662,ORD011662,Standard,FedEx,2023-11-07,8,Aurora
SHIP011663,ORD011663,Express,FedEx,2022-02-12,6,Dallas
SHIP011664,ORD011664,Standard,UPS,2024-10-02,3,Mesa
SHIP011665,ORD011665,Express,BlueDart,2025-04-01,3,Winston-Salem
SHIP011666,ORD011666,Standard,IndiaPost,2026-04-28,5,Augusta
SHIP011667,ORD011667,Standard,FedEx,2021-11-03,6,San Antonio
SHIP011668,ORD011668,Express,DHL,2025-05-02,4,Chicago
SHIP011669,ORD011669,Economy,FedEx,2022-11-03,7,Rockford
SHIP011670,ORD011670,Same-Day,UPS,2026-03-28,1,Everett
SHIP011671,ORD011671,Standard,UPS,2025-09-10,3,New York City
SHIP011672,ORD011672,Standard,Delhivery,2024-02-21,9,Tacoma
SHIP011673,ORD011673,Express,BlueDart,2026-07-30,4,Newark
SHIP011674,ORD011674,Standard,UPS,2022-06-20,9,Naperville
SHIP011675,ORD011675,Express,DHL,2025-10-16,5,Akron
SHIP011676,ORD011676,Standard,Delhivery,2024-09-15,4,Cleveland
SHIP011677,ORD011677,Standard,FedEx,2026-04-21,5,Tucson
SHIP011678,ORD011678,Express,Delhivery,2025-09-11,8,Austin
SHIP011680,ORD011680,Standard,IndiaPost,2023-09-20,7,Springfield
SHIP011681,ORD011681,Standard,UPS,2026-04-06,1,Springfield
SHIP011682,ORD011682,Standard,BlueDart,2025-03-06,6,Colorado Springs
SHIP011683,ORD011683,Standard,IndiaPost,2025-01-07,9,Chandler
SHIP011684,ORD011684,Same-Day,Delhivery,2026-07-17,4,Savannah
SHIP011685,ORD011685,Express,UPS,2022-07-11,9,Savannah
SHIP011686,ORD011686,Standard,UPS,2026-01-17,2,Durham
SHIP011687,ORD011687,Express,DHL,2025-05-31,9,Raleigh
SHIP011688,ORD011688,Standard,FedEx,2022-10-25,5,Ann Arbor
SHIP011689,ORD011689,Express,IndiaPost,2020-11-30,4,Denver
SHIP011690,ORD011690,Standard,FedEx,2023-03-07,9,Atlanta
SHIP011691,ORD011691,Standard,Delhivery,2025-10-24,7,Naperville
SHIP011692,ORD011692,Standard,BlueDart,2025-02-26,9,Dallas
SHIP011694,ORD011694,Standard,BlueDart,2026-01-12,5,Fort Lauderdale
SHIP011695,ORD011695,Standard,BlueDart,2025-08-10,8,Cincinnati
SHIP011696,ORD011696,Express,DHL,2025-03-26,2,Sacramento
SHIP011697,ORD011697,Standard,DHL,2023-12-11,5,New York City
SHIP011699,ORD011699,Standard,FedEx,2024-03-18,7,Lowell
SHIP011700,ORD011700,Standard,BlueDart,2023-11-27,5,Springfield
SHIP011702,ORD011702,Express,FedEx,2024-05-12,5,Durham
SHIP011703,ORD011703,Express,IndiaPost,2019-10-14,5,Jersey City
SHIP011705,ORD011705,Standard,UPS,2024-10-30,1,Fort Worth
SHIP011706,ORD011706,Standard,Delhivery,2024-09-09,9,Savannah
SHIP011707,ORD011707,Standard,IndiaPost,2022-11-13,6,Cincinnati
SHIP011708,ORD011708,Standard,BlueDart,2022-05-03,6,Orlando
SHIP011709,ORD011709,Standard,Delhivery,2023-08-10,4,Lansing
SHIP011710,ORD011710,Standard,UPS,2024-09-13,8,Tucson
SHIP011711,ORD011711,Standard,BlueDart,2022-02-15,5,Everett
SHIP011712,ORD011712,Express,DHL,2025-03-11,5,Atlanta
SHIP011713,ORD011713,Standard,Delhivery,2023-11-13,3,Ann Arbor
SHIP011714,ORD011714,Express,IndiaPost,2024-07-10,6,Mesa
SHIP011715,ORD011715,Express,BlueDart,2025-10-19,7,Miami
SHIP011716,ORD011716,Same-Day,DHL,2024-12-08,3,Raleigh
SHIP011717,ORD011717,Standard,FedEx,2023-03-11,2,Reading
SHIP011718,ORD011718,Same-Day,FedEx,2025-07-20,6,Cincinnati
SHIP011719,ORD011719,Standard,BlueDart,2025-05-17,9,Denver
SHIP011722,ORD011722,Standard,UPS,2023-10-23,4,Grand Rapids
SHIP011723,ORD011723,Standard,IndiaPost,2024-09-11,7,Los Angeles
SHIP011725,ORD011725,Standard,BlueDart,2023-10-29,8,Newark
SHIP011726,ORD011726,Standard,IndiaPost,2026-01-17,6,Fort Lauderdale
SHIP011727,ORD011727,Standard,FedEx,2024-07-19,7,Scottsdale
SHIP011728,ORD011728,Standard,Delhivery,2022-02-22,2,Chandler
SHIP011729,ORD011729,Same-Day,DHL,2026-02-07,5,Greensboro
SHIP011730,ORD011730,Express,Delhivery,2022-01-07,2,Columbus
SHIP011731,ORD011731,Standard,DHL,2026-04-11,9,Fort Collins
SHIP011732,ORD011732,Standard,IndiaPost,2026-07-26,3,Naperville
SHIP011733,ORD011733,Express,FedEx,2025-12-07,2,Everett
SHIP011734,ORD011734,Economy,BlueDart,2023-07-31,6,Fort Lauderdale
SHIP011735,ORD011735,Standard,Delhivery,2025-08-08,5,Everett
SHIP011736,ORD011736,Standard,DHL,2025-12-28,5,Tacoma
SHIP011737,ORD011737,Express,FedEx,2026-04-05,9,Philadelphia
SHIP011738,ORD011738,Same-Day,FedEx,2023-04-23,4,Durham
SHIP011739,ORD011739,Standard,DHL,2022-06-04,2,Athens
SHIP011740,ORD011740,Express,FedEx,2026-05-01,7,Grand Rapids
SHIP011741,ORD011741,Standard,BlueDart,2024-11-19,3,Trenton
SHIP011742,ORD011742,Standard,FedEx,2024-05-02,7,Boulder
SHIP011743,ORD011743,Standard,DHL,2025-12-30,3,Grand Rapids
SHIP011744,ORD011744,Standard,UPS,2025-12-12,6,Tacoma
SHIP011745,ORD011745,Economy,BlueDart,2024-07-26,5,Spokane
SHIP011748,ORD011748,Standard,DHL,2023-08-27,6,Sacramento
SHIP011749,ORD011749,Express,IndiaPost,2025-06-07,1,Flint
SHIP011750,ORD011750,Express,FedEx,2026-05-14,7,Philadelphia
SHIP011751,ORD011751,Standard,IndiaPost,2024-01-24,1,Mesa
SHIP011752,ORD011752,Standard,IndiaPost,2026-05-24,3,Bellevue
SHIP011753,ORD011753,Standard,UPS,2025-08-20,6,Albany
SHIP011754,ORD011754,Standard,BlueDart,2024-06-14,9,Albany
SHIP011755,ORD011755,Same-Day,UPS,2026-01-05,5,Charlotte
SHIP011756,ORD011756,Express,IndiaPost,2024-06-13,5,Elizabeth
SHIP011757,ORD011757,Standard,FedEx,2024-08-05,8,Detroit
SHIP011759,ORD011759,Same-Day,BlueDart,2022-03-29,4,Phoenix
SHIP011760,ORD011760,Standard,Delhivery,2025-06-14,8,Cambridge
SHIP011761,ORD011761,Standard,IndiaPost,2020-10-05,1,Charlotte
SHIP011762,ORD011762,Standard,BlueDart,2026-04-27,6,Buffalo
SHIP011763,ORD011763,Standard,Delhivery,2020-07-10,9,Atlanta
SHIP011764,ORD011764,Standard,IndiaPost,2023-02-10,5,Los Angeles
SHIP011765,ORD011765,Standard,BlueDart,2023-05-14,4,Boston
SHIP011766,ORD011766,Economy,BlueDart,2023-03-30,4,San Jose
SHIP011767,ORD011767,Express,Delhivery,2023-09-13,9,Rockford
SHIP011768,ORD011768,Standard,DHL,2025-05-20,6,Macon
SHIP011769,ORD011769,Standard,IndiaPost,2021-07-26,2,Macon
SHIP011770,ORD011770,Standard,BlueDart,2024-02-23,3,Paterson
SHIP011772,ORD011772,Same-Day,UPS,2024-09-07,4,New York City
SHIP011773,ORD011773,Express,UPS,2022-07-09,6,Augusta
SHIP011774,ORD011774,Express,FedEx,2023-04-03,5,Chicago
SHIP011775,ORD011775,Standard,FedEx,2025-04-24,4,Macon
SHIP011776,ORD011776,Standard,FedEx,2023-08-03,5,Columbus
SHIP011777,ORD011777,Standard,DHL,2025-05-31,1,Flint
SHIP011778,ORD011778,Economy,BlueDart,2026-08-04,8,Dallas
SHIP011779,ORD011779,Standard,DHL,2023-10-30,4,Akron
SHIP011780,ORD011780,Standard,DHL,2026-04-25,8,Sacramento
SHIP011781,ORD011781,Standard,UPS,2024-02-24,4,Fort Lauderdale
SHIP011782,ORD011782,Standard,UPS,2026-04-09,9,Charlotte
SHIP011783,ORD011783,Standard,DHL,2025-08-19,3,Bellevue
SHIP011784,ORD011784,Express,FedEx,2025-03-27,2,Scottsdale
SHIP011787,ORD011787,Express,Delhivery,2025-07-18,3,Boston
SHIP011789,ORD011789,Economy,UPS,2021-07-21,9,Chicago
SHIP011790,ORD011790,Economy,UPS,2026-08-02,4,Syracuse
SHIP011791,ORD011791,Same-Day,DHL,2025-12-08,1,Seattle
SHIP011792,ORD011792,Same-Day,BlueDart,2022-10-10,6,Phoenix
SHIP011793,ORD011793,Express,FedEx,2024-07-23,4,Syracuse
SHIP011794,ORD011794,Express,DHL,2026-05-24,9,San Francisco
SHIP011795,ORD011795,Standard,DHL,2025-05-04,1,San Jose
SHIP011796,ORD011796,Express,FedEx,2024-12-14,7,Chandler
SHIP011797,ORD011797,Economy,DHL,2023-09-13,4,Grand Rapids
SHIP011798,ORD011798,Standard,DHL,2026-04-12,6,Lansing
SHIP011799,ORD011799,Standard,Delhivery,2026-01-16,4,Flint
SHIP011800,ORD011800,Economy,FedEx,2025-10-12,7,Worcester
SHIP011802,ORD011802,Economy,DHL,2025-01-23,8,Dallas
SHIP011803,ORD011803,Standard,DHL,2025-09-23,5,Detroit
SHIP011804,ORD011804,Standard,Delhivery,2024-08-24,6,San Jose
SHIP011805,ORD011805,Standard,Delhivery,2025-08-26,5,Reading
SHIP011806,ORD011806,Standard,BlueDart,2023-09-05,1,Orlando
SHIP011807,ORD011807,Same-Day,BlueDart,2025-06-21,6,Miami
SHIP011808,ORD011808,Same-Day,FedEx,2025-02-06,6,Boston
SHIP011809,ORD011809,Standard,Delhivery,2023-07-17,3,San Antonio
SHIP011810,ORD011810,Same-Day,DHL,2025-09-19,7,Springfield
SHIP011811,ORD011811,Standard,FedEx,2026-07-10,5,Raleigh
SHIP011812,ORD011812,Economy,DHL,2023-12-28,6,San Antonio
SHIP011815,ORD011815,Express,UPS,2021-05-31,5,Jersey City
SHIP011816,ORD011816,Express,FedEx,2025-02-22,5,San Diego
SHIP011817,ORD011817,Standard,IndiaPost,2026-06-11,1,Rochester
SHIP011818,ORD011818,Economy,UPS,2026-03-11,8,Reading
SHIP011819,ORD011819,Express,FedEx,2025-07-23,3,Lowell
SHIP011820,ORD011820,Express,BlueDart,2026-07-15,6,Sacramento
SHIP011821,ORD011821,Standard,UPS,2025-09-02,9,Rockford
SHIP011822,ORD011822,Standard,UPS,2022-01-05,8,San Francisco
SHIP011823,ORD011823,Express,Delhivery,2024-11-02,6,Springfield
SHIP011825,ORD011825,Standard,UPS,2020-06-22,3,Lansing
SHIP011826,ORD011826,Same-Day,Delhivery,2024-04-03,4,Charlotte
SHIP011827,ORD011827,Standard,BlueDart,2024-02-28,4,Durham
SHIP011828,ORD011828,Standard,BlueDart,2026-07-22,8,Winston-Salem
SHIP011831,ORD011831,Standard,FedEx,2025-10-20,3,Flint
SHIP011832,ORD011832,Economy,FedEx,2025-11-13,6,Lowell
SHIP011836,ORD011836,Standard,BlueDart,2026-06-17,1,Athens
SHIP011837,ORD011837,Express,FedEx,2026-02-03,1,Rochester
SHIP011838,ORD011838,Standard,FedEx,2025-10-27,1,Phoenix
SHIP011839,ORD011839,Standard,UPS,2026-07-13,4,Tucson
SHIP011841,ORD011841,Standard,DHL,2026-07-11,6,Cleveland
SHIP011842,ORD011842,Economy,DHL,2026-02-12,2,Fort Worth
SHIP011843,ORD011843,Same-Day,Delhivery,2021-08-10,4,Los Angeles
SHIP011844,ORD011844,Standard,BlueDart,2022-09-28,7,Augusta
SHIP011846,ORD011846,Standard,FedEx,2023-09-27,4,Erie
SHIP011849,ORD011849,Standard,FedEx,2025-09-19,3,Athens
SHIP011851,ORD011851,Same-Day,Delhivery,2025-12-24,7,Fort Collins
SHIP011852,ORD011852,Economy,Delhivery,2025-12-03,2,Fort Worth
SHIP011853,ORD011853,Standard,FedEx,2026-03-10,3,Fort Lauderdale
SHIP011854,ORD011854,Standard,IndiaPost,2026-07-07,1,Augusta
SHIP011855,ORD011855,Standard,UPS,2023-08-06,2,Atlanta
SHIP011856,ORD011856,Standard,FedEx,2026-03-05,4,Philadelphia
SHIP011858,ORD011858,Standard,UPS,2025-11-01,3,Everett
SHIP011859,ORD011859,Standard,IndiaPost,2025-07-12,2,Tampa
SHIP011860,ORD011860,Express,IndiaPost,2026-06-11,4,Fort Worth
SHIP011861,ORD011861,Express,BlueDart,2026-05-13,8,Fort Worth
SHIP011862,ORD011862,Express,UPS,2024-02-22,4,Seattle
SHIP011864,ORD011864,Economy,DHL,2025-01-10,1,Scottsdale
SHIP011865,ORD011865,Standard,DHL,2025-10-08,1,Spokane
SHIP011869,ORD011869,Standard,FedEx,2025-12-29,8,Springfield
SHIP011870,ORD011870,Express,DHL,2022-02-09,5,Erie
SHIP011871,ORD011871,Standard,DHL,2022-12-17,8,Rockford
SHIP011872,ORD011872,Express,BlueDart,2025-02-24,5,San Diego
SHIP011873,ORD011873,Standard,BlueDart,2021-02-27,6,Springfield
SHIP011874,ORD011874,Standard,FedEx,2025-11-25,8,Lansing
SHIP011875,ORD011875,Standard,DHL,2023-01-13,2,Fort Lauderdale
SHIP011876,ORD011876,Same-Day,UPS,2024-12-08,9,Elizabeth
SHIP011877,ORD011877,Standard,FedEx,2025-08-11,1,Chandler
SHIP011878,ORD011878,Express,DHL,2024-11-18,4,Savannah
SHIP011879,ORD011879,Express,IndiaPost,2025-07-10,9,Lowell
SHIP011880,ORD011880,Standard,Delhivery,2025-12-27,9,Erie
SHIP011881,ORD011881,Standard,BlueDart,2026-04-08,6,Ann Arbor
SHIP011882,ORD011882,Same-Day,FedEx,2026-05-25,7,Erie
SHIP011883,ORD011883,Standard,UPS,2026-07-02,6,Cambridge
SHIP011885,ORD011885,Standard,IndiaPost,2026-08-02,3,Albany
SHIP011887,ORD011887,Same-Day,Delhivery,2025-12-25,6,Pittsburgh
SHIP011888,ORD011888,Same-Day,BlueDart,2026-04-29,9,Winston-Salem
SHIP011889,ORD011889,Express,DHL,2025-05-21,3,Lowell
SHIP011891,ORD011891,Same-Day,Delhivery,2026-06-19,8,Los Angeles
SHIP011892,ORD011892,Express,FedEx,2025-06-12,6,Tucson
SHIP011893,ORD011893,Standard,IndiaPost,2026-06-28,9,Spokane
SHIP011895,ORD011895,Express,Delhivery,2020-12-11,3,Flint
SHIP011897,ORD011897,Express,Delhivery,2024-09-26,8,Philadelphia
SHIP011898,ORD011898,Standard,UPS,2024-12-11,7,Everett
SHIP011899,ORD011899,Express,IndiaPost,2023-01-18,3,Durham
SHIP011900,ORD011900,Standard,UPS,2023-08-23,5,Lowell
SHIP011902,ORD011902,Standard,UPS,2025-09-06,6,Syracuse
SHIP011903,ORD011903,Standard,FedEx,2026-03-22,4,Denver
SHIP011906,ORD011906,Same-Day,BlueDart,2023-01-30,7,Columbus
SHIP011908,ORD011908,Standard,UPS,2025-08-28,1,Savannah
SHIP011909,ORD011909,Same-Day,IndiaPost,2022-08-21,9,Aurora
SHIP011910,ORD011910,Express,IndiaPost,2026-03-26,3,Lansing
SHIP011911,ORD011911,Express,UPS,2025-04-23,5,Los Angeles
SHIP011912,ORD011912,Same-Day,FedEx,2022-08-16,8,Atlanta
SHIP011914,ORD011914,Standard,BlueDart,2026-07-22,4,San Francisco
SHIP011915,ORD011915,Standard,FedEx,2021-05-29,7,Reading
SHIP011916,ORD011916,Standard,Delhivery,2022-12-11,5,Trenton
SHIP011917,ORD011917,Economy,FedEx,2025-09-01,2,Dallas
SHIP011919,ORD011919,Standard,UPS,2026-04-29,1,Elizabeth
SHIP011920,ORD011920,Economy,IndiaPost,2026-07-27,3,San Diego
SHIP011922,ORD011922,Standard,DHL,2026-01-20,5,Chandler
SHIP011924,ORD011924,Standard,UPS,2025-09-12,5,Jacksonville
SHIP011925,ORD011925,Express,IndiaPost,2026-05-31,6,Houston
SHIP011926,ORD011926,Same-Day,BlueDart,2025-02-27,4,Ann Arbor
SHIP011927,ORD011927,Same-Day,FedEx,2026-05-15,4,Akron
SHIP011928,ORD011928,Economy,Delhivery,2021-10-23,3,Tucson
SHIP011929,ORD011929,Standard,BlueDart,2026-05-21,9,San Jose
SHIP011930,ORD011930,Economy,Delhivery,2022-05-06,4,Aurora
SHIP011932,ORD011932,Standard,UPS,2024-03-01,5,Tampa
SHIP011933,ORD011933,Same-Day,IndiaPost,2026-05-30,9,Scottsdale
SHIP011934,ORD011934,Express,FedEx,2023-08-03,6,Chandler
SHIP011935,ORD011935,Economy,DHL,2024-07-31,5,Houston
SHIP011936,ORD011936,Standard,IndiaPost,2022-02-28,3,Los Angeles
SHIP011937,ORD011937,Standard,UPS,2026-01-30,4,Trenton
SHIP011938,ORD011938,Standard,BlueDart,2024-05-23,8,Springfield
SHIP011940,ORD011940,Standard,UPS,2024-09-08,8,Jacksonville
SHIP011941,ORD011941,Standard,Delhivery,2021-11-07,3,Fort Worth
SHIP011942,ORD011942,Standard,DHL,2025-02-02,5,Syracuse
SHIP011943,ORD011943,Economy,UPS,2023-05-16,8,Tampa
SHIP011944,ORD011944,Standard,FedEx,2025-09-27,3,Colorado Springs
SHIP011945,ORD011945,Express,FedEx,2025-05-19,7,Spokane
SHIP011946,ORD011946,Express,FedEx,2020-01-27,4,Boulder
SHIP011947,ORD011947,Standard,DHL,2024-08-09,6,Philadelphia
SHIP011948,ORD011948,Same-Day,FedEx,2024-06-28,7,Tampa
SHIP011951,ORD011951,Same-Day,Delhivery,2021-12-21,4,Boulder
SHIP011952,ORD011952,Economy,Delhivery,2025-02-14,1,Columbus
SHIP011953,ORD011953,Standard,DHL,2024-03-16,9,Syracuse
SHIP011954,ORD011954,Economy,UPS,2023-05-19,3,Lowell
SHIP011956,ORD011956,Standard,IndiaPost,2025-10-21,2,Fort Worth
SHIP011958,ORD011958,Standard,Delhivery,2024-08-24,4,Chandler
SHIP011959,ORD011959,Standard,Delhivery,2025-12-11,7,Seattle
SHIP011960,ORD011960,Express,BlueDart,2025-05-19,3,Fort Lauderdale
SHIP011962,ORD011962,Same-Day,IndiaPost,2025-11-08,6,San Francisco
SHIP011963,ORD011963,Standard,DHL,2025-01-15,1,Dallas
SHIP011964,ORD011964,Standard,Delhivery,2026-01-24,5,Ann Arbor
SHIP011966,ORD011966,Standard,Delhivery,2024-12-18,9,Fort Worth
SHIP011967,ORD011967,Standard,BlueDart,2026-02-22,6,Springfield
SHIP011968,ORD011968,Standard,FedEx,2025-12-11,6,New York City
SHIP011969,ORD011969,Express,DHL,2025-09-20,2,Macon
SHIP011970,ORD011970,Express,Delhivery,2022-12-14,4,Chicago
SHIP011971,ORD011971,Economy,BlueDart,2024-09-27,6,Cleveland
SHIP011972,ORD011972,Express,BlueDart,2026-06-13,9,Peoria
SHIP011973,ORD011973,Economy,Delhivery,2025-04-19,2,Tacoma
SHIP011974,ORD011974,Same-Day,FedEx,2026-02-25,6,Jacksonville
SHIP011975,ORD011975,Standard,UPS,2024-06-08,5,Elizabeth
SHIP011976,ORD011976,Standard,FedEx,2021-10-29,4,Boston
SHIP011977,ORD011977,Express,FedEx,2026-07-27,6,Dallas
SHIP011978,ORD011978,Express,IndiaPost,2024-08-11,6,Grand Rapids
SHIP011979,ORD011979,Standard,Delhivery,2024-01-24,4,Winston-Salem
SHIP011981,ORD011981,Express,Delhivery,2023-06-30,7,Newark
SHIP011982,ORD011982,Standard,Delhivery,2025-06-11,1,Phoenix
SHIP011983,ORD011983,Standard,FedEx,2026-05-08,5,Philadelphia
SHIP011984,ORD011984,Standard,IndiaPost,2025-02-24,5,Winston-Salem
SHIP011985,ORD011985,Express,BlueDart,2024-07-22,7,Spokane
SHIP011986,ORD011986,Standard,BlueDart,2024-02-08,8,Seattle
SHIP011987,ORD011987,Express,UPS,2023-05-20,4,Flint
SHIP011988,ORD011988,Standard,FedEx,2024-09-20,4,Scottsdale
SHIP011989,ORD011989,Express,IndiaPost,2026-05-30,9,Trenton
SHIP011990,ORD011990,Standard,BlueDart,2024-07-06,7,Trenton
SHIP011991,ORD011991,Express,UPS,2026-05-28,9,Ann Arbor
SHIP011992,ORD011992,Same-Day,FedEx,2026-07-26,1,New York City
SHIP011993,ORD011993,Standard,UPS,2026-06-22,4,Los Angeles
SHIP011994,ORD011994,Same-Day,BlueDart,2022-06-28,9,Scottsdale
SHIP011995,ORD011995,Express,DHL,2025-06-19,8,Toledo
SHIP011996,ORD011996,Standard,FedEx,2025-07-19,2,Toledo
SHIP011997,ORD011997,Express,FedEx,2023-06-16,1,Newark
SHIP011998,ORD011998,Standard,BlueDart,2025-07-13,4,Boston
SHIP011999,ORD011999,Express,UPS,2026-06-20,5,Scottsdale
SHIP012000,ORD012000,Economy,BlueDart,2024-02-09,8,Austin
SHIP012001,ORD012001,Standard,BlueDart,2024-05-20,5,Charlotte
SHIP012002,ORD012002,Express,UPS,2026-06-12,7,Augusta
SHIP012003,ORD012003,Standard,Delhivery,2026-06-19,3,Denver
SHIP012006,ORD012006,Standard,FedEx,2022-12-15,3,Colorado Springs
SHIP012007,ORD012007,Economy,UPS,2025-11-30,6,Naperville
SHIP012008,ORD012008,Standard,DHL,2021-09-02,6,Aurora
SHIP012010,ORD012010,Standard,Delhivery,2023-02-08,2,Tampa
SHIP012012,ORD012012,Same-Day,FedEx,2026-04-02,2,Atlanta
SHIP012013,ORD012013,Standard,BlueDart,2023-01-21,7,Paterson
SHIP012014,ORD012014,Express,BlueDart,2025-04-13,5,Seattle
SHIP012015,ORD012015,Standard,Delhivery,2024-09-24,9,Chicago
SHIP012016,ORD012016,Same-Day,Delhivery,2023-07-17,9,Springfield
SHIP012017,ORD012017,Standard,DHL,2026-01-14,4,Savannah
SHIP012018,ORD012018,Standard,BlueDart,2026-07-11,5,Athens
SHIP012020,ORD012020,Express,Delhivery,2024-11-02,9,Fort Lauderdale
SHIP012021,ORD012021,Express,BlueDart,2022-07-10,8,Sacramento
SHIP012022,ORD012022,Standard,DHL,2025-09-25,2,Paterson
SHIP012023,ORD012023,Standard,BlueDart,2026-07-23,7,Augusta
SHIP012024,ORD012024,Standard,BlueDart,2026-07-30,2,Scottsdale
SHIP012025,ORD012025,Standard,UPS,2025-09-20,9,Austin
SHIP012026,ORD012026,Standard,DHL,2026-05-25,5,Jersey City
SHIP012027,ORD012027,Standard,Delhivery,2025-06-05,2,Lansing
SHIP012028,ORD012028,Economy,UPS,2026-02-10,1,Tucson
SHIP012030,ORD012030,Economy,Delhivery,2023-03-06,6,Tucson
SHIP012032,ORD012032,Standard,DHL,2021-03-05,1,Albany
SHIP012033,ORD012033,Express,Delhivery,2020-11-18,3,Grand Rapids
SHIP012034,ORD012034,Express,FedEx,2023-08-13,4,Mesa
SHIP012035,ORD012035,Standard,UPS,2022-01-12,1,Rockford
SHIP012036,ORD012036,Standard,FedEx,2026-06-26,5,Athens
SHIP012038,ORD012038,Standard,DHL,2022-05-12,4,Dallas
SHIP012040,ORD012040,Express,DHL,2023-03-23,6,Raleigh
SHIP012041,ORD012041,Standard,FedEx,2025-05-30,6,Lowell
SHIP012042,ORD012042,Same-Day,UPS,2022-04-01,2,Albany
SHIP012043,ORD012043,Express,BlueDart,2026-06-15,4,Charlotte
SHIP012044,ORD012044,Standard,FedEx,2026-07-20,8,Austin
SHIP012045,ORD012045,Standard,Delhivery,2023-09-13,6,Athens
SHIP012047,ORD012047,Standard,Delhivery,2026-01-30,8,Dallas
SHIP012048,ORD012048,Standard,IndiaPost,2026-01-04,7,Flint
SHIP012049,ORD012049,Standard,DHL,2025-12-21,3,Orlando
SHIP012050,ORD012050,Same-Day,UPS,2026-07-17,2,Greensboro
SHIP012051,ORD012051,Express,FedEx,2025-08-29,1,Augusta
SHIP012052,ORD012052,Economy,UPS,2024-11-23,1,Cambridge
SHIP012054,ORD012054,Standard,Delhivery,2026-02-21,8,Sacramento
SHIP012055,ORD012055,Economy,UPS,2026-06-22,7,San Francisco
SHIP012056,ORD012056,Economy,UPS,2026-06-20,8,Macon
SHIP012057,ORD012057,Standard,Delhivery,2025-12-19,4,Syracuse
SHIP012058,ORD012058,Standard,DHL,2025-11-30,1,Lansing
SHIP012059,ORD012059,Express,Delhivery,2025-10-30,9,Denver
SHIP012060,ORD012060,Standard,FedEx,2025-07-09,2,Houston
SHIP012061,ORD012061,Standard,FedEx,2026-01-10,1,Lansing
SHIP012062,ORD012062,Express,Delhivery,2026-06-25,1,Orlando
SHIP012063,ORD012063,Economy,BlueDart,2024-04-14,8,Austin
SHIP012064,ORD012064,Standard,Delhivery,2023-12-13,5,Chicago
SHIP012065,ORD012065,Express,BlueDart,2024-07-29,2,Lowell
SHIP012066,ORD012066,Standard,IndiaPost,2025-09-21,9,Boston
SHIP012067,ORD012067,Standard,UPS,2026-02-03,3,Scottsdale
SHIP012068,ORD012068,Standard,IndiaPost,2024-10-23,4,San Antonio
SHIP012069,ORD012069,Standard,UPS,2026-02-12,1,Colorado Springs
SHIP012070,ORD012070,Same-Day,Delhivery,2025-04-16,3,Reading
SHIP012071,ORD012071,Standard,Delhivery,2025-11-04,5,Syracuse
SHIP012072,ORD012072,Standard,BlueDart,2026-08-04,6,Jersey City
SHIP012075,ORD012075,Economy,Delhivery,2025-12-11,4,Mesa
SHIP012076,ORD012076,Standard,UPS,2022-03-02,8,Worcester
SHIP012078,ORD012078,Standard,Delhivery,2022-08-26,8,Detroit
SHIP012079,ORD012079,Express,IndiaPost,2024-04-01,2,San Antonio
SHIP012080,ORD012080,Standard,UPS,2026-02-04,9,Grand Rapids
SHIP012081,ORD012081,Standard,FedEx,2025-12-24,6,Orlando
SHIP012082,ORD012082,Same-Day,UPS,2025-06-09,1,New York City
SHIP012083,ORD012083,Standard,UPS,2025-11-19,1,Boston
SHIP012084,ORD012084,Standard,BlueDart,2026-03-05,2,Phoenix
SHIP012085,ORD012085,Same-Day,Delhivery,2023-09-08,4,Trenton
SHIP012086,ORD012086,Express,DHL,2023-08-06,6,Phoenix
SHIP012087,ORD012087,Standard,BlueDart,2024-06-07,7,Phoenix
SHIP012089,ORD012089,Economy,FedEx,2023-02-19,7,Fort Collins
SHIP012090,ORD012090,Standard,FedEx,2024-08-02,9,Albany
SHIP012091,ORD012091,Express,UPS,2024-09-25,1,Pittsburgh
SHIP012092,ORD012092,Standard,BlueDart,2025-05-02,4,Newark
SHIP012093,ORD012093,Standard,IndiaPost,2025-07-27,4,Phoenix
SHIP012095,ORD012095,Standard,FedEx,2026-02-26,5,Syracuse
SHIP012096,ORD012096,Standard,BlueDart,2025-06-22,7,Syracuse
SHIP012097,ORD012097,Standard,FedEx,2023-01-26,7,Austin
SHIP012098,ORD012098,Standard,DHL,2023-12-13,1,San Francisco
SHIP012099,ORD012099,Standard,Delhivery,2025-08-11,5,San Francisco
SHIP012100,ORD012100,Economy,FedEx,2021-07-03,2,Syracuse
SHIP012102,ORD012102,Standard,UPS,2025-12-12,4,Sacramento
SHIP012103,ORD012103,Express,FedEx,2026-07-17,2,Dallas
SHIP012104,ORD012104,Express,IndiaPost,2025-04-04,7,Athens
SHIP012105,ORD012105,Standard,DHL,2022-11-02,5,Ann Arbor
SHIP012106,ORD012106,Same-Day,UPS,2024-02-08,3,Philadelphia
SHIP012107,ORD012107,Standard,IndiaPost,2025-06-27,1,Miami
SHIP012108,ORD012108,Standard,IndiaPost,2026-08-05,7,Buffalo
SHIP012109,ORD012109,Express,IndiaPost,2026-01-18,1,Fort Worth
SHIP012110,ORD012110,Express,Delhivery,2024-01-28,2,Durham
SHIP012111,ORD012111,Standard,IndiaPost,2025-02-06,4,Lowell
SHIP012112,ORD012112,Standard,BlueDart,2025-04-21,2,Athens
SHIP012113,ORD012113,Express,DHL,2024-10-03,4,Toledo
SHIP012114,ORD012114,Standard,IndiaPost,2026-05-27,3,Savannah
SHIP012115,ORD012115,Standard,DHL,2026-05-20,9,Los Angeles
SHIP012116,ORD012116,Standard,BlueDart,2025-01-17,1,Philadelphia
SHIP012117,ORD012117,Economy,DHL,2026-04-02,3,Cleveland
SHIP012118,ORD012118,Express,IndiaPost,2026-01-19,6,Rochester
SHIP012120,ORD012120,Express,FedEx,2024-08-04,5,Everett
SHIP012121,ORD012121,Standard,FedEx,2026-04-21,9,Los Angeles
SHIP012123,ORD012123,Standard,BlueDart,2023-05-15,4,Seattle
SHIP012124,ORD012124,Standard,IndiaPost,2026-06-26,1,Allentown
SHIP012125,ORD012125,Standard,IndiaPost,2024-05-18,2,Erie
SHIP012126,ORD012126,Express,DHL,2025-09-09,6,Springfield
SHIP012128,ORD012128,Standard,Delhivery,2026-05-27,5,Cincinnati
SHIP012130,ORD012130,Standard,UPS,2023-04-01,6,Akron
SHIP012131,ORD012131,Same-Day,DHL,2026-07-07,1,Mesa
SHIP012132,ORD012132,Standard,FedEx,2023-08-17,5,Reading
SHIP012133,ORD012133,Standard,UPS,2024-07-31,5,Greensboro
SHIP012134,ORD012134,Standard,IndiaPost,2024-12-29,2,Rockford
SHIP012135,ORD012135,Express,Delhivery,2026-04-16,8,Tucson
SHIP012136,ORD012136,Express,IndiaPost,2024-08-01,8,Charlotte
SHIP012137,ORD012137,Standard,DHL,2024-09-03,4,Raleigh
SHIP012138,ORD012138,Economy,UPS,2023-09-22,8,Trenton
SHIP012140,ORD012140,Express,BlueDart,2026-07-24,7,Fort Worth
SHIP012141,ORD012141,Express,FedEx,2025-06-03,8,Macon
SHIP012142,ORD012142,Standard,FedEx,2024-01-05,1,Newark
SHIP012143,ORD012143,Standard,UPS,2022-02-17,1,Tacoma
SHIP012144,ORD012144,Same-Day,IndiaPost,2023-12-16,3,Springfield
SHIP012145,ORD012145,Same-Day,UPS,2023-04-24,1,Grand Rapids
SHIP012146,ORD012146,Standard,DHL,2024-03-28,1,Houston
SHIP012148,ORD012148,Express,DHL,2026-07-04,9,Augusta
SHIP012149,ORD012149,Express,IndiaPost,2021-09-19,7,San Diego
SHIP012150,ORD012150,Standard,FedEx,2023-11-27,4,Peoria
SHIP012151,ORD012151,Standard,FedEx,2023-10-24,6,Fort Lauderdale
SHIP012152,ORD012152,Economy,FedEx,2022-12-13,5,Orlando
SHIP012153,ORD012153,Standard,BlueDart,2024-12-20,5,Columbus
SHIP012154,ORD012154,Express,Delhivery,2026-06-10,5,Mesa
SHIP012155,ORD012155,Standard,DHL,2026-08-02,6,Fort Lauderdale
SHIP012157,ORD012157,Standard,IndiaPost,2026-07-30,7,Aurora
SHIP012158,ORD012158,Economy,DHL,2024-09-10,8,Detroit
SHIP012159,ORD012159,Standard,DHL,2025-02-09,2,Fort Worth
SHIP012160,ORD012160,Same-Day,DHL,2026-04-09,6,Lowell
SHIP012161,ORD012161,Express,DHL,2026-08-05,8,Lansing
SHIP012162,ORD012162,Express,IndiaPost,2022-01-18,7,Pittsburgh
SHIP012163,ORD012163,Express,UPS,2023-10-06,5,Lansing
SHIP012164,ORD012164,Standard,Delhivery,2023-06-29,7,Greensboro
SHIP012165,ORD012165,Standard,IndiaPost,2026-06-22,1,Houston
SHIP012166,ORD012166,Standard,FedEx,2026-01-14,1,Bellevue
SHIP012167,ORD012167,Standard,UPS,2023-09-06,6,Macon
SHIP012168,ORD012168,Express,BlueDart,2025-07-27,1,Phoenix
SHIP012169,ORD012169,Express,BlueDart,2026-03-19,8,Tucson
SHIP012172,ORD012172,Standard,IndiaPost,2023-06-20,8,Elizabeth
SHIP012173,ORD012173,Same-Day,BlueDart,2022-05-03,8,Elizabeth
SHIP012174,ORD012174,Standard,BlueDart,2026-04-22,5,Grand Rapids
SHIP012175,ORD012175,Express,Delhivery,2025-11-20,3,Lansing
SHIP012176,ORD012176,Economy,Delhivery,2024-09-24,7,Tacoma
SHIP012177,ORD012177,Standard,FedEx,2026-07-31,3,San Francisco
SHIP012178,ORD012178,Standard,BlueDart,2025-11-07,5,Savannah
SHIP012179,ORD012179,Same-Day,Delhivery,2022-05-30,9,Sacramento
SHIP012180,ORD012180,Standard,UPS,2026-06-15,6,Fort Lauderdale
SHIP012181,ORD012181,Express,DHL,2025-03-17,1,Lowell
SHIP012182,ORD012182,Economy,UPS,2025-10-29,9,Toledo
SHIP012183,ORD012183,Standard,DHL,2026-04-10,9,San Francisco
SHIP012184,ORD012184,Standard,FedEx,2025-12-22,1,Albany
SHIP012186,ORD012186,Economy,FedEx,2025-10-15,8,Detroit
SHIP012188,ORD012188,Express,UPS,2026-05-03,3,Bellevue
SHIP012189,ORD012189,Express,DHL,2024-05-03,1,Phoenix
SHIP012190,ORD012190,Standard,BlueDart,2024-03-19,9,Chandler
SHIP012191,ORD012191,Standard,BlueDart,2026-04-17,5,Mesa
SHIP012192,ORD012192,Standard,FedEx,2026-07-22,5,Syracuse
SHIP012193,ORD012193,Standard,BlueDart,2025-12-16,5,Ann Arbor
SHIP012194,ORD012194,Same-Day,IndiaPost,2024-08-09,5,Houston
SHIP012195,ORD012195,Economy,BlueDart,2026-06-13,8,Paterson
SHIP012196,ORD012196,Express,UPS,2026-04-07,8,Tampa
SHIP012197,ORD012197,Standard,FedEx,2025-11-03,3,Worcester
SHIP012198,ORD012198,Standard,Delhivery,2023-06-23,7,Erie
SHIP012199,ORD012199,Standard,Delhivery,2024-07-18,2,Colorado Springs
SHIP012200,ORD012200,Express,IndiaPost,2023-11-20,1,Fort Collins
SHIP012201,ORD012201,Standard,FedEx,2022-12-16,8,Tampa
SHIP012202,ORD012202,Same-Day,UPS,2023-07-10,5,Rochester
SHIP012203,ORD012203,Standard,BlueDart,2025-09-03,3,Charlotte
SHIP012204,ORD012204,Express,UPS,2021-04-15,8,Cincinnati
SHIP012205,ORD012205,Express,BlueDart,2025-09-16,7,Savannah
SHIP012206,ORD012206,Express,DHL,2025-06-18,1,Albany
SHIP012207,ORD012207,Standard,IndiaPost,2025-08-15,9,Paterson
SHIP012208,ORD012208,Standard,Delhivery,2026-05-15,5,Fort Worth
SHIP012209,ORD012209,Standard,FedEx,2026-05-07,9,San Jose
SHIP012210,ORD012210,Express,Delhivery,2026-01-01,1,Detroit
SHIP012211,ORD012211,Standard,BlueDart,2025-08-03,9,Springfield
SHIP012212,ORD012212,Standard,UPS,2025-07-15,1,Pittsburgh
SHIP012213,ORD012213,Express,Delhivery,2024-11-23,2,Philadelphia
SHIP012215,ORD012215,Express,UPS,2024-04-22,8,Houston
SHIP012216,ORD012216,Express,UPS,2024-12-07,8,Boston
SHIP012217,ORD012217,Standard,FedEx,2025-11-01,4,Reading
SHIP012218,ORD012218,Express,FedEx,2026-04-09,2,Boston
SHIP012219,ORD012219,Standard,DHL,2026-03-29,7,Chandler
SHIP012220,ORD012220,Economy,UPS,2026-01-06,9,Cleveland
SHIP012222,ORD012222,Same-Day,Delhivery,2026-05-17,2,Cambridge
SHIP012223,ORD012223,Express,UPS,2025-10-30,3,Everett
SHIP012225,ORD012225,Standard,BlueDart,2022-12-24,9,Fort Lauderdale
SHIP012226,ORD012226,Express,FedEx,2025-06-28,2,Tampa
SHIP012227,ORD012227,Standard,UPS,2021-11-10,4,Buffalo
SHIP012230,ORD012230,Economy,Delhivery,2022-12-12,9,Flint
SHIP012231,ORD012231,Express,DHL,2025-03-15,3,Athens
SHIP012233,ORD012233,Same-Day,FedEx,2024-12-30,4,Los Angeles
SHIP012234,ORD012234,Economy,BlueDart,2024-06-07,3,Syracuse
SHIP012236,ORD012236,Economy,DHL,2024-07-13,1,Tacoma
SHIP012237,ORD012237,Express,Delhivery,2026-04-12,6,Miami
SHIP012238,ORD012238,Standard,FedEx,2020-09-17,7,Spokane
SHIP012240,ORD012240,Express,IndiaPost,2025-06-29,8,Boulder
SHIP012241,ORD012241,Same-Day,FedEx,2020-02-10,4,Grand Rapids
SHIP012242,ORD012242,Standard,IndiaPost,2023-08-01,3,Rochester
SHIP012243,ORD012243,Standard,FedEx,2023-10-23,9,Detroit
SHIP012244,ORD012244,Express,BlueDart,2024-07-13,4,San Antonio
SHIP012245,ORD012245,Express,IndiaPost,2024-01-12,3,Syracuse
SHIP012246,ORD012246,Standard,DHL,2026-04-09,9,Charlotte
SHIP012248,ORD012248,Standard,BlueDart,2026-01-31,7,Athens
SHIP012249,ORD012249,Standard,FedEx,2025-09-07,6,Durham
SHIP012251,ORD012251,Same-Day,IndiaPost,2026-01-30,9,Springfield
SHIP012252,ORD012252,Standard,UPS,2026-01-08,5,Philadelphia
SHIP012253,ORD012253,Same-Day,FedEx,2024-05-31,2,Grand Rapids
SHIP012254,ORD012254,Same-Day,DHL,2022-07-18,2,Savannah
SHIP012255,ORD012255,Standard,DHL,2024-09-24,7,Phoenix
SHIP012256,ORD012256,Express,FedEx,2025-09-21,6,Charlotte
SHIP012257,ORD012257,Same-Day,DHL,2026-04-08,1,Spokane
SHIP012258,ORD012258,Same-Day,FedEx,2025-10-27,7,Scottsdale
SHIP012259,ORD012259,Economy,UPS,2025-09-30,8,Fort Lauderdale
SHIP012260,ORD012260,Economy,FedEx,2026-06-14,1,Cincinnati
SHIP012261,ORD012261,Standard,Delhivery,2025-10-29,9,Colorado Springs
SHIP012262,ORD012262,Standard,DHL,2025-01-30,5,San Francisco
SHIP012263,ORD012263,Same-Day,DHL,2026-05-14,3,Tacoma
SHIP012264,ORD012264,Express,UPS,2025-08-30,2,Mesa
SHIP012265,ORD012265,Express,DHL,2026-03-24,2,Tucson
SHIP012266,ORD012266,Express,DHL,2025-01-04,7,Rochester
SHIP012267,ORD012267,Same-Day,IndiaPost,2026-03-02,7,Tacoma
SHIP012268,ORD012268,Standard,FedEx,2024-05-03,4,Tacoma
SHIP012269,ORD012269,Express,UPS,2026-03-05,6,Trenton
SHIP012270,ORD012270,Standard,DHL,2025-01-27,4,Pittsburgh
SHIP012271,ORD012271,Standard,BlueDart,2025-01-14,5,Jacksonville
SHIP012272,ORD012272,Standard,UPS,2023-09-05,5,Atlanta
SHIP012273,ORD012273,Standard,BlueDart,2022-10-17,7,Houston
SHIP012274,ORD012274,Standard,UPS,2024-08-19,5,Chicago
SHIP012275,ORD012275,Standard,FedEx,2026-07-01,6,Jersey City
SHIP012276,ORD012276,Standard,FedEx,2023-02-19,8,Tucson
SHIP012277,ORD012277,Standard,Delhivery,2025-08-07,3,Denver
SHIP012278,ORD012278,Standard,UPS,2022-07-08,2,Jacksonville
SHIP012279,ORD012279,Standard,UPS,2025-04-17,5,Durham
SHIP012280,ORD012280,Economy,UPS,2025-06-06,2,Colorado Springs
SHIP012281,ORD012281,Standard,FedEx,2025-10-12,4,San Antonio
SHIP012282,ORD012282,Express,BlueDart,2022-12-19,7,Chicago
SHIP012283,ORD012283,Same-Day,FedEx,2022-04-25,4,Ann Arbor
SHIP012284,ORD012284,Same-Day,FedEx,2026-02-09,1,Atlanta
SHIP012285,ORD012285,Standard,UPS,2024-09-01,5,Everett
SHIP012286,ORD012286,Economy,BlueDart,2025-02-27,3,Detroit
SHIP012287,ORD012287,Standard,Delhivery,2024-01-04,3,Fort Collins
SHIP012288,ORD012288,Standard,IndiaPost,2021-06-03,3,Raleigh
SHIP012289,ORD012289,Express,IndiaPost,2023-02-17,9,Elizabeth
SHIP012290,ORD012290,Standard,FedEx,2026-06-23,3,Los Angeles
SHIP012291,ORD012291,Express,IndiaPost,2025-03-31,7,Boulder
SHIP012292,ORD012292,Standard,UPS,2025-10-09,1,Springfield
SHIP012293,ORD012293,Economy,DHL,2026-03-01,9,Springfield
SHIP012294,ORD012294,Standard,Delhivery,2024-03-25,6,Reading
SHIP012295,ORD012295,Express,FedEx,2025-04-25,2,San Antonio
SHIP012296,ORD012296,Express,DHL,2023-06-09,3,Rockford
SHIP012297,ORD012297,Standard,FedEx,2026-06-08,6,Tacoma
SHIP012298,ORD012298,Express,BlueDart,2023-03-22,4,Elizabeth
SHIP012299,ORD012299,Standard,UPS,2025-10-28,2,Cambridge
SHIP012300,ORD012300,Same-Day,UPS,2021-02-04,7,Ann Arbor
SHIP012301,ORD012301,Standard,FedEx,2022-05-02,6,Everett
SHIP012302,ORD012302,Same-Day,Delhivery,2025-04-27,1,Colorado Springs
SHIP012303,ORD012303,Standard,BlueDart,2026-05-09,9,Newark
SHIP012304,ORD012304,Standard,Delhivery,2024-04-16,8,Los Angeles
SHIP012305,ORD012305,Standard,FedEx,2022-07-01,4,Durham
SHIP012307,ORD012307,Standard,BlueDart,2023-05-22,1,Spokane
SHIP012308,ORD012308,Express,Delhivery,2022-07-11,3,Flint
SHIP012310,ORD012310,Standard,DHL,2024-12-27,8,Winston-Salem
SHIP012311,ORD012311,Standard,UPS,2026-04-08,5,Grand Rapids
SHIP012312,ORD012312,Standard,FedEx,2023-11-18,5,Boulder
SHIP012314,ORD012314,Standard,BlueDart,2025-01-02,1,Durham
SHIP012315,ORD012315,Standard,DHL,2021-05-06,1,New York City
SHIP012316,ORD012316,Standard,Delhivery,2025-10-20,5,Los Angeles
SHIP012317,ORD012317,Standard,Delhivery,2024-03-09,7,Austin
SHIP012319,ORD012319,Standard,IndiaPost,2026-06-11,7,Everett
SHIP012320,ORD012320,Standard,UPS,2024-05-27,9,Bellevue
SHIP012321,ORD012321,Standard,FedEx,2026-07-25,7,Flint
SHIP012322,ORD012322,Standard,BlueDart,2024-07-14,6,Winston-Salem
SHIP012323,ORD012323,Standard,IndiaPost,2026-01-12,3,New York City
SHIP012324,ORD012324,Standard,IndiaPost,2023-08-28,9,Cincinnati
SHIP012325,ORD012325,Standard,BlueDart,2026-05-27,6,Savannah
SHIP012326,ORD012326,Standard,FedEx,2025-02-17,9,Lansing
SHIP012327,ORD012327,Standard,BlueDart,2026-05-16,1,Ann Arbor
SHIP012331,ORD012331,Express,IndiaPost,2023-03-17,4,Buffalo
SHIP012332,ORD012332,Economy,BlueDart,2026-06-10,3,Los Angeles
SHIP012333,ORD012333,Express,UPS,2026-05-07,2,Elizabeth
SHIP012334,ORD012334,Express,UPS,2025-10-12,1,Spokane
SHIP012335,ORD012335,Standard,Delhivery,2025-09-27,7,Sacramento
SHIP012336,ORD012336,Express,Delhivery,2025-02-28,9,Boston
SHIP012337,ORD012337,Express,UPS,2023-09-02,2,Tacoma
SHIP012338,ORD012338,Economy,UPS,2024-10-07,7,Athens
SHIP012339,ORD012339,Same-Day,BlueDart,2025-01-09,9,Erie
SHIP012340,ORD012340,Economy,IndiaPost,2025-10-03,5,San Antonio
SHIP012341,ORD012341,Standard,IndiaPost,2026-04-25,3,Springfield
SHIP012343,ORD012343,Standard,DHL,2021-05-29,8,Pittsburgh
SHIP012344,ORD012344,Standard,BlueDart,2022-05-01,1,Bellevue
SHIP012345,ORD012345,Standard,IndiaPost,2025-03-11,2,Boulder
SHIP012346,ORD012346,Same-Day,IndiaPost,2026-06-24,1,Fort Lauderdale
SHIP012347,ORD012347,Express,BlueDart,2025-06-16,6,Chandler
SHIP012349,ORD012349,Same-Day,FedEx,2026-05-28,6,Miami
SHIP012350,ORD012350,Standard,Delhivery,2026-07-01,6,Erie
SHIP012352,ORD012352,Standard,BlueDart,2024-10-22,6,Sacramento
SHIP012353,ORD012353,Standard,BlueDart,2026-04-16,2,Colorado Springs
SHIP012354,ORD012354,Economy,UPS,2024-06-03,2,Jacksonville
SHIP012356,ORD012356,Express,DHL,2026-03-10,3,Seattle
SHIP012358,ORD012358,Standard,UPS,2026-04-27,9,Cleveland
SHIP012359,ORD012359,Economy,UPS,2025-02-04,2,Tacoma
SHIP012360,ORD012360,Standard,DHL,2022-01-16,9,Naperville
SHIP012361,ORD012361,Same-Day,DHL,2025-08-29,2,Pittsburgh
SHIP012362,ORD012362,Standard,FedEx,2025-09-08,5,Cincinnati
SHIP012363,ORD012363,Express,UPS,2026-06-21,1,Allentown
SHIP012364,ORD012364,Standard,DHL,2024-02-05,4,Detroit
SHIP012365,ORD012365,Standard,Delhivery,2023-10-16,4,Jacksonville
SHIP012366,ORD012366,Standard,UPS,2022-09-07,3,Jersey City
SHIP012367,ORD012367,Standard,BlueDart,2025-02-26,5,Miami
SHIP012368,ORD012368,Standard,IndiaPost,2023-11-28,5,Newark
SHIP012369,ORD012369,Express,IndiaPost,2021-02-26,3,Seattle
SHIP012371,ORD012371,Standard,Delhivery,2025-09-24,7,Colorado Springs
SHIP012372,ORD012372,Standard,IndiaPost,2025-11-22,5,Elizabeth
SHIP012373,ORD012373,Economy,Delhivery,2024-09-05,1,Lansing
SHIP012374,ORD012374,Express,DHL,2026-02-01,5,Detroit
SHIP012375,ORD012375,Express,FedEx,2025-10-26,2,Tucson
SHIP012376,ORD012376,Standard,DHL,2025-04-05,8,Flint
SHIP012377,ORD012377,Standard,Delhivery,2026-05-01,4,Austin
SHIP012378,ORD012378,Standard,Delhivery,2024-04-19,7,Miami
SHIP012379,ORD012379,Same-Day,FedEx,2021-09-07,6,Los Angeles
SHIP012380,ORD012380,Express,FedEx,2026-03-05,1,Athens
SHIP012381,ORD012381,Express,DHL,2022-02-12,1,Cleveland
SHIP012383,ORD012383,Economy,Delhivery,2024-12-07,5,Orlando
SHIP012385,ORD012385,Standard,DHL,2025-05-29,2,Tacoma
SHIP012386,ORD012386,Standard,DHL,2025-06-16,9,Erie
SHIP012387,ORD012387,Standard,IndiaPost,2026-06-03,2,Allentown
SHIP012388,ORD012388,Economy,IndiaPost,2024-08-05,4,Macon
SHIP012389,ORD012389,Express,IndiaPost,2026-02-27,3,Los Angeles
SHIP012390,ORD012390,Standard,IndiaPost,2024-04-08,7,Albany
SHIP012391,ORD012391,Standard,Delhivery,2026-07-10,5,Spokane
SHIP012393,ORD012393,Economy,BlueDart,2026-05-13,9,Macon
SHIP012394,ORD012394,Standard,IndiaPost,2025-09-03,1,Toledo
SHIP012396,ORD012396,Standard,FedEx,2025-08-21,5,Everett
SHIP012397,ORD012397,Express,DHL,2024-04-03,3,Syracuse
SHIP012398,ORD012398,Standard,BlueDart,2025-05-18,1,Rockford
SHIP012400,ORD012400,Standard,DHL,2026-02-20,4,Macon
SHIP012401,ORD012401,Express,UPS,2024-10-22,8,Ann Arbor
SHIP012402,ORD012402,Standard,Delhivery,2025-03-24,6,Phoenix
SHIP012403,ORD012403,Express,BlueDart,2022-04-05,7,Houston
SHIP012404,ORD012404,Express,UPS,2025-03-11,5,Akron
SHIP012407,ORD012407,Express,IndiaPost,2025-10-09,9,Boston
SHIP012408,ORD012408,Standard,FedEx,2023-02-10,8,Worcester
SHIP012409,ORD012409,Standard,BlueDart,2022-12-11,4,Lowell
SHIP012410,ORD012410,Standard,IndiaPost,2026-06-11,4,Springfield
SHIP012411,ORD012411,Same-Day,UPS,2025-02-26,4,Seattle
SHIP012412,ORD012412,Economy,BlueDart,2022-05-23,5,Lansing
SHIP012414,ORD012414,Express,IndiaPost,2022-11-17,9,Spokane
SHIP012415,ORD012415,Same-Day,IndiaPost,2025-09-05,2,Trenton
SHIP012417,ORD012417,Express,IndiaPost,2024-08-27,9,Orlando
SHIP012418,ORD012418,Standard,IndiaPost,2023-11-04,5,Denver
SHIP012419,ORD012419,Express,BlueDart,2022-05-25,9,Orlando
SHIP012421,ORD012421,Express,UPS,2026-07-17,8,Jersey City
SHIP012422,ORD012422,Standard,Delhivery,2021-05-16,7,Erie
SHIP012423,ORD012423,Same-Day,BlueDart,2025-08-03,4,Boulder
SHIP012424,ORD012424,Economy,BlueDart,2020-04-13,7,Peoria
SHIP012427,ORD012427,Express,FedEx,2021-06-16,7,Cambridge
SHIP012428,ORD012428,Standard,IndiaPost,2025-08-18,7,Fort Lauderdale
SHIP012429,ORD012429,Standard,UPS,2025-03-15,7,Buffalo
SHIP012430,ORD012430,Standard,Delhivery,2024-11-24,4,Worcester
SHIP012431,ORD012431,Economy,DHL,2022-11-18,9,Scottsdale
SHIP012432,ORD012432,Standard,UPS,2024-05-20,6,Dallas
SHIP012433,ORD012433,Same-Day,Delhivery,2023-12-26,4,Austin
SHIP012434,ORD012434,Standard,Delhivery,2024-11-03,7,Buffalo
SHIP012435,ORD012435,Express,DHL,2026-06-16,7,Worcester
SHIP012436,ORD012436,Standard,BlueDart,2026-06-22,4,Seattle
SHIP012437,ORD012437,Economy,UPS,2025-06-18,3,Springfield
SHIP012438,ORD012438,Standard,Delhivery,2025-09-29,5,Austin
SHIP012439,ORD012439,Standard,DHL,2023-01-24,5,Springfield
SHIP012440,ORD012440,Standard,Delhivery,2025-01-05,2,Raleigh
SHIP012442,ORD012442,Standard,IndiaPost,2022-08-13,4,Flint
SHIP012444,ORD012444,Same-Day,IndiaPost,2025-11-29,4,San Diego
SHIP012445,ORD012445,Standard,DHL,2026-06-25,2,San Jose
SHIP012446,ORD012446,Same-Day,UPS,2026-07-18,7,Fort Worth
SHIP012447,ORD012447,Standard,FedEx,2021-10-13,2,Philadelphia
SHIP012449,ORD012449,Standard,IndiaPost,2025-12-18,9,Newark
SHIP012450,ORD012450,Express,FedEx,2020-02-03,9,Chicago
SHIP012451,ORD012451,Standard,BlueDart,2025-10-24,7,Chandler
SHIP012452,ORD012452,Express,Delhivery,2023-04-18,2,Aurora
SHIP012453,ORD012453,Same-Day,DHL,2026-07-13,1,Rochester
SHIP012454,ORD012454,Express,UPS,2025-08-09,2,Jacksonville
SHIP012455,ORD012455,Standard,DHL,2022-01-25,8,Fort Collins
SHIP012456,ORD012456,Express,FedEx,2023-02-23,3,Lansing
SHIP012457,ORD012457,Standard,UPS,2024-07-20,9,Paterson
SHIP012458,ORD012458,Standard,IndiaPost,2024-04-18,4,Fort Lauderdale
SHIP012459,ORD012459,Standard,BlueDart,2023-03-30,4,Jacksonville
SHIP012460,ORD012460,Standard,Delhivery,2023-02-09,3,Worcester
SHIP012461,ORD012461,Standard,UPS,2026-07-27,6,Los Angeles
SHIP012462,ORD012462,Express,UPS,2024-03-11,8,Allentown
SHIP012463,ORD012463,Express,IndiaPost,2026-03-17,3,San Francisco
SHIP012465,ORD012465,Express,DHL,2023-09-04,1,Greensboro
SHIP012467,ORD012467,Same-Day,IndiaPost,2023-09-15,3,San Francisco
SHIP012468,ORD012468,Standard,BlueDart,2025-01-09,3,Reading
SHIP012469,ORD012469,Standard,DHL,2026-05-25,9,Houston
SHIP012470,ORD012470,Economy,BlueDart,2025-09-18,6,Toledo
SHIP012472,ORD012472,Express,IndiaPost,2024-03-26,9,Toledo
SHIP012473,ORD012473,Standard,FedEx,2025-01-31,3,Macon
SHIP012474,ORD012474,Standard,Delhivery,2024-05-12,7,Orlando
SHIP012475,ORD012475,Express,FedEx,2026-02-09,9,Fort Collins
SHIP012476,ORD012476,Standard,FedEx,2025-09-28,9,Spokane
SHIP012478,ORD012478,Standard,Delhivery,2024-10-12,2,Tacoma
SHIP012479,ORD012479,Standard,DHL,2026-03-21,3,Cleveland
SHIP012480,ORD012480,Standard,DHL,2026-07-21,6,San Francisco
SHIP012481,ORD012481,Economy,Delhivery,2026-07-01,6,Savannah
SHIP012482,ORD012482,Economy,IndiaPost,2022-10-30,1,Allentown
SHIP012483,ORD012483,Standard,UPS,2021-08-25,8,Atlanta
SHIP012484,ORD012484,Standard,DHL,2026-06-01,8,Trenton
SHIP012485,ORD012485,Express,BlueDart,2023-07-31,1,Syracuse
SHIP012486,ORD012486,Standard,Delhivery,2026-01-13,4,Allentown
SHIP012487,ORD012487,Standard,IndiaPost,2026-04-08,3,Akron
SHIP012489,ORD012489,Standard,Delhivery,2022-11-27,6,Athens
SHIP012490,ORD012490,Standard,Delhivery,2026-05-28,7,Naperville
SHIP012491,ORD012491,Standard,Delhivery,2026-07-21,1,Columbus
SHIP012492,ORD012492,Express,DHL,2025-03-13,2,Jacksonville
SHIP012493,ORD012493,Same-Day,DHL,2026-07-30,8,Savannah
SHIP012494,ORD012494,Standard,Delhivery,2026-07-17,2,Charlotte
SHIP012495,ORD012495,Standard,UPS,2025-11-01,7,Paterson
SHIP012497,ORD012497,Same-Day,UPS,2025-08-02,4,Denver
SHIP012498,ORD012498,Express,IndiaPost,2025-07-30,4,Lansing
SHIP012499,ORD012499,Express,Delhivery,2025-05-29,7,Dallas
SHIP012500,ORD012500,Standard,IndiaPost,2023-03-09,5,Flint
SHIP012502,ORD012502,Standard,UPS,2026-04-27,1,Fort Lauderdale
SHIP012503,ORD012503,Standard,FedEx,2025-06-19,6,Cincinnati
SHIP012504,ORD012504,Same-Day,UPS,2026-04-14,1,Lowell
SHIP012505,ORD012505,Standard,BlueDart,2026-04-02,7,Scottsdale
SHIP012506,ORD012506,Standard,DHL,2026-01-29,4,Greensboro
SHIP012507,ORD012507,Standard,Delhivery,2024-07-04,3,Houston
SHIP012509,ORD012509,Standard,DHL,2024-02-27,9,Paterson
SHIP012511,ORD012511,Economy,DHL,2025-10-07,1,Fort Worth
SHIP012513,ORD012513,Express,BlueDart,2023-01-28,7,Detroit
SHIP012514,ORD012514,Economy,DHL,2024-06-01,4,Miami
SHIP012515,ORD012515,Express,UPS,2025-06-17,9,Jersey City
SHIP012517,ORD012517,Standard,BlueDart,2026-04-21,1,Winston-Salem
SHIP012518,ORD012518,Standard,IndiaPost,2025-03-13,5,Jersey City
SHIP012519,ORD012519,Standard,FedEx,2026-03-04,6,Winston-Salem
SHIP012520,ORD012520,Standard,Delhivery,2025-03-16,3,Charlotte
SHIP012521,ORD012521,Express,BlueDart,2025-10-31,8,Athens
SHIP012522,ORD012522,Express,UPS,2024-05-31,1,Scottsdale
SHIP012523,ORD012523,Express,Delhivery,2024-12-23,3,Buffalo
SHIP012525,ORD012525,Express,Delhivery,2025-06-09,7,San Francisco
SHIP012526,ORD012526,Same-Day,FedEx,2025-01-28,5,Boston
SHIP012527,ORD012527,Standard,DHL,2024-05-01,5,Everett
SHIP012528,ORD012528,Express,BlueDart,2023-08-11,9,Orlando
SHIP012529,ORD012529,Standard,DHL,2023-03-17,3,Ann Arbor
SHIP012530,ORD012530,Express,UPS,2024-03-12,5,San Francisco
SHIP012531,ORD012531,Standard,Delhivery,2023-02-20,3,Atlanta
SHIP012532,ORD012532,Standard,FedEx,2021-11-06,9,Orlando
SHIP012533,ORD012533,Economy,DHL,2026-02-23,7,Austin
SHIP012534,ORD012534,Express,Delhivery,2026-05-04,8,Jacksonville
SHIP012535,ORD012535,Standard,UPS,2022-09-02,3,Springfield
SHIP012536,ORD012536,Express,FedEx,2026-07-16,9,Boulder
SHIP012537,ORD012537,Standard,DHL,2024-10-22,4,Austin
SHIP012538,ORD012538,Same-Day,DHL,2022-12-20,9,Fort Worth
SHIP012539,ORD012539,Same-Day,Delhivery,2024-11-17,5,Colorado Springs
SHIP012540,ORD012540,Standard,IndiaPost,2024-07-15,6,Boulder
SHIP012541,ORD012541,Express,DHL,2020-06-16,1,Jersey City
SHIP012542,ORD012542,Standard,FedEx,2022-07-07,9,Sacramento
SHIP012543,ORD012543,Same-Day,IndiaPost,2024-07-07,5,Lowell
SHIP012544,ORD012544,Express,UPS,2022-01-21,7,Lansing
SHIP012545,ORD012545,Standard,DHL,2025-12-26,6,Phoenix
SHIP012546,ORD012546,Standard,DHL,2023-05-11,1,Detroit
SHIP012548,ORD012548,Standard,FedEx,2025-10-23,3,Mesa
SHIP012549,ORD012549,Express,UPS,2025-12-29,9,Lansing
SHIP012550,ORD012550,Standard,BlueDart,2025-05-03,5,Orlando
SHIP012551,ORD012551,Standard,UPS,2024-04-06,3,Boulder
SHIP012552,ORD012552,Express,UPS,2024-04-27,9,Albany
SHIP012553,ORD012553,Standard,BlueDart,2026-06-02,9,New York City
SHIP012554,ORD012554,Economy,Delhivery,2023-04-25,8,Syracuse
SHIP012555,ORD012555,Standard,BlueDart,2024-04-20,6,Raleigh
SHIP012556,ORD012556,Same-Day,DHL,2022-04-01,6,New York City
SHIP012557,ORD012557,Express,UPS,2024-12-11,4,Denver
SHIP012558,ORD012558,Standard,FedEx,2021-06-05,4,Orlando
SHIP012559,ORD012559,Standard,FedEx,2025-11-13,1,Columbus
SHIP012560,ORD012560,Standard,IndiaPost,2022-12-13,9,Fort Worth
SHIP012562,ORD012562,Express,BlueDart,2026-04-07,7,Ann Arbor
SHIP012563,ORD012563,Standard,BlueDart,2026-07-27,6,Reading
SHIP012565,ORD012565,Same-Day,DHL,2025-08-28,3,San Jose
SHIP012566,ORD012566,Standard,BlueDart,2024-09-06,7,New York City
SHIP012567,ORD012567,Standard,DHL,2023-06-04,4,Phoenix
SHIP012568,ORD012568,Standard,DHL,2025-07-20,8,Tacoma
SHIP012569,ORD012569,Same-Day,IndiaPost,2025-04-24,5,San Antonio
SHIP012570,ORD012570,Express,DHL,2024-04-22,1,Pittsburgh
SHIP012572,ORD012572,Standard,BlueDart,2025-08-27,6,Pittsburgh
SHIP012573,ORD012573,Express,Delhivery,2023-03-29,9,Everett
SHIP012574,ORD012574,Standard,FedEx,2026-03-20,1,Rochester
SHIP012575,ORD012575,Same-Day,IndiaPost,2021-12-17,6,Lansing
SHIP012576,ORD012576,Standard,DHL,2025-11-15,1,Reading
SHIP012577,ORD012577,Same-Day,BlueDart,2023-01-03,9,Peoria
SHIP012578,ORD012578,Standard,IndiaPost,2025-11-12,8,Los Angeles
SHIP012579,ORD012579,Standard,FedEx,2025-05-29,7,Toledo
SHIP012580,ORD012580,Standard,DHL,2020-11-24,3,Orlando
SHIP012581,ORD012581,Express,BlueDart,2024-05-17,5,Worcester
SHIP012582,ORD012582,Standard,UPS,2026-03-27,4,Bellevue
SHIP012583,ORD012583,Standard,FedEx,2025-09-01,9,Denver
SHIP012584,ORD012584,Express,FedEx,2025-09-20,5,Allentown
SHIP012585,ORD012585,Express,BlueDart,2025-04-02,6,Detroit
SHIP012586,ORD012586,Express,UPS,2026-01-01,5,Fort Collins
SHIP012587,ORD012587,Standard,Delhivery,2026-07-12,7,Trenton
SHIP012588,ORD012588,Express,Delhivery,2024-05-30,3,Paterson
SHIP012589,ORD012589,Standard,FedEx,2023-01-31,5,Fort Collins
SHIP012590,ORD012590,Standard,FedEx,2024-11-19,3,Fort Collins
SHIP012592,ORD012592,Standard,IndiaPost,2025-10-15,7,Athens
SHIP012593,ORD012593,Standard,DHL,2023-09-01,6,Boulder
SHIP012594,ORD012594,Standard,UPS,2026-07-12,9,Boston
SHIP012595,ORD012595,Standard,UPS,2022-02-24,2,Boston
SHIP012596,ORD012596,Standard,DHL,2025-09-29,6,Denver
SHIP012597,ORD012597,Standard,BlueDart,2026-06-23,8,Augusta
SHIP012598,ORD012598,Economy,IndiaPost,2021-12-14,2,Erie
SHIP012599,ORD012599,Standard,UPS,2024-07-02,8,Cleveland
SHIP012602,ORD012602,Standard,FedEx,2025-11-03,5,Colorado Springs
SHIP012603,ORD012603,Standard,FedEx,2026-05-07,6,San Diego
SHIP012604,ORD012604,Same-Day,BlueDart,2023-08-08,6,Mesa
SHIP012606,ORD012606,Standard,FedEx,2023-04-02,2,Aurora
SHIP012607,ORD012607,Standard,BlueDart,2026-03-20,8,Allentown
SHIP012608,ORD012608,Standard,Delhivery,2024-09-01,6,Lowell
SHIP012609,ORD012609,Same-Day,FedEx,2023-12-20,2,San Antonio
SHIP012610,ORD012610,Standard,FedEx,2026-01-16,2,San Diego
SHIP012611,ORD012611,Standard,DHL,2026-06-16,8,Syracuse
SHIP012612,ORD012612,Standard,UPS,2026-07-06,1,Chandler
SHIP012613,ORD012613,Express,FedEx,2025-10-06,6,Bellevue
SHIP012614,ORD012614,Standard,DHL,2026-06-01,5,Detroit
SHIP012615,ORD012615,Standard,BlueDart,2023-12-28,4,Naperville
SHIP012616,ORD012616,Standard,BlueDart,2026-06-21,5,Los Angeles
SHIP012617,ORD012617,Economy,BlueDart,2025-12-08,9,Springfield
SHIP012618,ORD012618,Standard,Delhivery,2025-11-10,9,Durham
SHIP012619,ORD012619,Standard,IndiaPost,2025-07-02,8,Seattle
SHIP012621,ORD012621,Express,Delhivery,2026-05-26,4,San Jose
SHIP012622,ORD012622,Express,DHL,2023-10-19,6,Lowell
SHIP012623,ORD012623,Standard,UPS,2023-01-28,5,Rockford
SHIP012625,ORD012625,Express,FedEx,2026-04-17,3,Paterson
SHIP012626,ORD012626,Express,UPS,2023-04-17,2,Philadelphia
SHIP012627,ORD012627,Standard,IndiaPost,2025-04-20,5,San Francisco
SHIP012628,ORD012628,Standard,BlueDart,2025-09-17,2,Atlanta
SHIP012629,ORD012629,Express,UPS,2026-05-01,3,Ann Arbor
SHIP012630,ORD012630,Standard,DHL,2024-12-21,2,Charlotte
SHIP012631,ORD012631,Standard,IndiaPost,2025-03-09,1,Bellevue
SHIP012632,ORD012632,Express,IndiaPost,2026-05-12,9,Fort Worth
SHIP012633,ORD012633,Standard,UPS,2026-01-13,9,Buffalo
SHIP012634,ORD012634,Express,DHL,2023-12-05,9,Orlando
SHIP012635,ORD012635,Standard,Delhivery,2026-05-20,6,Toledo
SHIP012637,ORD012637,Standard,FedEx,2025-12-19,3,Macon
SHIP012638,ORD012638,Express,DHL,2025-10-30,6,Pittsburgh
SHIP012641,ORD012641,Economy,DHL,2025-08-08,8,Detroit
SHIP012643,ORD012643,Standard,Delhivery,2021-01-27,3,San Antonio
SHIP012644,ORD012644,Standard,DHL,2026-04-26,2,Trenton
SHIP012646,ORD012646,Same-Day,BlueDart,2023-03-29,2,Reading
SHIP012647,ORD012647,Economy,Delhivery,2025-10-28,8,Chicago
SHIP012648,ORD012648,Express,Delhivery,2025-05-15,9,Tucson
SHIP012650,ORD012650,Standard,DHL,2025-03-16,1,Cincinnati
SHIP012651,ORD012651,Express,IndiaPost,2026-06-02,7,Akron
SHIP012652,ORD012652,Standard,Delhivery,2026-07-14,2,Spokane
SHIP012653,ORD012653,Standard,Delhivery,2026-03-27,9,Jersey City
SHIP012654,ORD012654,Same-Day,BlueDart,2024-06-12,1,Los Angeles
SHIP012655,ORD012655,Standard,DHL,2024-04-29,1,Pittsburgh
SHIP012656,ORD012656,Express,UPS,2025-08-05,8,Chandler
SHIP012657,ORD012657,Standard,Delhivery,2026-06-30,3,Austin
SHIP012658,ORD012658,Economy,BlueDart,2025-01-31,8,Cincinnati
SHIP012659,ORD012659,Same-Day,FedEx,2026-05-02,1,Athens
SHIP012660,ORD012660,Standard,BlueDart,2026-07-28,2,Charlotte
SHIP012661,ORD012661,Economy,IndiaPost,2026-02-19,6,Denver
SHIP012662,ORD012662,Standard,BlueDart,2026-07-08,6,Los Angeles
SHIP012663,ORD012663,Standard,Delhivery,2025-09-06,7,Dallas
SHIP012664,ORD012664,Standard,DHL,2025-10-10,1,Bellevue
SHIP012665,ORD012665,Same-Day,UPS,2026-02-07,5,Los Angeles
SHIP012668,ORD012668,Same-Day,IndiaPost,2026-01-21,2,San Antonio
SHIP012669,ORD012669,Same-Day,BlueDart,2026-07-22,9,Albany
SHIP012670,ORD012670,Express,UPS,2026-07-29,9,Augusta
SHIP012671,ORD012671,Standard,DHL,2023-11-09,1,Macon
SHIP012672,ORD012672,Same-Day,IndiaPost,2022-07-18,6,Miami
SHIP012673,ORD012673,Standard,IndiaPost,2022-04-02,2,Austin
SHIP012674,ORD012674,Standard,BlueDart,2025-09-13,5,Naperville
SHIP012675,ORD012675,Standard,IndiaPost,2024-10-17,9,Dallas
SHIP012676,ORD012676,Standard,UPS,2025-01-28,4,Jersey City
SHIP012677,ORD012677,Express,IndiaPost,2025-10-26,2,Los Angeles
SHIP012678,ORD012678,Standard,UPS,2026-05-08,2,Erie
SHIP012681,ORD012681,Standard,IndiaPost,2026-07-04,1,Tucson
SHIP012683,ORD012683,Standard,DHL,2022-05-11,7,Dallas
SHIP012684,ORD012684,Standard,Delhivery,2025-07-17,8,Elizabeth
SHIP012685,ORD012685,Standard,BlueDart,2026-03-27,3,Newark
SHIP012686,ORD012686,Standard,IndiaPost,2025-12-28,5,Rochester
SHIP012687,ORD012687,Economy,IndiaPost,2026-07-06,7,Houston
SHIP012688,ORD012688,Standard,IndiaPost,2022-04-05,1,Worcester
SHIP012693,ORD012693,Standard,Delhivery,2024-02-02,3,Lowell
SHIP012694,ORD012694,Standard,IndiaPost,2023-10-04,1,Orlando
SHIP012695,ORD012695,Standard,UPS,2026-02-11,9,Tucson
SHIP012696,ORD012696,Express,DHL,2026-04-16,6,Detroit
SHIP012697,ORD012697,Standard,Delhivery,2026-05-31,4,Worcester
SHIP012698,ORD012698,Standard,DHL,2024-03-17,2,Chandler
SHIP012699,ORD012699,Economy,FedEx,2026-08-03,8,Winston-Salem
SHIP012700,ORD012700,Standard,FedEx,2023-03-16,7,Fort Collins
SHIP012701,ORD012701,Express,UPS,2026-06-29,5,Jersey City
SHIP012702,ORD012702,Same-Day,DHL,2025-04-06,1,Tampa
SHIP012703,ORD012703,Standard,BlueDart,2023-03-30,2,Aurora
SHIP012704,ORD012704,Standard,IndiaPost,2026-05-22,6,Ann Arbor
SHIP012706,ORD012706,Standard,IndiaPost,2026-07-14,6,Greensboro
SHIP012707,ORD012707,Standard,BlueDart,2025-04-25,9,Mesa
SHIP012708,ORD012708,Express,BlueDart,2025-09-15,8,Trenton
SHIP012709,ORD012709,Standard,DHL,2026-04-12,2,Dallas
SHIP012710,ORD012710,Express,DHL,2024-12-04,1,Tucson
SHIP012711,ORD012711,Standard,IndiaPost,2025-05-02,5,Sacramento
SHIP012712,ORD012712,Economy,IndiaPost,2026-07-21,5,Macon
SHIP012713,ORD012713,Express,BlueDart,2025-12-23,1,Miami
SHIP012714,ORD012714,Economy,IndiaPost,2022-08-18,8,Grand Rapids
SHIP012715,ORD012715,Standard,IndiaPost,2024-10-29,4,Boston
SHIP012716,ORD012716,Standard,Delhivery,2026-06-16,3,Aurora
SHIP012717,ORD012717,Same-Day,Delhivery,2022-11-15,4,Lowell
SHIP012719,ORD012719,Standard,DHL,2025-01-13,4,Atlanta
SHIP012720,ORD012720,Express,DHL,2026-07-27,5,San Diego
SHIP012721,ORD012721,Standard,DHL,2020-10-31,5,Phoenix
SHIP012722,ORD012722,Standard,UPS,2024-10-10,5,Rochester
SHIP012723,ORD012723,Express,IndiaPost,2026-04-15,1,Savannah
SHIP012724,ORD012724,Standard,DHL,2025-08-14,4,Greensboro
SHIP012726,ORD012726,Standard,UPS,2024-01-22,2,Winston-Salem
SHIP012727,ORD012727,Express,Delhivery,2025-06-12,2,Naperville
SHIP012728,ORD012728,Standard,DHL,2026-02-19,1,Fort Lauderdale
SHIP012729,ORD012729,Express,BlueDart,2021-05-29,7,Atlanta
SHIP012731,ORD012731,Same-Day,FedEx,2025-12-28,3,Paterson
SHIP012732,ORD012732,Standard,UPS,2026-04-20,5,Bellevue
SHIP012733,ORD012733,Standard,FedEx,2025-06-03,4,Mesa
SHIP012734,ORD012734,Same-Day,BlueDart,2025-03-31,7,Tacoma
SHIP012735,ORD012735,Standard,FedEx,2025-08-07,7,San Diego
SHIP012736,ORD012736,Standard,FedEx,2022-04-07,8,San Francisco
SHIP012737,ORD012737,Standard,FedEx,2025-02-26,9,Augusta
SHIP012738,ORD012738,Standard,BlueDart,2025-10-25,7,Pittsburgh
SHIP012739,ORD012739,Express,FedEx,2022-10-12,8,Chicago
SHIP012740,ORD012740,Express,DHL,2026-01-28,1,Charlotte
SHIP012741,ORD012741,Standard,DHL,2025-09-21,7,Akron
SHIP012742,ORD012742,Standard,UPS,2024-07-10,2,Buffalo
SHIP012743,ORD012743,Economy,DHL,2025-12-02,1,Akron
SHIP012745,ORD012745,Express,BlueDart,2022-05-29,6,Everett
SHIP012746,ORD012746,Standard,FedEx,2025-10-29,3,Everett
SHIP012747,ORD012747,Standard,BlueDart,2026-04-14,5,Elizabeth
SHIP012748,ORD012748,Standard,Delhivery,2023-01-30,1,Jersey City
SHIP012749,ORD012749,Same-Day,DHL,2026-02-09,4,Elizabeth
SHIP012750,ORD012750,Standard,IndiaPost,2023-12-18,3,Cambridge
SHIP012751,ORD012751,Standard,FedEx,2024-09-01,9,Phoenix
SHIP012752,ORD012752,Standard,DHL,2023-07-06,9,Winston-Salem
SHIP012753,ORD012753,Express,BlueDart,2025-12-17,4,Tampa
SHIP012755,ORD012755,Standard,FedEx,2026-04-18,5,Cleveland
SHIP012756,ORD012756,Economy,BlueDart,2024-02-24,2,Colorado Springs
SHIP012757,ORD012757,Express,DHL,2022-08-18,9,Cleveland
SHIP012758,ORD012758,Same-Day,IndiaPost,2025-12-23,5,Fort Collins
SHIP012759,ORD012759,Express,DHL,2025-12-17,7,Winston-Salem
SHIP012760,ORD012760,Standard,IndiaPost,2025-12-03,4,Fort Lauderdale
SHIP012762,ORD012762,Express,UPS,2025-06-09,1,Macon
SHIP012763,ORD012763,Express,IndiaPost,2022-03-05,2,Spokane
SHIP012764,ORD012764,Standard,DHL,2025-09-20,6,Durham
SHIP012765,ORD012765,Express,Delhivery,2023-03-18,8,Durham
SHIP012766,ORD012766,Standard,UPS,2024-05-31,6,Albany
SHIP012768,ORD012768,Economy,UPS,2024-05-10,6,Allentown
SHIP012770,ORD012770,Standard,IndiaPost,2021-06-15,7,Syracuse
SHIP012771,ORD012771,Express,Delhivery,2025-12-21,1,Raleigh
SHIP012772,ORD012772,Standard,IndiaPost,2023-08-14,4,Worcester
SHIP012773,ORD012773,Standard,Delhivery,2024-02-25,4,Seattle
SHIP012774,ORD012774,Express,IndiaPost,2025-04-10,9,Dallas
SHIP012775,ORD012775,Express,IndiaPost,2025-08-17,3,Peoria
SHIP012776,ORD012776,Express,IndiaPost,2023-08-21,7,Macon
SHIP012777,ORD012777,Express,BlueDart,2026-05-05,4,Dallas
SHIP012778,ORD012778,Standard,UPS,2021-02-28,7,Rochester
SHIP012779,ORD012779,Express,UPS,2024-05-02,1,Detroit
SHIP012780,ORD012780,Economy,Delhivery,2024-04-21,5,Peoria
SHIP012781,ORD012781,Express,UPS,2025-12-07,9,Springfield
SHIP012782,ORD012782,Same-Day,Delhivery,2026-03-26,2,Syracuse
SHIP012784,ORD012784,Same-Day,Delhivery,2022-11-08,4,Los Angeles
SHIP012785,ORD012785,Standard,DHL,2022-04-04,6,Pittsburgh
SHIP012786,ORD012786,Standard,BlueDart,2023-12-09,6,Naperville
SHIP012787,ORD012787,Standard,Delhivery,2024-06-16,5,Cincinnati
SHIP012788,ORD012788,Express,IndiaPost,2026-07-24,3,Orlando
SHIP012789,ORD012789,Standard,IndiaPost,2024-02-03,5,Detroit
SHIP012790,ORD012790,Standard,IndiaPost,2025-02-11,9,Bellevue
SHIP012791,ORD012791,Standard,UPS,2025-10-29,5,Tampa
SHIP012792,ORD012792,Express,BlueDart,2022-02-07,1,Jersey City
SHIP012793,ORD012793,Same-Day,IndiaPost,2025-08-10,7,Fort Worth
SHIP012794,ORD012794,Economy,FedEx,2025-08-19,3,Allentown
SHIP012795,ORD012795,Express,IndiaPost,2024-05-03,4,Albany
SHIP012796,ORD012796,Standard,BlueDart,2025-12-18,7,New York City
SHIP012797,ORD012797,Standard,BlueDart,2022-03-06,7,Elizabeth
SHIP012798,ORD012798,Express,DHL,2025-10-16,3,Everett
SHIP012799,ORD012799,Same-Day,DHL,2025-05-14,4,Pittsburgh
SHIP012800,ORD012800,Express,FedEx,2024-04-10,7,Grand Rapids
SHIP012801,ORD012801,Express,BlueDart,2024-10-07,4,Boston
SHIP012803,ORD012803,Standard,FedEx,2026-01-12,8,Colorado Springs
SHIP012806,ORD012806,Economy,DHL,2026-07-27,1,Cambridge
SHIP012807,ORD012807,Standard,BlueDart,2026-07-05,8,Bellevue
SHIP012808,ORD012808,Express,DHL,2026-03-15,5,Lansing
SHIP012809,ORD012809,Standard,BlueDart,2026-06-24,8,Paterson
SHIP012810,ORD012810,Economy,FedEx,2024-08-12,6,Grand Rapids
SHIP012811,ORD012811,Economy,DHL,2019-09-21,1,Fort Lauderdale
SHIP012813,ORD012813,Standard,IndiaPost,2024-03-28,2,Phoenix
SHIP012815,ORD012815,Standard,UPS,2024-06-13,3,Chicago
SHIP012816,ORD012816,Standard,BlueDart,2023-05-10,1,Fort Worth
SHIP012818,ORD012818,Same-Day,Delhivery,2026-07-18,6,Cambridge
SHIP012819,ORD012819,Economy,Delhivery,2025-07-15,3,San Jose
SHIP012820,ORD012820,Standard,FedEx,2026-03-02,3,Jacksonville
SHIP012821,ORD012821,Standard,DHL,2023-11-10,1,San Antonio
SHIP012822,ORD012822,Standard,DHL,2026-01-06,8,Reading
SHIP012823,ORD012823,Standard,BlueDart,2026-05-23,6,Savannah
SHIP012824,ORD012824,Economy,DHL,2022-05-18,2,Rochester
SHIP012825,ORD012825,Standard,UPS,2023-05-10,9,Tampa
SHIP012826,ORD012826,Express,FedEx,2025-10-31,9,Greensboro
SHIP012827,ORD012827,Standard,UPS,2025-09-06,7,Houston
SHIP012828,ORD012828,Same-Day,UPS,2025-01-23,3,Fort Lauderdale
SHIP012829,ORD012829,Same-Day,Delhivery,2023-04-04,8,Athens
SHIP012830,ORD012830,Same-Day,BlueDart,2025-07-17,9,Greensboro
SHIP012831,ORD012831,Standard,DHL,2025-05-30,6,Boston
SHIP012832,ORD012832,Express,Delhivery,2023-07-19,2,Chicago
SHIP012833,ORD012833,Standard,BlueDart,2026-03-11,9,Elizabeth
SHIP012834,ORD012834,Standard,UPS,2025-09-30,1,Chicago
SHIP012836,ORD012836,Same-Day,UPS,2025-11-29,7,Miami
SHIP012837,ORD012837,Standard,DHL,2024-06-12,1,Orlando
SHIP012838,ORD012838,Express,Delhivery,2023-01-20,6,Cambridge
SHIP012839,ORD012839,Express,UPS,2025-06-11,2,Aurora
SHIP012840,ORD012840,Standard,FedEx,2025-11-20,1,Allentown
SHIP012841,ORD012841,Express,Delhivery,2026-03-08,2,Los Angeles
SHIP012842,ORD012842,Same-Day,DHL,2026-01-16,7,Cleveland
SHIP012844,ORD012844,Same-Day,BlueDart,2024-06-07,6,Atlanta
SHIP012845,ORD012845,Express,FedEx,2024-07-26,1,Chandler
SHIP012847,ORD012847,Standard,DHL,2025-05-06,1,Worcester
SHIP012848,ORD012848,Same-Day,DHL,2025-03-24,6,Peoria
SHIP012849,ORD012849,Standard,Delhivery,2026-01-06,6,Athens
SHIP012850,ORD012850,Same-Day,DHL,2026-05-03,1,Erie
SHIP012851,ORD012851,Standard,FedEx,2026-05-08,7,Trenton
SHIP012852,ORD012852,Standard,Delhivery,2025-07-04,8,Fort Collins
SHIP012853,ORD012853,Standard,IndiaPost,2020-04-27,1,Chicago
SHIP012856,ORD012856,Standard,DHL,2023-02-04,1,Tacoma
SHIP012857,ORD012857,Standard,DHL,2026-06-06,7,Aurora
SHIP012858,ORD012858,Standard,BlueDart,2026-06-25,5,Chandler
SHIP012860,ORD012860,Economy,DHL,2024-03-08,5,Fort Worth
SHIP012861,ORD012861,Standard,FedEx,2024-10-20,1,Philadelphia
SHIP012863,ORD012863,Standard,DHL,2025-11-17,2,Lansing
SHIP012864,ORD012864,Standard,DHL,2024-03-16,5,Detroit
SHIP012865,ORD012865,Same-Day,BlueDart,2025-10-28,7,Jacksonville
SHIP012866,ORD012866,Express,IndiaPost,2025-06-30,5,Cleveland
SHIP012867,ORD012867,Same-Day,BlueDart,2022-09-23,1,Erie
SHIP012868,ORD012868,Express,BlueDart,2025-04-26,1,Boston
SHIP012869,ORD012869,Express,IndiaPost,2024-10-16,5,Ann Arbor
SHIP012870,ORD012870,Standard,Delhivery,2025-12-19,1,Los Angeles
SHIP012871,ORD012871,Standard,IndiaPost,2026-06-24,4,Miami
SHIP012873,ORD012873,Same-Day,DHL,2024-07-13,3,Savannah
SHIP012874,ORD012874,Express,UPS,2023-02-13,6,Philadelphia
SHIP012875,ORD012875,Standard,Delhivery,2025-09-15,3,Rochester
SHIP012876,ORD012876,Express,DHL,2026-05-30,3,Newark
SHIP012877,ORD012877,Same-Day,FedEx,2025-12-01,5,Cambridge
SHIP012879,ORD012879,Standard,FedEx,2025-10-07,1,Seattle
SHIP012880,ORD012880,Standard,BlueDart,2025-09-29,6,Tucson
SHIP012881,ORD012881,Standard,DHL,2025-10-29,1,Dallas
SHIP012882,ORD012882,Standard,FedEx,2023-02-24,1,San Diego
SHIP012884,ORD012884,Economy,Delhivery,2025-09-10,5,Jacksonville
SHIP012886,ORD012886,Economy,IndiaPost,2026-01-17,6,Allentown
SHIP012887,ORD012887,Standard,UPS,2026-01-23,3,Bellevue
SHIP012888,ORD012888,Standard,IndiaPost,2026-02-18,9,Akron
SHIP012889,ORD012889,Same-Day,IndiaPost,2024-09-26,1,Pittsburgh
SHIP012890,ORD012890,Same-Day,FedEx,2026-07-09,6,Chicago
SHIP012891,ORD012891,Same-Day,Delhivery,2024-03-04,1,Seattle
SHIP012892,ORD012892,Express,UPS,2025-05-10,6,Orlando
SHIP012894,ORD012894,Express,FedEx,2025-03-18,7,Houston
SHIP012896,ORD012896,Economy,FedEx,2026-06-02,4,Toledo
SHIP012897,ORD012897,Standard,UPS,2024-09-15,7,Buffalo
SHIP012898,ORD012898,Standard,DHL,2026-02-02,6,Spokane
SHIP012899,ORD012899,Standard,UPS,2020-08-13,6,Chandler
SHIP012900,ORD012900,Express,DHL,2020-02-07,1,Rockford
SHIP012901,ORD012901,Same-Day,IndiaPost,2025-02-11,8,Fort Worth
SHIP012902,ORD012902,Standard,IndiaPost,2026-05-22,7,Aurora
SHIP012904,ORD012904,Same-Day,IndiaPost,2026-02-08,7,Rockford
SHIP012905,ORD012905,Economy,DHL,2025-02-22,9,Rochester
SHIP012906,ORD012906,Standard,BlueDart,2025-08-03,9,Los Angeles
SHIP012907,ORD012907,Standard,BlueDart,2024-11-21,2,Pittsburgh
SHIP012908,ORD012908,Standard,FedEx,2024-09-12,6,Boston
SHIP012909,ORD012909,Same-Day,DHL,2026-07-17,8,Worcester
SHIP012910,ORD012910,Standard,DHL,2025-03-09,4,Fort Worth
SHIP012911,ORD012911,Standard,UPS,2025-08-10,2,Cincinnati
SHIP012912,ORD012912,Standard,Delhivery,2025-09-21,9,Cincinnati
SHIP012913,ORD012913,Standard,UPS,2023-11-29,9,Orlando
SHIP012915,ORD012915,Standard,IndiaPost,2026-02-09,2,Savannah
SHIP012917,ORD012917,Same-Day,FedEx,2023-12-08,8,Worcester
SHIP012918,ORD012918,Standard,FedEx,2025-08-13,9,Tacoma
SHIP012919,ORD012919,Standard,IndiaPost,2025-07-13,9,Scottsdale
SHIP012920,ORD012920,Economy,BlueDart,2024-06-30,6,Fort Worth
SHIP012921,ORD012921,Same-Day,UPS,2025-10-19,4,Springfield
SHIP012922,ORD012922,Standard,DHL,2025-06-15,2,San Diego
SHIP012923,ORD012923,Same-Day,BlueDart,2026-03-11,5,San Diego
SHIP012924,ORD012924,Express,Delhivery,2025-12-06,5,Peoria
SHIP012925,ORD012925,Standard,BlueDart,2020-12-29,9,Cleveland
SHIP012926,ORD012926,Standard,DHL,2025-10-09,4,Cincinnati
SHIP012927,ORD012927,Standard,IndiaPost,2023-10-17,1,Newark
SHIP012928,ORD012928,Standard,DHL,2021-05-13,8,Lansing
SHIP012930,ORD012930,Express,IndiaPost,2025-04-06,4,Jacksonville
SHIP012931,ORD012931,Standard,DHL,2025-05-19,9,New York City
SHIP012932,ORD012932,Standard,UPS,2025-10-26,9,Chicago
SHIP012933,ORD012933,Standard,Delhivery,2021-06-03,6,Lansing
SHIP012934,ORD012934,Standard,Delhivery,2024-08-03,9,Miami
SHIP012935,ORD012935,Same-Day,FedEx,2026-07-14,5,Toledo
SHIP012936,ORD012936,Standard,FedEx,2025-08-27,9,New York City
SHIP012938,ORD012938,Express,BlueDart,2024-11-06,4,Grand Rapids
SHIP012939,ORD012939,Express,FedEx,2025-06-18,3,Sacramento
SHIP012940,ORD012940,Standard,UPS,2026-05-19,7,Chandler
SHIP012941,ORD012941,Express,DHL,2026-06-29,8,San Antonio
SHIP012942,ORD012942,Standard,DHL,2024-11-25,4,Spokane
SHIP012943,ORD012943,Economy,BlueDart,2024-08-02,3,Newark
SHIP012944,ORD012944,Standard,UPS,2023-01-15,9,Augusta
SHIP012945,ORD012945,Express,Delhivery,2025-08-29,3,Miami
SHIP012946,ORD012946,Same-Day,DHL,2025-02-06,4,Spokane
SHIP012947,ORD012947,Standard,UPS,2020-12-03,8,Flint
SHIP012948,ORD012948,Express,FedEx,2025-10-22,2,Ann Arbor
SHIP012949,ORD012949,Same-Day,DHL,2026-01-29,2,Orlando
SHIP012950,ORD012950,Express,FedEx,2025-06-30,7,Augusta
SHIP012951,ORD012951,Standard,FedEx,2026-05-02,5,Fort Worth
SHIP012952,ORD012952,Economy,IndiaPost,2022-09-01,6,Cleveland
SHIP012953,ORD012953,Express,DHL,2026-04-04,5,Aurora
SHIP012955,ORD012955,Express,Delhivery,2024-03-10,7,Winston-Salem
SHIP012956,ORD012956,Express,Delhivery,2022-08-19,8,Akron
SHIP012958,ORD012958,Standard,FedEx,2026-07-20,7,Naperville
SHIP012959,ORD012959,Standard,UPS,2021-12-31,7,Rockford
SHIP012960,ORD012960,Same-Day,BlueDart,2023-03-31,3,Winston-Salem
SHIP012961,ORD012961,Economy,IndiaPost,2025-03-21,3,Durham
SHIP012963,ORD012963,Standard,DHL,2022-02-12,7,Mesa
SHIP012965,ORD012965,Express,FedEx,2025-06-13,5,Jacksonville
SHIP012966,ORD012966,Standard,FedEx,2025-01-12,3,Sacramento
SHIP012967,ORD012967,Express,DHL,2024-05-24,9,Columbus
SHIP012969,ORD012969,Express,UPS,2025-01-01,3,Tucson
SHIP012970,ORD012970,Economy,DHL,2026-04-26,4,Worcester
SHIP012971,ORD012971,Standard,BlueDart,2022-11-09,2,Lowell
SHIP012972,ORD012972,Standard,IndiaPost,2026-05-22,8,Charlotte
SHIP012973,ORD012973,Standard,FedEx,2026-07-10,3,Everett
SHIP012974,ORD012974,Standard,Delhivery,2023-05-24,3,Chandler
SHIP012975,ORD012975,Standard,UPS,2020-10-22,5,Worcester
SHIP012976,ORD012976,Standard,IndiaPost,2025-01-10,9,Tampa
SHIP012977,ORD012977,Standard,UPS,2025-05-03,6,Worcester
SHIP012978,ORD012978,Same-Day,DHL,2021-01-03,6,Durham
SHIP012979,ORD012979,Standard,UPS,2024-02-17,4,Rochester
SHIP012980,ORD012980,Standard,Delhivery,2025-09-28,1,Tampa
SHIP012981,ORD012981,Standard,BlueDart,2026-01-05,2,Trenton
SHIP012982,ORD012982,Standard,UPS,2026-06-13,4,Miami
SHIP012983,ORD012983,Standard,IndiaPost,2026-07-03,7,San Francisco
SHIP012984,ORD012984,Standard,FedEx,2020-10-13,6,Los Angeles
SHIP012987,ORD012987,Express,IndiaPost,2020-04-28,6,Jersey City
SHIP012988,ORD012988,Economy,Delhivery,2025-09-19,9,Elizabeth
SHIP012989,ORD012989,Standard,UPS,2024-07-28,4,San Francisco
SHIP012990,ORD012990,Standard,BlueDart,2025-12-08,6,San Francisco
SHIP012991,ORD012991,Express,UPS,2025-11-20,5,Charlotte
SHIP012992,ORD012992,Standard,DHL,2022-06-03,4,Rockford
SHIP012993,ORD012993,Economy,DHL,2022-11-21,3,Charlotte
SHIP012994,ORD012994,Economy,IndiaPost,2022-07-13,7,Tucson
SHIP012996,ORD012996,Same-Day,UPS,2025-01-22,6,San Diego
SHIP012997,ORD012997,Express,IndiaPost,2025-01-03,6,Buffalo
SHIP012998,ORD012998,Express,IndiaPost,2021-08-24,6,Fort Collins
SHIP013000,ORD013000,Standard,DHL,2022-11-06,6,Orlando
SHIP013001,ORD013001,Express,UPS,2025-08-14,8,Houston
SHIP013002,ORD013002,Economy,BlueDart,2026-07-20,8,Reading
SHIP013003,ORD013003,Standard,DHL,2026-06-28,9,San Francisco
SHIP013004,ORD013004,Standard,IndiaPost,2026-03-25,5,Cleveland
SHIP013005,ORD013005,Standard,DHL,2025-11-30,9,Columbus
SHIP013006,ORD013006,Standard,DHL,2025-06-09,3,Erie
SHIP013007,ORD013007,Standard,Delhivery,2023-06-13,8,Philadelphia
SHIP013009,ORD013009,Standard,IndiaPost,2026-03-27,2,Jacksonville
SHIP013010,ORD013010,Standard,UPS,2022-10-06,5,Cincinnati
SHIP013011,ORD013011,Standard,UPS,2026-06-16,1,Pittsburgh
SHIP013012,ORD013012,Standard,DHL,2024-05-14,9,Sacramento
SHIP013013,ORD013013,Standard,UPS,2023-12-10,8,Dallas
SHIP013014,ORD013014,Express,UPS,2026-03-26,3,Charlotte
SHIP013015,ORD013015,Express,Delhivery,2024-01-19,3,Seattle
SHIP013016,ORD013016,Standard,FedEx,2023-10-23,7,Trenton
SHIP013018,ORD013018,Same-Day,BlueDart,2026-02-17,4,Seattle
SHIP013019,ORD013019,Express,UPS,2026-05-19,6,Houston
SHIP013020,ORD013020,Standard,UPS,2026-07-29,1,Fort Collins
SHIP013021,ORD013021,Standard,UPS,2026-07-10,3,Orlando
SHIP013022,ORD013022,Standard,UPS,2025-07-14,4,Allentown
SHIP013023,ORD013023,Standard,IndiaPost,2026-06-30,4,New York City
SHIP013024,ORD013024,Express,UPS,2024-06-07,2,Aurora
SHIP013025,ORD013025,Standard,UPS,2026-03-09,9,San Diego
SHIP013026,ORD013026,Standard,FedEx,2025-10-04,9,San Francisco
SHIP013027,ORD013027,Express,BlueDart,2022-10-22,2,San Francisco
SHIP013028,ORD013028,Standard,BlueDart,2024-02-04,2,Elizabeth
SHIP013029,ORD013029,Express,BlueDart,2026-01-10,1,Worcester
SHIP013030,ORD013030,Standard,IndiaPost,2025-11-20,9,Fort Lauderdale
SHIP013031,ORD013031,Same-Day,FedEx,2024-09-28,2,Atlanta
SHIP013032,ORD013032,Same-Day,Delhivery,2024-01-12,2,Syracuse
SHIP013033,ORD013033,Same-Day,FedEx,2026-06-12,4,Flint
SHIP013034,ORD013034,Standard,BlueDart,2020-10-04,3,Toledo
SHIP013035,ORD013035,Standard,DHL,2024-12-29,8,Grand Rapids
SHIP013036,ORD013036,Standard,FedEx,2020-06-21,2,Allentown
SHIP013038,ORD013038,Standard,IndiaPost,2022-12-04,3,Augusta
SHIP013039,ORD013039,Standard,UPS,2026-01-14,6,Buffalo
SHIP013040,ORD013040,Standard,BlueDart,2024-04-11,6,San Jose
SHIP013041,ORD013041,Economy,FedEx,2025-05-02,9,Austin
SHIP013042,ORD013042,Economy,IndiaPost,2025-03-14,7,Philadelphia
SHIP013043,ORD013043,Standard,Delhivery,2025-11-15,4,Syracuse
SHIP013044,ORD013044,Express,FedEx,2025-02-11,5,Akron
SHIP013045,ORD013045,Same-Day,IndiaPost,2026-04-04,5,New York City
SHIP013046,ORD013046,Same-Day,UPS,2025-09-20,1,Toledo
SHIP013047,ORD013047,Standard,BlueDart,2022-04-06,2,Cambridge
SHIP013048,ORD013048,Standard,BlueDart,2026-04-02,5,Greensboro
SHIP013049,ORD013049,Express,Delhivery,2020-08-08,3,Seattle
SHIP013051,ORD013051,Express,DHL,2025-11-20,2,Fort Worth
SHIP013052,ORD013052,Standard,FedEx,2020-09-07,4,Savannah
SHIP013053,ORD013053,Standard,IndiaPost,2026-07-10,7,Allentown
SHIP013054,ORD013054,Express,DHL,2023-11-01,5,Grand Rapids
SHIP013055,ORD013055,Express,UPS,2026-02-23,2,Miami
SHIP013057,ORD013057,Standard,BlueDart,2026-07-19,2,Tacoma
SHIP013061,ORD013061,Standard,Delhivery,2023-08-22,3,Boston
SHIP013062,ORD013062,Express,Delhivery,2021-10-03,2,Aurora
SHIP013063,ORD013063,Economy,FedEx,2022-06-03,7,Buffalo
SHIP013064,ORD013064,Same-Day,DHL,2025-11-24,1,Chandler
SHIP013068,ORD013068,Standard,Delhivery,2021-10-17,7,Fort Collins
SHIP013070,ORD013070,Standard,DHL,2025-08-17,8,Ann Arbor
SHIP013071,ORD013071,Standard,UPS,2023-07-13,6,Chicago
SHIP013073,ORD013073,Same-Day,UPS,2026-04-18,2,Detroit
SHIP013075,ORD013075,Express,FedEx,2023-01-02,4,Tampa
SHIP013076,ORD013076,Same-Day,Delhivery,2024-02-26,6,Pittsburgh
SHIP013077,ORD013077,Same-Day,Delhivery,2026-06-28,8,Toledo
SHIP013078,ORD013078,Economy,FedEx,2021-07-03,9,Denver
SHIP013079,ORD013079,Express,Delhivery,2025-11-26,2,Jacksonville
SHIP013080,ORD013080,Express,UPS,2025-01-25,5,Columbus
SHIP013081,ORD013081,Standard,BlueDart,2026-06-07,7,Aurora
SHIP013082,ORD013082,Express,Delhivery,2024-11-18,5,Aurora
SHIP013084,ORD013084,Same-Day,DHL,2023-10-20,3,Newark
SHIP013085,ORD013085,Standard,Delhivery,2025-10-23,7,Allentown
SHIP013086,ORD013086,Express,IndiaPost,2025-09-23,7,Winston-Salem
SHIP013087,ORD013087,Standard,BlueDart,2020-04-11,7,Spokane
SHIP013088,ORD013088,Same-Day,FedEx,2023-01-13,1,Springfield
SHIP013089,ORD013089,Standard,BlueDart,2024-12-22,8,Miami
SHIP013090,ORD013090,Express,UPS,2026-07-12,1,Sacramento
SHIP013092,ORD013092,Standard,Delhivery,2025-09-16,3,Fort Lauderdale
SHIP013093,ORD013093,Standard,Delhivery,2021-06-01,1,Allentown
SHIP013094,ORD013094,Standard,Delhivery,2023-01-10,9,Akron
SHIP013096,ORD013096,Same-Day,BlueDart,2025-12-06,8,Sacramento
SHIP013097,ORD013097,Standard,UPS,2025-01-31,3,Chicago
SHIP013098,ORD013098,Standard,UPS,2024-01-12,4,Everett
SHIP013099,ORD013099,Standard,FedEx,2022-10-22,6,Columbus
SHIP013100,ORD013100,Standard,UPS,2026-03-24,3,Springfield
SHIP013101,ORD013101,Express,UPS,2025-07-03,7,Detroit
SHIP013102,ORD013102,Standard,DHL,2025-05-26,8,Fort Lauderdale
SHIP013103,ORD013103,Economy,Delhivery,2023-02-25,5,San Antonio
SHIP013104,ORD013104,Economy,IndiaPost,2025-10-08,9,Springfield
SHIP013106,ORD013106,Economy,Delhivery,2025-10-29,6,Lowell
SHIP013107,ORD013107,Standard,BlueDart,2022-08-13,5,Aurora
SHIP013108,ORD013108,Standard,BlueDart,2022-10-15,4,Springfield
SHIP013111,ORD013111,Standard,Delhivery,2024-07-10,9,Boulder
SHIP013112,ORD013112,Standard,UPS,2025-12-03,9,Greensboro
SHIP013113,ORD013113,Standard,DHL,2024-05-06,4,Akron
SHIP013114,ORD013114,Same-Day,BlueDart,2026-05-04,2,Lansing
SHIP013115,ORD013115,Express,UPS,2026-05-15,9,Cleveland
SHIP013117,ORD013117,Economy,DHL,2021-06-30,1,Fort Lauderdale
SHIP013118,ORD013118,Economy,FedEx,2025-02-10,5,Sacramento
SHIP013119,ORD013119,Economy,Delhivery,2026-07-08,3,Bellevue
SHIP013120,ORD013120,Standard,DHL,2026-07-07,7,Cincinnati
SHIP013121,ORD013121,Express,Delhivery,2024-01-04,6,Miami
SHIP013122,ORD013122,Express,BlueDart,2025-11-11,8,San Francisco
SHIP013123,ORD013123,Express,FedEx,2024-10-31,2,Orlando
SHIP013124,ORD013124,Economy,DHL,2024-08-15,8,Reading
SHIP013125,ORD013125,Standard,IndiaPost,2026-02-23,4,Springfield
SHIP013126,ORD013126,Standard,DHL,2023-01-31,3,Cambridge
SHIP013127,ORD013127,Express,IndiaPost,2026-06-11,6,Syracuse
SHIP013128,ORD013128,Standard,BlueDart,2022-12-30,6,Chandler
SHIP013129,ORD013129,Express,FedEx,2026-03-16,2,Fort Collins
SHIP013130,ORD013130,Express,DHL,2025-05-13,7,Boston
SHIP013131,ORD013131,Express,BlueDart,2025-07-09,6,Tacoma
SHIP013132,ORD013132,Express,IndiaPost,2023-11-17,7,Cleveland
SHIP013133,ORD013133,Standard,DHL,2023-08-23,6,Athens
SHIP013134,ORD013134,Express,FedEx,2025-07-30,1,Akron
SHIP013135,ORD013135,Standard,UPS,2026-06-18,4,Rockford
SHIP013136,ORD013136,Standard,BlueDart,2026-07-18,1,Austin
SHIP013137,ORD013137,Express,FedEx,2026-04-12,6,Peoria
SHIP013138,ORD013138,Standard,Delhivery,2023-01-11,4,Elizabeth
SHIP013140,ORD013140,Standard,IndiaPost,2026-06-08,6,Tacoma
SHIP013141,ORD013141,Standard,BlueDart,2024-09-24,5,Rockford
SHIP013142,ORD013142,Standard,IndiaPost,2023-01-02,1,Sacramento
SHIP013143,ORD013143,Same-Day,FedEx,2026-01-01,9,Augusta
SHIP013145,ORD013145,Standard,FedEx,2024-04-13,2,Paterson
SHIP013146,ORD013146,Standard,UPS,2026-04-26,2,Ann Arbor
SHIP013147,ORD013147,Standard,BlueDart,2024-10-26,3,Los Angeles
SHIP013148,ORD013148,Standard,IndiaPost,2025-05-20,4,Worcester
SHIP013149,ORD013149,Standard,UPS,2025-01-22,9,Tucson
SHIP013151,ORD013151,Standard,DHL,2026-05-25,8,Mesa
SHIP013153,ORD013153,Same-Day,Delhivery,2024-09-30,8,Peoria
SHIP013154,ORD013154,Express,FedEx,2025-02-24,1,Charlotte
SHIP013155,ORD013155,Express,FedEx,2021-06-23,6,Springfield
SHIP013156,ORD013156,Economy,UPS,2025-07-04,1,Trenton
SHIP013158,ORD013158,Express,UPS,2024-05-19,9,Reading
SHIP013159,ORD013159,Standard,Delhivery,2026-03-23,5,Savannah
SHIP013160,ORD013160,Standard,UPS,2025-08-14,6,Pittsburgh
SHIP013161,ORD013161,Standard,Delhivery,2025-09-24,7,Boulder
SHIP013163,ORD013163,Economy,BlueDart,2021-09-30,3,Tacoma
SHIP013164,ORD013164,Standard,UPS,2026-04-22,4,Everett
SHIP013166,ORD013166,Standard,IndiaPost,2026-07-14,8,Austin
SHIP013167,ORD013167,Standard,Delhivery,2025-11-17,6,Charlotte
SHIP013168,ORD013168,Standard,Delhivery,2026-03-06,4,Lansing
SHIP013169,ORD013169,Express,FedEx,2024-09-28,3,Fort Collins
SHIP013171,ORD013171,Standard,UPS,2026-01-30,1,Colorado Springs
SHIP013172,ORD013172,Standard,UPS,2025-07-27,6,Macon
SHIP013173,ORD013173,Express,FedEx,2023-03-01,8,Buffalo
SHIP013174,ORD013174,Standard,BlueDart,2025-11-18,1,Scottsdale
SHIP013175,ORD013175,Standard,Delhivery,2025-10-02,4,Reading
SHIP013176,ORD013176,Standard,UPS,2026-03-15,9,Elizabeth
SHIP013177,ORD013177,Same-Day,DHL,2024-10-06,6,Lansing
SHIP013178,ORD013178,Standard,DHL,2025-02-07,7,Ann Arbor
SHIP013179,ORD013179,Express,DHL,2023-04-07,7,Pittsburgh
SHIP013181,ORD013181,Standard,UPS,2023-01-19,8,Detroit
SHIP013182,ORD013182,Standard,FedEx,2025-01-20,3,Tucson
SHIP013183,ORD013183,Standard,IndiaPost,2026-03-16,4,Seattle
SHIP013184,ORD013184,Economy,DHL,2021-09-15,2,Bellevue
SHIP013185,ORD013185,Same-Day,BlueDart,2026-05-20,2,Orlando
SHIP013186,ORD013186,Standard,BlueDart,2024-01-15,8,Athens
SHIP013187,ORD013187,Standard,Delhivery,2023-05-26,8,Greensboro
SHIP013188,ORD013188,Economy,UPS,2020-06-05,9,Seattle
SHIP013189,ORD013189,Same-Day,Delhivery,2025-05-14,4,Tampa
SHIP013190,ORD013190,Express,DHL,2021-11-19,6,Sacramento
SHIP013191,ORD013191,Standard,DHL,2025-08-13,7,Tampa
SHIP013192,ORD013192,Standard,UPS,2025-10-08,8,Tacoma
SHIP013194,ORD013194,Standard,BlueDart,2026-05-29,9,Mesa
SHIP013196,ORD013196,Standard,DHL,2025-11-10,5,Boulder
SHIP013197,ORD013197,Standard,UPS,2023-07-22,1,Charlotte
SHIP013198,ORD013198,Economy,FedEx,2025-09-24,5,Fort Worth
SHIP013199,ORD013199,Standard,UPS,2023-07-28,9,Seattle
SHIP013200,ORD013200,Economy,DHL,2026-02-20,5,Greensboro
SHIP013201,ORD013201,Economy,BlueDart,2021-12-04,4,Denver
SHIP013205,ORD013205,Standard,IndiaPost,2019-12-13,8,Houston
SHIP013206,ORD013206,Standard,DHL,2024-01-29,3,Peoria
SHIP013207,ORD013207,Same-Day,IndiaPost,2021-03-24,4,Boston
SHIP013208,ORD013208,Express,Delhivery,2026-07-02,8,Augusta
SHIP013210,ORD013210,Standard,FedEx,2026-07-15,9,Miami
SHIP013211,ORD013211,Standard,FedEx,2026-07-31,4,San Francisco
SHIP013213,ORD013213,Same-Day,Delhivery,2025-10-08,5,Fort Collins
SHIP013214,ORD013214,Standard,FedEx,2025-09-01,5,Phoenix
SHIP013215,ORD013215,Standard,Delhivery,2026-01-13,6,Flint
SHIP013217,ORD013217,Express,UPS,2026-04-22,1,Elizabeth
SHIP013218,ORD013218,Standard,IndiaPost,2025-04-06,3,Macon
SHIP013220,ORD013220,Express,FedEx,2020-12-08,4,Charlotte
SHIP013221,ORD013221,Standard,DHL,2025-04-21,5,Greensboro
SHIP013222,ORD013222,Standard,Delhivery,2025-12-25,8,Austin
SHIP013223,ORD013223,Standard,IndiaPost,2025-01-04,7,Buffalo
SHIP013224,ORD013224,Standard,DHL,2024-11-02,4,Miami
SHIP013225,ORD013225,Standard,UPS,2026-01-29,8,Cincinnati
SHIP013226,ORD013226,Standard,IndiaPost,2026-05-05,9,Jacksonville
SHIP013228,ORD013228,Standard,UPS,2023-04-16,5,Detroit
SHIP013231,ORD013231,Express,DHL,2025-10-05,3,Fort Lauderdale
SHIP013232,ORD013232,Express,Delhivery,2026-04-28,4,Greensboro
SHIP013233,ORD013233,Standard,BlueDart,2023-04-26,2,Fort Lauderdale
SHIP013235,ORD013235,Standard,UPS,2024-12-24,7,Everett
SHIP013236,ORD013236,Standard,Delhivery,2026-04-22,5,Reading
SHIP013237,ORD013237,Express,UPS,2025-11-21,8,Houston
SHIP013238,ORD013238,Standard,FedEx,2024-11-06,6,Springfield
SHIP013239,ORD013239,Standard,FedEx,2020-08-30,3,Cleveland
SHIP013240,ORD013240,Same-Day,Delhivery,2021-02-01,3,Athens
SHIP013241,ORD013241,Standard,BlueDart,2022-11-21,4,Tacoma
SHIP013242,ORD013242,Standard,FedEx,2023-10-10,9,Detroit
SHIP013243,ORD013243,Express,FedEx,2026-05-22,4,Lansing
SHIP013244,ORD013244,Standard,IndiaPost,2025-09-11,3,Winston-Salem
SHIP013245,ORD013245,Standard,Delhivery,2022-07-31,3,Winston-Salem
SHIP013246,ORD013246,Standard,DHL,2020-08-21,3,Sacramento
SHIP013247,ORD013247,Standard,FedEx,2025-05-22,1,Lansing
SHIP013248,ORD013248,Same-Day,BlueDart,2026-03-30,7,Everett
SHIP013250,ORD013250,Standard,FedEx,2024-09-14,4,Trenton
SHIP013251,ORD013251,Standard,UPS,2025-08-26,9,Colorado Springs
SHIP013254,ORD013254,Standard,DHL,2026-07-12,2,Charlotte
SHIP013255,ORD013255,Standard,IndiaPost,2023-06-29,2,Phoenix
SHIP013256,ORD013256,Standard,FedEx,2023-09-12,8,Newark
SHIP013258,ORD013258,Standard,UPS,2025-03-29,2,Houston
SHIP013259,ORD013259,Standard,Delhivery,2026-07-05,9,Augusta
SHIP013260,ORD013260,Standard,Delhivery,2023-09-30,6,Springfield
SHIP013261,ORD013261,Same-Day,IndiaPost,2024-01-11,7,Athens
SHIP013262,ORD013262,Standard,UPS,2025-01-22,7,Tampa
SHIP013263,ORD013263,Express,UPS,2026-07-27,9,Flint
SHIP013264,ORD013264,Standard,Delhivery,2023-07-19,2,Winston-Salem
SHIP013265,ORD013265,Standard,FedEx,2023-06-26,6,Scottsdale
SHIP013266,ORD013266,Economy,IndiaPost,2021-03-20,6,Lowell
SHIP013269,ORD013269,Standard,IndiaPost,2024-09-20,7,Greensboro
SHIP013270,ORD013270,Express,DHL,2023-12-15,4,Los Angeles
SHIP013272,ORD013272,Same-Day,UPS,2020-11-27,8,New York City
SHIP013273,ORD013273,Economy,Delhivery,2025-11-03,2,Peoria
SHIP013274,ORD013274,Express,IndiaPost,2024-06-23,3,Lansing
SHIP013280,ORD013280,Standard,BlueDart,2022-02-05,3,Augusta
SHIP013281,ORD013281,Same-Day,BlueDart,2024-02-13,2,Chandler
SHIP013282,ORD013282,Express,IndiaPost,2024-07-16,9,New York City
SHIP013283,ORD013283,Economy,Delhivery,2022-11-25,6,Fort Lauderdale
SHIP013284,ORD013284,Standard,IndiaPost,2026-06-29,7,Chicago
SHIP013285,ORD013285,Standard,DHL,2025-12-26,3,Fort Worth
SHIP013286,ORD013286,Standard,Delhivery,2024-10-22,4,Winston-Salem
SHIP013289,ORD013289,Express,FedEx,2024-05-28,2,Colorado Springs
SHIP013290,ORD013290,Standard,Delhivery,2024-09-26,2,Jersey City
SHIP013291,ORD013291,Economy,Delhivery,2025-10-31,3,Seattle
SHIP013292,ORD013292,Express,Delhivery,2024-08-04,1,Augusta
SHIP013293,ORD013293,Standard,BlueDart,2024-12-31,8,Tucson
SHIP013294,ORD013294,Same-Day,IndiaPost,2026-02-12,7,Boston
SHIP013295,ORD013295,Standard,UPS,2024-10-23,4,Denver
SHIP013296,ORD013296,Standard,UPS,2023-10-06,5,Cleveland
SHIP013298,ORD013298,Express,FedEx,2025-01-04,7,Phoenix
SHIP013299,ORD013299,Standard,IndiaPost,2025-09-28,1,Athens
SHIP013301,ORD013301,Standard,DHL,2024-10-25,3,Toledo
SHIP013302,ORD013302,Standard,IndiaPost,2025-07-15,1,Denver
SHIP013305,ORD013305,Economy,UPS,2025-01-10,1,New York City
SHIP013306,ORD013306,Standard,Delhivery,2025-03-06,2,Buffalo
SHIP013307,ORD013307,Standard,IndiaPost,2023-05-30,9,Los Angeles
SHIP013308,ORD013308,Standard,IndiaPost,2025-10-11,6,Newark
SHIP013309,ORD013309,Standard,IndiaPost,2026-05-02,2,Ann Arbor
SHIP013310,ORD013310,Standard,IndiaPost,2023-11-06,6,San Diego
SHIP013311,ORD013311,Standard,FedEx,2024-10-11,1,Atlanta
SHIP013312,ORD013312,Standard,DHL,2026-05-05,4,Tampa
SHIP013313,ORD013313,Standard,UPS,2026-06-12,4,Cleveland
SHIP013314,ORD013314,Express,IndiaPost,2021-11-11,3,Fort Collins
SHIP013316,ORD013316,Standard,IndiaPost,2026-03-27,6,Los Angeles
SHIP013317,ORD013317,Standard,BlueDart,2026-05-04,5,Columbus
SHIP013318,ORD013318,Express,IndiaPost,2023-09-05,8,Cambridge
SHIP013319,ORD013319,Express,Delhivery,2026-05-02,9,Aurora
SHIP013320,ORD013320,Standard,BlueDart,2023-09-20,2,Tampa
SHIP013321,ORD013321,Standard,IndiaPost,2025-07-10,9,Aurora
SHIP013322,ORD013322,Express,UPS,2026-03-26,6,Allentown
SHIP013323,ORD013323,Express,BlueDart,2024-11-19,7,Tacoma
SHIP013325,ORD013325,Standard,DHL,2023-09-22,6,Allentown
SHIP013326,ORD013326,Same-Day,FedEx,2023-03-31,9,Augusta
SHIP013328,ORD013328,Same-Day,BlueDart,2025-12-16,9,Chicago
SHIP013329,ORD013329,Standard,Delhivery,2023-10-30,5,Athens
SHIP013330,ORD013330,Standard,DHL,2023-05-24,4,Everett
SHIP013331,ORD013331,Same-Day,UPS,2026-02-02,2,Lansing
SHIP013332,ORD013332,Express,BlueDart,2025-11-26,1,Charlotte
SHIP013334,ORD013334,Standard,IndiaPost,2024-10-28,7,Tacoma
SHIP013335,ORD013335,Economy,IndiaPost,2025-05-02,8,Atlanta
SHIP013337,ORD013337,Express,DHL,2026-06-05,3,Akron
SHIP013338,ORD013338,Standard,BlueDart,2025-06-08,8,Atlanta
SHIP013341,ORD013341,Standard,BlueDart,2025-12-29,2,Trenton
SHIP013342,ORD013342,Express,DHL,2024-10-02,7,Albany
SHIP013343,ORD013343,Standard,FedEx,2026-02-04,8,Fort Lauderdale
SHIP013345,ORD013345,Standard,BlueDart,2026-06-25,4,Atlanta
SHIP013347,ORD013347,Express,BlueDart,2026-07-31,9,San Jose
SHIP013348,ORD013348,Standard,UPS,2026-01-27,1,Charlotte
SHIP013349,ORD013349,Express,IndiaPost,2024-07-19,1,Aurora
SHIP013350,ORD013350,Standard,FedEx,2026-04-30,4,San Francisco
SHIP013351,ORD013351,Standard,FedEx,2025-09-22,2,Fort Collins
SHIP013352,ORD013352,Standard,DHL,2026-07-25,7,Jacksonville
SHIP013354,ORD013354,Standard,FedEx,2023-08-25,1,Columbus
SHIP013355,ORD013355,Standard,FedEx,2025-03-28,8,Detroit
SHIP013356,ORD013356,Express,Delhivery,2026-07-31,7,Denver
SHIP013357,ORD013357,Economy,FedEx,2022-02-21,2,Worcester
SHIP013358,ORD013358,Economy,IndiaPost,2026-07-06,6,Phoenix
SHIP013359,ORD013359,Standard,Delhivery,2022-12-25,9,Trenton
SHIP013360,ORD013360,Standard,UPS,2023-12-02,6,Cleveland
SHIP013361,ORD013361,Express,DHL,2024-11-14,2,Naperville
SHIP013363,ORD013363,Standard,FedEx,2021-03-04,6,Dallas
SHIP013364,ORD013364,Express,DHL,2025-01-31,3,Fort Collins
SHIP013365,ORD013365,Express,FedEx,2022-11-20,5,Greensboro
SHIP013366,ORD013366,Standard,BlueDart,2022-07-28,5,Mesa
SHIP013368,ORD013368,Standard,IndiaPost,2024-09-17,4,Syracuse
SHIP013369,ORD013369,Standard,DHL,2025-08-20,6,Los Angeles
SHIP013371,ORD013371,Express,DHL,2025-09-18,7,Lowell
SHIP013372,ORD013372,Standard,DHL,2020-01-29,8,Syracuse
SHIP013373,ORD013373,Same-Day,FedEx,2025-12-29,1,Cambridge
SHIP013374,ORD013374,Express,FedEx,2025-09-29,4,San Diego
SHIP013375,ORD013375,Standard,BlueDart,2023-10-08,4,Elizabeth
SHIP013377,ORD013377,Express,FedEx,2024-10-07,7,Fort Lauderdale
SHIP013378,ORD013378,Express,FedEx,2023-09-14,6,Miami
SHIP013379,ORD013379,Standard,FedEx,2025-12-27,6,Macon
SHIP013380,ORD013380,Standard,FedEx,2024-09-19,2,Aurora
SHIP013381,ORD013381,Standard,FedEx,2026-03-28,8,Houston
SHIP013383,ORD013383,Express,IndiaPost,2026-03-16,1,Augusta
SHIP013384,ORD013384,Standard,BlueDart,2025-01-12,8,Seattle
SHIP013385,ORD013385,Same-Day,FedEx,2025-10-10,3,Houston
SHIP013386,ORD013386,Standard,UPS,2022-07-17,1,Augusta
SHIP013387,ORD013387,Express,BlueDart,2024-08-05,7,Peoria
SHIP013389,ORD013389,Standard,UPS,2025-08-14,6,Macon
SHIP013391,ORD013391,Standard,UPS,2024-04-05,7,San Diego
SHIP013392,ORD013392,Standard,FedEx,2026-05-20,3,Boston
SHIP013393,ORD013393,Express,FedEx,2026-07-28,6,Syracuse
SHIP013394,ORD013394,Standard,FedEx,2023-12-12,8,Atlanta
SHIP013396,ORD013396,Same-Day,IndiaPost,2026-01-11,2,San Diego
SHIP013397,ORD013397,Standard,UPS,2026-05-16,7,Albany
SHIP013398,ORD013398,Standard,UPS,2026-05-26,9,Durham
SHIP013399,ORD013399,Standard,Delhivery,2022-07-20,9,Macon
SHIP013400,ORD013400,Standard,Delhivery,2023-03-01,5,Orlando
SHIP013401,ORD013401,Standard,DHL,2026-07-13,6,Paterson
SHIP013402,ORD013402,Same-Day,FedEx,2026-07-18,3,Macon
SHIP013404,ORD013404,Standard,FedEx,2023-11-12,1,Orlando
SHIP013405,ORD013405,Express,IndiaPost,2026-06-18,3,San Antonio
SHIP013406,ORD013406,Economy,Delhivery,2025-01-13,7,Newark
SHIP013407,ORD013407,Express,DHL,2025-03-01,8,Springfield
SHIP013408,ORD013408,Economy,UPS,2020-11-23,2,Detroit
SHIP013409,ORD013409,Economy,DHL,2025-12-15,1,Detroit
SHIP013413,ORD013413,Express,IndiaPost,2025-03-20,4,Winston-Salem
SHIP013414,ORD013414,Express,IndiaPost,2026-04-13,5,Tampa
SHIP013415,ORD013415,Standard,UPS,2024-01-31,4,Rockford
SHIP013416,ORD013416,Standard,Delhivery,2025-08-21,2,Allentown
SHIP013417,ORD013417,Standard,DHL,2023-04-29,9,Grand Rapids
SHIP013418,ORD013418,Express,DHL,2026-05-22,3,Winston-Salem
SHIP013419,ORD013419,Standard,UPS,2024-12-26,9,Philadelphia
SHIP013420,ORD013420,Standard,BlueDart,2026-07-27,2,Savannah
SHIP013421,ORD013421,Economy,IndiaPost,2026-08-05,7,Cincinnati
SHIP013422,ORD013422,Express,BlueDart,2026-07-16,3,Columbus
SHIP013424,ORD013424,Standard,BlueDart,2023-02-08,2,Allentown
SHIP013426,ORD013426,Standard,IndiaPost,2022-06-04,4,Fort Lauderdale
SHIP013427,ORD013427,Express,Delhivery,2025-11-19,9,Chandler
SHIP013428,ORD013428,Standard,DHL,2026-06-23,8,Pittsburgh
SHIP013429,ORD013429,Standard,BlueDart,2024-01-25,7,Lansing
SHIP013430,ORD013430,Standard,UPS,2023-02-24,6,Newark
SHIP013431,ORD013431,Same-Day,UPS,2025-09-24,7,Philadelphia
SHIP013432,ORD013432,Standard,BlueDart,2025-12-17,7,Springfield
SHIP013433,ORD013433,Economy,Delhivery,2023-12-20,8,Elizabeth
SHIP013434,ORD013434,Express,Delhivery,2022-05-25,2,Colorado Springs
SHIP013435,ORD013435,Standard,Delhivery,2026-03-01,9,Fort Worth
SHIP013437,ORD013437,Standard,DHL,2024-10-10,4,Allentown
SHIP013439,ORD013439,Express,FedEx,2026-06-27,5,Charlotte
SHIP013440,ORD013440,Same-Day,BlueDart,2024-07-06,3,San Francisco
SHIP013441,ORD013441,Standard,FedEx,2024-12-12,5,Chicago
SHIP013442,ORD013442,Express,FedEx,2026-05-17,2,Savannah
SHIP013443,ORD013443,Standard,DHL,2025-03-22,9,Seattle
SHIP013444,ORD013444,Standard,FedEx,2026-07-12,2,Reading
SHIP013446,ORD013446,Standard,IndiaPost,2026-07-27,8,Erie
SHIP013447,ORD013447,Standard,Delhivery,2022-03-02,2,Houston
SHIP013448,ORD013448,Express,BlueDart,2024-07-21,6,Fort Lauderdale
SHIP013450,ORD013450,Express,Delhivery,2026-01-06,9,Atlanta
SHIP013451,ORD013451,Standard,IndiaPost,2025-06-21,9,Tacoma
SHIP013452,ORD013452,Standard,Delhivery,2025-01-25,8,San Diego
SHIP013453,ORD013453,Express,BlueDart,2022-03-23,6,Miami
SHIP013455,ORD013455,Standard,BlueDart,2025-01-20,6,Cleveland
SHIP013456,ORD013456,Same-Day,Delhivery,2024-04-29,1,Los Angeles
SHIP013457,ORD013457,Standard,DHL,2026-01-29,8,Durham
SHIP013458,ORD013458,Standard,IndiaPost,2025-09-07,3,Toledo
SHIP013459,ORD013459,Standard,BlueDart,2026-07-01,3,Savannah
SHIP013460,ORD013460,Standard,FedEx,2022-04-10,8,Elizabeth
SHIP013461,ORD013461,Standard,DHL,2023-08-18,9,Colorado Springs
SHIP013462,ORD013462,Express,FedEx,2025-12-22,2,Greensboro
SHIP013463,ORD013463,Economy,UPS,2026-01-18,8,Ann Arbor
SHIP013464,ORD013464,Standard,IndiaPost,2026-01-15,6,Greensboro
SHIP013465,ORD013465,Same-Day,Delhivery,2025-06-17,4,Ann Arbor
SHIP013467,ORD013467,Standard,DHL,2021-11-12,5,Scottsdale
SHIP013468,ORD013468,Standard,UPS,2025-03-27,3,Boulder
SHIP013471,ORD013471,Standard,BlueDart,2026-07-21,5,Scottsdale
SHIP013472,ORD013472,Economy,IndiaPost,2023-12-26,7,Everett
SHIP013473,ORD013473,Economy,FedEx,2026-02-08,9,Worcester
SHIP013474,ORD013474,Standard,DHL,2026-03-15,9,Colorado Springs
SHIP013475,ORD013475,Standard,IndiaPost,2023-02-18,8,San Jose
SHIP013476,ORD013476,Standard,BlueDart,2024-08-25,8,Philadelphia
SHIP013477,ORD013477,Standard,BlueDart,2025-05-27,5,New York City
SHIP013478,ORD013478,Standard,IndiaPost,2026-07-29,3,Syracuse
SHIP013479,ORD013479,Economy,UPS,2021-08-05,4,Akron
SHIP013480,ORD013480,Standard,DHL,2023-06-03,1,Fort Collins
SHIP013481,ORD013481,Standard,BlueDart,2025-01-10,2,Cleveland
SHIP013482,ORD013482,Same-Day,IndiaPost,2025-02-06,3,Miami
SHIP013483,ORD013483,Express,BlueDart,2026-05-07,3,Everett
SHIP013484,ORD013484,Standard,DHL,2026-04-08,8,Ann Arbor
SHIP013485,ORD013485,Express,Delhivery,2019-09-21,7,Dallas
SHIP013486,ORD013486,Economy,Delhivery,2025-11-02,9,Savannah
SHIP013487,ORD013487,Express,BlueDart,2024-05-17,5,Tampa
SHIP013488,ORD013488,Express,FedEx,2024-12-21,7,Jersey City
SHIP013489,ORD013489,Standard,Delhivery,2022-02-24,2,Reading
SHIP013490,ORD013490,Express,Delhivery,2022-02-11,7,Springfield
SHIP013491,ORD013491,Standard,UPS,2024-01-31,3,Denver
SHIP013492,ORD013492,Standard,IndiaPost,2024-04-07,6,Everett
SHIP013493,ORD013493,Standard,Delhivery,2023-07-18,9,Aurora
SHIP013494,ORD013494,Standard,FedEx,2025-11-03,9,Newark
SHIP013496,ORD013496,Express,UPS,2023-09-12,2,Worcester
SHIP013497,ORD013497,Express,UPS,2025-08-25,5,Cambridge
SHIP013498,ORD013498,Standard,Delhivery,2025-08-27,9,Denver
SHIP013500,ORD013500,Express,UPS,2024-06-27,7,Toledo
SHIP013501,ORD013501,Express,Delhivery,2024-05-03,5,Detroit
SHIP013502,ORD013502,Standard,BlueDart,2023-03-11,7,Fort Lauderdale
SHIP013503,ORD013503,Standard,Delhivery,2023-04-26,9,San Diego
SHIP013504,ORD013504,Standard,UPS,2026-02-07,1,Chandler
SHIP013506,ORD013506,Express,BlueDart,2025-12-13,7,Grand Rapids
SHIP013508,ORD013508,Express,UPS,2021-11-05,1,Akron
SHIP013510,ORD013510,Economy,BlueDart,2026-03-21,4,Rockford
SHIP013511,ORD013511,Express,BlueDart,2024-10-12,5,Aurora
SHIP013512,ORD013512,Standard,FedEx,2022-06-12,1,Bellevue
SHIP013514,ORD013514,Same-Day,IndiaPost,2024-05-31,4,Greensboro
SHIP013515,ORD013515,Standard,UPS,2023-02-22,4,Columbus
SHIP013516,ORD013516,Express,Delhivery,2024-08-24,8,Lansing
SHIP013517,ORD013517,Standard,DHL,2026-04-16,5,Jersey City
SHIP013518,ORD013518,Standard,FedEx,2026-05-29,6,Orlando
SHIP013519,ORD013519,Economy,IndiaPost,2026-03-21,6,Ann Arbor
SHIP013520,ORD013520,Standard,DHL,2026-03-23,1,San Antonio
SHIP013521,ORD013521,Standard,FedEx,2025-12-07,9,Springfield
SHIP013523,ORD013523,Standard,BlueDart,2025-08-03,9,Lowell
SHIP013524,ORD013524,Standard,DHL,2025-10-13,9,Everett
SHIP013525,ORD013525,Express,UPS,2021-07-20,4,Worcester
SHIP013526,ORD013526,Express,BlueDart,2025-02-03,1,Sacramento
SHIP013527,ORD013527,Express,IndiaPost,2021-06-01,5,Lowell
SHIP013528,ORD013528,Express,IndiaPost,2026-02-18,8,Newark
SHIP013529,ORD013529,Economy,IndiaPost,2026-07-25,3,Elizabeth
SHIP013530,ORD013530,Express,DHL,2022-10-05,7,Fort Collins
SHIP013531,ORD013531,Same-Day,UPS,2026-01-31,8,Flint
SHIP013532,ORD013532,Standard,FedEx,2026-07-23,8,Houston
SHIP013533,ORD013533,Express,UPS,2022-04-24,2,Greensboro
SHIP013534,ORD013534,Standard,BlueDart,2026-07-18,4,Phoenix
SHIP013535,ORD013535,Standard,DHL,2026-02-20,9,Augusta
SHIP013536,ORD013536,Standard,FedEx,2023-07-14,8,Scottsdale
SHIP013538,ORD013538,Standard,Delhivery,2024-08-17,6,Trenton
SHIP013539,ORD013539,Standard,Delhivery,2026-04-14,1,Fort Collins
SHIP013540,ORD013540,Economy,DHL,2024-09-27,1,Akron
SHIP013542,ORD013542,Standard,DHL,2022-02-19,8,Philadelphia
SHIP013543,ORD013543,Express,FedEx,2025-05-15,6,Colorado Springs
SHIP013544,ORD013544,Standard,Delhivery,2025-04-01,7,Houston
SHIP013545,ORD013545,Economy,IndiaPost,2024-11-27,3,Syracuse
SHIP013546,ORD013546,Standard,DHL,2026-06-23,7,Raleigh
SHIP013547,ORD013547,Express,DHL,2026-06-20,5,Trenton
SHIP013548,ORD013548,Economy,Delhivery,2024-03-21,1,Athens
SHIP013549,ORD013549,Standard,UPS,2025-06-07,9,Springfield
SHIP013550,ORD013550,Standard,Delhivery,2026-02-28,7,Toledo
SHIP013551,ORD013551,Express,DHL,2026-01-14,5,Fort Collins
SHIP013552,ORD013552,Express,UPS,2025-11-21,7,Fort Lauderdale
SHIP013553,ORD013553,Standard,DHL,2023-07-01,1,Tucson
SHIP013554,ORD013554,Standard,UPS,2024-06-25,3,Grand Rapids
SHIP013555,ORD013555,Express,BlueDart,2024-02-10,5,Naperville
SHIP013556,ORD013556,Economy,BlueDart,2021-01-26,2,Durham
SHIP013557,ORD013557,Economy,BlueDart,2025-05-26,8,Chicago
SHIP013558,ORD013558,Standard,DHL,2023-11-07,7,Scottsdale
SHIP013559,ORD013559,Same-Day,IndiaPost,2024-11-13,4,Raleigh
SHIP013560,ORD013560,Same-Day,BlueDart,2024-03-23,4,Tampa
SHIP013561,ORD013561,Standard,Delhivery,2024-02-25,9,Lowell
SHIP013562,ORD013562,Standard,UPS,2025-08-28,5,Fort Worth
SHIP013563,ORD013563,Standard,IndiaPost,2026-06-27,2,Seattle
SHIP013564,ORD013564,Standard,IndiaPost,2020-10-24,8,Paterson
SHIP013565,ORD013565,Standard,DHL,2021-08-12,3,Boston
SHIP013566,ORD013566,Express,DHL,2026-04-11,5,Dallas
SHIP013567,ORD013567,Standard,Delhivery,2022-08-20,3,Flint
SHIP013568,ORD013568,Standard,FedEx,2024-08-07,4,Elizabeth
SHIP013570,ORD013570,Express,IndiaPost,2024-09-27,1,Syracuse
SHIP013571,ORD013571,Economy,IndiaPost,2022-07-19,4,Lowell
SHIP013572,ORD013572,Standard,DHL,2024-02-12,7,Scottsdale
SHIP013573,ORD013573,Economy,FedEx,2023-04-25,7,Phoenix
SHIP013574,ORD013574,Standard,IndiaPost,2026-07-07,6,Chandler
SHIP013575,ORD013575,Standard,DHL,2026-05-26,5,San Francisco
SHIP013576,ORD013576,Standard,DHL,2023-11-28,7,Tampa
SHIP013577,ORD013577,Standard,FedEx,2025-02-18,4,Detroit
SHIP013578,ORD013578,Express,Delhivery,2023-06-02,5,Reading
SHIP013579,ORD013579,Standard,BlueDart,2026-01-13,7,Newark
SHIP013580,ORD013580,Standard,IndiaPost,2026-02-08,6,Durham
SHIP013581,ORD013581,Standard,BlueDart,2026-08-05,9,Macon
SHIP013583,ORD013583,Same-Day,BlueDart,2025-05-19,4,Orlando
SHIP013584,ORD013584,Express,FedEx,2025-12-11,1,Everett
SHIP013585,ORD013585,Economy,IndiaPost,2026-04-23,8,Jersey City
SHIP013586,ORD013586,Standard,IndiaPost,2025-09-20,4,Erie
SHIP013587,ORD013587,Express,UPS,2024-11-29,5,Raleigh
SHIP013588,ORD013588,Express,BlueDart,2026-02-08,6,Spokane
SHIP013589,ORD013589,Standard,IndiaPost,2026-02-19,7,Athens
SHIP013590,ORD013590,Standard,IndiaPost,2023-07-14,7,Augusta
SHIP013591,ORD013591,Same-Day,IndiaPost,2025-07-28,1,Colorado Springs
SHIP013592,ORD013592,Standard,IndiaPost,2025-10-30,2,Raleigh
SHIP013593,ORD013593,Same-Day,UPS,2024-09-01,9,Albany
SHIP013595,ORD013595,Express,UPS,2023-11-10,2,Tucson
SHIP013596,ORD013596,Standard,UPS,2026-02-18,3,Jersey City
SHIP013597,ORD013597,Standard,Delhivery,2022-05-14,9,Boston
SHIP013598,ORD013598,Same-Day,BlueDart,2026-07-16,8,Charlotte
SHIP013599,ORD013599,Same-Day,Delhivery,2026-02-11,2,Flint
SHIP013600,ORD013600,Express,DHL,2021-12-29,7,Springfield
SHIP013601,ORD013601,Economy,BlueDart,2026-04-27,6,Winston-Salem
SHIP013602,ORD013602,Express,BlueDart,2026-03-17,9,Phoenix
SHIP013603,ORD013603,Same-Day,FedEx,2025-07-24,1,Austin
SHIP013605,ORD013605,Standard,Delhivery,2026-06-24,4,Austin
SHIP013606,ORD013606,Express,DHL,2025-02-04,6,Scottsdale
SHIP013607,ORD013607,Same-Day,UPS,2022-01-29,4,Boston
SHIP013608,ORD013608,Standard,BlueDart,2025-12-19,2,San Diego
SHIP013609,ORD013609,Express,UPS,2025-02-05,7,Aurora
SHIP013610,ORD013610,Standard,FedEx,2022-11-08,3,Elizabeth
SHIP013611,ORD013611,Standard,BlueDart,2026-03-03,4,San Antonio
SHIP013612,ORD013612,Standard,Delhivery,2026-07-06,2,Colorado Springs
SHIP013613,ORD013613,Standard,BlueDart,2023-11-26,3,Newark
SHIP013614,ORD013614,Express,BlueDart,2024-11-28,1,Philadelphia
SHIP013615,ORD013615,Standard,FedEx,2023-04-09,4,Spokane
SHIP013616,ORD013616,Economy,DHL,2024-08-03,4,Austin
SHIP013617,ORD013617,Standard,UPS,2023-12-05,4,Athens
SHIP013618,ORD013618,Standard,IndiaPost,2025-06-17,5,Trenton
SHIP013619,ORD013619,Standard,BlueDart,2026-01-28,6,Ann Arbor
SHIP013620,ORD013620,Same-Day,IndiaPost,2025-10-29,5,Greensboro
SHIP013622,ORD013622,Same-Day,DHL,2026-06-26,2,Lowell
SHIP013623,ORD013623,Standard,Delhivery,2024-01-03,2,Peoria
SHIP013624,ORD013624,Economy,BlueDart,2026-03-11,1,Raleigh
SHIP013625,ORD013625,Economy,Delhivery,2026-06-28,6,Denver
SHIP013626,ORD013626,Same-Day,Delhivery,2024-02-26,5,Columbus
SHIP013627,ORD013627,Same-Day,BlueDart,2023-12-31,9,Flint
SHIP013628,ORD013628,Express,BlueDart,2020-04-14,3,New York City
SHIP013630,ORD013630,Standard,BlueDart,2022-03-19,5,Erie
SHIP013631,ORD013631,Express,IndiaPost,2024-09-26,5,Cleveland
SHIP013632,ORD013632,Standard,FedEx,2025-06-29,2,Fort Lauderdale
SHIP013633,ORD013633,Standard,BlueDart,2026-01-15,1,Durham
SHIP013634,ORD013634,Standard,Delhivery,2025-06-12,6,Rochester
SHIP013635,ORD013635,Standard,Delhivery,2023-06-05,5,Albany
SHIP013636,ORD013636,Standard,UPS,2025-02-05,6,Savannah
SHIP013637,ORD013637,Same-Day,FedEx,2026-02-15,8,Orlando
SHIP013638,ORD013638,Standard,IndiaPost,2025-05-16,7,Austin
SHIP013639,ORD013639,Standard,DHL,2023-04-22,9,Albany
SHIP013640,ORD013640,Economy,UPS,2022-09-03,1,Tacoma
SHIP013641,ORD013641,Express,BlueDart,2026-07-11,4,Newark
SHIP013642,ORD013642,Standard,FedEx,2025-08-12,2,Scottsdale
SHIP013643,ORD013643,Express,BlueDart,2024-08-12,5,San Francisco
SHIP013644,ORD013644,Express,IndiaPost,2023-01-11,3,Savannah
SHIP013645,ORD013645,Standard,BlueDart,2026-06-08,2,San Diego
SHIP013647,ORD013647,Standard,FedEx,2025-09-20,6,Jersey City
SHIP013648,ORD013648,Express,BlueDart,2026-06-28,5,Everett
SHIP013649,ORD013649,Standard,UPS,2022-11-15,5,San Jose
SHIP013650,ORD013650,Express,FedEx,2024-10-25,8,Rochester
SHIP013651,ORD013651,Express,UPS,2023-08-05,8,Cincinnati
SHIP013652,ORD013652,Express,FedEx,2024-07-31,8,Denver
SHIP013653,ORD013653,Express,Delhivery,2026-06-11,9,Lansing
SHIP013654,ORD013654,Standard,Delhivery,2026-07-04,2,Macon
SHIP013655,ORD013655,Standard,DHL,2023-04-15,8,Toledo
SHIP013656,ORD013656,Standard,IndiaPost,2025-12-18,5,Paterson
SHIP013657,ORD013657,Standard,IndiaPost,2022-08-10,2,San Antonio
SHIP013658,ORD013658,Standard,FedEx,2024-07-22,3,Houston
SHIP013659,ORD013659,Standard,Delhivery,2026-05-06,9,Colorado Springs
SHIP013660,ORD013660,Express,DHL,2022-07-27,5,Akron
SHIP013661,ORD013661,Standard,IndiaPost,2025-04-02,6,Rockford
SHIP013662,ORD013662,Economy,DHL,2026-07-11,7,Savannah
SHIP013663,ORD013663,Standard,FedEx,2026-04-14,8,Phoenix
SHIP013664,ORD013664,Economy,FedEx,2024-12-09,7,Philadelphia
SHIP013665,ORD013665,Standard,DHL,2024-10-12,1,Cambridge
SHIP013666,ORD013666,Economy,FedEx,2026-03-03,4,Newark
SHIP013668,ORD013668,Standard,UPS,2025-09-05,4,Boulder
SHIP013669,ORD013669,Express,Delhivery,2025-08-14,5,Newark
SHIP013670,ORD013670,Express,DHL,2026-07-11,4,New York City
SHIP013672,ORD013672,Standard,BlueDart,2024-04-25,5,Boston
SHIP013674,ORD013674,Standard,FedEx,2024-10-23,6,San Antonio
SHIP013675,ORD013675,Express,BlueDart,2020-04-30,7,San Francisco
SHIP013676,ORD013676,Standard,UPS,2025-07-17,3,Mesa
SHIP013677,ORD013677,Economy,DHL,2024-11-28,8,Bellevue
SHIP013678,ORD013678,Economy,IndiaPost,2022-12-03,9,Chicago
SHIP013679,ORD013679,Standard,UPS,2026-07-26,4,Syracuse
SHIP013680,ORD013680,Standard,Delhivery,2026-01-07,6,Akron
SHIP013681,ORD013681,Express,DHL,2026-06-12,6,Cincinnati
SHIP013682,ORD013682,Express,BlueDart,2026-06-13,9,Miami
SHIP013683,ORD013683,Standard,UPS,2026-05-16,2,Springfield
SHIP013684,ORD013684,Standard,FedEx,2024-11-07,2,Toledo
SHIP013685,ORD013685,Standard,UPS,2025-07-19,3,Newark
SHIP013686,ORD013686,Economy,DHL,2024-09-14,1,San Francisco
SHIP013687,ORD013687,Standard,DHL,2022-01-13,9,Grand Rapids
SHIP013688,ORD013688,Same-Day,UPS,2024-06-20,4,Worcester
SHIP013689,ORD013689,Express,Delhivery,2025-09-05,2,Naperville
SHIP013690,ORD013690,Express,IndiaPost,2026-07-01,3,Boston
SHIP013691,ORD013691,Standard,FedEx,2025-09-26,3,Pittsburgh
SHIP013692,ORD013692,Express,UPS,2025-05-16,7,Dallas
SHIP013693,ORD013693,Standard,DHL,2025-04-09,4,Scottsdale
SHIP013694,ORD013694,Economy,IndiaPost,2022-08-01,4,Akron
SHIP013696,ORD013696,Standard,DHL,2025-09-14,7,Greensboro
SHIP013697,ORD013697,Express,BlueDart,2022-07-23,8,Pittsburgh
SHIP013699,ORD013699,Standard,BlueDart,2019-09-18,5,Houston
SHIP013700,ORD013700,Standard,BlueDart,2021-08-25,4,Ann Arbor
SHIP013701,ORD013701,Standard,Delhivery,2024-08-13,3,Chicago
SHIP013702,ORD013702,Standard,IndiaPost,2026-07-23,5,Los Angeles
SHIP013704,ORD013704,Standard,UPS,2025-06-09,3,Fort Lauderdale
SHIP013705,ORD013705,Standard,FedEx,2024-05-01,2,San Antonio
SHIP013706,ORD013706,Standard,IndiaPost,2025-03-13,5,Ann Arbor
SHIP013707,ORD013707,Standard,UPS,2023-12-04,8,Akron
SHIP013708,ORD013708,Standard,FedEx,2026-06-07,4,Cambridge
SHIP013709,ORD013709,Economy,BlueDart,2024-08-16,3,Houston
SHIP013710,ORD013710,Same-Day,Delhivery,2022-08-23,5,Elizabeth
SHIP013711,ORD013711,Economy,Delhivery,2025-04-27,8,Flint
SHIP013712,ORD013712,Standard,FedEx,2025-03-29,1,Winston-Salem
SHIP013713,ORD013713,Same-Day,Delhivery,2026-07-08,1,Houston
SHIP013714,ORD013714,Standard,DHL,2020-04-17,4,Boulder
SHIP013715,ORD013715,Express,IndiaPost,2024-12-06,1,Augusta
SHIP013716,ORD013716,Express,Delhivery,2024-04-07,7,Rochester
SHIP013717,ORD013717,Express,DHL,2023-04-06,1,Colorado Springs
SHIP013718,ORD013718,Standard,BlueDart,2026-06-06,8,Ann Arbor
SHIP013719,ORD013719,Standard,BlueDart,2026-06-26,3,Seattle
SHIP013720,ORD013720,Standard,DHL,2025-08-21,3,Jacksonville
SHIP013721,ORD013721,Standard,IndiaPost,2021-06-30,5,Spokane
SHIP013722,ORD013722,Standard,Delhivery,2020-04-23,3,Ann Arbor
SHIP013723,ORD013723,Express,BlueDart,2026-02-21,7,Fort Collins
SHIP013724,ORD013724,Standard,DHL,2026-04-26,3,Colorado Springs
SHIP013727,ORD013727,Standard,BlueDart,2023-06-27,9,Fort Collins
SHIP013728,ORD013728,Standard,Delhivery,2024-09-20,9,Scottsdale
SHIP013729,ORD013729,Standard,BlueDart,2023-06-17,3,Peoria
SHIP013731,ORD013731,Standard,Delhivery,2020-12-04,3,Mesa
SHIP013732,ORD013732,Standard,IndiaPost,2026-04-18,6,Winston-Salem
SHIP013733,ORD013733,Standard,FedEx,2025-06-08,2,Detroit
SHIP013734,ORD013734,Standard,IndiaPost,2025-03-19,4,Denver
SHIP013735,ORD013735,Standard,Delhivery,2024-04-26,8,New York City
SHIP013736,ORD013736,Standard,IndiaPost,2024-12-17,2,Savannah
SHIP013737,ORD013737,Economy,BlueDart,2025-10-23,7,Syracuse
SHIP013738,ORD013738,Standard,FedEx,2022-12-20,2,Aurora
SHIP013739,ORD013739,Express,DHL,2020-09-23,3,Jacksonville
SHIP013740,ORD013740,Standard,IndiaPost,2021-09-24,8,Columbus
SHIP013741,ORD013741,Standard,IndiaPost,2024-01-08,5,Reading
SHIP013742,ORD013742,Same-Day,DHL,2023-12-15,2,Seattle
SHIP013743,ORD013743,Economy,IndiaPost,2025-08-24,5,Philadelphia
SHIP013747,ORD013747,Same-Day,DHL,2024-11-11,5,Aurora
SHIP013748,ORD013748,Standard,Delhivery,2025-01-18,1,Aurora
SHIP013749,ORD013749,Standard,IndiaPost,2024-09-09,2,Phoenix
SHIP013750,ORD013750,Economy,FedEx,2026-05-03,2,Philadelphia
SHIP013751,ORD013751,Express,DHL,2023-05-11,8,Paterson
SHIP013752,ORD013752,Economy,Delhivery,2026-04-07,8,Dallas
SHIP013753,ORD013753,Standard,FedEx,2026-06-17,8,Reading
SHIP013754,ORD013754,Standard,IndiaPost,2026-04-08,1,Athens
SHIP013755,ORD013755,Standard,BlueDart,2022-04-24,8,Tucson
SHIP013756,ORD013756,Standard,FedEx,2025-12-19,4,Cambridge
SHIP013757,ORD013757,Express,Delhivery,2021-03-31,3,Phoenix
SHIP013758,ORD013758,Standard,UPS,2026-06-03,2,Reading
SHIP013759,ORD013759,Standard,IndiaPost,2025-11-09,3,Fort Lauderdale
SHIP013760,ORD013760,Standard,DHL,2021-12-13,7,Chicago
SHIP013761,ORD013761,Express,BlueDart,2023-09-22,1,Lansing
SHIP013762,ORD013762,Standard,BlueDart,2026-04-13,8,Sacramento
SHIP013763,ORD013763,Standard,DHL,2024-10-05,6,Naperville
SHIP013765,ORD013765,Express,UPS,2020-07-29,9,San Jose
SHIP013767,ORD013767,Standard,FedEx,2025-08-24,1,Ann Arbor
SHIP013768,ORD013768,Standard,UPS,2023-01-19,6,Everett
SHIP013769,ORD013769,Standard,BlueDart,2024-07-15,6,San Jose
SHIP013771,ORD013771,Express,FedEx,2026-05-26,9,Bellevue
SHIP013772,ORD013772,Express,DHL,2025-07-09,6,Greensboro
SHIP013773,ORD013773,Express,Delhivery,2022-11-24,8,Akron
SHIP013774,ORD013774,Standard,UPS,2026-03-14,2,Peoria
SHIP013775,ORD013775,Express,BlueDart,2026-04-16,6,Miami
SHIP013776,ORD013776,Economy,BlueDart,2026-03-20,8,Winston-Salem
SHIP013777,ORD013777,Standard,IndiaPost,2025-07-20,1,Albany
SHIP013778,ORD013778,Same-Day,FedEx,2024-11-11,7,Fort Lauderdale
SHIP013779,ORD013779,Same-Day,IndiaPost,2024-11-14,2,Charlotte
SHIP013780,ORD013780,Standard,DHL,2021-06-18,6,Philadelphia
SHIP013781,ORD013781,Express,FedEx,2021-11-18,1,Grand Rapids
SHIP013782,ORD013782,Standard,UPS,2021-12-10,9,Boulder
SHIP013783,ORD013783,Standard,FedEx,2026-07-09,4,Reading
SHIP013784,ORD013784,Express,IndiaPost,2025-06-04,4,San Diego
SHIP013786,ORD013786,Standard,FedEx,2025-04-05,3,Cambridge
SHIP013787,ORD013787,Express,DHL,2024-04-06,4,Miami
SHIP013788,ORD013788,Same-Day,DHL,2026-07-05,6,Philadelphia
SHIP013789,ORD013789,Standard,FedEx,2026-05-24,2,Peoria
SHIP013790,ORD013790,Standard,Delhivery,2025-02-20,6,Chicago
SHIP013791,ORD013791,Standard,IndiaPost,2024-11-02,7,Boulder
SHIP013792,ORD013792,Standard,FedEx,2025-10-20,3,San Diego
SHIP013794,ORD013794,Standard,UPS,2025-02-15,9,San Diego
SHIP013795,ORD013795,Economy,IndiaPost,2025-06-03,7,Grand Rapids
SHIP013796,ORD013796,Standard,BlueDart,2025-12-10,7,Flint
SHIP013797,ORD013797,Standard,UPS,2021-02-28,3,Bellevue
SHIP013799,ORD013799,Standard,IndiaPost,2025-01-29,7,Boulder
SHIP013800,ORD013800,Standard,FedEx,2025-06-25,8,San Diego
SHIP013802,ORD013802,Same-Day,DHL,2025-10-04,8,Cleveland
SHIP013803,ORD013803,Standard,DHL,2023-04-27,4,Bellevue
SHIP013804,ORD013804,Economy,UPS,2024-03-28,4,New York City
SHIP013805,ORD013805,Standard,BlueDart,2023-09-04,2,Mesa
SHIP013806,ORD013806,Same-Day,FedEx,2026-06-30,6,Worcester
SHIP013807,ORD013807,Standard,FedEx,2022-08-08,3,Allentown
SHIP013808,ORD013808,Standard,FedEx,2025-10-29,5,Augusta
SHIP013809,ORD013809,Standard,FedEx,2025-06-17,3,Tucson
SHIP013810,ORD013810,Standard,BlueDart,2024-09-20,5,Fort Lauderdale
SHIP013811,ORD013811,Express,DHL,2023-04-21,3,Elizabeth
SHIP013812,ORD013812,Express,BlueDart,2025-11-18,6,Naperville
SHIP013813,ORD013813,Economy,UPS,2024-10-25,9,Dallas
SHIP013814,ORD013814,Same-Day,UPS,2025-09-17,8,Fort Worth
SHIP013815,ORD013815,Standard,Delhivery,2026-05-04,4,Seattle
SHIP013816,ORD013816,Standard,DHL,2021-07-14,5,Akron
SHIP013817,ORD013817,Economy,FedEx,2026-05-25,4,Toledo
SHIP013818,ORD013818,Standard,BlueDart,2024-05-11,4,Rockford
SHIP013819,ORD013819,Standard,BlueDart,2023-07-06,1,Erie
SHIP013820,ORD013820,Express,BlueDart,2023-02-03,2,Jersey City
SHIP013821,ORD013821,Standard,Delhivery,2025-07-17,6,Augusta
SHIP013822,ORD013822,Same-Day,Delhivery,2026-06-09,6,Rockford
SHIP013823,ORD013823,Standard,UPS,2026-04-20,1,Fort Lauderdale
SHIP013824,ORD013824,Standard,UPS,2026-06-26,4,Durham
SHIP013826,ORD013826,Express,FedEx,2026-03-11,4,Lansing
SHIP013827,ORD013827,Standard,Delhivery,2024-08-24,7,Tampa
SHIP013828,ORD013828,Standard,BlueDart,2024-01-12,2,Macon
SHIP013829,ORD013829,Standard,DHL,2022-06-15,5,Paterson
SHIP013830,ORD013830,Economy,BlueDart,2023-05-22,2,Seattle
SHIP013831,ORD013831,Standard,UPS,2024-01-03,3,Paterson
SHIP013832,ORD013832,Economy,IndiaPost,2026-02-17,5,Jacksonville
SHIP013833,ORD013833,Express,FedEx,2026-05-08,3,Everett
SHIP013834,ORD013834,Economy,DHL,2023-07-14,6,Colorado Springs
SHIP013835,ORD013835,Standard,FedEx,2025-08-05,8,Chicago
SHIP013836,ORD013836,Same-Day,IndiaPost,2022-09-07,5,Erie
SHIP013837,ORD013837,Economy,DHL,2026-04-07,6,Tucson
SHIP013838,ORD013838,Standard,FedEx,2025-11-27,2,Ann Arbor
SHIP013839,ORD013839,Standard,Delhivery,2025-08-30,2,San Antonio
SHIP013840,ORD013840,Same-Day,DHL,2026-03-24,7,Tucson
SHIP013841,ORD013841,Economy,UPS,2021-01-13,7,Syracuse
SHIP013842,ORD013842,Express,BlueDart,2025-11-02,3,Akron
SHIP013844,ORD013844,Standard,DHL,2021-11-29,9,Chicago
SHIP013845,ORD013845,Standard,IndiaPost,2025-09-26,2,Rochester
SHIP013846,ORD013846,Express,FedEx,2026-06-12,2,Buffalo
SHIP013848,ORD013848,Standard,FedEx,2024-08-27,8,Aurora
SHIP013849,ORD013849,Standard,FedEx,2023-01-25,6,Phoenix
SHIP013850,ORD013850,Standard,UPS,2023-12-16,4,Boston
SHIP013852,ORD013852,Standard,Delhivery,2025-08-25,5,Tucson
SHIP013854,ORD013854,Standard,DHL,2022-11-12,5,Cleveland
SHIP013855,ORD013855,Standard,DHL,2026-01-11,8,Elizabeth
SHIP013856,ORD013856,Standard,Delhivery,2025-09-09,2,Miami
SHIP013857,ORD013857,Same-Day,IndiaPost,2021-12-10,6,Savannah
SHIP013858,ORD013858,Standard,DHL,2026-04-17,3,Colorado Springs
SHIP013860,ORD013860,Standard,UPS,2025-05-16,1,Paterson
SHIP013861,ORD013861,Standard,DHL,2025-02-09,4,Elizabeth
SHIP013862,ORD013862,Standard,FedEx,2024-11-06,3,Jacksonville
SHIP013863,ORD013863,Same-Day,IndiaPost,2023-09-12,6,Syracuse
SHIP013865,ORD013865,Standard,Delhivery,2025-02-25,6,Tucson
SHIP013866,ORD013866,Standard,IndiaPost,2022-07-16,5,Grand Rapids
SHIP013867,ORD013867,Standard,IndiaPost,2025-05-18,6,Bellevue
SHIP013868,ORD013868,Express,DHL,2023-05-25,5,Akron
SHIP013869,ORD013869,Standard,BlueDart,2023-01-04,9,Akron
SHIP013870,ORD013870,Economy,BlueDart,2025-07-21,7,Erie
SHIP013872,ORD013872,Standard,FedEx,2024-01-30,6,Reading
SHIP013873,ORD013873,Standard,Delhivery,2024-10-12,2,Winston-Salem
SHIP013874,ORD013874,Standard,UPS,2025-05-02,7,Jersey City
SHIP013875,ORD013875,Express,Delhivery,2024-10-25,5,Paterson
SHIP013876,ORD013876,Standard,IndiaPost,2023-07-22,2,Naperville
SHIP013878,ORD013878,Standard,DHL,2025-06-22,3,Los Angeles
SHIP013879,ORD013879,Express,Delhivery,2026-01-01,3,Chicago
SHIP013881,ORD013881,Same-Day,DHL,2026-05-09,8,Jersey City
SHIP013883,ORD013883,Standard,Delhivery,2023-10-16,3,Phoenix
SHIP013885,ORD013885,Standard,FedEx,2025-09-10,9,Akron
SHIP013886,ORD013886,Standard,UPS,2021-02-06,6,Sacramento
SHIP013887,ORD013887,Standard,IndiaPost,2026-01-14,6,Houston
SHIP013888,ORD013888,Express,DHL,2023-12-07,2,Bellevue
SHIP013889,ORD013889,Standard,FedEx,2025-10-16,8,Bellevue
SHIP013890,ORD013890,Standard,FedEx,2021-05-02,4,Cleveland
SHIP013891,ORD013891,Same-Day,IndiaPost,2023-08-04,9,Charlotte
SHIP013892,ORD013892,Standard,IndiaPost,2025-12-23,6,San Jose
SHIP013893,ORD013893,Express,UPS,2022-01-12,6,Columbus
SHIP013894,ORD013894,Same-Day,IndiaPost,2021-12-29,2,Jacksonville
SHIP013895,ORD013895,Economy,BlueDart,2025-03-27,1,Akron
SHIP013896,ORD013896,Express,FedEx,2024-05-18,8,Lowell
SHIP013897,ORD013897,Standard,BlueDart,2023-07-09,1,Austin
SHIP013898,ORD013898,Standard,FedEx,2024-01-18,2,Sacramento
SHIP013899,ORD013899,Economy,IndiaPost,2024-11-14,4,Sacramento
SHIP013901,ORD013901,Economy,UPS,2023-01-11,1,Cambridge
SHIP013902,ORD013902,Same-Day,BlueDart,2025-03-15,8,Sacramento
SHIP013903,ORD013903,Standard,BlueDart,2024-07-02,9,Lansing
SHIP013904,ORD013904,Express,DHL,2026-05-17,2,Aurora
SHIP013906,ORD013906,Standard,BlueDart,2024-01-24,8,Fort Collins
SHIP013907,ORD013907,Express,UPS,2025-09-02,2,Toledo
SHIP013908,ORD013908,Same-Day,UPS,2025-04-01,5,San Jose
SHIP013909,ORD013909,Standard,IndiaPost,2022-03-29,7,Newark
SHIP013910,ORD013910,Standard,BlueDart,2025-04-11,4,San Jose
SHIP013911,ORD013911,Same-Day,IndiaPost,2026-01-01,6,San Francisco
SHIP013913,ORD013913,Standard,DHL,2024-01-13,7,Rochester
SHIP013914,ORD013914,Standard,BlueDart,2025-04-16,4,Jersey City
SHIP013915,ORD013915,Standard,BlueDart,2025-06-06,7,Denver
SHIP013916,ORD013916,Standard,IndiaPost,2026-06-09,4,Scottsdale
SHIP013917,ORD013917,Standard,IndiaPost,2023-11-27,9,Akron
SHIP013918,ORD013918,Same-Day,Delhivery,2025-08-09,4,Jersey City
SHIP013919,ORD013919,Standard,FedEx,2025-06-16,8,Lowell
SHIP013921,ORD013921,Express,Delhivery,2024-10-23,4,San Francisco
SHIP013922,ORD013922,Same-Day,IndiaPost,2024-08-23,7,Boulder
SHIP013923,ORD013923,Standard,FedEx,2024-12-03,8,Erie
SHIP013924,ORD013924,Standard,BlueDart,2022-09-20,5,Charlotte
SHIP013925,ORD013925,Standard,UPS,2026-05-11,1,Rockford
SHIP013927,ORD013927,Standard,UPS,2022-07-15,9,Chandler
SHIP013928,ORD013928,Standard,BlueDart,2026-03-21,8,Jersey City
SHIP013929,ORD013929,Standard,DHL,2024-07-11,4,Jacksonville
SHIP013930,ORD013930,Standard,DHL,2020-07-08,8,Tucson
SHIP013931,ORD013931,Standard,FedEx,2026-04-05,1,Durham
SHIP013932,ORD013932,Standard,BlueDart,2026-05-09,6,Detroit
SHIP013934,ORD013934,Standard,DHL,2025-06-25,6,Scottsdale
SHIP013935,ORD013935,Express,Delhivery,2026-05-24,9,Akron
SHIP013937,ORD013937,Standard,BlueDart,2022-01-10,3,Boston
SHIP013938,ORD013938,Standard,BlueDart,2025-11-03,6,Dallas
SHIP013939,ORD013939,Standard,Delhivery,2020-08-06,7,Ann Arbor
SHIP013940,ORD013940,Economy,UPS,2022-06-22,8,San Jose
SHIP013941,ORD013941,Same-Day,FedEx,2024-08-29,3,Springfield
SHIP013942,ORD013942,Express,IndiaPost,2026-05-17,9,Aurora
SHIP013943,ORD013943,Standard,Delhivery,2019-08-19,3,New York City
SHIP013944,ORD013944,Same-Day,DHL,2025-02-11,3,Denver
SHIP013945,ORD013945,Standard,Delhivery,2025-10-13,4,Raleigh
SHIP013946,ORD013946,Standard,Delhivery,2024-03-22,7,Jersey City
SHIP013947,ORD013947,Standard,FedEx,2024-09-29,2,Lowell
SHIP013948,ORD013948,Economy,IndiaPost,2025-07-11,6,Tampa
SHIP013949,ORD013949,Express,DHL,2026-02-17,8,Charlotte
SHIP013950,ORD013950,Same-Day,DHL,2026-02-05,2,Boston
SHIP013951,ORD013951,Same-Day,IndiaPost,2025-02-06,5,Boston
SHIP013952,ORD013952,Standard,BlueDart,2025-05-05,5,Lansing
SHIP013953,ORD013953,Standard,IndiaPost,2026-07-02,9,Syracuse
SHIP013954,ORD013954,Standard,FedEx,2026-05-07,4,Ann Arbor
SHIP013955,ORD013955,Standard,BlueDart,2025-05-19,3,Seattle
SHIP013957,ORD013957,Standard,Delhivery,2021-05-08,5,Tucson
SHIP013959,ORD013959,Same-Day,FedEx,2023-07-20,8,Los Angeles
SHIP013960,ORD013960,Standard,UPS,2024-08-08,9,Winston-Salem
SHIP013961,ORD013961,Standard,UPS,2024-12-22,3,Boulder
SHIP013962,ORD013962,Same-Day,IndiaPost,2024-11-09,4,Allentown
SHIP013963,ORD013963,Express,FedEx,2026-07-11,1,Phoenix
SHIP013964,ORD013964,Express,FedEx,2024-05-29,3,Allentown
SHIP013965,ORD013965,Standard,UPS,2025-02-25,8,Tacoma
SHIP013966,ORD013966,Standard,Delhivery,2023-10-22,5,Akron
SHIP013967,ORD013967,Express,Delhivery,2026-06-19,7,Grand Rapids
SHIP013968,ORD013968,Express,Delhivery,2023-04-11,9,Savannah
SHIP013969,ORD013969,Standard,BlueDart,2026-05-04,2,Los Angeles
SHIP013970,ORD013970,Standard,FedEx,2024-08-24,8,New York City
SHIP013971,ORD013971,Same-Day,IndiaPost,2025-11-10,7,Detroit
SHIP013972,ORD013972,Standard,UPS,2021-09-17,7,Augusta
SHIP013973,ORD013973,Express,UPS,2026-01-14,6,Everett
SHIP013974,ORD013974,Same-Day,UPS,2024-08-23,1,Macon
SHIP013975,ORD013975,Standard,FedEx,2020-07-28,6,Albany
SHIP013976,ORD013976,Standard,DHL,2025-09-11,3,Fort Collins
SHIP013978,ORD013978,Standard,IndiaPost,2025-05-23,9,Augusta
SHIP013979,ORD013979,Economy,IndiaPost,2026-01-22,7,Athens
SHIP013980,ORD013980,Express,Delhivery,2026-07-05,6,Everett
SHIP013981,ORD013981,Same-Day,FedEx,2023-04-29,9,Atlanta
SHIP013982,ORD013982,Economy,FedEx,2024-08-13,2,Tucson
SHIP013983,ORD013983,Same-Day,UPS,2026-05-21,1,Syracuse
SHIP013984,ORD013984,Standard,BlueDart,2026-03-26,4,Cincinnati
SHIP013985,ORD013985,Same-Day,Delhivery,2025-06-25,5,Elizabeth
SHIP013986,ORD013986,Standard,FedEx,2021-05-21,9,Erie
SHIP013987,ORD013987,Standard,DHL,2025-02-08,4,Miami
SHIP013989,ORD013989,Express,DHL,2023-06-14,4,Seattle
SHIP013990,ORD013990,Express,FedEx,2024-11-15,9,Elizabeth
SHIP013991,ORD013991,Standard,DHL,2025-10-12,9,Newark
SHIP013992,ORD013992,Express,BlueDart,2025-12-17,4,Naperville
SHIP013993,ORD013993,Standard,UPS,2021-04-17,3,Boulder
SHIP013994,ORD013994,Standard,BlueDart,2024-04-21,1,Bellevue
SHIP013995,ORD013995,Same-Day,Delhivery,2024-11-23,1,Trenton
SHIP013996,ORD013996,Express,IndiaPost,2026-01-20,6,Rockford
SHIP013997,ORD013997,Express,UPS,2026-03-19,6,Toledo
SHIP013998,ORD013998,Economy,FedEx,2022-04-09,6,Macon
SHIP013999,ORD013999,Standard,FedEx,2026-03-05,6,Augusta
SHIP014000,ORD014000,Express,DHL,2024-10-03,2,Tampa
SHIP014001,ORD014001,Standard,IndiaPost,2024-03-15,5,Cambridge
SHIP014002,ORD014002,Express,Delhivery,2021-09-06,7,Charlotte
SHIP014003,ORD014003,Standard,Delhivery,2024-06-20,5,Elizabeth
SHIP014004,ORD014004,Standard,IndiaPost,2024-07-06,4,Philadelphia
SHIP014005,ORD014005,Standard,FedEx,2026-07-08,8,Tampa
SHIP014008,ORD014008,Same-Day,Delhivery,2026-02-02,4,Rochester
SHIP014009,ORD014009,Express,Delhivery,2026-03-16,2,Newark
SHIP014010,ORD014010,Standard,IndiaPost,2025-01-26,2,Houston
SHIP014011,ORD014011,Economy,DHL,2024-05-31,3,Fort Lauderdale
SHIP014012,ORD014012,Standard,UPS,2025-05-09,3,Lansing
SHIP014014,ORD014014,Express,UPS,2026-06-24,9,Orlando
SHIP014015,ORD014015,Same-Day,FedEx,2025-12-30,8,New York City
SHIP014016,ORD014016,Standard,FedEx,2024-07-21,8,Colorado Springs
SHIP014017,ORD014017,Standard,IndiaPost,2025-08-28,3,Toledo
SHIP014018,ORD014018,Express,UPS,2026-07-23,9,Boulder
SHIP014021,ORD014021,Standard,IndiaPost,2026-03-17,8,Greensboro
SHIP014022,ORD014022,Standard,IndiaPost,2025-11-07,8,Winston-Salem
SHIP014023,ORD014023,Economy,UPS,2023-12-16,1,Houston
SHIP014024,ORD014024,Express,Delhivery,2024-11-15,3,Syracuse
SHIP014025,ORD014025,Standard,IndiaPost,2025-02-08,9,Allentown
SHIP014026,ORD014026,Economy,FedEx,2026-04-22,3,San Francisco
SHIP014027,ORD014027,Express,UPS,2026-05-03,7,Tucson
SHIP014028,ORD014028,Express,DHL,2025-03-15,9,Springfield
SHIP014029,ORD014029,Standard,BlueDart,2024-09-02,3,Mesa
SHIP014030,ORD014030,Standard,UPS,2023-10-09,6,Lowell
SHIP014031,ORD014031,Standard,UPS,2023-10-28,5,Albany
SHIP014032,ORD014032,Standard,DHL,2020-05-01,1,Pittsburgh
SHIP014033,ORD014033,Standard,DHL,2026-04-07,4,Chandler
SHIP014034,ORD014034,Express,BlueDart,2024-12-28,1,Newark
SHIP014035,ORD014035,Standard,FedEx,2025-02-16,5,Houston
SHIP014037,ORD014037,Standard,Delhivery,2026-03-25,6,Colorado Springs
SHIP014038,ORD014038,Same-Day,IndiaPost,2025-08-29,8,Worcester
SHIP014039,ORD014039,Express,IndiaPost,2025-05-20,7,Jacksonville
SHIP014041,ORD014041,Economy,FedEx,2026-06-18,9,Colorado Springs
SHIP014042,ORD014042,Standard,UPS,2026-07-19,5,Lowell
SHIP014043,ORD014043,Standard,BlueDart,2026-06-15,4,Austin
SHIP014045,ORD014045,Standard,Delhivery,2024-08-16,4,Allentown
SHIP014046,ORD014046,Standard,DHL,2026-02-08,4,Durham
SHIP014047,ORD014047,Standard,Delhivery,2026-03-08,8,Erie
SHIP014048,ORD014048,Standard,DHL,2026-02-25,6,Ann Arbor
SHIP014049,ORD014049,Express,BlueDart,2025-02-10,4,New York City
SHIP014050,ORD014050,Standard,UPS,2026-01-20,6,Scottsdale
SHIP014051,ORD014051,Standard,FedEx,2026-02-07,5,Springfield
SHIP014052,ORD014052,Standard,DHL,2023-09-27,3,Philadelphia
SHIP014055,ORD014055,Same-Day,BlueDart,2024-12-21,1,Winston-Salem
SHIP014056,ORD014056,Same-Day,FedEx,2026-05-21,2,Springfield
SHIP014057,ORD014057,Standard,IndiaPost,2024-07-16,5,San Diego
SHIP014058,ORD014058,Express,Delhivery,2024-10-23,4,Syracuse
SHIP014060,ORD014060,Standard,Delhivery,2026-02-17,6,Pittsburgh
SHIP014061,ORD014061,Standard,Delhivery,2026-04-17,5,Houston
SHIP014063,ORD014063,Standard,Delhivery,2024-11-05,9,Spokane
SHIP014064,ORD014064,Standard,FedEx,2026-03-13,2,San Antonio
SHIP014065,ORD014065,Express,Delhivery,2022-07-07,6,Grand Rapids
SHIP014066,ORD014066,Express,Delhivery,2024-05-27,2,Lansing
SHIP014067,ORD014067,Standard,UPS,2024-05-04,8,Springfield
SHIP014068,ORD014068,Express,FedEx,2021-01-10,5,Reading
SHIP014069,ORD014069,Standard,FedEx,2023-12-16,3,Houston
SHIP014071,ORD014071,Standard,Delhivery,2025-09-09,4,Akron
SHIP014072,ORD014072,Standard,BlueDart,2026-05-30,9,Chandler
SHIP014073,ORD014073,Standard,UPS,2023-02-05,5,Dallas
SHIP014074,ORD014074,Standard,Delhivery,2025-02-14,9,Toledo
SHIP014076,ORD014076,Standard,Delhivery,2025-09-21,7,Reading
SHIP014077,ORD014077,Express,UPS,2026-02-22,3,Cincinnati
SHIP014078,ORD014078,Economy,UPS,2026-02-19,2,Flint
SHIP014079,ORD014079,Standard,UPS,2023-09-01,6,Boulder
SHIP014080,ORD014080,Standard,BlueDart,2025-07-31,5,Austin
SHIP014081,ORD014081,Standard,DHL,2024-11-13,9,Cincinnati
SHIP014082,ORD014082,Express,IndiaPost,2021-07-04,6,Columbus
SHIP014083,ORD014083,Express,BlueDart,2024-06-19,7,Atlanta
SHIP014085,ORD014085,Economy,Delhivery,2025-12-10,1,Chandler
SHIP014086,ORD014086,Standard,IndiaPost,2021-11-24,5,Worcester
SHIP014088,ORD014088,Standard,FedEx,2026-03-19,4,Syracuse
SHIP014090,ORD014090,Standard,IndiaPost,2022-07-23,1,Greensboro
SHIP014091,ORD014091,Standard,BlueDart,2026-02-02,5,Colorado Springs
SHIP014092,ORD014092,Standard,BlueDart,2021-07-22,5,Durham
SHIP014095,ORD014095,Standard,DHL,2026-06-27,7,Philadelphia
SHIP014096,ORD014096,Same-Day,DHL,2022-11-09,9,Springfield
SHIP014097,ORD014097,Standard,Delhivery,2021-07-23,5,Rockford
SHIP014098,ORD014098,Express,DHL,2023-11-27,3,Tacoma
SHIP014099,ORD014099,Standard,UPS,2022-11-21,6,Everett
SHIP014100,ORD014100,Standard,Delhivery,2025-03-29,1,Albany
SHIP014101,ORD014101,Express,UPS,2024-01-31,4,Detroit
SHIP014102,ORD014102,Economy,Delhivery,2025-07-12,4,Tucson
SHIP014104,ORD014104,Economy,UPS,2024-01-31,3,Reading
SHIP014105,ORD014105,Economy,BlueDart,2023-08-07,9,Pittsburgh
SHIP014106,ORD014106,Standard,UPS,2023-08-05,3,Albany
SHIP014107,ORD014107,Standard,Delhivery,2023-10-18,9,Charlotte
SHIP014109,ORD014109,Standard,IndiaPost,2025-02-05,7,Tacoma
SHIP014110,ORD014110,Standard,DHL,2025-11-27,6,Winston-Salem
SHIP014111,ORD014111,Economy,DHL,2026-03-21,1,Savannah
SHIP014113,ORD014113,Standard,BlueDart,2024-07-09,6,Toledo
SHIP014114,ORD014114,Same-Day,IndiaPost,2026-07-23,1,Seattle
SHIP014115,ORD014115,Same-Day,UPS,2025-11-05,3,Phoenix
SHIP014116,ORD014116,Standard,IndiaPost,2025-01-02,6,Columbus
SHIP014117,ORD014117,Standard,DHL,2025-11-08,7,Sacramento
SHIP014120,ORD014120,Standard,Delhivery,2022-05-23,5,Tacoma
SHIP014123,ORD014123,Express,BlueDart,2023-04-18,7,Allentown
SHIP014126,ORD014126,Standard,Delhivery,2026-06-14,5,Dallas
SHIP014127,ORD014127,Economy,FedEx,2024-11-28,5,Everett
SHIP014128,ORD014128,Standard,DHL,2023-03-24,5,Lansing
SHIP014129,ORD014129,Standard,UPS,2024-05-24,3,Lansing
SHIP014130,ORD014130,Same-Day,Delhivery,2026-04-16,1,Rochester
SHIP014131,ORD014131,Standard,UPS,2026-02-13,9,Cleveland
SHIP014132,ORD014132,Same-Day,DHL,2026-07-18,4,Lowell
SHIP014133,ORD014133,Standard,FedEx,2025-09-09,5,Springfield
SHIP014134,ORD014134,Same-Day,UPS,2025-04-28,2,Boston
SHIP014135,ORD014135,Standard,DHL,2024-12-04,4,Jacksonville
SHIP014136,ORD014136,Express,IndiaPost,2022-06-27,3,Savannah
SHIP014137,ORD014137,Express,FedEx,2025-05-06,1,Cincinnati
SHIP014138,ORD014138,Standard,FedEx,2024-03-26,2,Springfield
SHIP014139,ORD014139,Standard,Delhivery,2025-02-10,6,Dallas
SHIP014140,ORD014140,Standard,UPS,2026-01-16,3,Los Angeles
SHIP014141,ORD014141,Same-Day,Delhivery,2024-10-11,2,San Antonio
SHIP014142,ORD014142,Standard,UPS,2026-01-17,4,Detroit
SHIP014143,ORD014143,Economy,UPS,2024-08-05,6,Grand Rapids
SHIP014144,ORD014144,Standard,BlueDart,2026-06-24,6,Pittsburgh
SHIP014145,ORD014145,Standard,BlueDart,2025-05-17,8,Ann Arbor
SHIP014146,ORD014146,Express,FedEx,2025-07-15,3,Toledo
SHIP014147,ORD014147,Standard,FedEx,2023-04-22,1,Flint
SHIP014148,ORD014148,Standard,BlueDart,2026-08-03,9,Pittsburgh
SHIP014150,ORD014150,Standard,BlueDart,2024-09-18,3,Springfield
SHIP014151,ORD014151,Standard,Delhivery,2026-04-09,4,Boulder
SHIP014152,ORD014152,Standard,DHL,2020-04-15,7,Akron
SHIP014153,ORD014153,Standard,Delhivery,2020-09-08,1,Lansing
SHIP014154,ORD014154,Standard,BlueDart,2024-08-27,6,Paterson
SHIP014155,ORD014155,Standard,FedEx,2026-06-23,3,Tacoma
SHIP014156,ORD014156,Express,FedEx,2024-06-09,9,Lansing
SHIP014157,ORD014157,Standard,IndiaPost,2024-10-21,1,San Antonio
SHIP014159,ORD014159,Standard,DHL,2025-07-21,8,Newark
SHIP014160,ORD014160,Express,IndiaPost,2026-06-17,4,Fort Collins
SHIP014161,ORD014161,Same-Day,BlueDart,2024-07-16,4,Denver
SHIP014162,ORD014162,Standard,BlueDart,2026-06-13,7,Savannah
SHIP014163,ORD014163,Standard,UPS,2025-01-03,9,Winston-Salem
SHIP014164,ORD014164,Express,BlueDart,2022-10-28,2,Chicago
SHIP014165,ORD014165,Standard,DHL,2024-11-03,1,Peoria
SHIP014166,ORD014166,Express,UPS,2023-05-27,3,Worcester
SHIP014167,ORD014167,Standard,FedEx,2026-01-16,3,Tucson
SHIP014168,ORD014168,Standard,IndiaPost,2022-05-17,8,Fort Worth
SHIP014169,ORD014169,Express,DHL,2023-06-16,9,San Jose
SHIP014171,ORD014171,Standard,Delhivery,2025-06-07,5,Grand Rapids
SHIP014174,ORD014174,Economy,Delhivery,2026-03-24,9,Worcester
SHIP014175,ORD014175,Express,IndiaPost,2023-09-09,1,Paterson
SHIP014176,ORD014176,Standard,BlueDart,2026-05-16,7,Durham
SHIP014178,ORD014178,Economy,IndiaPost,2021-04-15,2,Charlotte
SHIP014181,ORD014181,Standard,Delhivery,2022-08-02,8,Charlotte
SHIP014182,ORD014182,Express,UPS,2025-11-10,6,New York City
SHIP014183,ORD014183,Standard,FedEx,2026-08-01,5,Elizabeth
SHIP014185,ORD014185,Standard,FedEx,2021-12-20,9,Houston
SHIP014186,ORD014186,Express,DHL,2023-03-14,3,Atlanta
SHIP014187,ORD014187,Standard,Delhivery,2025-11-20,6,Detroit
SHIP014188,ORD014188,Same-Day,BlueDart,2024-12-27,7,Chandler
SHIP014189,ORD014189,Standard,DHL,2023-04-20,1,Augusta
SHIP014190,ORD014190,Standard,FedEx,2026-04-26,4,San Diego
SHIP014193,ORD014193,Standard,FedEx,2023-01-25,5,Aurora
SHIP014194,ORD014194,Standard,DHL,2022-10-13,8,Cincinnati
SHIP014195,ORD014195,Standard,UPS,2026-01-31,7,Sacramento
SHIP014196,ORD014196,Standard,DHL,2023-11-24,6,Tampa
SHIP014197,ORD014197,Standard,IndiaPost,2026-04-09,9,Cincinnati
SHIP014199,ORD014199,Standard,FedEx,2025-08-14,6,Jersey City
SHIP014200,ORD014200,Express,BlueDart,2025-11-23,9,Scottsdale
SHIP014201,ORD014201,Express,BlueDart,2025-04-22,7,Rockford
SHIP014202,ORD014202,Standard,UPS,2024-08-26,3,Seattle
SHIP014203,ORD014203,Standard,FedEx,2026-05-31,3,Charlotte
SHIP014204,ORD014204,Economy,BlueDart,2023-04-09,3,Lowell
SHIP014205,ORD014205,Economy,Delhivery,2025-06-17,3,Phoenix
SHIP014206,ORD014206,Standard,DHL,2022-09-23,9,Charlotte
SHIP014207,ORD014207,Standard,Delhivery,2021-07-06,5,Pittsburgh
SHIP014208,ORD014208,Express,DHL,2021-06-16,1,Pittsburgh
SHIP014209,ORD014209,Standard,IndiaPost,2025-04-02,4,Lowell
SHIP014211,ORD014211,Express,Delhivery,2025-08-10,9,Charlotte
SHIP014212,ORD014212,Express,IndiaPost,2022-10-04,3,Flint
SHIP014213,ORD014213,Economy,BlueDart,2025-10-03,5,San Antonio
SHIP014214,ORD014214,Express,Delhivery,2023-01-12,2,Seattle
SHIP014215,ORD014215,Express,Delhivery,2026-03-07,1,Rockford
SHIP014217,ORD014217,Standard,UPS,2025-03-24,3,Bellevue
SHIP014218,ORD014218,Standard,Delhivery,2025-07-29,6,Akron
SHIP014219,ORD014219,Standard,BlueDart,2026-05-21,1,Scottsdale
SHIP014220,ORD014220,Standard,DHL,2022-11-05,6,Chandler
SHIP014222,ORD014222,Standard,Delhivery,2026-05-18,1,Raleigh
SHIP014223,ORD014223,Standard,BlueDart,2026-06-29,2,Atlanta
SHIP014225,ORD014225,Express,DHL,2026-07-22,7,Houston
SHIP014226,ORD014226,Standard,UPS,2024-12-11,3,Lowell
SHIP014227,ORD014227,Express,BlueDart,2025-02-21,2,San Francisco
SHIP014229,ORD014229,Standard,FedEx,2023-04-08,3,Atlanta
SHIP014230,ORD014230,Economy,UPS,2023-12-27,5,Elizabeth
SHIP014231,ORD014231,Standard,IndiaPost,2025-01-18,6,San Jose
SHIP014232,ORD014232,Express,IndiaPost,2026-06-05,9,Durham
SHIP014233,ORD014233,Economy,UPS,2025-03-22,8,Chandler
SHIP014234,ORD014234,Standard,UPS,2026-03-19,3,Albany
SHIP014235,ORD014235,Economy,DHL,2022-09-23,7,Rockford
SHIP014236,ORD014236,Standard,UPS,2025-12-18,4,Fort Collins
SHIP014237,ORD014237,Standard,UPS,2024-05-15,7,San Antonio
SHIP014238,ORD014238,Express,UPS,2024-07-12,5,Denver
SHIP014239,ORD014239,Express,Delhivery,2024-04-05,9,Boulder
SHIP014240,ORD014240,Standard,IndiaPost,2024-09-07,5,Toledo
SHIP014241,ORD014241,Standard,FedEx,2020-12-30,6,Fort Collins
SHIP014242,ORD014242,Economy,IndiaPost,2025-07-12,1,Columbus
SHIP014243,ORD014243,Express,DHL,2024-09-09,5,Austin
SHIP014244,ORD014244,Standard,DHL,2024-10-31,5,Chandler
SHIP014245,ORD014245,Standard,BlueDart,2021-08-06,7,Greensboro
SHIP014246,ORD014246,Express,BlueDart,2022-05-31,2,Tucson
SHIP014249,ORD014249,Economy,FedEx,2021-11-30,8,Los Angeles
SHIP014250,ORD014250,Express,UPS,2025-08-15,2,Toledo
SHIP014251,ORD014251,Standard,DHL,2025-09-07,4,Los Angeles
SHIP014253,ORD014253,Economy,Delhivery,2022-06-20,9,Newark
SHIP014254,ORD014254,Standard,BlueDart,2026-07-18,9,Orlando
SHIP014255,ORD014255,Standard,DHL,2026-05-03,1,Lansing
SHIP014256,ORD014256,Same-Day,BlueDart,2026-05-03,6,Charlotte
SHIP014257,ORD014257,Standard,FedEx,2023-12-19,7,Reading
SHIP014259,ORD014259,Standard,BlueDart,2024-04-28,2,Sacramento
SHIP014260,ORD014260,Standard,DHL,2023-10-02,6,Rochester
SHIP014261,ORD014261,Standard,DHL,2025-09-11,7,Rochester
SHIP014263,ORD014263,Standard,BlueDart,2025-08-11,9,Chandler
SHIP014264,ORD014264,Standard,FedEx,2024-07-19,5,Syracuse
SHIP014265,ORD014265,Express,BlueDart,2022-04-30,8,Springfield
SHIP014267,ORD014267,Same-Day,FedEx,2023-10-31,6,Newark
SHIP014268,ORD014268,Standard,IndiaPost,2024-11-18,3,Orlando
SHIP014269,ORD014269,Economy,DHL,2024-11-01,8,San Antonio
SHIP014270,ORD014270,Standard,BlueDart,2025-02-03,8,Newark
SHIP014271,ORD014271,Standard,FedEx,2024-01-17,9,Syracuse
SHIP014272,ORD014272,Standard,DHL,2025-03-01,4,Mesa
SHIP014274,ORD014274,Same-Day,FedEx,2025-10-23,5,Bellevue
SHIP014275,ORD014275,Standard,BlueDart,2026-05-14,8,Raleigh
SHIP014276,ORD014276,Standard,DHL,2024-06-13,2,Seattle
SHIP014277,ORD014277,Standard,Delhivery,2026-06-17,9,Naperville
SHIP014278,ORD014278,Economy,DHL,2021-06-12,6,Miami
SHIP014279,ORD014279,Standard,UPS,2026-03-07,3,Fort Worth
SHIP014280,ORD014280,Standard,Delhivery,2021-02-19,7,Denver
SHIP014281,ORD014281,Standard,Delhivery,2025-11-10,3,Newark
SHIP014282,ORD014282,Standard,IndiaPost,2020-09-27,2,Sacramento
SHIP014283,ORD014283,Express,Delhivery,2026-04-16,1,Augusta
SHIP014285,ORD014285,Standard,IndiaPost,2024-09-16,7,Toledo
SHIP014287,ORD014287,Express,IndiaPost,2025-08-10,3,Durham
SHIP014288,ORD014288,Standard,UPS,2023-07-21,9,Springfield
SHIP014289,ORD014289,Express,Delhivery,2025-01-24,7,Cincinnati
SHIP014290,ORD014290,Standard,DHL,2025-05-07,3,Los Angeles
SHIP014291,ORD014291,Express,BlueDart,2025-12-19,5,Raleigh
SHIP014292,ORD014292,Standard,BlueDart,2026-06-23,1,Seattle
SHIP014293,ORD014293,Standard,DHL,2026-05-03,6,Peoria
SHIP014294,ORD014294,Standard,UPS,2024-12-02,4,Philadelphia
SHIP014295,ORD014295,Standard,FedEx,2026-05-25,5,Worcester
SHIP014296,ORD014296,Express,IndiaPost,2024-01-13,1,Newark
SHIP014297,ORD014297,Same-Day,UPS,2026-05-22,2,San Jose
SHIP014298,ORD014298,Standard,BlueDart,2025-09-09,9,San Francisco
SHIP014299,ORD014299,Standard,UPS,2026-05-31,4,Akron
SHIP014300,ORD014300,Standard,BlueDart,2024-07-26,8,Paterson
SHIP014301,ORD014301,Standard,IndiaPost,2023-05-27,9,Springfield
SHIP014302,ORD014302,Standard,BlueDart,2021-07-24,9,Atlanta
SHIP014303,ORD014303,Standard,BlueDart,2026-01-11,8,Mesa
SHIP014304,ORD014304,Standard,BlueDart,2025-08-19,3,Aurora
SHIP014305,ORD014305,Economy,Delhivery,2023-06-23,1,Paterson
SHIP014306,ORD014306,Same-Day,UPS,2026-01-23,8,Syracuse
SHIP014307,ORD014307,Standard,Delhivery,2026-01-26,2,Fort Worth
SHIP014308,ORD014308,Economy,DHL,2026-05-19,4,Rochester
SHIP014309,ORD014309,Same-Day,Delhivery,2025-02-17,1,Orlando
SHIP014310,ORD014310,Express,DHL,2023-11-17,4,Houston
SHIP014311,ORD014311,Express,UPS,2026-02-01,3,Dallas
SHIP014312,ORD014312,Express,IndiaPost,2022-11-18,3,Lansing
SHIP014315,ORD014315,Standard,UPS,2024-09-08,7,San Antonio
SHIP014316,ORD014316,Standard,IndiaPost,2025-03-07,9,Syracuse
SHIP014318,ORD014318,Standard,BlueDart,2025-12-18,1,Tucson
SHIP014319,ORD014319,Standard,IndiaPost,2026-04-18,1,Elizabeth
SHIP014320,ORD014320,Standard,BlueDart,2024-02-24,5,Columbus
SHIP014321,ORD014321,Economy,Delhivery,2024-11-27,8,Spokane
SHIP014322,ORD014322,Standard,UPS,2025-11-28,8,Lowell
SHIP014323,ORD014323,Standard,IndiaPost,2025-08-18,3,Naperville
SHIP014324,ORD014324,Same-Day,UPS,2025-10-01,7,Spokane
SHIP014325,ORD014325,Standard,DHL,2025-07-17,7,Savannah
SHIP014327,ORD014327,Standard,IndiaPost,2025-05-12,6,Philadelphia
SHIP014328,ORD014328,Standard,BlueDart,2025-12-06,3,Jersey City
SHIP014329,ORD014329,Express,DHL,2025-02-25,4,Rockford
SHIP014330,ORD014330,Standard,Delhivery,2025-11-11,6,Buffalo
SHIP014331,ORD014331,Standard,DHL,2026-04-04,4,Erie
SHIP014332,ORD014332,Economy,IndiaPost,2020-11-28,6,Columbus
SHIP014333,ORD014333,Standard,FedEx,2026-05-23,8,Worcester
SHIP014334,ORD014334,Standard,DHL,2025-12-12,7,Elizabeth
SHIP014335,ORD014335,Standard,Delhivery,2026-06-23,8,Macon
SHIP014336,ORD014336,Express,IndiaPost,2026-06-21,9,Atlanta
SHIP014337,ORD014337,Express,UPS,2024-12-22,8,Detroit
SHIP014338,ORD014338,Express,FedEx,2026-05-17,2,Aurora
SHIP014339,ORD014339,Express,BlueDart,2023-02-01,7,San Diego
SHIP014340,ORD014340,Standard,BlueDart,2022-10-11,3,Philadelphia
SHIP014341,ORD014341,Standard,Delhivery,2023-08-10,6,Buffalo
SHIP014342,ORD014342,Standard,Delhivery,2023-08-19,1,Boulder
SHIP014343,ORD014343,Economy,Delhivery,2022-04-01,2,Everett
SHIP014344,ORD014344,Same-Day,FedEx,2022-11-14,8,Akron
SHIP014345,ORD014345,Express,Delhivery,2026-07-31,8,San Francisco
SHIP014346,ORD014346,Standard,DHL,2026-04-29,3,Detroit
SHIP014347,ORD014347,Express,UPS,2026-06-16,7,San Diego
SHIP014348,ORD014348,Express,DHL,2026-05-08,3,Dallas
SHIP014349,ORD014349,Standard,DHL,2024-12-21,1,Springfield
SHIP014350,ORD014350,Standard,IndiaPost,2025-01-21,4,Grand Rapids
SHIP014351,ORD014351,Express,UPS,2025-09-19,8,Denver
SHIP014352,ORD014352,Standard,FedEx,2022-10-28,5,Allentown
SHIP014353,ORD014353,Same-Day,BlueDart,2023-10-06,7,Rochester
SHIP014355,ORD014355,Standard,DHL,2025-10-27,4,Augusta
SHIP014356,ORD014356,Express,DHL,2025-08-30,6,Boulder
SHIP014357,ORD014357,Standard,DHL,2025-07-20,4,Paterson
SHIP014358,ORD014358,Economy,FedEx,2025-07-17,8,Buffalo
SHIP014359,ORD014359,Standard,UPS,2025-07-28,5,San Diego
SHIP014361,ORD014361,Same-Day,FedEx,2026-07-01,4,Tucson
SHIP014363,ORD014363,Economy,BlueDart,2020-03-30,1,Bellevue
SHIP014365,ORD014365,Standard,IndiaPost,2024-10-06,1,Trenton
SHIP014367,ORD014367,Standard,UPS,2021-10-01,5,Syracuse
SHIP014368,ORD014368,Standard,IndiaPost,2022-10-27,1,Akron
SHIP014369,ORD014369,Standard,DHL,2025-12-20,4,Durham
SHIP014370,ORD014370,Standard,IndiaPost,2024-11-11,3,Paterson
SHIP014371,ORD014371,Standard,UPS,2024-11-23,8,Everett
SHIP014372,ORD014372,Express,UPS,2025-09-07,3,Cambridge
SHIP014373,ORD014373,Economy,IndiaPost,2024-11-24,9,Lowell
SHIP014374,ORD014374,Standard,BlueDart,2025-12-27,2,Denver
SHIP014375,ORD014375,Express,Delhivery,2022-07-18,3,Cincinnati
SHIP014376,ORD014376,Express,UPS,2024-04-19,8,Austin
SHIP014377,ORD014377,Standard,BlueDart,2026-05-20,7,Mesa
SHIP014378,ORD014378,Standard,IndiaPost,2026-02-21,6,San Francisco
SHIP014379,ORD014379,Standard,Delhivery,2024-01-15,4,Phoenix
SHIP014380,ORD014380,Express,DHL,2026-05-12,9,Rockford
SHIP014381,ORD014381,Standard,UPS,2026-03-12,6,Seattle
SHIP014382,ORD014382,Standard,FedEx,2023-04-08,8,Los Angeles
SHIP014383,ORD014383,Standard,UPS,2025-09-06,6,Miami
SHIP014384,ORD014384,Same-Day,DHL,2022-12-18,1,Chicago
SHIP014385,ORD014385,Standard,IndiaPost,2026-01-10,2,Rochester
SHIP014386,ORD014386,Standard,FedEx,2023-08-04,1,Augusta
SHIP014388,ORD014388,Express,BlueDart,2024-07-03,7,Erie
SHIP014389,ORD014389,Standard,UPS,2025-11-17,1,Tucson
SHIP014390,ORD014390,Standard,DHL,2025-12-01,4,Reading
SHIP014392,ORD014392,Standard,DHL,2026-02-01,2,Erie
SHIP014393,ORD014393,Standard,IndiaPost,2021-02-14,1,Lansing
SHIP014394,ORD014394,Express,IndiaPost,2023-03-22,1,Fort Collins
SHIP014395,ORD014395,Standard,UPS,2024-10-17,3,Toledo
SHIP014396,ORD014396,Standard,UPS,2026-07-05,7,Orlando
SHIP014397,ORD014397,Standard,Delhivery,2022-12-08,4,Tacoma
SHIP014398,ORD014398,Express,UPS,2025-03-05,4,Pittsburgh
SHIP014399,ORD014399,Same-Day,FedEx,2026-03-21,2,Dallas
SHIP014401,ORD014401,Same-Day,FedEx,2026-03-06,9,Tacoma
SHIP014402,ORD014402,Economy,DHL,2024-10-02,2,Pittsburgh
SHIP014403,ORD014403,Express,DHL,2024-01-07,5,Tampa
SHIP014404,ORD014404,Standard,BlueDart,2026-01-09,8,Sacramento
SHIP014405,ORD014405,Standard,FedEx,2021-01-24,6,San Diego
SHIP014406,ORD014406,Express,UPS,2025-12-20,7,Pittsburgh
SHIP014407,ORD014407,Same-Day,Delhivery,2026-01-14,6,Worcester
SHIP014409,ORD014409,Standard,IndiaPost,2023-10-08,4,Athens
SHIP014410,ORD014410,Express,UPS,2025-07-30,2,Athens
SHIP014411,ORD014411,Standard,IndiaPost,2025-04-27,3,San Francisco
SHIP014412,ORD014412,Express,DHL,2023-04-08,1,Naperville
SHIP014413,ORD014413,Express,FedEx,2026-06-19,5,Athens
SHIP014416,ORD014416,Standard,BlueDart,2024-03-07,3,Columbus
SHIP014417,ORD014417,Same-Day,DHL,2024-07-07,8,Denver
SHIP014418,ORD014418,Standard,DHL,2026-03-31,6,Buffalo
SHIP014419,ORD014419,Same-Day,BlueDart,2024-08-29,6,Atlanta
SHIP014420,ORD014420,Economy,FedEx,2026-05-12,2,Detroit
SHIP014421,ORD014421,Standard,UPS,2022-08-14,9,Colorado Springs
SHIP014422,ORD014422,Same-Day,Delhivery,2024-04-15,3,Durham
SHIP014423,ORD014423,Standard,BlueDart,2022-03-17,1,Mesa
SHIP014424,ORD014424,Standard,Delhivery,2020-04-22,5,Newark
SHIP014426,ORD014426,Same-Day,IndiaPost,2023-08-31,5,Fort Lauderdale
SHIP014427,ORD014427,Same-Day,UPS,2025-08-04,5,Macon
SHIP014428,ORD014428,Economy,BlueDart,2025-02-08,2,San Jose
SHIP014430,ORD014430,Standard,UPS,2026-07-27,7,Cincinnati
SHIP014431,ORD014431,Express,IndiaPost,2024-09-11,4,Syracuse
SHIP014432,ORD014432,Standard,BlueDart,2025-11-18,2,Boston
SHIP014433,ORD014433,Same-Day,BlueDart,2025-08-24,2,Aurora
SHIP014434,ORD014434,Express,FedEx,2020-11-07,6,Pittsburgh
SHIP014435,ORD014435,Standard,FedEx,2026-06-11,1,Tucson
SHIP014436,ORD014436,Economy,DHL,2025-07-03,3,Peoria
SHIP014437,ORD014437,Standard,IndiaPost,2024-04-21,8,Syracuse
SHIP014438,ORD014438,Express,DHL,2026-06-06,5,Worcester
SHIP014439,ORD014439,Standard,BlueDart,2025-09-06,9,Reading
SHIP014440,ORD014440,Standard,FedEx,2024-02-07,5,Tucson
SHIP014441,ORD014441,Express,FedEx,2023-12-29,4,Tacoma
SHIP014442,ORD014442,Standard,BlueDart,2023-12-08,9,Raleigh
SHIP014443,ORD014443,Express,Delhivery,2026-07-13,9,Rockford
SHIP014444,ORD014444,Standard,DHL,2024-02-23,5,Everett
SHIP014445,ORD014445,Express,FedEx,2025-01-10,3,Sacramento
SHIP014446,ORD014446,Standard,DHL,2026-07-26,7,Spokane
SHIP014447,ORD014447,Standard,UPS,2026-06-30,1,Macon
SHIP014448,ORD014448,Standard,IndiaPost,2025-06-10,8,Columbus
SHIP014449,ORD014449,Economy,DHL,2024-05-18,6,Savannah
SHIP014450,ORD014450,Same-Day,DHL,2026-01-19,2,Aurora
SHIP014451,ORD014451,Standard,UPS,2024-07-29,6,Pittsburgh
SHIP014452,ORD014452,Standard,DHL,2025-07-17,1,Colorado Springs
SHIP014453,ORD014453,Economy,Delhivery,2025-11-13,7,Elizabeth
SHIP014457,ORD014457,Express,UPS,2026-06-28,8,Trenton
SHIP014458,ORD014458,Standard,IndiaPost,2022-08-26,5,Rochester
SHIP014459,ORD014459,Standard,IndiaPost,2026-01-02,8,Buffalo
SHIP014460,ORD014460,Standard,FedEx,2024-11-27,1,Orlando
SHIP014461,ORD014461,Express,IndiaPost,2023-12-24,6,Seattle
SHIP014462,ORD014462,Standard,DHL,2026-06-05,8,Spokane
SHIP014468,ORD014468,Express,Delhivery,2025-10-09,6,Detroit
SHIP014469,ORD014469,Standard,IndiaPost,2026-06-05,7,Greensboro
SHIP014470,ORD014470,Express,IndiaPost,2026-05-28,1,Jersey City
SHIP014471,ORD014471,Standard,BlueDart,2026-07-09,9,Savannah
SHIP014472,ORD014472,Standard,FedEx,2023-04-10,7,Allentown
SHIP014473,ORD014473,Standard,FedEx,2025-09-19,6,Fort Worth
SHIP014474,ORD014474,Standard,DHL,2025-09-18,9,Tucson
SHIP014475,ORD014475,Standard,Delhivery,2023-07-26,6,Paterson
SHIP014476,ORD014476,Economy,FedEx,2025-07-18,6,Columbus
SHIP014477,ORD014477,Standard,Delhivery,2025-06-12,1,Everett
SHIP014478,ORD014478,Standard,BlueDart,2023-11-23,5,Springfield
SHIP014479,ORD014479,Same-Day,UPS,2026-05-30,7,Peoria
SHIP014480,ORD014480,Standard,FedEx,2024-07-07,4,New York City
SHIP014481,ORD014481,Express,FedEx,2023-11-29,4,Macon
SHIP014482,ORD014482,Economy,BlueDart,2023-12-11,4,Springfield
SHIP014484,ORD014484,Express,FedEx,2021-11-07,1,Rochester
SHIP014485,ORD014485,Standard,DHL,2020-12-17,8,Akron
SHIP014486,ORD014486,Express,IndiaPost,2022-07-20,8,Newark
SHIP014487,ORD014487,Express,DHL,2024-02-27,6,San Francisco
SHIP014489,ORD014489,Same-Day,Delhivery,2024-02-25,1,Boulder
SHIP014490,ORD014490,Same-Day,FedEx,2024-12-27,8,Tampa
SHIP014491,ORD014491,Same-Day,BlueDart,2024-06-05,5,Dallas
SHIP014492,ORD014492,Express,Delhivery,2026-01-20,7,Springfield
SHIP014493,ORD014493,Standard,FedEx,2026-06-24,3,Toledo
SHIP014494,ORD014494,Same-Day,Delhivery,2026-06-28,4,Rochester
SHIP014495,ORD014495,Express,IndiaPost,2023-07-01,4,Aurora
SHIP014496,ORD014496,Standard,Delhivery,2026-03-13,9,Pittsburgh
SHIP014497,ORD014497,Standard,UPS,2025-06-17,7,Peoria
SHIP014498,ORD014498,Same-Day,DHL,2024-12-11,6,Springfield
SHIP014499,ORD014499,Standard,FedEx,2025-07-12,4,Akron
SHIP014500,ORD014500,Same-Day,IndiaPost,2024-11-04,8,Sacramento
SHIP014501,ORD014501,Standard,IndiaPost,2026-02-27,9,Trenton
SHIP014502,ORD014502,Standard,BlueDart,2026-08-02,8,Cambridge
SHIP014503,ORD014503,Standard,IndiaPost,2023-06-26,8,Mesa
SHIP014504,ORD014504,Standard,DHL,2026-06-20,3,Buffalo
SHIP014505,ORD014505,Standard,FedEx,2026-04-27,5,Chicago
SHIP014506,ORD014506,Standard,BlueDart,2023-11-17,2,San Diego
SHIP014507,ORD014507,Standard,IndiaPost,2022-03-14,1,Philadelphia
SHIP014509,ORD014509,Economy,IndiaPost,2026-02-05,6,Columbus
SHIP014511,ORD014511,Express,UPS,2024-01-12,3,Syracuse
SHIP014512,ORD014512,Standard,DHL,2024-10-29,7,Lansing
SHIP014513,ORD014513,Express,Delhivery,2025-02-04,5,Miami
SHIP014515,ORD014515,Standard,FedEx,2026-03-30,8,San Jose
SHIP014517,ORD014517,Standard,UPS,2026-06-24,5,Spokane
SHIP014518,ORD014518,Standard,DHL,2025-06-29,3,Akron
SHIP014519,ORD014519,Standard,UPS,2023-05-06,4,Atlanta
SHIP014520,ORD014520,Standard,FedEx,2026-06-19,7,Trenton
SHIP014522,ORD014522,Standard,DHL,2022-11-22,3,Tampa
SHIP014524,ORD014524,Same-Day,DHL,2025-02-10,6,Jacksonville
SHIP014525,ORD014525,Standard,IndiaPost,2023-12-01,1,Scottsdale
SHIP014527,ORD014527,Standard,Delhivery,2025-05-04,1,Durham
SHIP014528,ORD014528,Same-Day,UPS,2026-01-09,1,Peoria
SHIP014529,ORD014529,Express,FedEx,2021-05-21,2,Boulder
SHIP014531,ORD014531,Standard,IndiaPost,2025-12-28,4,Augusta
SHIP014532,ORD014532,Standard,DHL,2025-07-07,2,Spokane
SHIP014533,ORD014533,Standard,Delhivery,2025-08-19,9,Los Angeles
SHIP014534,ORD014534,Standard,BlueDart,2026-01-08,8,Erie
SHIP014535,ORD014535,Express,BlueDart,2023-07-07,8,Athens
SHIP014536,ORD014536,Economy,Delhivery,2023-05-27,8,Charlotte
SHIP014537,ORD014537,Standard,Delhivery,2023-12-23,7,Macon
SHIP014538,ORD014538,Express,UPS,2023-01-06,8,Los Angeles
SHIP014539,ORD014539,Standard,FedEx,2024-07-29,3,Raleigh
SHIP014540,ORD014540,Standard,IndiaPost,2025-07-17,6,Savannah
SHIP014541,ORD014541,Standard,Delhivery,2026-06-23,2,Akron
SHIP014542,ORD014542,Same-Day,IndiaPost,2026-03-26,8,Boston
SHIP014545,ORD014545,Economy,IndiaPost,2026-05-30,6,Cambridge
SHIP014546,ORD014546,Express,BlueDart,2021-11-15,3,Springfield
SHIP014547,ORD014547,Standard,DHL,2025-07-03,6,Boulder
SHIP014548,ORD014548,Economy,DHL,2025-12-26,3,Everett
SHIP014549,ORD014549,Standard,Delhivery,2025-10-13,5,Atlanta
SHIP014550,ORD014550,Economy,IndiaPost,2021-12-30,7,Atlanta
SHIP014551,ORD014551,Same-Day,DHL,2021-09-24,9,Philadelphia
SHIP014552,ORD014552,Standard,UPS,2025-06-22,8,Winston-Salem
SHIP014553,ORD014553,Standard,Delhivery,2026-01-23,9,Savannah
SHIP014555,ORD014555,Standard,DHL,2023-09-15,2,Raleigh
SHIP014556,ORD014556,Standard,FedEx,2023-10-09,6,Seattle
SHIP014557,ORD014557,Express,BlueDart,2022-02-24,1,Springfield
SHIP014558,ORD014558,Express,Delhivery,2024-06-08,5,Chicago
SHIP014559,ORD014559,Standard,UPS,2025-11-20,4,Colorado Springs
SHIP014560,ORD014560,Economy,Delhivery,2024-06-16,7,Grand Rapids
SHIP014561,ORD014561,Express,FedEx,2024-07-04,2,Peoria
SHIP014562,ORD014562,Standard,BlueDart,2025-03-23,8,San Jose
SHIP014563,ORD014563,Express,IndiaPost,2025-11-22,5,Allentown
SHIP014564,ORD014564,Standard,UPS,2026-04-13,3,New York City
SHIP014565,ORD014565,Standard,FedEx,2026-07-03,9,Fort Lauderdale
SHIP014566,ORD014566,Standard,BlueDart,2023-07-30,7,Tucson
SHIP014567,ORD014567,Express,Delhivery,2026-03-02,2,Boulder
SHIP014568,ORD014568,Economy,BlueDart,2024-03-26,8,Bellevue
SHIP014569,ORD014569,Standard,FedEx,2026-01-19,7,Cleveland
SHIP014570,ORD014570,Express,FedEx,2025-11-14,3,Everett
SHIP014571,ORD014571,Express,BlueDart,2023-12-04,7,Dallas
SHIP014572,ORD014572,Express,DHL,2026-06-27,4,Reading
SHIP014573,ORD014573,Standard,Delhivery,2026-04-23,2,Erie
SHIP014575,ORD014575,Standard,BlueDart,2025-09-15,5,Fort Collins
SHIP014578,ORD014578,Economy,Delhivery,2025-01-07,7,Springfield
SHIP014579,ORD014579,Standard,FedEx,2025-05-20,7,Jersey City
SHIP014580,ORD014580,Economy,UPS,2026-06-05,9,Cambridge
SHIP014581,ORD014581,Economy,FedEx,2024-11-20,9,Fort Collins
SHIP014582,ORD014582,Standard,Delhivery,2025-09-02,9,Springfield
SHIP014583,ORD014583,Economy,IndiaPost,2026-06-08,9,Syracuse
SHIP014585,ORD014585,Standard,FedEx,2025-01-12,4,San Diego
SHIP014586,ORD014586,Standard,BlueDart,2024-04-23,5,Allentown
SHIP014587,ORD014587,Standard,DHL,2025-01-09,5,Jacksonville
SHIP014588,ORD014588,Standard,Delhivery,2026-06-12,7,Mesa
SHIP014590,ORD014590,Standard,IndiaPost,2025-09-11,4,Durham
SHIP014591,ORD014591,Standard,DHL,2023-03-07,5,Savannah
SHIP014592,ORD014592,Standard,IndiaPost,2026-05-11,5,Fort Worth
SHIP014593,ORD014593,Standard,DHL,2023-06-10,3,Philadelphia
SHIP014594,ORD014594,Standard,FedEx,2024-05-03,5,Tucson
SHIP014595,ORD014595,Express,BlueDart,2024-03-21,7,Naperville
SHIP014596,ORD014596,Standard,DHL,2023-11-03,9,Trenton
SHIP014597,ORD014597,Standard,IndiaPost,2025-01-27,4,Fort Collins
SHIP014598,ORD014598,Standard,UPS,2026-05-26,7,Philadelphia
SHIP014599,ORD014599,Economy,Delhivery,2024-07-29,1,Pittsburgh
SHIP014601,ORD014601,Same-Day,IndiaPost,2024-02-26,7,Mesa
SHIP014602,ORD014602,Same-Day,FedEx,2025-07-05,6,Trenton
SHIP014603,ORD014603,Economy,BlueDart,2024-04-08,3,Newark
SHIP014604,ORD014604,Economy,BlueDart,2026-03-02,7,Columbus
SHIP014605,ORD014605,Standard,BlueDart,2025-11-19,5,Aurora
SHIP014606,ORD014606,Standard,DHL,2023-11-30,6,Philadelphia
SHIP014607,ORD014607,Standard,DHL,2026-02-01,5,Albany
SHIP014609,ORD014609,Standard,IndiaPost,2025-02-10,8,Springfield
SHIP014610,ORD014610,Express,UPS,2026-05-31,2,Mesa
SHIP014612,ORD014612,Standard,Delhivery,2024-08-10,1,Greensboro
SHIP014613,ORD014613,Standard,FedEx,2022-04-21,3,Buffalo
SHIP014614,ORD014614,Same-Day,IndiaPost,2025-05-06,8,Syracuse
SHIP014617,ORD014617,Standard,IndiaPost,2024-12-18,7,San Antonio
SHIP014618,ORD014618,Economy,UPS,2023-03-15,9,Chicago
SHIP014619,ORD014619,Standard,BlueDart,2025-03-04,4,Denver
SHIP014620,ORD014620,Standard,IndiaPost,2022-05-14,3,Everett
SHIP014621,ORD014621,Standard,Delhivery,2025-01-14,4,Orlando
SHIP014622,ORD014622,Standard,DHL,2024-12-02,1,Tampa
SHIP014623,ORD014623,Express,Delhivery,2024-08-13,3,Fort Collins
SHIP014624,ORD014624,Standard,DHL,2025-07-12,8,Worcester
SHIP014625,ORD014625,Express,BlueDart,2025-12-31,7,Lansing
SHIP014626,ORD014626,Standard,IndiaPost,2026-01-07,4,Albany
SHIP014627,ORD014627,Economy,UPS,2024-07-08,9,Chandler
SHIP014628,ORD014628,Express,FedEx,2025-12-25,6,Fort Lauderdale
SHIP014629,ORD014629,Economy,UPS,2024-06-20,4,Colorado Springs
SHIP014631,ORD014631,Standard,FedEx,2026-05-01,9,Albany
SHIP014632,ORD014632,Standard,BlueDart,2026-03-18,8,Jersey City
SHIP014635,ORD014635,Express,BlueDart,2022-04-17,4,Los Angeles
SHIP014636,ORD014636,Standard,UPS,2025-11-20,7,Cincinnati
SHIP014638,ORD014638,Express,Delhivery,2026-03-09,4,Tucson
SHIP014639,ORD014639,Standard,BlueDart,2021-06-18,3,Fort Lauderdale
SHIP014640,ORD014640,Standard,UPS,2026-03-30,7,Lansing
SHIP014643,ORD014643,Standard,DHL,2022-03-28,2,Durham
SHIP014644,ORD014644,Standard,FedEx,2023-02-15,8,Worcester
SHIP014647,ORD014647,Standard,Delhivery,2025-05-30,5,Aurora
SHIP014648,ORD014648,Economy,BlueDart,2025-07-21,5,Colorado Springs
SHIP014649,ORD014649,Standard,FedEx,2022-10-05,3,Paterson
SHIP014650,ORD014650,Standard,UPS,2025-10-12,4,Seattle
SHIP014651,ORD014651,Standard,BlueDart,2025-12-25,7,San Francisco
SHIP014652,ORD014652,Standard,Delhivery,2026-03-02,1,Greensboro
SHIP014653,ORD014653,Standard,IndiaPost,2026-07-11,1,Bellevue
SHIP014654,ORD014654,Express,BlueDart,2024-08-17,2,Austin
SHIP014655,ORD014655,Standard,BlueDart,2025-01-30,4,Syracuse
SHIP014657,ORD014657,Same-Day,FedEx,2024-01-31,2,Los Angeles
SHIP014658,ORD014658,Standard,DHL,2024-06-07,8,Newark
SHIP014659,ORD014659,Standard,FedEx,2026-07-18,4,Atlanta
SHIP014660,ORD014660,Economy,BlueDart,2024-02-23,9,Orlando
SHIP014661,ORD014661,Express,BlueDart,2024-12-03,7,Orlando
SHIP014662,ORD014662,Economy,FedEx,2022-04-17,7,Worcester
SHIP014663,ORD014663,Standard,DHL,2025-03-19,3,Fort Lauderdale
SHIP014664,ORD014664,Economy,FedEx,2024-03-24,6,Durham
SHIP014665,ORD014665,Express,FedEx,2026-01-20,5,Sacramento
SHIP014666,ORD014666,Express,FedEx,2024-11-11,9,Buffalo
SHIP014668,ORD014668,Express,FedEx,2025-11-01,4,Atlanta
SHIP014670,ORD014670,Express,Delhivery,2021-06-06,3,Jacksonville
SHIP014671,ORD014671,Standard,DHL,2020-06-20,5,Bellevue
SHIP014672,ORD014672,Express,IndiaPost,2023-12-15,7,Bellevue
SHIP014673,ORD014673,Standard,BlueDart,2026-06-20,2,Boulder
SHIP014674,ORD014674,Same-Day,Delhivery,2026-07-10,3,Columbus
SHIP014675,ORD014675,Standard,FedEx,2025-10-05,5,Colorado Springs
SHIP014676,ORD014676,Same-Day,Delhivery,2025-03-19,7,Athens
SHIP014677,ORD014677,Express,BlueDart,2026-01-18,7,Akron
SHIP014679,ORD014679,Standard,Delhivery,2022-04-03,7,Buffalo
SHIP014680,ORD014680,Standard,IndiaPost,2025-11-19,2,Los Angeles
SHIP014681,ORD014681,Standard,DHL,2026-07-11,3,Greensboro
SHIP014683,ORD014683,Same-Day,DHL,2025-01-17,9,Chandler
SHIP014684,ORD014684,Standard,Delhivery,2026-05-20,1,Jacksonville
SHIP014685,ORD014685,Standard,Delhivery,2025-09-05,4,Reading
SHIP014686,ORD014686,Express,IndiaPost,2025-04-26,3,Reading
SHIP014687,ORD014687,Standard,DHL,2025-12-25,3,Denver
SHIP014688,ORD014688,Standard,Delhivery,2025-07-16,9,Toledo
SHIP014689,ORD014689,Express,UPS,2022-08-13,7,Orlando
SHIP014690,ORD014690,Same-Day,Delhivery,2026-01-18,9,Macon
SHIP014691,ORD014691,Standard,BlueDart,2025-03-29,7,Macon
SHIP014692,ORD014692,Express,DHL,2022-12-25,4,Jersey City
SHIP014693,ORD014693,Same-Day,DHL,2025-09-19,4,Tucson
SHIP014694,ORD014694,Express,DHL,2023-05-08,8,Dallas
SHIP014695,ORD014695,Express,DHL,2024-07-17,8,Raleigh
SHIP014696,ORD014696,Standard,FedEx,2024-07-02,3,Detroit
SHIP014697,ORD014697,Economy,UPS,2026-04-08,1,Detroit
SHIP014698,ORD014698,Same-Day,UPS,2022-11-08,7,Allentown
SHIP014699,ORD014699,Standard,DHL,2024-07-08,3,Fort Worth
SHIP014700,ORD014700,Standard,BlueDart,2026-03-23,6,Cleveland
SHIP014701,ORD014701,Standard,Delhivery,2022-10-14,5,San Antonio
SHIP014702,ORD014702,Standard,BlueDart,2024-02-10,5,Reading
SHIP014704,ORD014704,Standard,FedEx,2024-03-13,7,San Jose
SHIP014705,ORD014705,Economy,IndiaPost,2024-12-05,3,Toledo
SHIP014706,ORD014706,Same-Day,UPS,2023-10-06,6,San Antonio
SHIP014707,ORD014707,Same-Day,FedEx,2026-03-28,5,Peoria
SHIP014708,ORD014708,Express,BlueDart,2024-06-08,8,Pittsburgh
SHIP014709,ORD014709,Economy,BlueDart,2023-04-10,5,Syracuse
SHIP014710,ORD014710,Economy,Delhivery,2024-02-04,6,Peoria
SHIP014711,ORD014711,Standard,IndiaPost,2026-06-30,5,Elizabeth
SHIP014712,ORD014712,Express,FedEx,2024-06-29,7,Reading
SHIP014714,ORD014714,Standard,Delhivery,2025-09-02,4,Raleigh
SHIP014715,ORD014715,Express,Delhivery,2026-06-05,9,Austin
SHIP014716,ORD014716,Standard,IndiaPost,2023-02-13,2,Durham
SHIP014717,ORD014717,Standard,BlueDart,2025-12-04,7,Miami
SHIP014718,ORD014718,Economy,UPS,2026-07-06,3,Toledo
SHIP014719,ORD014719,Economy,IndiaPost,2026-06-07,6,Reading
SHIP014720,ORD014720,Standard,IndiaPost,2026-05-07,6,Colorado Springs
SHIP014722,ORD014722,Standard,BlueDart,2025-03-22,5,Everett
SHIP014723,ORD014723,Express,BlueDart,2026-05-26,7,Sacramento
SHIP014724,ORD014724,Standard,BlueDart,2025-08-11,9,Fort Collins
SHIP014725,ORD014725,Standard,UPS,2022-08-02,8,Springfield
SHIP014726,ORD014726,Same-Day,IndiaPost,2024-01-12,4,Rochester
SHIP014727,ORD014727,Standard,DHL,2026-03-14,2,Jersey City
SHIP014728,ORD014728,Economy,DHL,2026-01-22,6,Savannah
SHIP014729,ORD014729,Standard,DHL,2026-06-15,6,Boulder
SHIP014731,ORD014731,Standard,DHL,2026-02-04,8,Rockford
SHIP014732,ORD014732,Standard,UPS,2023-10-19,7,Lowell
SHIP014733,ORD014733,Standard,UPS,2025-08-23,8,Spokane
SHIP014734,ORD014734,Same-Day,DHL,2025-11-15,3,Boston
SHIP014736,ORD014736,Express,DHL,2026-01-06,8,Macon
SHIP014738,ORD014738,Standard,BlueDart,2023-08-16,6,Durham
SHIP014740,ORD014740,Standard,Delhivery,2026-05-10,1,Seattle
SHIP014741,ORD014741,Standard,IndiaPost,2026-06-14,2,Toledo
SHIP014742,ORD014742,Economy,BlueDart,2023-10-22,6,Flint
SHIP014743,ORD014743,Standard,DHL,2022-08-27,4,Everett
SHIP014744,ORD014744,Same-Day,Delhivery,2024-10-11,5,Savannah
SHIP014745,ORD014745,Express,DHL,2026-01-12,6,Aurora
SHIP014747,ORD014747,Express,BlueDart,2025-07-19,6,Jacksonville
SHIP014748,ORD014748,Same-Day,UPS,2024-04-22,1,Chandler
SHIP014749,ORD014749,Standard,DHL,2022-09-27,5,Allentown
SHIP014750,ORD014750,Express,UPS,2025-12-11,2,San Jose
SHIP014752,ORD014752,Express,Delhivery,2025-02-13,5,Miami
SHIP014753,ORD014753,Standard,Delhivery,2022-04-26,5,Phoenix
SHIP014754,ORD014754,Standard,UPS,2021-07-12,9,Jacksonville
SHIP014756,ORD014756,Standard,Delhivery,2026-07-03,9,Rockford
SHIP014757,ORD014757,Standard,IndiaPost,2025-08-01,9,Rochester
SHIP014758,ORD014758,Express,UPS,2026-06-30,5,Tacoma
SHIP014759,ORD014759,Standard,FedEx,2021-12-09,3,Paterson
SHIP014760,ORD014760,Standard,Delhivery,2023-10-23,1,Chandler
SHIP014762,ORD014762,Standard,IndiaPost,2024-06-03,2,Lansing
SHIP014763,ORD014763,Standard,UPS,2025-01-27,2,Austin
SHIP014764,ORD014764,Standard,FedEx,2025-01-18,9,Augusta
SHIP014766,ORD014766,Express,UPS,2025-11-26,2,Aurora
SHIP014768,ORD014768,Same-Day,FedEx,2023-03-10,4,Syracuse
SHIP014769,ORD014769,Economy,FedEx,2023-01-08,6,Macon
SHIP014770,ORD014770,Standard,IndiaPost,2024-11-21,1,Macon
SHIP014771,ORD014771,Standard,Delhivery,2022-12-26,6,Peoria
SHIP014772,ORD014772,Standard,UPS,2025-07-06,2,Cleveland
SHIP014774,ORD014774,Express,DHL,2021-08-30,7,Jacksonville
SHIP014775,ORD014775,Standard,UPS,2022-12-12,2,Phoenix
SHIP014776,ORD014776,Standard,IndiaPost,2020-12-10,1,Flint
SHIP014777,ORD014777,Economy,DHL,2025-12-09,1,Dallas
SHIP014778,ORD014778,Standard,Delhivery,2026-06-05,7,Tacoma
SHIP014779,ORD014779,Standard,IndiaPost,2022-06-05,3,Los Angeles
SHIP014780,ORD014780,Standard,FedEx,2022-08-19,4,Scottsdale
SHIP014781,ORD014781,Express,Delhivery,2026-03-27,2,Trenton
SHIP014782,ORD014782,Economy,UPS,2025-02-02,1,Allentown
SHIP014783,ORD014783,Express,FedEx,2024-08-05,5,Trenton
SHIP014784,ORD014784,Standard,UPS,2025-02-04,4,Reading
SHIP014785,ORD014785,Standard,BlueDart,2026-06-13,2,Durham
SHIP014786,ORD014786,Standard,UPS,2026-02-19,2,Tampa
SHIP014787,ORD014787,Economy,IndiaPost,2024-12-14,9,Colorado Springs
SHIP014788,ORD014788,Economy,IndiaPost,2026-01-17,7,Fort Worth
SHIP014789,ORD014789,Standard,BlueDart,2024-11-24,9,Flint
SHIP014790,ORD014790,Same-Day,Delhivery,2022-03-17,3,Paterson
SHIP014793,ORD014793,Standard,DHL,2025-06-14,2,San Diego
SHIP014794,ORD014794,Standard,IndiaPost,2025-12-29,1,Rochester
SHIP014795,ORD014795,Standard,DHL,2025-07-26,3,Allentown
SHIP014796,ORD014796,Same-Day,IndiaPost,2026-04-11,6,Worcester
SHIP014797,ORD014797,Standard,DHL,2026-02-13,3,Dallas
SHIP014799,ORD014799,Standard,BlueDart,2024-08-12,9,Mesa
SHIP014800,ORD014800,Standard,UPS,2025-08-17,3,Elizabeth
SHIP014801,ORD014801,Standard,IndiaPost,2023-04-27,8,Buffalo
SHIP014802,ORD014802,Same-Day,BlueDart,2025-02-25,3,Miami
SHIP014803,ORD014803,Express,FedEx,2022-07-31,5,Ann Arbor
SHIP014804,ORD014804,Standard,FedEx,2026-03-16,5,Lansing
SHIP014805,ORD014805,Standard,UPS,2025-11-26,1,Miami
SHIP014806,ORD014806,Standard,IndiaPost,2026-03-24,2,Phoenix
SHIP014807,ORD014807,Standard,Delhivery,2022-07-04,8,Rochester
SHIP014808,ORD014808,Economy,IndiaPost,2024-09-09,6,Dallas
SHIP014809,ORD014809,Standard,UPS,2025-01-14,7,Durham
SHIP014811,ORD014811,Same-Day,FedEx,2026-07-18,5,Peoria
SHIP014812,ORD014812,Standard,UPS,2024-10-11,7,Jersey City
SHIP014814,ORD014814,Economy,IndiaPost,2025-04-10,3,San Jose
SHIP014815,ORD014815,Express,IndiaPost,2026-07-15,4,San Jose
SHIP014816,ORD014816,Standard,IndiaPost,2025-06-30,8,Jacksonville
SHIP014817,ORD014817,Standard,Delhivery,2026-07-27,3,Colorado Springs
SHIP014818,ORD014818,Standard,UPS,2025-02-17,1,Columbus
SHIP014819,ORD014819,Express,Delhivery,2023-10-26,9,Elizabeth
SHIP014820,ORD014820,Economy,BlueDart,2026-07-11,4,Detroit
SHIP014821,ORD014821,Express,DHL,2025-12-12,6,Newark
SHIP014822,ORD014822,Economy,BlueDart,2021-06-10,5,Peoria
SHIP014824,ORD014824,Economy,Delhivery,2026-07-24,8,Chicago
SHIP014825,ORD014825,Standard,Delhivery,2025-07-30,6,Savannah
SHIP014826,ORD014826,Standard,FedEx,2025-04-18,1,Albany
SHIP014827,ORD014827,Standard,UPS,2024-09-12,6,Elizabeth
SHIP014828,ORD014828,Standard,Delhivery,2024-09-23,2,Syracuse
SHIP014829,ORD014829,Standard,Delhivery,2021-09-05,1,Buffalo
SHIP014830,ORD014830,Standard,Delhivery,2025-04-02,8,Tucson
SHIP014831,ORD014831,Same-Day,FedEx,2026-05-02,7,Fort Lauderdale
SHIP014832,ORD014832,Express,UPS,2022-04-14,1,Springfield
SHIP014833,ORD014833,Standard,IndiaPost,2026-03-20,8,Jacksonville
SHIP014835,ORD014835,Same-Day,UPS,2023-06-17,8,Lowell
SHIP014836,ORD014836,Standard,Delhivery,2022-03-19,2,Fort Collins
SHIP014838,ORD014838,Standard,Delhivery,2025-10-30,5,Flint
SHIP014839,ORD014839,Same-Day,IndiaPost,2021-07-29,3,Fort Worth
SHIP014840,ORD014840,Standard,Delhivery,2022-09-21,3,Greensboro
SHIP014842,ORD014842,Economy,FedEx,2025-04-13,9,Toledo
SHIP014843,ORD014843,Express,UPS,2022-03-20,2,Atlanta
SHIP014844,ORD014844,Express,DHL,2025-05-16,9,Lansing
SHIP014845,ORD014845,Standard,UPS,2026-06-05,3,Chicago
SHIP014846,ORD014846,Standard,UPS,2025-08-22,4,Fort Lauderdale
SHIP014847,ORD014847,Express,DHL,2025-03-20,1,Fort Collins
SHIP014848,ORD014848,Standard,UPS,2022-08-27,3,Tacoma
SHIP014850,ORD014850,Express,Delhivery,2024-10-18,8,Columbus
SHIP014851,ORD014851,Standard,Delhivery,2025-10-27,9,Cincinnati
SHIP014853,ORD014853,Standard,DHL,2025-07-10,1,San Diego
SHIP014854,ORD014854,Same-Day,UPS,2024-09-22,5,Atlanta
SHIP014855,ORD014855,Standard,IndiaPost,2026-01-03,6,Worcester
SHIP014856,ORD014856,Same-Day,IndiaPost,2026-04-21,4,Everett
SHIP014858,ORD014858,Standard,FedEx,2026-06-03,8,Seattle
SHIP014859,ORD014859,Standard,BlueDart,2026-04-17,8,Cincinnati
SHIP014861,ORD014861,Standard,FedEx,2025-10-02,7,Chandler
SHIP014862,ORD014862,Standard,Delhivery,2025-12-31,1,Trenton
SHIP014863,ORD014863,Express,DHL,2024-12-29,2,Lowell
SHIP014864,ORD014864,Standard,IndiaPost,2026-06-27,9,Colorado Springs
SHIP014865,ORD014865,Express,IndiaPost,2024-11-15,4,San Antonio
SHIP014866,ORD014866,Express,BlueDart,2022-04-15,4,Rochester
SHIP014867,ORD014867,Same-Day,Delhivery,2025-08-31,3,Denver
SHIP014868,ORD014868,Standard,Delhivery,2024-10-21,2,Toledo
SHIP014869,ORD014869,Express,BlueDart,2024-09-03,3,Naperville
SHIP014870,ORD014870,Standard,UPS,2025-08-10,8,Augusta
SHIP014871,ORD014871,Economy,IndiaPost,2024-07-25,8,Allentown
SHIP014872,ORD014872,Express,DHL,2023-09-24,1,Cleveland
SHIP014873,ORD014873,Standard,DHL,2024-12-26,8,Fort Lauderdale
SHIP014874,ORD014874,Standard,UPS,2025-07-18,5,Phoenix
SHIP014875,ORD014875,Standard,FedEx,2025-01-25,6,San Francisco
SHIP014876,ORD014876,Standard,FedEx,2026-06-29,7,Fort Worth
SHIP014878,ORD014878,Standard,IndiaPost,2025-03-22,2,Rockford
SHIP014880,ORD014880,Same-Day,Delhivery,2022-11-24,5,Phoenix
SHIP014881,ORD014881,Standard,DHL,2025-08-25,3,Detroit
SHIP014882,ORD014882,Standard,BlueDart,2026-02-21,4,San Diego
SHIP014883,ORD014883,Standard,IndiaPost,2022-02-25,2,Atlanta
SHIP014884,ORD014884,Standard,IndiaPost,2025-01-08,7,Fort Lauderdale
SHIP014885,ORD014885,Standard,Delhivery,2024-03-20,4,San Francisco
SHIP014886,ORD014886,Standard,UPS,2024-01-24,4,Winston-Salem
SHIP014887,ORD014887,Standard,Delhivery,2023-10-02,7,Albany
SHIP014888,ORD014888,Standard,DHL,2026-04-30,6,Chandler
SHIP014889,ORD014889,Standard,FedEx,2026-06-18,1,Fort Worth
SHIP014891,ORD014891,Same-Day,BlueDart,2023-03-06,7,Ann Arbor
SHIP014892,ORD014892,Express,BlueDart,2025-02-24,3,Cincinnati
SHIP014893,ORD014893,Standard,FedEx,2023-11-30,3,Toledo
SHIP014894,ORD014894,Standard,IndiaPost,2025-04-16,4,Fort Lauderdale
SHIP014895,ORD014895,Standard,DHL,2023-07-31,2,Trenton
SHIP014896,ORD014896,Same-Day,BlueDart,2022-11-26,1,Mesa
SHIP014897,ORD014897,Express,DHL,2026-02-26,6,Jacksonville
SHIP014898,ORD014898,Same-Day,BlueDart,2025-03-10,8,Rochester
SHIP014899,ORD014899,Standard,FedEx,2024-07-17,6,Columbus
SHIP014900,ORD014900,Standard,DHL,2024-09-16,4,Fort Collins
SHIP014901,ORD014901,Same-Day,UPS,2025-07-17,9,Durham
SHIP014902,ORD014902,Standard,DHL,2026-04-24,3,Reading
SHIP014903,ORD014903,Standard,UPS,2024-12-14,7,Syracuse
SHIP014904,ORD014904,Standard,Delhivery,2025-10-27,9,Greensboro
SHIP014905,ORD014905,Same-Day,FedEx,2025-03-05,4,Buffalo
SHIP014907,ORD014907,Express,FedEx,2026-03-08,3,San Antonio
SHIP014908,ORD014908,Standard,DHL,2025-02-28,7,Lansing
SHIP014909,ORD014909,Express,FedEx,2021-11-15,9,Columbus
SHIP014910,ORD014910,Standard,BlueDart,2026-07-22,2,Tacoma
SHIP014911,ORD014911,Standard,UPS,2026-06-27,9,Durham
SHIP014912,ORD014912,Standard,Delhivery,2023-03-21,4,Lansing
SHIP014914,ORD014914,Standard,DHL,2024-05-28,3,Charlotte
SHIP014915,ORD014915,Economy,FedEx,2026-03-14,9,Aurora
SHIP014916,ORD014916,Standard,BlueDart,2023-02-19,9,Augusta
SHIP014918,ORD014918,Same-Day,DHL,2025-09-14,3,Allentown
SHIP014919,ORD014919,Express,Delhivery,2025-02-10,8,Seattle
SHIP014920,ORD014920,Standard,BlueDart,2025-10-12,6,Miami
SHIP014921,ORD014921,Standard,FedEx,2025-01-01,2,Boulder
SHIP014923,ORD014923,Standard,IndiaPost,2020-07-15,2,Mesa
SHIP014924,ORD014924,Standard,Delhivery,2026-03-03,5,Spokane
SHIP014925,ORD014925,Standard,IndiaPost,2026-04-01,8,New York City
SHIP014926,ORD014926,Express,UPS,2022-05-23,5,Atlanta
SHIP014927,ORD014927,Economy,IndiaPost,2024-12-19,4,Cambridge
SHIP014928,ORD014928,Standard,UPS,2024-08-11,2,Lansing
SHIP014929,ORD014929,Express,IndiaPost,2024-10-03,6,Tampa
SHIP014931,ORD014931,Standard,Delhivery,2023-03-17,7,Cleveland
SHIP014932,ORD014932,Economy,IndiaPost,2022-05-01,5,Dallas
SHIP014933,ORD014933,Standard,DHL,2023-10-31,2,San Jose
SHIP014934,ORD014934,Standard,FedEx,2021-10-12,7,Allentown
SHIP014935,ORD014935,Express,FedEx,2026-04-23,9,Orlando
SHIP014936,ORD014936,Same-Day,UPS,2025-02-20,2,Flint
SHIP014937,ORD014937,Express,IndiaPost,2026-04-16,2,Allentown
SHIP014938,ORD014938,Economy,Delhivery,2026-03-11,8,Cambridge
SHIP014939,ORD014939,Standard,Delhivery,2021-12-09,3,Colorado Springs
SHIP014940,ORD014940,Same-Day,FedEx,2024-03-05,5,Rochester
SHIP014941,ORD014941,Standard,DHL,2023-04-16,6,Fort Worth
SHIP014942,ORD014942,Standard,UPS,2025-07-03,3,Athens
SHIP014943,ORD014943,Standard,UPS,2026-07-02,1,Houston
SHIP014944,ORD014944,Standard,DHL,2023-05-23,5,Erie
SHIP014945,ORD014945,Standard,UPS,2026-04-11,6,Rockford
SHIP014946,ORD014946,Economy,UPS,2021-02-04,3,Mesa
SHIP014947,ORD014947,Standard,BlueDart,2026-06-02,5,Los Angeles
SHIP014949,ORD014949,Express,IndiaPost,2026-03-16,3,Buffalo
SHIP014950,ORD014950,Economy,Delhivery,2025-06-10,8,Fort Lauderdale
SHIP014951,ORD014951,Standard,DHL,2021-10-17,8,Trenton
SHIP014952,ORD014952,Express,BlueDart,2026-06-11,4,Chicago
SHIP014954,ORD014954,Express,IndiaPost,2024-11-02,3,Macon
SHIP014955,ORD014955,Standard,DHL,2023-09-20,8,Boston
SHIP014956,ORD014956,Economy,DHL,2025-09-29,9,Colorado Springs
SHIP014957,ORD014957,Standard,Delhivery,2022-04-26,4,Boston
SHIP014958,ORD014958,Same-Day,Delhivery,2025-10-16,6,Cambridge
SHIP014959,ORD014959,Express,UPS,2026-07-15,4,Pittsburgh
SHIP014960,ORD014960,Standard,IndiaPost,2026-05-06,9,Boulder
SHIP014961,ORD014961,Economy,BlueDart,2025-01-14,7,Denver
SHIP014962,ORD014962,Same-Day,FedEx,2024-01-30,4,Charlotte
SHIP014963,ORD014963,Standard,UPS,2022-03-12,4,Philadelphia
SHIP014964,ORD014964,Standard,BlueDart,2021-12-01,6,Peoria
SHIP014965,ORD014965,Standard,BlueDart,2026-05-05,1,Springfield
SHIP014966,ORD014966,Standard,UPS,2026-02-04,9,Springfield
SHIP014967,ORD014967,Standard,IndiaPost,2026-07-08,8,Cincinnati
SHIP014969,ORD014969,Standard,UPS,2022-01-23,4,Cincinnati
SHIP014970,ORD014970,Express,Delhivery,2026-03-09,6,San Francisco
SHIP014971,ORD014971,Standard,IndiaPost,2026-08-06,8,San Jose
SHIP014973,ORD014973,Standard,DHL,2023-05-18,5,San Diego
SHIP014974,ORD014974,Express,DHL,2025-10-26,4,Boston
SHIP014975,ORD014975,Standard,DHL,2022-02-26,9,Durham
SHIP014977,ORD014977,Standard,UPS,2021-12-11,2,Pittsburgh
SHIP014978,ORD014978,Standard,FedEx,2024-06-17,1,Fort Worth
SHIP014979,ORD014979,Economy,IndiaPost,2025-01-25,1,San Antonio
SHIP014980,ORD014980,Express,FedEx,2026-07-03,5,Worcester
SHIP014981,ORD014981,Economy,FedEx,2025-12-16,4,Macon
SHIP014982,ORD014982,Economy,Delhivery,2026-01-18,3,Peoria
SHIP014983,ORD014983,Express,FedEx,2025-05-03,5,Detroit
SHIP014984,ORD014984,Standard,BlueDart,2026-07-04,7,Tacoma
SHIP014985,ORD014985,Economy,Delhivery,2025-12-31,8,Cleveland
SHIP014986,ORD014986,Standard,Delhivery,2023-07-09,2,Fort Lauderdale
SHIP014987,ORD014987,Economy,DHL,2023-10-18,9,Houston
SHIP014989,ORD014989,Standard,UPS,2022-05-03,4,Aurora
SHIP014990,ORD014990,Express,DHL,2023-03-11,7,Allentown
SHIP014991,ORD014991,Same-Day,BlueDart,2020-04-03,3,Rochester
SHIP014993,ORD014993,Economy,BlueDart,2024-12-22,4,Colorado Springs
SHIP014994,ORD014994,Standard,Delhivery,2024-08-26,7,Scottsdale
SHIP014996,ORD014996,Standard,BlueDart,2020-05-09,5,Grand Rapids
SHIP014997,ORD014997,Standard,FedEx,2024-12-12,2,Savannah
SHIP014998,ORD014998,Standard,FedEx,2026-05-07,9,Rochester
SHIP014999,ORD014999,Standard,UPS,2025-07-07,4,Augusta
SHIP015000,ORD015000,Same-Day,Delhivery,2023-05-04,5,Chandler
SHIP015001,ORD015001,Standard,DHL,2022-08-17,5,Reading
SHIP015002,ORD015002,Standard,BlueDart,2024-01-09,4,Savannah
SHIP015003,ORD015003,Standard,BlueDart,2019-09-05,4,Albany
SHIP015005,ORD015005,Express,BlueDart,2022-10-24,1,Columbus
SHIP015008,ORD015008,Express,Delhivery,2023-11-18,8,Augusta
SHIP015009,ORD015009,Express,Delhivery,2024-01-25,9,Colorado Springs
SHIP015011,ORD015011,Standard,UPS,2026-05-19,3,Mesa
SHIP015013,ORD015013,Economy,DHL,2026-03-14,2,San Jose
SHIP015015,ORD015015,Same-Day,DHL,2023-11-26,6,New York City
SHIP015016,ORD015016,Same-Day,Delhivery,2023-08-12,9,Jacksonville
SHIP015017,ORD015017,Express,UPS,2021-03-11,7,Fort Lauderdale
SHIP015018,ORD015018,Express,BlueDart,2025-12-11,4,Seattle
SHIP015019,ORD015019,Standard,IndiaPost,2024-12-06,9,Cambridge
SHIP015020,ORD015020,Express,DHL,2026-02-04,3,Lowell
SHIP015021,ORD015021,Standard,BlueDart,2025-08-10,8,New York City
SHIP015022,ORD015022,Standard,DHL,2026-05-11,3,Springfield
SHIP015024,ORD015024,Standard,Delhivery,2026-01-18,5,Boston
SHIP015025,ORD015025,Standard,IndiaPost,2025-03-01,5,Reading
SHIP015026,ORD015026,Standard,FedEx,2024-12-17,2,Austin
SHIP015027,ORD015027,Standard,FedEx,2025-01-30,5,Boulder
SHIP015028,ORD015028,Express,DHL,2026-05-12,2,Chicago
SHIP015029,ORD015029,Standard,UPS,2026-07-15,2,Reading
SHIP015030,ORD015030,Same-Day,BlueDart,2026-03-21,3,Flint
SHIP015031,ORD015031,Express,DHL,2026-07-13,8,Charlotte
SHIP015032,ORD015032,Same-Day,DHL,2026-05-06,8,Fort Collins
SHIP015033,ORD015033,Standard,FedEx,2026-03-04,9,Lowell
SHIP015034,ORD015034,Standard,IndiaPost,2024-12-19,2,Los Angeles
SHIP015036,ORD015036,Standard,UPS,2022-10-20,6,Charlotte
SHIP015037,ORD015037,Express,FedEx,2024-09-28,4,Fort Collins
SHIP015038,ORD015038,Standard,BlueDart,2021-08-08,4,Fort Collins
SHIP015039,ORD015039,Standard,BlueDart,2021-08-10,8,Cleveland
SHIP015040,ORD015040,Same-Day,DHL,2025-09-27,4,Orlando
SHIP015041,ORD015041,Standard,DHL,2022-12-03,9,Seattle
SHIP015042,ORD015042,Same-Day,IndiaPost,2025-07-23,6,Springfield
SHIP015043,ORD015043,Standard,FedEx,2026-08-05,6,Tacoma
SHIP015044,ORD015044,Same-Day,IndiaPost,2023-12-31,2,Worcester
SHIP015045,ORD015045,Same-Day,DHL,2024-12-31,6,Chicago
SHIP015046,ORD015046,Standard,UPS,2024-01-23,9,Toledo
SHIP015047,ORD015047,Standard,Delhivery,2024-11-04,4,Jersey City
SHIP015049,ORD015049,Standard,Delhivery,2023-12-26,6,Greensboro
SHIP015050,ORD015050,Standard,BlueDart,2025-11-01,3,Aurora
SHIP015051,ORD015051,Same-Day,Delhivery,2020-09-04,4,Winston-Salem
SHIP015052,ORD015052,Express,Delhivery,2023-08-31,1,Erie
SHIP015055,ORD015055,Standard,UPS,2025-04-11,5,Peoria
SHIP015056,ORD015056,Express,IndiaPost,2025-05-17,4,Sacramento
SHIP015057,ORD015057,Standard,UPS,2024-01-27,7,Tampa
SHIP015058,ORD015058,Standard,BlueDart,2025-11-04,1,Raleigh
SHIP015060,ORD015060,Standard,Delhivery,2025-02-16,7,Fort Lauderdale
SHIP015061,ORD015061,Same-Day,IndiaPost,2026-02-06,8,Columbus
SHIP015062,ORD015062,Standard,Delhivery,2026-06-15,9,Toledo
SHIP015064,ORD015064,Express,DHL,2025-09-08,5,Newark
SHIP015065,ORD015065,Same-Day,IndiaPost,2026-07-25,7,Augusta
SHIP015066,ORD015066,Economy,IndiaPost,2026-02-18,8,Aurora
SHIP015067,ORD015067,Standard,Delhivery,2025-11-30,3,San Jose
SHIP015068,ORD015068,Standard,BlueDart,2025-01-21,8,Athens
SHIP015069,ORD015069,Express,UPS,2021-07-25,6,San Antonio
SHIP015070,ORD015070,Same-Day,Delhivery,2024-08-12,1,Rochester
SHIP015071,ORD015071,Economy,BlueDart,2024-10-29,2,Denver
SHIP015072,ORD015072,Economy,DHL,2025-10-17,4,Tampa
SHIP015073,ORD015073,Standard,BlueDart,2023-12-04,1,Charlotte
SHIP015074,ORD015074,Standard,DHL,2023-04-24,9,Fort Collins
SHIP015075,ORD015075,Standard,IndiaPost,2025-05-31,3,Buffalo
SHIP015076,ORD015076,Express,BlueDart,2026-04-30,1,Newark
SHIP015077,ORD015077,Same-Day,UPS,2026-01-30,2,Paterson
SHIP015078,ORD015078,Standard,BlueDart,2025-07-24,2,Winston-Salem
SHIP015079,ORD015079,Same-Day,UPS,2026-05-11,8,Bellevue
SHIP015081,ORD015081,Standard,Delhivery,2026-07-17,7,Cambridge
SHIP015083,ORD015083,Express,DHL,2024-06-07,5,Columbus
SHIP015084,ORD015084,Standard,Delhivery,2024-06-18,8,Detroit
SHIP015085,ORD015085,Standard,BlueDart,2026-04-25,7,Charlotte
SHIP015086,ORD015086,Express,Delhivery,2026-05-16,1,Athens
SHIP015087,ORD015087,Standard,BlueDart,2021-02-22,7,Springfield
SHIP015088,ORD015088,Express,FedEx,2026-01-27,8,Lowell
SHIP015089,ORD015089,Same-Day,IndiaPost,2026-05-25,9,Pittsburgh
SHIP015090,ORD015090,Same-Day,DHL,2026-06-11,3,Houston
SHIP015092,ORD015092,Standard,BlueDart,2022-03-05,3,Boston
SHIP015094,ORD015094,Economy,FedEx,2025-10-10,2,Elizabeth
SHIP015095,ORD015095,Standard,FedEx,2025-07-21,4,Mesa
SHIP015096,ORD015096,Same-Day,IndiaPost,2024-06-12,2,Lansing
SHIP015097,ORD015097,Economy,IndiaPost,2023-09-14,1,Trenton
SHIP015098,ORD015098,Express,DHL,2025-04-05,4,Columbus
SHIP015099,ORD015099,Standard,IndiaPost,2024-07-03,2,Toledo
SHIP015100,ORD015100,Standard,UPS,2023-01-22,3,New York City
SHIP015101,ORD015101,Standard,UPS,2025-03-11,6,Miami
SHIP015102,ORD015102,Economy,UPS,2026-07-09,6,Houston
SHIP015103,ORD015103,Express,IndiaPost,2026-07-31,7,Sacramento
SHIP015104,ORD015104,Standard,Delhivery,2025-12-29,2,Jersey City
SHIP015105,ORD015105,Express,FedEx,2023-07-02,6,Reading
SHIP015106,ORD015106,Standard,FedEx,2020-04-12,6,Dallas
SHIP015109,ORD015109,Express,FedEx,2023-05-07,3,Winston-Salem
SHIP015111,ORD015111,Standard,BlueDart,2024-12-20,5,Worcester
SHIP015112,ORD015112,Standard,Delhivery,2024-03-11,7,Flint
SHIP015114,ORD015114,Economy,UPS,2022-11-13,5,Denver
SHIP015116,ORD015116,Standard,DHL,2025-09-08,5,Spokane
SHIP015117,ORD015117,Standard,DHL,2026-06-11,3,Philadelphia
SHIP015118,ORD015118,Standard,UPS,2026-07-28,4,Scottsdale
SHIP015119,ORD015119,Standard,BlueDart,2023-04-19,6,Sacramento
SHIP015120,ORD015120,Express,IndiaPost,2025-11-17,5,Fort Worth
SHIP015121,ORD015121,Express,FedEx,2026-03-07,6,Boston
SHIP015122,ORD015122,Standard,Delhivery,2024-12-22,9,Newark
SHIP015123,ORD015123,Economy,Delhivery,2026-01-02,8,Pittsburgh
SHIP015124,ORD015124,Economy,UPS,2025-10-19,2,Jacksonville
SHIP015125,ORD015125,Express,BlueDart,2025-03-13,9,Trenton
SHIP015126,ORD015126,Same-Day,BlueDart,2024-01-28,4,Athens
SHIP015127,ORD015127,Economy,DHL,2023-09-27,5,Columbus
SHIP015128,ORD015128,Standard,Delhivery,2026-03-31,1,Philadelphia
SHIP015130,ORD015130,Standard,FedEx,2026-07-19,3,Fort Collins
SHIP015131,ORD015131,Express,DHL,2023-06-04,6,Newark
SHIP015132,ORD015132,Standard,DHL,2020-09-24,5,Springfield
SHIP015133,ORD015133,Standard,DHL,2020-07-04,1,Ann Arbor
SHIP015134,ORD015134,Standard,FedEx,2022-05-24,6,Scottsdale
SHIP015135,ORD015135,Express,DHL,2026-05-13,9,Rochester
SHIP015136,ORD015136,Standard,UPS,2026-06-23,6,Seattle
SHIP015137,ORD015137,Economy,DHL,2025-07-10,6,Bellevue
SHIP015139,ORD015139,Standard,DHL,2024-12-16,3,Los Angeles
SHIP015141,ORD015141,Standard,BlueDart,2025-07-03,8,San Jose
SHIP015142,ORD015142,Express,BlueDart,2024-12-06,9,Chicago
SHIP015143,ORD015143,Standard,BlueDart,2021-12-07,6,Houston
SHIP015146,ORD015146,Economy,BlueDart,2025-11-04,6,Grand Rapids
SHIP015147,ORD015147,Standard,BlueDart,2025-10-29,6,Cincinnati
SHIP015148,ORD015148,Standard,BlueDart,2025-12-31,9,San Antonio
SHIP015149,ORD015149,Economy,DHL,2026-07-21,3,Winston-Salem
SHIP015152,ORD015152,Standard,IndiaPost,2025-09-02,4,Springfield
SHIP015153,ORD015153,Standard,BlueDart,2026-02-02,7,Ann Arbor
SHIP015154,ORD015154,Same-Day,BlueDart,2024-07-19,5,Winston-Salem
SHIP015155,ORD015155,Standard,BlueDart,2026-06-24,7,Elizabeth
SHIP015156,ORD015156,Standard,DHL,2023-08-16,7,Fort Lauderdale
SHIP015157,ORD015157,Express,BlueDart,2023-09-01,5,Raleigh
SHIP015158,ORD015158,Economy,BlueDart,2026-05-18,5,Erie
SHIP015159,ORD015159,Standard,DHL,2020-04-04,3,Fort Collins
SHIP015160,ORD015160,Standard,BlueDart,2025-12-30,2,Scottsdale
SHIP015161,ORD015161,Same-Day,BlueDart,2025-07-25,8,Flint
SHIP015162,ORD015162,Standard,UPS,2025-02-13,1,Cambridge
SHIP015164,ORD015164,Express,Delhivery,2026-03-10,4,Miami
SHIP015165,ORD015165,Economy,Delhivery,2024-10-22,9,Orlando
SHIP015167,ORD015167,Express,Delhivery,2026-07-18,6,Rockford
SHIP015168,ORD015168,Standard,Delhivery,2024-01-21,7,Macon
SHIP015169,ORD015169,Economy,DHL,2024-01-02,8,Cincinnati
SHIP015170,ORD015170,Standard,BlueDart,2022-08-18,3,Spokane
SHIP015171,ORD015171,Standard,Delhivery,2024-11-29,2,Allentown
SHIP015172,ORD015172,Same-Day,Delhivery,2021-01-14,6,Cincinnati
SHIP015173,ORD015173,Economy,UPS,2024-06-01,2,Lansing
SHIP015175,ORD015175,Standard,DHL,2026-01-19,9,Seattle
SHIP015176,ORD015176,Express,DHL,2020-03-17,6,San Jose
SHIP015177,ORD015177,Standard,DHL,2025-08-11,4,Chicago
SHIP015178,ORD015178,Standard,UPS,2026-07-08,7,San Diego
SHIP015179,ORD015179,Standard,DHL,2023-03-12,6,Sacramento
SHIP015180,ORD015180,Standard,DHL,2023-03-05,7,Fort Lauderdale
SHIP015181,ORD015181,Express,FedEx,2025-07-19,6,Flint
SHIP015182,ORD015182,Express,BlueDart,2022-08-15,3,Scottsdale
SHIP015183,ORD015183,Standard,DHL,2024-09-24,3,Lansing
SHIP015185,ORD015185,Express,DHL,2025-11-07,9,Erie
SHIP015187,ORD015187,Express,DHL,2023-07-17,8,Flint
SHIP015188,ORD015188,Express,IndiaPost,2022-05-13,5,San Diego
SHIP015190,ORD015190,Standard,IndiaPost,2026-01-16,9,Charlotte
SHIP015191,ORD015191,Express,Delhivery,2026-05-09,3,Durham
SHIP015192,ORD015192,Standard,IndiaPost,2025-06-10,6,Lansing
SHIP015193,ORD015193,Standard,FedEx,2021-08-08,2,Flint
SHIP015195,ORD015195,Standard,UPS,2024-10-01,1,Paterson
SHIP015196,ORD015196,Standard,DHL,2026-06-23,7,Austin
SHIP015197,ORD015197,Standard,IndiaPost,2022-02-11,9,Sacramento
SHIP015198,ORD015198,Same-Day,DHL,2026-02-01,7,Lansing
SHIP015201,ORD015201,Same-Day,BlueDart,2022-11-25,7,San Antonio
SHIP015202,ORD015202,Standard,UPS,2023-10-28,8,Rochester
SHIP015203,ORD015203,Standard,IndiaPost,2022-07-12,7,Cambridge
SHIP015204,ORD015204,Same-Day,Delhivery,2023-05-04,4,Macon
SHIP015207,ORD015207,Same-Day,IndiaPost,2026-01-26,1,Springfield
SHIP015208,ORD015208,Standard,IndiaPost,2026-02-21,3,Reading
SHIP015210,ORD015210,Standard,Delhivery,2023-11-21,1,Newark
SHIP015211,ORD015211,Standard,IndiaPost,2025-11-09,3,Scottsdale
SHIP015212,ORD015212,Economy,DHL,2026-01-03,3,Cleveland
SHIP015213,ORD015213,Standard,Delhivery,2024-02-17,5,Peoria
SHIP015214,ORD015214,Standard,IndiaPost,2022-04-21,8,Cleveland
SHIP015215,ORD015215,Express,UPS,2026-06-12,5,Greensboro
SHIP015216,ORD015216,Standard,UPS,2024-11-03,6,Jacksonville
SHIP015218,ORD015218,Economy,BlueDart,2024-08-25,4,Grand Rapids
SHIP015219,ORD015219,Express,UPS,2025-02-03,4,San Antonio
SHIP015220,ORD015220,Express,DHL,2025-08-24,6,Aurora
SHIP015221,ORD015221,Same-Day,UPS,2023-09-26,3,Naperville
SHIP015222,ORD015222,Express,DHL,2022-06-06,3,Everett
SHIP015225,ORD015225,Economy,UPS,2026-05-04,6,Cleveland
SHIP015226,ORD015226,Standard,FedEx,2022-01-16,9,Jacksonville
SHIP015227,ORD015227,Standard,Delhivery,2026-07-26,2,Pittsburgh
SHIP015228,ORD015228,Standard,BlueDart,2024-11-28,5,Colorado Springs
SHIP015229,ORD015229,Express,BlueDart,2022-12-17,1,Greensboro
SHIP015230,ORD015230,Standard,UPS,2026-01-21,8,Sacramento
SHIP015232,ORD015232,Economy,FedEx,2026-03-13,7,Phoenix
SHIP015233,ORD015233,Same-Day,BlueDart,2025-08-19,1,Lansing
SHIP015234,ORD015234,Economy,UPS,2026-02-24,2,Jersey City
SHIP015235,ORD015235,Standard,BlueDart,2025-06-24,6,Springfield
SHIP015236,ORD015236,Same-Day,IndiaPost,2024-07-20,9,San Antonio
SHIP015238,ORD015238,Standard,FedEx,2023-04-06,5,Rockford
SHIP015239,ORD015239,Economy,FedEx,2024-07-26,8,Austin
SHIP015240,ORD015240,Standard,FedEx,2025-10-24,7,Ann Arbor
SHIP015241,ORD015241,Same-Day,Delhivery,2025-12-09,7,Toledo
SHIP015242,ORD015242,Express,BlueDart,2025-07-26,8,Houston
SHIP015243,ORD015243,Standard,DHL,2023-09-02,4,Durham
SHIP015244,ORD015244,Standard,IndiaPost,2026-05-09,1,Elizabeth
SHIP015245,ORD015245,Express,UPS,2025-09-10,8,Albany
SHIP015246,ORD015246,Standard,UPS,2026-07-04,5,Pittsburgh
SHIP015247,ORD015247,Standard,BlueDart,2025-09-16,8,San Diego
SHIP015249,ORD015249,Express,BlueDart,2025-09-24,4,Winston-Salem
SHIP015250,ORD015250,Economy,BlueDart,2026-03-07,8,Winston-Salem
SHIP015251,ORD015251,Economy,DHL,2025-07-18,4,San Francisco
SHIP015252,ORD015252,Standard,Delhivery,2025-11-16,4,Naperville
SHIP015253,ORD015253,Standard,IndiaPost,2026-01-10,8,Austin
SHIP015254,ORD015254,Standard,DHL,2023-04-24,8,Lansing
SHIP015255,ORD015255,Express,IndiaPost,2023-04-23,2,Reading
SHIP015256,ORD015256,Standard,FedEx,2024-08-08,3,Naperville
SHIP015257,ORD015257,Standard,FedEx,2022-09-12,4,Charlotte
SHIP015258,ORD015258,Express,Delhivery,2026-04-19,5,Detroit
SHIP015259,ORD015259,Standard,DHL,2021-10-09,4,San Jose
SHIP015260,ORD015260,Same-Day,BlueDart,2024-07-02,4,Tucson
SHIP015261,ORD015261,Express,FedEx,2026-05-23,8,Phoenix
SHIP015262,ORD015262,Economy,IndiaPost,2026-01-23,5,Orlando
SHIP015263,ORD015263,Standard,DHL,2025-05-25,8,Flint
SHIP015264,ORD015264,Same-Day,UPS,2026-06-07,3,Everett
SHIP015265,ORD015265,Standard,IndiaPost,2021-07-25,7,Austin
SHIP015266,ORD015266,Express,IndiaPost,2025-06-12,9,Atlanta
SHIP015267,ORD015267,Economy,UPS,2025-12-14,4,New York City
SHIP015268,ORD015268,Standard,IndiaPost,2025-09-10,4,Augusta
SHIP015269,ORD015269,Same-Day,DHL,2022-07-02,7,Winston-Salem
SHIP015270,ORD015270,Economy,BlueDart,2026-06-26,1,Chicago
SHIP015271,ORD015271,Standard,Delhivery,2021-08-14,4,Houston
SHIP015272,ORD015272,Same-Day,IndiaPost,2025-05-13,3,Reading
SHIP015273,ORD015273,Express,UPS,2022-01-05,7,Worcester
SHIP015274,ORD015274,Economy,IndiaPost,2026-07-17,7,Greensboro
SHIP015275,ORD015275,Standard,DHL,2025-02-28,4,Jersey City
SHIP015277,ORD015277,Standard,IndiaPost,2026-01-13,9,Syracuse
SHIP015278,ORD015278,Express,FedEx,2023-01-23,8,Lansing
SHIP015279,ORD015279,Standard,BlueDart,2025-05-17,7,Los Angeles
SHIP015280,ORD015280,Standard,DHL,2023-01-16,5,Athens
SHIP015281,ORD015281,Standard,UPS,2021-10-24,3,Lowell
SHIP015282,ORD015282,Express,DHL,2024-04-06,5,Sacramento
SHIP015283,ORD015283,Economy,Delhivery,2026-01-15,8,Elizabeth
SHIP015284,ORD015284,Standard,FedEx,2023-01-05,8,Winston-Salem
SHIP015285,ORD015285,Economy,IndiaPost,2022-10-04,8,Rochester
SHIP015286,ORD015286,Economy,IndiaPost,2024-07-10,6,Dallas
SHIP015288,ORD015288,Standard,UPS,2021-11-23,5,Newark
SHIP015289,ORD015289,Standard,Delhivery,2025-09-22,8,Macon
SHIP015291,ORD015291,Standard,BlueDart,2024-01-19,7,Aurora
SHIP015293,ORD015293,Economy,UPS,2026-06-04,3,Sacramento
SHIP015294,ORD015294,Express,Delhivery,2022-08-18,2,Raleigh
SHIP015295,ORD015295,Standard,DHL,2025-07-16,4,Seattle
SHIP015296,ORD015296,Standard,IndiaPost,2026-06-09,3,Springfield
SHIP015298,ORD015298,Standard,Delhivery,2026-05-26,2,Orlando
SHIP015300,ORD015300,Express,FedEx,2022-01-26,6,Fort Collins
SHIP015301,ORD015301,Standard,Delhivery,2025-05-05,3,Tampa
SHIP015302,ORD015302,Economy,Delhivery,2026-07-15,4,Jacksonville
SHIP015303,ORD015303,Same-Day,UPS,2025-07-12,4,Houston
SHIP015304,ORD015304,Standard,Delhivery,2024-03-23,5,Winston-Salem
SHIP015306,ORD015306,Express,UPS,2023-02-27,8,Philadelphia
SHIP015307,ORD015307,Standard,IndiaPost,2025-03-14,3,Orlando
SHIP015308,ORD015308,Standard,Delhivery,2025-10-14,7,Cambridge
SHIP015309,ORD015309,Economy,DHL,2025-06-14,9,Fort Lauderdale
SHIP015311,ORD015311,Express,BlueDart,2026-05-30,6,Fort Worth
SHIP015312,ORD015312,Same-Day,IndiaPost,2026-03-16,6,San Francisco
SHIP015313,ORD015313,Standard,BlueDart,2025-12-27,4,Tampa
SHIP015314,ORD015314,Standard,IndiaPost,2026-07-26,1,Boston
SHIP015316,ORD015316,Standard,FedEx,2024-08-05,4,Sacramento
SHIP015317,ORD015317,Express,Delhivery,2024-10-10,1,Naperville
SHIP015318,ORD015318,Express,BlueDart,2023-05-08,2,Everett
SHIP015319,ORD015319,Express,IndiaPost,2026-07-27,3,Springfield
SHIP015321,ORD015321,Standard,IndiaPost,2026-06-26,3,Fort Collins
SHIP015322,ORD015322,Standard,BlueDart,2026-05-02,9,Pittsburgh
SHIP015323,ORD015323,Standard,UPS,2023-05-05,5,Toledo
SHIP015324,ORD015324,Economy,UPS,2026-01-22,6,Charlotte
SHIP015325,ORD015325,Express,FedEx,2026-04-18,4,Lansing
SHIP015326,ORD015326,Standard,FedEx,2023-08-02,5,Bellevue
SHIP015327,ORD015327,Express,Delhivery,2024-06-01,1,Fort Worth
SHIP015329,ORD015329,Standard,IndiaPost,2026-01-13,5,Savannah
SHIP015330,ORD015330,Same-Day,UPS,2025-09-15,3,Dallas
SHIP015331,ORD015331,Standard,FedEx,2023-04-28,7,Peoria
SHIP015333,ORD015333,Standard,FedEx,2026-03-13,6,Cincinnati
SHIP015334,ORD015334,Standard,FedEx,2026-01-25,9,Toledo
SHIP015336,ORD015336,Standard,DHL,2026-07-30,2,Grand Rapids
SHIP015337,ORD015337,Same-Day,FedEx,2025-11-30,6,Fort Collins
SHIP015338,ORD015338,Same-Day,DHL,2025-06-21,7,Durham
SHIP015339,ORD015339,Standard,DHL,2023-08-15,2,Grand Rapids
SHIP015340,ORD015340,Express,FedEx,2022-12-10,6,Winston-Salem
SHIP015341,ORD015341,Same-Day,FedEx,2021-09-27,1,Winston-Salem
SHIP015342,ORD015342,Standard,DHL,2023-02-07,4,Cleveland
SHIP015343,ORD015343,Standard,IndiaPost,2026-05-08,1,Toledo
SHIP015344,ORD015344,Express,IndiaPost,2025-12-12,3,Paterson
SHIP015346,ORD015346,Standard,Delhivery,2025-03-15,8,Spokane
SHIP015347,ORD015347,Standard,DHL,2023-08-08,2,Jersey City
SHIP015348,ORD015348,Standard,IndiaPost,2025-10-07,6,San Francisco
SHIP015349,ORD015349,Standard,DHL,2026-02-13,7,Lansing
SHIP015350,ORD015350,Same-Day,FedEx,2022-03-04,9,Springfield
SHIP015351,ORD015351,Standard,UPS,2023-01-02,5,Erie
SHIP015352,ORD015352,Standard,BlueDart,2024-06-01,1,Scottsdale
SHIP015354,ORD015354,Express,IndiaPost,2026-05-04,1,Allentown
SHIP015355,ORD015355,Standard,DHL,2025-12-27,2,Newark
SHIP015356,ORD015356,Economy,DHL,2026-04-22,6,Denver
SHIP015357,ORD015357,Standard,FedEx,2026-06-24,1,Tucson
SHIP015358,ORD015358,Economy,FedEx,2021-02-11,7,Greensboro
SHIP015359,ORD015359,Express,FedEx,2023-05-18,6,Detroit
SHIP015360,ORD015360,Standard,Delhivery,2023-05-28,8,Atlanta
SHIP015361,ORD015361,Standard,IndiaPost,2026-04-10,1,Tampa
SHIP015362,ORD015362,Economy,Delhivery,2026-06-29,6,Charlotte
SHIP015363,ORD015363,Express,UPS,2025-11-05,6,Elizabeth
SHIP015364,ORD015364,Express,BlueDart,2025-05-19,6,Trenton
SHIP015365,ORD015365,Economy,DHL,2024-03-31,1,Boston
SHIP015366,ORD015366,Economy,UPS,2026-06-07,1,Spokane
SHIP015367,ORD015367,Express,BlueDart,2023-06-17,7,Paterson
SHIP015369,ORD015369,Standard,FedEx,2024-03-07,3,San Diego
SHIP015370,ORD015370,Standard,UPS,2026-03-16,4,Ann Arbor
SHIP015371,ORD015371,Same-Day,Delhivery,2024-10-03,7,Savannah
SHIP015372,ORD015372,Standard,UPS,2023-11-24,6,Erie
SHIP015373,ORD015373,Same-Day,UPS,2024-09-07,8,Cincinnati
SHIP015375,ORD015375,Standard,BlueDart,2026-02-02,5,Scottsdale
SHIP015377,ORD015377,Standard,IndiaPost,2024-06-23,5,Dallas
SHIP015378,ORD015378,Express,DHL,2021-02-09,1,Allentown
SHIP015379,ORD015379,Express,Delhivery,2025-03-16,1,Fort Collins
SHIP015380,ORD015380,Standard,IndiaPost,2022-11-13,1,Houston
SHIP015381,ORD015381,Standard,UPS,2026-04-19,5,Scottsdale
SHIP015382,ORD015382,Standard,IndiaPost,2023-01-30,2,Syracuse
SHIP015383,ORD015383,Same-Day,IndiaPost,2023-03-10,2,San Diego
SHIP015384,ORD015384,Express,UPS,2023-04-22,2,Colorado Springs
SHIP015385,ORD015385,Standard,Delhivery,2025-04-22,2,Syracuse
SHIP015386,ORD015386,Express,UPS,2025-09-08,6,Albany
SHIP015387,ORD015387,Express,DHL,2025-04-16,6,Worcester
SHIP015389,ORD015389,Standard,Delhivery,2025-11-27,8,San Antonio
SHIP015390,ORD015390,Same-Day,IndiaPost,2026-02-12,1,Cincinnati
SHIP015391,ORD015391,Economy,FedEx,2026-06-04,5,Charlotte
SHIP015392,ORD015392,Standard,Delhivery,2025-10-13,7,Pittsburgh
SHIP015393,ORD015393,Economy,UPS,2025-08-12,2,Worcester
SHIP015394,ORD015394,Standard,IndiaPost,2025-11-18,3,Greensboro
SHIP015395,ORD015395,Standard,BlueDart,2022-06-07,8,Aurora
SHIP015396,ORD015396,Standard,BlueDart,2023-04-20,1,Pittsburgh
SHIP015397,ORD015397,Express,UPS,2023-12-16,5,Allentown
SHIP015398,ORD015398,Economy,DHL,2022-11-07,5,Aurora
SHIP015400,ORD015400,Standard,Delhivery,2025-05-04,2,Macon
SHIP015401,ORD015401,Standard,UPS,2025-08-20,5,Houston
SHIP015402,ORD015402,Express,Delhivery,2022-12-09,5,Flint
SHIP015403,ORD015403,Economy,FedEx,2024-04-29,8,Tucson
SHIP015404,ORD015404,Same-Day,FedEx,2024-10-06,5,Cleveland
SHIP015405,ORD015405,Standard,Delhivery,2025-01-13,4,Fort Collins
SHIP015406,ORD015406,Standard,UPS,2025-12-11,7,Sacramento
SHIP015407,ORD015407,Express,FedEx,2025-02-06,7,Chandler
SHIP015408,ORD015408,Same-Day,IndiaPost,2023-11-29,1,Spokane
SHIP015409,ORD015409,Standard,Delhivery,2026-06-25,8,Los Angeles
SHIP015411,ORD015411,Express,UPS,2026-07-27,8,Fort Collins
SHIP015413,ORD015413,Express,UPS,2021-01-25,1,Toledo
SHIP015414,ORD015414,Standard,DHL,2026-06-01,5,Sacramento
SHIP015415,ORD015415,Economy,FedEx,2026-05-27,9,Scottsdale
SHIP015416,ORD015416,Standard,UPS,2022-09-17,9,Detroit
SHIP015418,ORD015418,Standard,Delhivery,2022-05-12,6,Scottsdale
SHIP015419,ORD015419,Standard,DHL,2026-03-04,1,Los Angeles
SHIP015420,ORD015420,Standard,BlueDart,2025-01-22,1,Chandler
SHIP015421,ORD015421,Economy,BlueDart,2025-07-16,5,San Jose
SHIP015422,ORD015422,Express,IndiaPost,2026-06-22,6,Tucson
SHIP015423,ORD015423,Express,BlueDart,2025-10-02,8,Trenton
SHIP015424,ORD015424,Standard,IndiaPost,2026-07-16,6,Lansing
SHIP015425,ORD015425,Express,IndiaPost,2026-07-30,1,Athens
SHIP015426,ORD015426,Economy,DHL,2026-06-10,3,Philadelphia
SHIP015428,ORD015428,Economy,BlueDart,2025-08-23,7,Savannah
SHIP015429,ORD015429,Same-Day,DHL,2026-04-16,6,Fort Worth
SHIP015430,ORD015430,Economy,Delhivery,2024-09-03,9,Spokane
SHIP015431,ORD015431,Standard,FedEx,2025-11-07,7,Winston-Salem
SHIP015432,ORD015432,Economy,BlueDart,2026-06-21,5,Newark
SHIP015433,ORD015433,Standard,Delhivery,2022-07-20,9,Peoria
SHIP015434,ORD015434,Standard,FedEx,2026-01-05,5,Newark
SHIP015435,ORD015435,Standard,BlueDart,2022-08-07,8,Buffalo
SHIP015436,ORD015436,Standard,Delhivery,2025-08-14,3,Chicago
SHIP015438,ORD015438,Standard,IndiaPost,2021-04-21,2,Atlanta
SHIP015439,ORD015439,Standard,FedEx,2025-11-26,3,Aurora
SHIP015441,ORD015441,Standard,DHL,2020-11-16,9,Miami
SHIP015443,ORD015443,Standard,IndiaPost,2025-09-07,8,Phoenix
SHIP015444,ORD015444,Express,FedEx,2026-04-29,5,Rockford
SHIP015447,ORD015447,Standard,IndiaPost,2024-07-04,2,Atlanta
SHIP015448,ORD015448,Express,IndiaPost,2019-08-26,2,Fort Lauderdale
SHIP015449,ORD015449,Standard,Delhivery,2020-12-16,1,Bellevue
SHIP015451,ORD015451,Standard,DHL,2023-12-19,4,Rochester
SHIP015452,ORD015452,Express,Delhivery,2026-06-30,9,Fort Collins
SHIP015453,ORD015453,Standard,DHL,2020-08-03,5,Chicago
SHIP015454,ORD015454,Standard,DHL,2026-04-14,6,Trenton
SHIP015455,ORD015455,Economy,FedEx,2025-09-23,9,Elizabeth
SHIP015456,ORD015456,Standard,BlueDart,2025-02-10,4,Fort Worth
SHIP015457,ORD015457,Express,BlueDart,2026-03-20,8,Raleigh
SHIP015458,ORD015458,Standard,IndiaPost,2021-02-04,6,Reading
SHIP015460,ORD015460,Express,IndiaPost,2026-07-23,8,Durham
SHIP015461,ORD015461,Standard,BlueDart,2026-03-16,4,Trenton
SHIP015462,ORD015462,Standard,FedEx,2025-02-18,6,Rochester
SHIP015463,ORD015463,Express,FedEx,2023-11-18,6,Phoenix
SHIP015464,ORD015464,Standard,UPS,2026-02-20,9,Dallas
SHIP015465,ORD015465,Same-Day,BlueDart,2026-06-27,1,Cincinnati
SHIP015466,ORD015466,Standard,IndiaPost,2021-02-16,2,Colorado Springs
SHIP015467,ORD015467,Standard,IndiaPost,2026-04-17,5,Reading
SHIP015468,ORD015468,Economy,DHL,2023-10-12,1,Miami
SHIP015469,ORD015469,Economy,DHL,2026-04-08,8,Raleigh
SHIP015470,ORD015470,Express,FedEx,2026-02-04,6,Macon
SHIP015471,ORD015471,Standard,UPS,2023-03-14,3,Raleigh
SHIP015472,ORD015472,Standard,DHL,2024-01-27,7,Phoenix
SHIP015473,ORD015473,Standard,Delhivery,2023-11-20,7,Cincinnati
SHIP015474,ORD015474,Express,Delhivery,2022-07-18,4,Springfield
SHIP015475,ORD015475,Economy,BlueDart,2026-01-20,5,Miami
SHIP015476,ORD015476,Standard,UPS,2026-03-22,3,Fort Worth
SHIP015477,ORD015477,Economy,IndiaPost,2024-09-25,4,Paterson
SHIP015478,ORD015478,Standard,BlueDart,2026-03-29,2,Cincinnati
SHIP015479,ORD015479,Standard,DHL,2024-02-05,4,Worcester
SHIP015480,ORD015480,Standard,IndiaPost,2026-02-18,4,San Jose
SHIP015481,ORD015481,Express,Delhivery,2026-01-03,3,Seattle
SHIP015482,ORD015482,Standard,FedEx,2020-02-25,1,Phoenix
SHIP015483,ORD015483,Standard,Delhivery,2025-10-23,9,Toledo
SHIP015484,ORD015484,Express,Delhivery,2023-12-23,7,Colorado Springs
SHIP015485,ORD015485,Express,UPS,2026-07-29,5,Newark
SHIP015487,ORD015487,Same-Day,UPS,2026-01-16,9,Fort Worth
SHIP015488,ORD015488,Express,IndiaPost,2026-06-11,2,Springfield
SHIP015489,ORD015489,Same-Day,DHL,2025-02-10,7,Lansing
SHIP015490,ORD015490,Economy,DHL,2025-07-19,8,Flint
SHIP015491,ORD015491,Standard,BlueDart,2026-03-12,3,Winston-Salem
SHIP015492,ORD015492,Express,Delhivery,2026-04-29,7,San Francisco
SHIP015493,ORD015493,Standard,Delhivery,2026-06-09,4,Cambridge
SHIP015494,ORD015494,Express,DHL,2026-07-11,9,Flint
SHIP015495,ORD015495,Standard,UPS,2022-01-16,3,Cambridge
SHIP015496,ORD015496,Standard,FedEx,2025-08-21,9,Lansing
SHIP015497,ORD015497,Same-Day,IndiaPost,2025-10-27,4,Fort Lauderdale
SHIP015498,ORD015498,Express,UPS,2023-12-21,1,Newark
SHIP015499,ORD015499,Standard,IndiaPost,2024-12-05,6,San Francisco
SHIP015500,ORD015500,Standard,UPS,2023-02-11,7,Athens
SHIP015502,ORD015502,Express,UPS,2024-12-17,8,Allentown
SHIP015503,ORD015503,Standard,DHL,2024-03-23,6,Allentown
SHIP015504,ORD015504,Express,FedEx,2024-09-30,3,Jacksonville
SHIP015505,ORD015505,Standard,FedEx,2020-05-20,3,Springfield
SHIP015506,ORD015506,Express,DHL,2026-04-09,5,Seattle
SHIP015507,ORD015507,Express,DHL,2022-09-02,5,Cincinnati
SHIP015509,ORD015509,Standard,IndiaPost,2026-02-07,2,Colorado Springs
SHIP015510,ORD015510,Standard,UPS,2025-04-26,3,Philadelphia
SHIP015511,ORD015511,Same-Day,FedEx,2026-03-25,3,Cleveland
SHIP015512,ORD015512,Standard,UPS,2023-01-13,3,Columbus
SHIP015513,ORD015513,Standard,DHL,2023-04-10,3,Phoenix
SHIP015515,ORD015515,Standard,IndiaPost,2024-08-10,1,Augusta
SHIP015516,ORD015516,Standard,UPS,2023-10-20,5,Jersey City
SHIP015517,ORD015517,Express,BlueDart,2020-12-02,7,Houston
SHIP015518,ORD015518,Standard,FedEx,2026-06-30,1,San Francisco
SHIP015519,ORD015519,Same-Day,DHL,2024-06-23,2,Denver
SHIP015520,ORD015520,Standard,UPS,2021-05-31,1,Grand Rapids
SHIP015521,ORD015521,Standard,UPS,2026-05-13,9,Lowell
SHIP015522,ORD015522,Standard,IndiaPost,2024-01-20,1,Fort Lauderdale
SHIP015523,ORD015523,Standard,UPS,2025-07-17,8,Spokane
SHIP015524,ORD015524,Express,DHL,2020-02-12,9,Atlanta
SHIP015525,ORD015525,Same-Day,Delhivery,2026-04-01,2,Lowell
SHIP015526,ORD015526,Standard,FedEx,2026-04-27,1,Springfield
SHIP015527,ORD015527,Standard,BlueDart,2026-05-21,1,Cleveland
SHIP015528,ORD015528,Express,UPS,2019-12-19,2,Reading
SHIP015529,ORD015529,Economy,UPS,2021-01-28,7,Scottsdale
SHIP015530,ORD015530,Standard,BlueDart,2022-02-06,6,Worcester
SHIP015531,ORD015531,Express,UPS,2021-12-23,6,Boulder
SHIP015532,ORD015532,Express,IndiaPost,2024-01-25,1,Cincinnati
SHIP015534,ORD015534,Economy,IndiaPost,2024-01-24,3,Cincinnati
SHIP015535,ORD015535,Economy,BlueDart,2026-01-15,3,Greensboro
SHIP015536,ORD015536,Standard,IndiaPost,2025-01-16,2,Fort Collins
SHIP015537,ORD015537,Express,IndiaPost,2024-07-15,6,Philadelphia
SHIP015538,ORD015538,Standard,DHL,2022-12-11,4,Boulder
SHIP015539,ORD015539,Economy,IndiaPost,2022-08-06,6,Cincinnati
SHIP015540,ORD015540,Economy,BlueDart,2024-02-27,3,Greensboro
SHIP015542,ORD015542,Standard,Delhivery,2025-06-19,1,Ann Arbor
SHIP015543,ORD015543,Standard,IndiaPost,2021-06-22,9,Charlotte
SHIP015544,ORD015544,Standard,Delhivery,2026-06-25,5,Lowell
SHIP015545,ORD015545,Economy,BlueDart,2026-02-16,1,Boulder
SHIP015547,ORD015547,Standard,BlueDart,2024-05-03,5,Jacksonville
SHIP015548,ORD015548,Express,IndiaPost,2025-09-01,3,Rochester
SHIP015549,ORD015549,Economy,FedEx,2026-02-23,7,Jersey City
SHIP015550,ORD015550,Standard,IndiaPost,2023-12-02,4,Fort Worth
SHIP015551,ORD015551,Standard,FedEx,2025-08-25,2,Charlotte
SHIP015552,ORD015552,Standard,Delhivery,2023-07-20,6,Houston
SHIP015553,ORD015553,Standard,FedEx,2025-11-29,7,Newark
SHIP015554,ORD015554,Express,FedEx,2026-04-30,7,Ann Arbor
SHIP015555,ORD015555,Economy,UPS,2025-12-20,6,Buffalo
SHIP015556,ORD015556,Express,DHL,2024-04-16,9,Chandler
SHIP015558,ORD015558,Standard,FedEx,2023-01-06,7,Winston-Salem
SHIP015559,ORD015559,Economy,BlueDart,2026-05-07,6,Greensboro
SHIP015560,ORD015560,Standard,FedEx,2025-10-18,7,Greensboro
SHIP015561,ORD015561,Standard,UPS,2026-06-22,2,Aurora
SHIP015562,ORD015562,Express,Delhivery,2023-04-11,6,Peoria
SHIP015564,ORD015564,Standard,BlueDart,2021-11-11,3,Tucson
SHIP015565,ORD015565,Express,Delhivery,2025-07-11,5,Newark
SHIP015566,ORD015566,Standard,UPS,2022-01-03,2,Greensboro
SHIP015568,ORD015568,Standard,FedEx,2023-03-08,4,Mesa
SHIP015569,ORD015569,Standard,IndiaPost,2025-08-06,6,Denver
SHIP015570,ORD015570,Standard,DHL,2023-10-18,4,Everett
SHIP015571,ORD015571,Economy,UPS,2020-11-20,6,Detroit
SHIP015572,ORD015572,Standard,Delhivery,2024-06-01,4,San Francisco
SHIP015573,ORD015573,Standard,FedEx,2025-06-19,6,Cleveland
SHIP015575,ORD015575,Standard,BlueDart,2021-02-01,3,Macon
SHIP015576,ORD015576,Express,IndiaPost,2026-05-23,1,San Jose
SHIP015577,ORD015577,Economy,DHL,2024-07-12,6,Rochester
SHIP015579,ORD015579,Express,IndiaPost,2025-09-23,2,Jersey City
SHIP015580,ORD015580,Standard,IndiaPost,2024-03-18,7,Jersey City
SHIP015581,ORD015581,Standard,UPS,2026-06-27,2,Winston-Salem
SHIP015583,ORD015583,Express,FedEx,2025-03-05,3,Lansing
SHIP015584,ORD015584,Express,FedEx,2025-05-15,5,Akron
SHIP015585,ORD015585,Express,FedEx,2026-08-06,8,Durham
SHIP015586,ORD015586,Standard,Delhivery,2026-01-01,9,Aurora
SHIP015587,ORD015587,Express,DHL,2023-05-11,9,San Diego
SHIP015588,ORD015588,Same-Day,FedEx,2022-03-08,2,New York City
SHIP015589,ORD015589,Standard,IndiaPost,2026-06-21,7,Denver
SHIP015590,ORD015590,Same-Day,FedEx,2026-06-16,2,Colorado Springs
SHIP015591,ORD015591,Standard,UPS,2020-11-07,4,Boulder
SHIP015592,ORD015592,Standard,UPS,2025-07-18,2,Bellevue
SHIP015593,ORD015593,Express,Delhivery,2024-05-23,5,Austin
SHIP015594,ORD015594,Express,Delhivery,2026-04-09,4,Columbus
SHIP015595,ORD015595,Standard,UPS,2025-09-21,4,Detroit
SHIP015596,ORD015596,Standard,UPS,2026-07-18,1,Albany
SHIP015598,ORD015598,Express,DHL,2025-05-13,6,Raleigh
SHIP015600,ORD015600,Express,DHL,2022-01-16,5,Toledo
SHIP015601,ORD015601,Standard,IndiaPost,2023-10-28,4,Miami
SHIP015602,ORD015602,Express,IndiaPost,2025-03-07,7,Fort Worth
SHIP015603,ORD015603,Standard,FedEx,2025-03-24,4,Tacoma
SHIP015605,ORD015605,Standard,UPS,2025-08-01,3,Springfield
SHIP015606,ORD015606,Standard,DHL,2025-05-23,6,Seattle
SHIP015607,ORD015607,Same-Day,DHL,2025-03-23,3,Columbus
SHIP015608,ORD015608,Express,BlueDart,2023-11-15,4,Scottsdale
SHIP015609,ORD015609,Same-Day,DHL,2025-04-15,7,Chandler
SHIP015611,ORD015611,Standard,Delhivery,2022-11-25,2,Paterson
SHIP015612,ORD015612,Standard,Delhivery,2026-06-16,4,Rockford
SHIP015613,ORD015613,Standard,BlueDart,2021-09-10,4,Tampa
SHIP015614,ORD015614,Standard,DHL,2024-07-29,9,Cincinnati
SHIP015615,ORD015615,Express,Delhivery,2025-12-26,1,Erie
SHIP015616,ORD015616,Standard,FedEx,2022-05-30,1,Scottsdale
SHIP015617,ORD015617,Standard,DHL,2026-03-28,6,Syracuse
SHIP015618,ORD015618,Same-Day,Delhivery,2024-04-27,6,Fort Collins
SHIP015619,ORD015619,Express,FedEx,2024-08-28,6,Philadelphia
SHIP015620,ORD015620,Same-Day,DHL,2025-10-28,4,Tucson
SHIP015621,ORD015621,Same-Day,DHL,2026-07-29,3,Syracuse
SHIP015622,ORD015622,Economy,Delhivery,2025-03-02,1,Flint
SHIP015623,ORD015623,Standard,DHL,2025-07-17,6,San Jose
SHIP015624,ORD015624,Express,FedEx,2026-07-21,3,Lansing
SHIP015625,ORD015625,Standard,IndiaPost,2024-05-25,7,Springfield
SHIP015626,ORD015626,Standard,DHL,2026-08-01,7,Houston
SHIP015628,ORD015628,Standard,DHL,2026-03-20,4,Cincinnati
SHIP015629,ORD015629,Standard,Delhivery,2023-08-04,1,Grand Rapids
SHIP015630,ORD015630,Economy,UPS,2026-06-09,5,Trenton
SHIP015631,ORD015631,Standard,BlueDart,2022-06-08,3,Phoenix
SHIP015632,ORD015632,Economy,DHL,2025-03-12,2,Lowell
SHIP015633,ORD015633,Standard,DHL,2026-07-16,1,Los Angeles
SHIP015634,ORD015634,Standard,FedEx,2026-04-29,5,San Diego
SHIP015635,ORD015635,Standard,FedEx,2026-07-08,3,Savannah
SHIP015636,ORD015636,Express,BlueDart,2024-07-15,4,Lansing
SHIP015637,ORD015637,Standard,Delhivery,2026-07-17,5,Savannah
SHIP015638,ORD015638,Express,UPS,2025-07-05,5,Sacramento
SHIP015640,ORD015640,Express,Delhivery,2021-09-17,6,Everett
SHIP015641,ORD015641,Standard,Delhivery,2023-09-10,9,Jersey City
SHIP015642,ORD015642,Express,DHL,2026-03-10,8,Everett
SHIP015643,ORD015643,Standard,Delhivery,2026-02-25,1,Tucson
SHIP015644,ORD015644,Standard,FedEx,2026-06-07,7,Detroit
SHIP015645,ORD015645,Express,Delhivery,2019-10-31,4,Trenton
SHIP015646,ORD015646,Standard,DHL,2025-02-22,2,Raleigh
SHIP015647,ORD015647,Express,BlueDart,2025-08-31,2,Seattle
SHIP015649,ORD015649,Economy,Delhivery,2024-02-07,8,Jacksonville
SHIP015650,ORD015650,Standard,FedEx,2023-08-24,1,Seattle
SHIP015651,ORD015651,Economy,IndiaPost,2024-06-27,1,Albany
SHIP015653,ORD015653,Express,FedEx,2025-08-13,5,Athens
SHIP015654,ORD015654,Standard,Delhivery,2023-09-20,9,Aurora
SHIP015655,ORD015655,Standard,BlueDart,2022-07-01,1,Fort Collins
SHIP015656,ORD015656,Express,Delhivery,2022-11-11,8,Macon
SHIP015657,ORD015657,Same-Day,DHL,2025-06-15,6,Bellevue
SHIP015658,ORD015658,Express,DHL,2022-07-13,7,Cleveland
SHIP015659,ORD015659,Express,Delhivery,2026-06-18,4,Boulder
SHIP015660,ORD015660,Express,DHL,2021-07-23,2,Erie
SHIP015661,ORD015661,Standard,UPS,2023-05-04,8,Akron
SHIP015663,ORD015663,Express,Delhivery,2026-02-15,3,Flint
SHIP015664,ORD015664,Standard,BlueDart,2026-03-20,1,San Jose
SHIP015665,ORD015665,Standard,Delhivery,2021-07-04,8,Fort Lauderdale
SHIP015667,ORD015667,Express,DHL,2025-08-23,4,Everett
SHIP015668,ORD015668,Economy,UPS,2025-01-31,8,Austin
SHIP015670,ORD015670,Standard,UPS,2021-12-02,4,Austin
SHIP015672,ORD015672,Standard,Delhivery,2024-02-09,5,Pittsburgh
SHIP015673,ORD015673,Same-Day,Delhivery,2024-02-11,6,Macon
SHIP015674,ORD015674,Standard,IndiaPost,2025-03-17,5,Tampa
SHIP015675,ORD015675,Same-Day,DHL,2023-04-18,1,Tucson
SHIP015676,ORD015676,Standard,BlueDart,2025-04-27,2,Allentown
SHIP015677,ORD015677,Express,FedEx,2024-12-28,8,Lansing
SHIP015678,ORD015678,Express,IndiaPost,2024-03-14,1,Bellevue
SHIP015679,ORD015679,Standard,BlueDart,2025-08-06,1,Paterson
SHIP015681,ORD015681,Express,UPS,2023-12-21,1,Lowell
SHIP015683,ORD015683,Standard,UPS,2025-11-16,7,Chandler
SHIP015684,ORD015684,Standard,Delhivery,2026-05-30,9,Greensboro
SHIP015685,ORD015685,Standard,DHL,2024-09-27,2,Los Angeles
SHIP015686,ORD015686,Standard,UPS,2025-02-15,3,Winston-Salem
SHIP015687,ORD015687,Standard,BlueDart,2024-09-25,6,Cincinnati
SHIP015689,ORD015689,Standard,BlueDart,2023-10-03,1,Jersey City
SHIP015690,ORD015690,Standard,DHL,2022-02-15,3,Chandler
SHIP015691,ORD015691,Standard,UPS,2026-05-01,9,Syracuse
SHIP015693,ORD015693,Same-Day,Delhivery,2024-07-09,5,Raleigh
SHIP015694,ORD015694,Standard,BlueDart,2023-03-16,2,Columbus
SHIP015695,ORD015695,Express,IndiaPost,2024-06-06,8,Naperville
SHIP015696,ORD015696,Same-Day,DHL,2026-02-28,9,Boulder
SHIP015697,ORD015697,Express,BlueDart,2023-10-09,1,Trenton
SHIP015698,ORD015698,Express,BlueDart,2026-02-24,4,Worcester
SHIP015699,ORD015699,Standard,IndiaPost,2026-03-03,4,Boston
SHIP015701,ORD015701,Express,FedEx,2026-07-25,7,Detroit
SHIP015702,ORD015702,Express,Delhivery,2024-12-06,1,Seattle
SHIP015703,ORD015703,Express,BlueDart,2023-03-11,6,Austin
SHIP015704,ORD015704,Standard,UPS,2022-11-02,4,Bellevue
SHIP015707,ORD015707,Standard,FedEx,2024-07-22,3,Miami
SHIP015708,ORD015708,Standard,UPS,2022-12-31,7,Reading
SHIP015709,ORD015709,Express,FedEx,2023-05-23,2,Greensboro
SHIP015712,ORD015712,Standard,Delhivery,2025-08-22,5,San Antonio
SHIP015714,ORD015714,Standard,IndiaPost,2025-02-26,8,Sacramento
SHIP015715,ORD015715,Express,DHL,2024-11-06,6,Tacoma
SHIP015717,ORD015717,Standard,BlueDart,2026-03-27,8,Paterson
SHIP015718,ORD015718,Same-Day,Delhivery,2026-07-09,2,Chandler
SHIP015719,ORD015719,Standard,BlueDart,2021-02-11,5,Toledo
SHIP015721,ORD015721,Standard,Delhivery,2022-11-21,2,Chicago
SHIP015722,ORD015722,Express,FedEx,2025-11-15,4,San Antonio
SHIP015723,ORD015723,Standard,FedEx,2024-09-30,6,Colorado Springs
SHIP015724,ORD015724,Standard,UPS,2024-01-11,2,Allentown
SHIP015725,ORD015725,Express,UPS,2026-02-09,2,Macon
SHIP015727,ORD015727,Express,FedEx,2024-06-25,7,Toledo
SHIP015728,ORD015728,Standard,BlueDart,2022-12-31,5,Trenton
SHIP015729,ORD015729,Express,Delhivery,2021-04-22,9,Fort Lauderdale
SHIP015730,ORD015730,Standard,BlueDart,2019-12-03,9,Charlotte
SHIP015732,ORD015732,Same-Day,BlueDart,2025-05-31,5,Boulder
SHIP015733,ORD015733,Economy,IndiaPost,2023-07-24,4,Chicago
SHIP015734,ORD015734,Standard,UPS,2023-06-10,4,Winston-Salem
SHIP015735,ORD015735,Standard,DHL,2025-11-15,6,Chandler
SHIP015736,ORD015736,Same-Day,Delhivery,2023-12-27,9,Savannah
SHIP015737,ORD015737,Standard,Delhivery,2026-04-08,8,Peoria
SHIP015738,ORD015738,Standard,FedEx,2022-03-27,1,Winston-Salem
SHIP015739,ORD015739,Standard,BlueDart,2023-10-27,3,Allentown
SHIP015740,ORD015740,Standard,BlueDart,2025-10-17,2,Naperville
SHIP015741,ORD015741,Standard,DHL,2026-01-06,3,Augusta
SHIP015742,ORD015742,Express,BlueDart,2022-12-23,9,Paterson
SHIP015743,ORD015743,Standard,IndiaPost,2023-05-03,5,Miami
SHIP015745,ORD015745,Standard,Delhivery,2025-02-13,9,Orlando
SHIP015747,ORD015747,Standard,FedEx,2025-04-03,4,Newark
SHIP015748,ORD015748,Same-Day,BlueDart,2025-10-30,6,Springfield
SHIP015750,ORD015750,Standard,UPS,2023-11-28,9,Mesa
SHIP015753,ORD015753,Same-Day,IndiaPost,2021-07-05,4,Everett
SHIP015754,ORD015754,Economy,DHL,2023-11-03,6,Philadelphia
SHIP015755,ORD015755,Standard,UPS,2025-09-26,6,New York City
SHIP015756,ORD015756,Standard,Delhivery,2023-08-12,2,Trenton
SHIP015757,ORD015757,Standard,Delhivery,2023-01-09,1,Rochester
SHIP015758,ORD015758,Standard,BlueDart,2023-09-05,1,Syracuse
SHIP015760,ORD015760,Express,FedEx,2021-06-10,5,Fort Collins
SHIP015761,ORD015761,Standard,UPS,2025-07-01,5,Fort Worth
SHIP015762,ORD015762,Express,DHL,2026-05-08,9,Cincinnati
SHIP015764,ORD015764,Standard,IndiaPost,2026-06-02,1,Akron
SHIP015765,ORD015765,Same-Day,BlueDart,2025-01-03,3,Houston
SHIP015766,ORD015766,Standard,Delhivery,2024-06-23,9,Atlanta
SHIP015768,ORD015768,Standard,DHL,2026-04-17,5,Raleigh
SHIP015769,ORD015769,Standard,IndiaPost,2024-02-26,5,Akron
SHIP015770,ORD015770,Standard,DHL,2022-01-09,2,Rockford
SHIP015771,ORD015771,Express,IndiaPost,2025-11-04,6,Charlotte
SHIP015772,ORD015772,Express,BlueDart,2026-04-01,8,Fort Lauderdale
SHIP015773,ORD015773,Standard,DHL,2025-12-31,2,Syracuse
SHIP015774,ORD015774,Same-Day,DHL,2025-06-06,6,Orlando
SHIP015775,ORD015775,Standard,Delhivery,2026-04-11,2,Pittsburgh
SHIP015776,ORD015776,Standard,BlueDart,2020-03-14,4,Denver
SHIP015777,ORD015777,Express,IndiaPost,2024-04-05,2,Pittsburgh
SHIP015778,ORD015778,Standard,IndiaPost,2026-01-06,3,Miami
SHIP015779,ORD015779,Same-Day,DHL,2026-07-30,2,Athens
SHIP015781,ORD015781,Standard,DHL,2026-06-03,9,Springfield
SHIP015782,ORD015782,Express,Delhivery,2023-09-02,5,Worcester
SHIP015783,ORD015783,Economy,Delhivery,2026-01-06,9,Springfield
SHIP015786,ORD015786,Standard,FedEx,2023-04-07,1,Macon
SHIP015787,ORD015787,Standard,UPS,2024-08-09,5,Pittsburgh
SHIP015788,ORD015788,Standard,FedEx,2025-09-12,5,Erie
SHIP015789,ORD015789,Standard,DHL,2026-05-08,6,Jacksonville
SHIP015790,ORD015790,Same-Day,Delhivery,2021-12-10,7,Mesa
SHIP015791,ORD015791,Standard,IndiaPost,2025-10-26,9,Syracuse
SHIP015792,ORD015792,Standard,BlueDart,2025-07-07,5,Allentown
SHIP015794,ORD015794,Express,DHL,2021-03-15,7,Macon
SHIP015795,ORD015795,Standard,Delhivery,2024-01-12,5,Buffalo
SHIP015796,ORD015796,Standard,Delhivery,2025-09-16,5,Peoria
SHIP015797,ORD015797,Standard,IndiaPost,2022-04-16,8,Durham
SHIP015798,ORD015798,Standard,BlueDart,2026-07-06,1,Augusta
SHIP015799,ORD015799,Standard,Delhivery,2022-04-28,6,Boston
SHIP015800,ORD015800,Same-Day,FedEx,2025-08-10,3,Erie
SHIP015801,ORD015801,Express,Delhivery,2022-01-04,7,Reading
SHIP015803,ORD015803,Standard,UPS,2023-02-10,5,Miami
SHIP015804,ORD015804,Express,FedEx,2022-09-30,2,Greensboro
SHIP015805,ORD015805,Standard,FedEx,2025-04-14,2,Trenton
SHIP015806,ORD015806,Standard,UPS,2026-01-06,6,Winston-Salem
SHIP015807,ORD015807,Same-Day,FedEx,2024-09-24,7,New York City
SHIP015808,ORD015808,Same-Day,DHL,2023-06-28,6,Pittsburgh
SHIP015809,ORD015809,Standard,Delhivery,2023-02-13,9,Buffalo
SHIP015810,ORD015810,Express,DHL,2024-10-02,3,Savannah
SHIP015811,ORD015811,Standard,IndiaPost,2026-07-26,5,Erie
SHIP015812,ORD015812,Standard,IndiaPost,2026-07-30,9,Reading
SHIP015813,ORD015813,Same-Day,DHL,2025-07-31,7,Chandler
SHIP015814,ORD015814,Express,UPS,2025-11-18,7,Augusta
SHIP015815,ORD015815,Express,IndiaPost,2025-10-27,5,Orlando
SHIP015816,ORD015816,Standard,FedEx,2026-07-10,5,Savannah
SHIP015818,ORD015818,Standard,Delhivery,2022-05-08,6,Tacoma
SHIP015819,ORD015819,Same-Day,BlueDart,2026-06-19,9,Atlanta
SHIP015820,ORD015820,Express,FedEx,2024-07-30,4,Trenton
SHIP015821,ORD015821,Express,DHL,2025-09-18,8,Tucson
SHIP015822,ORD015822,Express,FedEx,2022-04-27,5,Austin
SHIP015823,ORD015823,Express,Delhivery,2025-06-06,7,Augusta
SHIP015825,ORD015825,Standard,FedEx,2024-08-21,4,Raleigh
SHIP015826,ORD015826,Economy,UPS,2026-01-03,6,San Diego
SHIP015828,ORD015828,Same-Day,DHL,2022-05-22,5,Greensboro
SHIP015829,ORD015829,Standard,UPS,2024-11-10,8,Durham
SHIP015830,ORD015830,Standard,BlueDart,2023-02-07,2,Philadelphia
SHIP015831,ORD015831,Express,UPS,2026-05-26,8,Flint
SHIP015832,ORD015832,Express,IndiaPost,2025-08-23,4,Seattle
SHIP015833,ORD015833,Express,IndiaPost,2026-04-07,6,Ann Arbor
SHIP015834,ORD015834,Standard,BlueDart,2024-02-10,4,Miami
SHIP015835,ORD015835,Standard,DHL,2026-03-07,6,Trenton
SHIP015836,ORD015836,Economy,DHL,2026-04-06,8,Peoria
SHIP015837,ORD015837,Standard,IndiaPost,2022-03-30,6,Tacoma
SHIP015839,ORD015839,Standard,UPS,2025-05-05,6,Worcester
SHIP015840,ORD015840,Standard,DHL,2024-09-17,5,Spokane
SHIP015841,ORD015841,Standard,DHL,2025-11-12,1,Dallas
SHIP015842,ORD015842,Express,BlueDart,2025-11-10,4,Ann Arbor
SHIP015843,ORD015843,Economy,UPS,2025-07-14,9,Peoria
SHIP015845,ORD015845,Express,Delhivery,2022-08-17,2,Raleigh
SHIP015846,ORD015846,Standard,IndiaPost,2026-07-29,2,Charlotte
SHIP015847,ORD015847,Same-Day,DHL,2026-04-02,1,Cincinnati
SHIP015848,ORD015848,Express,UPS,2022-05-24,2,Scottsdale
SHIP015849,ORD015849,Standard,BlueDart,2023-10-21,4,Miami
SHIP015850,ORD015850,Standard,FedEx,2025-08-31,4,Raleigh
SHIP015851,ORD015851,Same-Day,UPS,2024-10-28,3,Newark
SHIP015852,ORD015852,Standard,IndiaPost,2025-11-24,7,Everett
SHIP015853,ORD015853,Express,UPS,2021-07-11,8,Grand Rapids
SHIP015854,ORD015854,Standard,IndiaPost,2025-08-22,8,Naperville
SHIP015855,ORD015855,Economy,FedEx,2021-09-04,5,Chandler
SHIP015856,ORD015856,Standard,BlueDart,2026-05-31,8,Atlanta
SHIP015857,ORD015857,Standard,Delhivery,2025-02-11,4,Everett
SHIP015858,ORD015858,Express,UPS,2024-04-21,7,Atlanta
SHIP015859,ORD015859,Express,IndiaPost,2025-11-25,8,Tucson
SHIP015861,ORD015861,Economy,UPS,2025-08-09,9,Reading
SHIP015862,ORD015862,Standard,UPS,2022-10-18,8,Colorado Springs
SHIP015863,ORD015863,Standard,DHL,2025-12-10,1,Detroit
SHIP015864,ORD015864,Express,Delhivery,2024-05-22,2,San Jose
SHIP015865,ORD015865,Standard,UPS,2026-05-15,2,Winston-Salem
SHIP015866,ORD015866,Standard,Delhivery,2024-09-10,9,Columbus
SHIP015867,ORD015867,Standard,BlueDart,2024-12-18,2,Newark
SHIP015868,ORD015868,Express,DHL,2023-07-03,5,Pittsburgh
SHIP015869,ORD015869,Economy,FedEx,2024-04-09,7,Elizabeth
SHIP015870,ORD015870,Standard,UPS,2026-07-06,7,Sacramento
SHIP015871,ORD015871,Express,FedEx,2026-07-23,9,Fort Worth
SHIP015872,ORD015872,Express,UPS,2025-12-11,4,Mesa
SHIP015873,ORD015873,Standard,UPS,2023-11-23,5,San Antonio
SHIP015874,ORD015874,Express,Delhivery,2025-10-09,7,Paterson
SHIP015875,ORD015875,Same-Day,UPS,2024-01-23,3,Syracuse
SHIP015877,ORD015877,Express,UPS,2025-04-27,4,Elizabeth
SHIP015878,ORD015878,Standard,IndiaPost,2021-12-31,2,San Francisco
SHIP015879,ORD015879,Same-Day,Delhivery,2026-06-05,8,Sacramento
SHIP015880,ORD015880,Standard,Delhivery,2026-02-03,3,Columbus
SHIP015881,ORD015881,Same-Day,Delhivery,2025-06-17,8,Seattle
SHIP015882,ORD015882,Standard,DHL,2026-04-29,9,Columbus
SHIP015883,ORD015883,Same-Day,BlueDart,2022-09-19,8,Fort Lauderdale
SHIP015884,ORD015884,Economy,DHL,2024-02-08,6,Boulder
SHIP015885,ORD015885,Express,BlueDart,2026-03-06,7,Winston-Salem
SHIP015886,ORD015886,Standard,BlueDart,2024-12-13,9,Springfield
SHIP015887,ORD015887,Standard,DHL,2025-08-07,3,Philadelphia
SHIP015888,ORD015888,Standard,UPS,2021-09-18,9,Reading
SHIP015889,ORD015889,Express,Delhivery,2020-03-16,1,Buffalo
SHIP015891,ORD015891,Economy,BlueDart,2021-10-27,4,Cincinnati
SHIP015893,ORD015893,Standard,UPS,2025-06-20,5,Worcester
SHIP015894,ORD015894,Standard,UPS,2024-02-11,4,Tacoma
SHIP015895,ORD015895,Express,BlueDart,2023-09-03,3,Scottsdale
SHIP015896,ORD015896,Same-Day,Delhivery,2025-01-13,4,Fort Collins
SHIP015897,ORD015897,Standard,FedEx,2022-09-01,7,Akron
SHIP015898,ORD015898,Express,IndiaPost,2026-06-06,7,Buffalo
SHIP015899,ORD015899,Standard,Delhivery,2026-07-08,4,Fort Lauderdale
SHIP015900,ORD015900,Standard,UPS,2025-07-29,6,Albany
SHIP015901,ORD015901,Standard,DHL,2026-06-22,4,Rockford
SHIP015903,ORD015903,Standard,IndiaPost,2025-09-18,6,New York City
SHIP015905,ORD015905,Express,DHL,2023-08-06,2,Flint
SHIP015906,ORD015906,Express,FedEx,2023-11-03,3,Colorado Springs
SHIP015908,ORD015908,Express,IndiaPost,2023-11-09,4,Athens
SHIP015909,ORD015909,Economy,BlueDart,2023-08-22,9,Toledo
SHIP015911,ORD015911,Same-Day,FedEx,2026-06-22,1,Pittsburgh
SHIP015912,ORD015912,Standard,FedEx,2023-08-29,9,Chicago
SHIP015913,ORD015913,Standard,BlueDart,2025-09-07,8,Chicago
SHIP015914,ORD015914,Express,DHL,2024-03-18,6,Austin
SHIP015915,ORD015915,Standard,Delhivery,2026-07-09,6,Macon
SHIP015916,ORD015916,Express,DHL,2026-03-06,4,Ann Arbor
SHIP015917,ORD015917,Standard,FedEx,2026-08-02,4,Philadelphia
SHIP015918,ORD015918,Express,DHL,2026-06-02,4,Spokane
SHIP015919,ORD015919,Standard,UPS,2026-03-13,2,Flint
SHIP015920,ORD015920,Standard,UPS,2020-10-25,7,Albany
SHIP015921,ORD015921,Economy,FedEx,2023-05-22,2,Athens
SHIP015922,ORD015922,Same-Day,FedEx,2025-08-13,4,Fort Collins
SHIP015923,ORD015923,Express,UPS,2026-07-21,9,Jersey City
SHIP015924,ORD015924,Standard,DHL,2025-03-30,1,Sacramento
SHIP015925,ORD015925,Express,BlueDart,2024-07-28,1,Scottsdale
SHIP015927,ORD015927,Express,BlueDart,2022-02-04,5,Mesa
SHIP015928,ORD015928,Economy,Delhivery,2025-03-16,6,Tucson
SHIP015929,ORD015929,Economy,BlueDart,2026-01-15,9,San Antonio
SHIP015931,ORD015931,Express,IndiaPost,2026-06-28,2,Tucson
SHIP015932,ORD015932,Express,UPS,2023-11-09,5,Flint
SHIP015934,ORD015934,Standard,FedEx,2023-05-24,6,Jacksonville
SHIP015935,ORD015935,Standard,DHL,2026-04-23,9,Charlotte
SHIP015936,ORD015936,Standard,FedEx,2024-10-24,6,Winston-Salem
SHIP015937,ORD015937,Standard,IndiaPost,2022-11-24,3,Houston
SHIP015939,ORD015939,Standard,DHL,2024-07-04,9,Pittsburgh
SHIP015940,ORD015940,Standard,BlueDart,2024-09-20,9,Orlando
SHIP015941,ORD015941,Economy,UPS,2025-12-28,6,Allentown
SHIP015943,ORD015943,Standard,FedEx,2024-04-20,4,Toledo
SHIP015944,ORD015944,Standard,DHL,2026-07-31,4,Boulder
SHIP015945,ORD015945,Standard,DHL,2025-09-25,7,Cleveland
SHIP015946,ORD015946,Standard,BlueDart,2024-04-29,2,Rockford
SHIP015947,ORD015947,Express,BlueDart,2025-11-27,9,Springfield
SHIP015948,ORD015948,Standard,DHL,2026-05-31,4,Mesa
SHIP015950,ORD015950,Standard,Delhivery,2025-11-21,1,Rochester
SHIP015951,ORD015951,Express,DHL,2026-05-17,1,Rochester
SHIP015952,ORD015952,Standard,Delhivery,2025-08-23,2,Fort Worth
SHIP015953,ORD015953,Standard,IndiaPost,2026-06-16,7,San Antonio
SHIP015954,ORD015954,Same-Day,UPS,2022-04-26,8,Pittsburgh
SHIP015955,ORD015955,Same-Day,FedEx,2026-05-13,3,Spokane
SHIP015956,ORD015956,Standard,UPS,2022-07-13,8,Cambridge
SHIP015957,ORD015957,Same-Day,IndiaPost,2020-12-08,5,Scottsdale
SHIP015959,ORD015959,Standard,BlueDart,2025-03-02,6,Worcester
SHIP015961,ORD015961,Standard,FedEx,2022-03-25,5,Houston
SHIP015962,ORD015962,Standard,IndiaPost,2025-11-26,2,Chandler
SHIP015963,ORD015963,Standard,UPS,2026-03-31,4,Grand Rapids
SHIP015964,ORD015964,Economy,UPS,2025-12-17,7,Akron
SHIP015965,ORD015965,Standard,FedEx,2025-10-24,4,New York City
SHIP015966,ORD015966,Standard,UPS,2025-03-26,4,San Antonio
SHIP015967,ORD015967,Standard,Delhivery,2025-10-29,5,Pittsburgh
SHIP015968,ORD015968,Express,IndiaPost,2021-06-17,6,Tampa
SHIP015969,ORD015969,Express,FedEx,2021-03-03,4,Naperville
SHIP015970,ORD015970,Standard,IndiaPost,2025-02-28,4,Jacksonville
SHIP015971,ORD015971,Standard,BlueDart,2023-02-02,9,Reading
SHIP015972,ORD015972,Standard,UPS,2026-05-09,1,Aurora
SHIP015974,ORD015974,Standard,BlueDart,2025-11-01,5,Winston-Salem
SHIP015975,ORD015975,Standard,FedEx,2023-11-17,8,Denver
SHIP015977,ORD015977,Standard,Delhivery,2026-04-24,4,San Antonio
SHIP015978,ORD015978,Standard,FedEx,2023-05-14,7,Philadelphia
SHIP015979,ORD015979,Standard,Delhivery,2023-04-25,9,Greensboro
SHIP015980,ORD015980,Standard,UPS,2024-05-27,7,Scottsdale
SHIP015981,ORD015981,Standard,UPS,2023-09-11,3,San Jose
SHIP015982,ORD015982,Express,BlueDart,2024-01-07,9,Buffalo
SHIP015983,ORD015983,Express,IndiaPost,2026-05-06,6,Aurora
SHIP015984,ORD015984,Standard,FedEx,2026-07-18,2,Tacoma
SHIP015985,ORD015985,Express,IndiaPost,2025-05-28,9,Athens
SHIP015986,ORD015986,Standard,DHL,2025-06-05,2,Fort Lauderdale
SHIP015987,ORD015987,Standard,BlueDart,2026-07-27,4,Erie
SHIP015988,ORD015988,Standard,UPS,2025-08-24,8,Fort Collins
SHIP015989,ORD015989,Standard,DHL,2026-01-12,4,Toledo
SHIP015991,ORD015991,Standard,FedEx,2022-10-27,2,Bellevue
SHIP015992,ORD015992,Same-Day,UPS,2026-04-29,9,Reading
SHIP015993,ORD015993,Standard,DHL,2024-01-01,4,Cleveland
SHIP015994,ORD015994,Standard,DHL,2024-07-13,9,Fort Lauderdale
SHIP015995,ORD015995,Standard,BlueDart,2024-07-16,7,Detroit
SHIP015996,ORD015996,Standard,IndiaPost,2024-04-10,3,Fort Worth
SHIP015997,ORD015997,Same-Day,DHL,2022-01-13,8,Los Angeles
SHIP015998,ORD015998,Same-Day,IndiaPost,2024-12-29,3,Sacramento
SHIP016000,ORD016000,Standard,IndiaPost,2026-02-13,6,Detroit
SHIP016001,ORD016001,Standard,BlueDart,2023-10-17,4,Raleigh
SHIP016002,ORD016002,Standard,DHL,2024-05-04,5,Augusta
SHIP016003,ORD016003,Express,FedEx,2022-06-22,3,Ann Arbor
SHIP016004,ORD016004,Standard,IndiaPost,2025-09-13,5,Columbus
SHIP016006,ORD016006,Standard,Delhivery,2025-08-03,9,Augusta
SHIP016007,ORD016007,Economy,FedEx,2022-08-28,1,Columbus
SHIP016008,ORD016008,Standard,BlueDart,2020-08-14,8,Reading
SHIP016009,ORD016009,Standard,DHL,2025-04-20,7,Toledo
SHIP016011,ORD016011,Standard,IndiaPost,2025-07-13,3,Trenton
SHIP016012,ORD016012,Standard,UPS,2024-12-15,5,Flint
SHIP016014,ORD016014,Standard,DHL,2025-04-22,5,Phoenix
SHIP016015,ORD016015,Standard,DHL,2026-02-16,8,Charlotte
SHIP016016,ORD016016,Same-Day,Delhivery,2025-12-12,8,Augusta
SHIP016017,ORD016017,Standard,Delhivery,2025-01-09,6,Tampa
SHIP016018,ORD016018,Standard,Delhivery,2025-10-21,5,Rochester
SHIP016019,ORD016019,Standard,FedEx,2021-11-02,1,Buffalo
SHIP016020,ORD016020,Express,BlueDart,2024-11-01,3,Fort Lauderdale
SHIP016021,ORD016021,Standard,FedEx,2022-12-08,9,Akron
SHIP016022,ORD016022,Standard,UPS,2023-09-18,9,Columbus
SHIP016023,ORD016023,Economy,UPS,2026-06-23,2,Boston
SHIP016024,ORD016024,Express,Delhivery,2025-09-10,6,Philadelphia
SHIP016025,ORD016025,Same-Day,FedEx,2026-05-13,8,Rochester
SHIP016026,ORD016026,Standard,IndiaPost,2019-12-23,2,Boston
SHIP016027,ORD016027,Standard,FedEx,2025-11-07,7,Cleveland
SHIP016028,ORD016028,Economy,Delhivery,2021-03-13,7,Denver
SHIP016029,ORD016029,Express,IndiaPost,2022-03-16,8,Charlotte
SHIP016030,ORD016030,Standard,Delhivery,2022-06-20,5,Grand Rapids
SHIP016032,ORD016032,Express,FedEx,2025-06-13,3,Miami
SHIP016033,ORD016033,Express,BlueDart,2021-07-22,5,Philadelphia
SHIP016034,ORD016034,Express,Delhivery,2021-12-23,6,Boston
SHIP016036,ORD016036,Standard,UPS,2020-12-21,8,Atlanta
SHIP016039,ORD016039,Express,UPS,2024-02-12,1,Worcester
SHIP016040,ORD016040,Express,FedEx,2026-07-21,8,Atlanta
SHIP016041,ORD016041,Express,FedEx,2022-08-05,9,Lansing
SHIP016042,ORD016042,Express,FedEx,2026-06-27,8,Peoria
SHIP016043,ORD016043,Same-Day,BlueDart,2024-04-09,7,Erie
SHIP016044,ORD016044,Standard,IndiaPost,2022-10-21,7,Atlanta
SHIP016045,ORD016045,Standard,BlueDart,2026-03-04,5,San Francisco
SHIP016046,ORD016046,Economy,UPS,2025-03-04,5,Pittsburgh
SHIP016047,ORD016047,Standard,Delhivery,2026-02-24,7,Chandler
SHIP016048,ORD016048,Standard,DHL,2023-12-09,7,Boston
SHIP016049,ORD016049,Standard,DHL,2024-07-19,5,Greensboro
SHIP016051,ORD016051,Standard,IndiaPost,2025-12-07,6,Mesa
SHIP016052,ORD016052,Express,IndiaPost,2023-01-12,9,Erie
SHIP016053,ORD016053,Standard,UPS,2020-07-09,2,Flint
SHIP016055,ORD016055,Express,FedEx,2025-04-11,7,Cincinnati
SHIP016056,ORD016056,Standard,FedEx,2021-01-29,6,Denver
SHIP016057,ORD016057,Economy,Delhivery,2023-07-22,2,San Diego
SHIP016058,ORD016058,Economy,UPS,2023-07-28,3,Chicago
SHIP016059,ORD016059,Standard,FedEx,2026-07-12,5,Los Angeles
SHIP016060,ORD016060,Express,IndiaPost,2025-07-31,2,Fort Lauderdale
SHIP016061,ORD016061,Standard,UPS,2024-07-29,4,Fort Worth
SHIP016062,ORD016062,Standard,UPS,2026-05-21,2,Phoenix
SHIP016063,ORD016063,Express,FedEx,2026-01-04,2,Ann Arbor
SHIP016065,ORD016065,Same-Day,IndiaPost,2021-01-08,6,Philadelphia
SHIP016066,ORD016066,Express,DHL,2025-06-25,6,Naperville
SHIP016067,ORD016067,Same-Day,DHL,2025-09-11,3,San Jose
SHIP016068,ORD016068,Standard,IndiaPost,2025-07-06,2,Paterson
SHIP016069,ORD016069,Express,BlueDart,2026-08-02,4,Winston-Salem
SHIP016070,ORD016070,Standard,BlueDart,2025-07-23,9,Seattle
SHIP016071,ORD016071,Same-Day,BlueDart,2023-02-26,9,Springfield
SHIP016072,ORD016072,Economy,BlueDart,2024-02-01,3,Greensboro
SHIP016074,ORD016074,Express,DHL,2026-07-21,3,Toledo
SHIP016075,ORD016075,Standard,Delhivery,2024-12-06,4,Atlanta
SHIP016076,ORD016076,Standard,Delhivery,2026-07-05,9,Lowell
SHIP016077,ORD016077,Standard,FedEx,2025-12-13,2,San Jose
SHIP016079,ORD016079,Economy,DHL,2023-07-23,2,Orlando
SHIP016080,ORD016080,Express,IndiaPost,2022-12-04,4,Chicago
SHIP016082,ORD016082,Same-Day,FedEx,2025-12-12,2,Syracuse
SHIP016083,ORD016083,Standard,FedEx,2026-03-25,7,Tucson
SHIP016085,ORD016085,Economy,BlueDart,2025-10-31,2,Winston-Salem
SHIP016086,ORD016086,Standard,Delhivery,2022-08-28,3,Bellevue
SHIP016088,ORD016088,Standard,UPS,2024-08-30,1,Cambridge
SHIP016089,ORD016089,Express,DHL,2025-06-18,4,Chandler
SHIP016090,ORD016090,Standard,DHL,2024-06-18,7,Albany
SHIP016091,ORD016091,Standard,DHL,2025-09-02,7,Jacksonville
SHIP016092,ORD016092,Standard,BlueDart,2019-08-31,1,Augusta
SHIP016093,ORD016093,Same-Day,DHL,2026-04-10,5,Colorado Springs
SHIP016094,ORD016094,Standard,DHL,2026-04-03,4,Boulder
SHIP016095,ORD016095,Same-Day,IndiaPost,2025-07-22,9,Columbus
SHIP016096,ORD016096,Standard,BlueDart,2026-01-11,6,Toledo
SHIP016098,ORD016098,Standard,Delhivery,2025-09-05,5,Bellevue
SHIP016099,ORD016099,Express,FedEx,2025-03-27,9,Trenton
SHIP016101,ORD016101,Standard,BlueDart,2026-03-09,2,Paterson
SHIP016102,ORD016102,Standard,FedEx,2026-07-11,4,Tampa
SHIP016103,ORD016103,Same-Day,Delhivery,2026-07-12,3,Rockford
SHIP016104,ORD016104,Express,DHL,2024-12-24,9,Tampa
SHIP016105,ORD016105,Standard,DHL,2024-07-01,4,Lowell
SHIP016106,ORD016106,Standard,BlueDart,2024-06-25,6,Rockford
SHIP016107,ORD016107,Express,FedEx,2026-01-01,1,Albany
SHIP016108,ORD016108,Standard,Delhivery,2024-09-17,2,Syracuse
SHIP016110,ORD016110,Standard,Delhivery,2025-09-21,2,Rochester
SHIP016111,ORD016111,Standard,Delhivery,2026-05-23,6,Elizabeth
SHIP016112,ORD016112,Standard,BlueDart,2025-04-15,6,Erie
SHIP016113,ORD016113,Economy,FedEx,2023-10-30,6,Bellevue
SHIP016114,ORD016114,Standard,DHL,2025-08-18,7,San Antonio
SHIP016115,ORD016115,Standard,Delhivery,2025-10-13,4,Atlanta
SHIP016116,ORD016116,Standard,IndiaPost,2025-05-31,2,Phoenix
SHIP016118,ORD016118,Standard,FedEx,2024-04-12,2,Denver
SHIP016119,ORD016119,Express,BlueDart,2023-07-08,9,Philadelphia
SHIP016120,ORD016120,Express,Delhivery,2023-05-22,4,Fort Worth
SHIP016121,ORD016121,Standard,FedEx,2021-10-16,4,Durham
SHIP016122,ORD016122,Standard,Delhivery,2023-04-19,6,Cleveland
SHIP016123,ORD016123,Economy,BlueDart,2026-04-13,2,Fort Lauderdale
SHIP016124,ORD016124,Same-Day,BlueDart,2023-08-23,9,Chicago
SHIP016125,ORD016125,Express,FedEx,2024-08-27,9,Syracuse
SHIP016126,ORD016126,Same-Day,BlueDart,2021-10-21,8,Toledo
SHIP016127,ORD016127,Express,UPS,2025-05-22,6,San Jose
SHIP016128,ORD016128,Same-Day,Delhivery,2025-06-26,5,Boston
SHIP016129,ORD016129,Express,Delhivery,2025-07-18,1,Winston-Salem
SHIP016130,ORD016130,Economy,FedEx,2025-08-10,4,Paterson
SHIP016131,ORD016131,Economy,BlueDart,2026-07-09,4,Detroit
SHIP016132,ORD016132,Express,IndiaPost,2023-01-02,5,Flint
SHIP016134,ORD016134,Standard,FedEx,2025-07-07,9,Pittsburgh
SHIP016135,ORD016135,Standard,UPS,2026-05-03,4,Jersey City
SHIP016136,ORD016136,Standard,BlueDart,2022-11-01,3,Fort Collins
SHIP016137,ORD016137,Standard,FedEx,2024-10-03,7,Toledo
SHIP016138,ORD016138,Standard,UPS,2025-11-03,5,Reading
SHIP016140,ORD016140,Express,IndiaPost,2021-04-11,6,Augusta
SHIP016141,ORD016141,Standard,Delhivery,2026-05-29,3,Aurora
SHIP016142,ORD016142,Express,DHL,2026-04-21,4,Allentown
SHIP016143,ORD016143,Standard,BlueDart,2025-12-22,9,Greensboro
SHIP016146,ORD016146,Standard,IndiaPost,2026-07-18,2,Fort Worth
SHIP016147,ORD016147,Economy,UPS,2020-08-26,8,Lowell
SHIP016148,ORD016148,Express,UPS,2025-03-18,5,Cleveland
SHIP016149,ORD016149,Standard,DHL,2024-04-20,1,Trenton
SHIP016150,ORD016150,Express,BlueDart,2024-03-01,2,Seattle
SHIP016151,ORD016151,Standard,IndiaPost,2025-02-07,9,Orlando
SHIP016152,ORD016152,Standard,Delhivery,2026-06-07,7,Fort Worth
SHIP016153,ORD016153,Economy,IndiaPost,2026-05-05,1,Springfield
SHIP016154,ORD016154,Standard,Delhivery,2026-02-04,7,Albany
SHIP016155,ORD016155,Express,BlueDart,2026-03-14,2,Paterson
SHIP016156,ORD016156,Standard,UPS,2022-05-10,7,Boston
SHIP016157,ORD016157,Standard,DHL,2025-08-18,4,Cambridge
SHIP016158,ORD016158,Standard,UPS,2023-11-05,7,Winston-Salem
SHIP016160,ORD016160,Standard,BlueDart,2026-05-26,8,Scottsdale
SHIP016162,ORD016162,Standard,IndiaPost,2022-06-30,5,Raleigh
SHIP016163,ORD016163,Standard,FedEx,2022-10-31,8,Springfield
SHIP016164,ORD016164,Same-Day,FedEx,2024-10-23,9,Everett
SHIP016165,ORD016165,Standard,DHL,2022-09-04,2,Boston
SHIP016166,ORD016166,Standard,Delhivery,2025-02-06,2,Charlotte
SHIP016167,ORD016167,Standard,Delhivery,2025-10-04,3,Miami
SHIP016168,ORD016168,Standard,Delhivery,2024-07-22,1,Toledo
SHIP016169,ORD016169,Express,IndiaPost,2026-01-03,8,Denver
SHIP016170,ORD016170,Express,UPS,2026-03-21,5,Miami
SHIP016171,ORD016171,Standard,DHL,2026-02-25,6,Philadelphia
SHIP016172,ORD016172,Economy,IndiaPost,2026-07-17,3,Mesa
SHIP016173,ORD016173,Standard,BlueDart,2025-06-14,9,Worcester
SHIP016174,ORD016174,Same-Day,FedEx,2024-06-26,3,Orlando
SHIP016177,ORD016177,Standard,UPS,2024-07-13,4,Austin
SHIP016178,ORD016178,Standard,DHL,2026-04-10,7,Tampa
SHIP016179,ORD016179,Same-Day,BlueDart,2023-10-12,7,New York City
SHIP016180,ORD016180,Economy,Delhivery,2025-07-18,7,Rockford
SHIP016181,ORD016181,Express,UPS,2024-08-31,5,Scottsdale
SHIP016183,ORD016183,Standard,UPS,2024-08-13,3,New York City
SHIP016184,ORD016184,Economy,UPS,2021-05-02,5,Seattle
SHIP016185,ORD016185,Same-Day,BlueDart,2025-11-11,6,Syracuse
SHIP016188,ORD016188,Standard,IndiaPost,2026-06-18,9,Allentown
SHIP016189,ORD016189,Standard,BlueDart,2026-07-28,6,Fort Collins
SHIP016190,ORD016190,Express,DHL,2024-12-03,8,Savannah
SHIP016191,ORD016191,Express,BlueDart,2024-12-17,1,Seattle
SHIP016192,ORD016192,Standard,DHL,2024-11-19,6,New York City
SHIP016193,ORD016193,Standard,UPS,2022-06-01,9,San Antonio
SHIP016195,ORD016195,Same-Day,Delhivery,2024-02-12,5,New York City
SHIP016197,ORD016197,Same-Day,IndiaPost,2020-03-21,6,Orlando
SHIP016198,ORD016198,Economy,IndiaPost,2025-08-30,8,Cincinnati
SHIP016199,ORD016199,Standard,UPS,2025-11-19,9,Phoenix
SHIP016200,ORD016200,Express,UPS,2026-05-21,5,Mesa
SHIP016201,ORD016201,Standard,BlueDart,2026-02-01,3,Augusta
SHIP016202,ORD016202,Standard,DHL,2024-09-08,8,Fort Worth
SHIP016203,ORD016203,Express,Delhivery,2022-01-07,3,Rochester
SHIP016204,ORD016204,Standard,BlueDart,2025-12-08,2,Jacksonville
SHIP016205,ORD016205,Standard,UPS,2026-03-13,8,Orlando
SHIP016206,ORD016206,Same-Day,UPS,2021-04-06,7,Peoria
SHIP016207,ORD016207,Standard,BlueDart,2026-03-04,6,San Diego
SHIP016208,ORD016208,Standard,FedEx,2026-07-25,3,Atlanta
SHIP016209,ORD016209,Economy,Delhivery,2023-03-06,3,Charlotte
SHIP016210,ORD016210,Standard,Delhivery,2025-11-12,9,Scottsdale
SHIP016211,ORD016211,Standard,UPS,2026-06-24,1,Akron
SHIP016212,ORD016212,Standard,BlueDart,2026-02-12,8,Athens
SHIP016213,ORD016213,Standard,BlueDart,2022-07-18,3,Everett
SHIP016214,ORD016214,Same-Day,UPS,2026-05-18,4,Albany
SHIP016215,ORD016215,Express,DHL,2026-06-27,6,Boulder
SHIP016216,ORD016216,Same-Day,IndiaPost,2026-08-08,9,Peoria
SHIP016217,ORD016217,Same-Day,Delhivery,2024-10-28,5,Lansing
SHIP016218,ORD016218,Standard,DHL,2025-09-29,4,Naperville
SHIP016220,ORD016220,Standard,BlueDart,2024-10-30,6,Chicago
SHIP016221,ORD016221,Standard,UPS,2025-12-15,2,Ann Arbor
SHIP016222,ORD016222,Economy,BlueDart,2026-04-11,4,Dallas
SHIP016223,ORD016223,Same-Day,Delhivery,2024-11-02,4,Sacramento
SHIP016224,ORD016224,Standard,DHL,2024-10-24,9,Fort Collins
SHIP016225,ORD016225,Standard,IndiaPost,2025-04-14,2,Greensboro
SHIP016226,ORD016226,Standard,DHL,2024-07-15,6,Savannah
SHIP016227,ORD016227,Same-Day,DHL,2023-12-17,4,Allentown
SHIP016228,ORD016228,Standard,UPS,2023-12-21,6,Syracuse
SHIP016229,ORD016229,Standard,Delhivery,2024-06-29,8,Ann Arbor
SHIP016231,ORD016231,Same-Day,Delhivery,2025-10-03,9,Toledo
SHIP016232,ORD016232,Express,Delhivery,2026-06-08,6,Spokane
SHIP016234,ORD016234,Economy,UPS,2025-06-25,8,Springfield
SHIP016235,ORD016235,Economy,BlueDart,2026-08-06,8,Tucson
SHIP016236,ORD016236,Standard,UPS,2026-04-07,4,Denver
SHIP016237,ORD016237,Express,BlueDart,2025-08-09,3,Sacramento
SHIP016238,ORD016238,Same-Day,IndiaPost,2023-12-13,8,Cincinnati
SHIP016239,ORD016239,Same-Day,FedEx,2026-07-12,9,Cambridge
SHIP016240,ORD016240,Standard,FedEx,2025-10-26,6,Miami
SHIP016241,ORD016241,Standard,BlueDart,2025-11-16,8,Syracuse
SHIP016243,ORD016243,Express,DHL,2023-01-19,4,Fort Worth
SHIP016244,ORD016244,Standard,UPS,2023-04-12,4,Orlando
SHIP016245,ORD016245,Standard,IndiaPost,2026-04-11,1,Fort Collins
SHIP016246,ORD016246,Standard,IndiaPost,2021-01-08,1,Reading
SHIP016247,ORD016247,Economy,FedEx,2024-08-15,4,San Francisco
SHIP016250,ORD016250,Standard,IndiaPost,2023-09-08,3,San Antonio
SHIP016252,ORD016252,Standard,FedEx,2026-07-22,7,Dallas
SHIP016253,ORD016253,Standard,DHL,2026-02-25,9,Cleveland
SHIP016254,ORD016254,Standard,UPS,2025-08-08,3,Mesa
SHIP016255,ORD016255,Economy,BlueDart,2024-06-23,3,Toledo
SHIP016256,ORD016256,Standard,DHL,2026-03-18,6,Orlando
SHIP016257,ORD016257,Same-Day,BlueDart,2021-05-02,1,Toledo
SHIP016258,ORD016258,Express,IndiaPost,2024-11-21,4,Newark
SHIP016259,ORD016259,Standard,Delhivery,2022-10-18,1,Austin
SHIP016261,ORD016261,Express,IndiaPost,2025-08-06,7,Chicago
SHIP016262,ORD016262,Express,UPS,2025-06-19,9,Orlando
SHIP016263,ORD016263,Same-Day,BlueDart,2024-11-10,8,Denver
SHIP016264,ORD016264,Standard,IndiaPost,2026-05-18,7,Allentown
SHIP016265,ORD016265,Standard,FedEx,2024-08-18,1,Charlotte
SHIP016266,ORD016266,Standard,UPS,2024-10-09,9,Denver
SHIP016267,ORD016267,Express,FedEx,2025-12-11,6,Boulder
SHIP016268,ORD016268,Standard,FedEx,2024-09-04,3,Springfield
SHIP016269,ORD016269,Standard,BlueDart,2024-06-30,6,Syracuse
SHIP016270,ORD016270,Same-Day,BlueDart,2022-05-26,6,Allentown
SHIP016271,ORD016271,Standard,FedEx,2024-06-01,9,Peoria
SHIP016272,ORD016272,Same-Day,IndiaPost,2026-01-24,9,Winston-Salem
SHIP016273,ORD016273,Economy,Delhivery,2025-07-15,7,Raleigh
SHIP016274,ORD016274,Standard,DHL,2021-08-28,5,New York City
SHIP016276,ORD016276,Standard,UPS,2024-05-19,2,Philadelphia
SHIP016277,ORD016277,Standard,UPS,2026-04-13,7,Denver
SHIP016278,ORD016278,Economy,UPS,2026-03-04,4,Springfield
SHIP016279,ORD016279,Same-Day,UPS,2024-08-29,7,Philadelphia
SHIP016280,ORD016280,Standard,FedEx,2026-02-13,4,Winston-Salem
SHIP016281,ORD016281,Standard,FedEx,2022-11-16,2,Sacramento
SHIP016283,ORD016283,Express,Delhivery,2026-01-12,5,Cambridge
SHIP016284,ORD016284,Express,UPS,2025-07-24,5,Augusta
SHIP016285,ORD016285,Express,UPS,2025-05-28,2,Orlando
SHIP016287,ORD016287,Standard,BlueDart,2021-03-27,8,Greensboro
SHIP016289,ORD016289,Standard,Delhivery,2025-05-13,5,Tacoma
SHIP016290,ORD016290,Standard,DHL,2026-01-04,8,San Antonio
SHIP016291,ORD016291,Express,IndiaPost,2023-12-22,8,Chicago
SHIP016292,ORD016292,Standard,IndiaPost,2022-11-13,2,Phoenix
SHIP016293,ORD016293,Standard,Delhivery,2025-04-03,7,Cleveland
SHIP016295,ORD016295,Express,UPS,2025-08-28,2,San Jose
SHIP016296,ORD016296,Standard,IndiaPost,2022-04-13,2,Flint
SHIP016298,ORD016298,Economy,BlueDart,2023-07-07,1,Springfield
SHIP016300,ORD016300,Standard,DHL,2024-09-29,8,Springfield
SHIP016301,ORD016301,Standard,FedEx,2026-06-20,2,Los Angeles
SHIP016303,ORD016303,Express,FedEx,2024-07-26,2,Fort Lauderdale
SHIP016304,ORD016304,Standard,IndiaPost,2024-05-15,1,Rochester
SHIP016305,ORD016305,Standard,DHL,2023-11-09,6,Spokane
SHIP016306,ORD016306,Same-Day,UPS,2020-12-05,5,Cleveland
SHIP016307,ORD016307,Standard,DHL,2025-12-15,2,Boston
SHIP016308,ORD016308,Express,Delhivery,2025-04-22,6,New York City
SHIP016309,ORD016309,Standard,FedEx,2026-06-22,3,Athens
SHIP016310,ORD016310,Express,UPS,2025-06-03,7,Akron
SHIP016311,ORD016311,Express,FedEx,2023-10-11,4,Peoria
SHIP016312,ORD016312,Standard,FedEx,2024-07-15,2,Cincinnati
SHIP016313,ORD016313,Standard,BlueDart,2022-08-25,5,Reading
SHIP016314,ORD016314,Standard,IndiaPost,2023-04-07,3,Peoria
SHIP016315,ORD016315,Standard,UPS,2026-06-18,5,Atlanta
SHIP016316,ORD016316,Standard,UPS,2026-07-07,6,Dallas
SHIP016317,ORD016317,Express,DHL,2022-07-26,2,Fort Lauderdale
SHIP016318,ORD016318,Standard,Delhivery,2025-11-29,9,Springfield
SHIP016319,ORD016319,Standard,DHL,2025-11-15,1,San Jose
SHIP016320,ORD016320,Standard,IndiaPost,2021-06-22,3,Mesa
SHIP016321,ORD016321,Economy,FedEx,2022-05-07,3,Albany
SHIP016322,ORD016322,Economy,BlueDart,2025-09-06,9,Rochester
SHIP016323,ORD016323,Standard,BlueDart,2024-02-04,3,Phoenix
SHIP016325,ORD016325,Express,BlueDart,2024-07-29,4,Reading
SHIP016326,ORD016326,Standard,Delhivery,2021-06-17,4,Miami
SHIP016328,ORD016328,Standard,UPS,2022-10-09,4,Dallas
SHIP016329,ORD016329,Standard,UPS,2025-12-24,7,Rockford
SHIP016330,ORD016330,Standard,Delhivery,2026-07-09,9,Lowell
SHIP016331,ORD016331,Same-Day,Delhivery,2025-01-15,4,Jacksonville
SHIP016332,ORD016332,Standard,Delhivery,2026-06-06,8,Chicago
SHIP016334,ORD016334,Standard,DHL,2026-05-15,8,Toledo
SHIP016335,ORD016335,Standard,IndiaPost,2024-10-06,9,Chandler
SHIP016336,ORD016336,Standard,UPS,2025-11-20,8,San Diego
SHIP016337,ORD016337,Express,DHL,2025-05-17,7,Raleigh
SHIP016338,ORD016338,Standard,FedEx,2026-07-13,3,Jacksonville
SHIP016339,ORD016339,Standard,IndiaPost,2026-01-28,3,Dallas
SHIP016341,ORD016341,Economy,Delhivery,2025-04-22,1,Aurora
SHIP016342,ORD016342,Express,FedEx,2025-08-25,4,Springfield
SHIP016343,ORD016343,Express,IndiaPost,2020-04-29,9,Naperville
SHIP016344,ORD016344,Express,UPS,2024-12-01,2,Jersey City
SHIP016345,ORD016345,Economy,UPS,2025-04-24,1,Rochester
SHIP016346,ORD016346,Standard,IndiaPost,2026-06-04,7,New York City
SHIP016347,ORD016347,Standard,FedEx,2026-04-03,6,Springfield
SHIP016348,ORD016348,Express,Delhivery,2026-07-14,1,Rockford
SHIP016349,ORD016349,Standard,UPS,2023-05-07,7,Phoenix
SHIP016351,ORD016351,Economy,BlueDart,2021-01-04,2,Tacoma
SHIP016352,ORD016352,Standard,BlueDart,2026-06-24,4,Peoria
SHIP016353,ORD016353,Standard,DHL,2026-02-22,4,Austin
SHIP016354,ORD016354,Standard,BlueDart,2023-09-20,6,Dallas
SHIP016355,ORD016355,Express,FedEx,2021-08-22,6,Tampa
SHIP016356,ORD016356,Standard,UPS,2026-07-15,7,Tacoma
SHIP016357,ORD016357,Standard,BlueDart,2023-03-05,9,Winston-Salem
SHIP016358,ORD016358,Express,IndiaPost,2022-06-13,4,Toledo
SHIP016359,ORD016359,Standard,UPS,2025-01-16,5,Dallas
SHIP016360,ORD016360,Standard,UPS,2024-07-10,4,Ann Arbor
SHIP016361,ORD016361,Economy,FedEx,2025-12-03,7,Boulder
SHIP016362,ORD016362,Economy,FedEx,2023-01-28,8,Boulder
SHIP016363,ORD016363,Standard,FedEx,2024-08-22,6,Cleveland
SHIP016365,ORD016365,Economy,Delhivery,2026-06-22,3,Seattle
SHIP016367,ORD016367,Express,BlueDart,2025-07-22,1,Paterson
SHIP016368,ORD016368,Standard,FedEx,2025-03-09,8,Lowell
SHIP016369,ORD016369,Express,Delhivery,2024-12-31,9,Lansing
SHIP016370,ORD016370,Express,FedEx,2024-07-16,1,Mesa
SHIP016371,ORD016371,Express,Delhivery,2025-08-12,9,Buffalo
SHIP016372,ORD016372,Same-Day,FedEx,2022-12-09,5,Seattle
SHIP016374,ORD016374,Express,DHL,2025-01-20,1,Naperville
SHIP016375,ORD016375,Express,FedEx,2023-08-05,5,Rochester
SHIP016377,ORD016377,Economy,Delhivery,2024-01-11,3,Charlotte
SHIP016378,ORD016378,Express,UPS,2022-03-08,7,Orlando
SHIP016380,ORD016380,Standard,IndiaPost,2026-02-11,3,Boulder
SHIP016381,ORD016381,Same-Day,IndiaPost,2026-06-17,3,Tucson
SHIP016382,ORD016382,Same-Day,IndiaPost,2025-02-24,7,Bellevue
SHIP016383,ORD016383,Express,DHL,2026-05-19,2,Phoenix
SHIP016384,ORD016384,Express,FedEx,2023-12-05,1,Savannah
SHIP016385,ORD016385,Standard,Delhivery,2024-12-04,4,Allentown
SHIP016386,ORD016386,Standard,Delhivery,2023-06-19,7,Buffalo
SHIP016387,ORD016387,Standard,Delhivery,2025-12-22,7,Raleigh
SHIP016388,ORD016388,Standard,FedEx,2026-07-19,6,Tacoma
SHIP016389,ORD016389,Same-Day,DHL,2021-07-06,1,Naperville
SHIP016390,ORD016390,Standard,BlueDart,2024-11-30,1,Durham
SHIP016391,ORD016391,Standard,UPS,2026-04-16,8,Dallas
SHIP016392,ORD016392,Economy,IndiaPost,2026-02-05,9,Erie
SHIP016393,ORD016393,Standard,Delhivery,2026-06-06,3,Cleveland
SHIP016394,ORD016394,Express,IndiaPost,2021-09-22,6,Los Angeles
SHIP016395,ORD016395,Same-Day,DHL,2026-08-06,9,Allentown
SHIP016397,ORD016397,Same-Day,BlueDart,2026-06-04,7,Springfield
SHIP016398,ORD016398,Standard,DHL,2026-02-03,5,Boulder
SHIP016399,ORD016399,Standard,UPS,2026-02-09,3,Paterson
SHIP016402,ORD016402,Express,UPS,2025-04-17,7,Philadelphia
SHIP016403,ORD016403,Economy,BlueDart,2019-12-02,7,Detroit
SHIP016404,ORD016404,Standard,Delhivery,2025-09-27,6,Bellevue
SHIP016405,ORD016405,Express,IndiaPost,2022-01-02,7,Atlanta
SHIP016406,ORD016406,Same-Day,UPS,2026-01-14,7,Elizabeth
SHIP016407,ORD016407,Economy,DHL,2025-04-24,4,Houston
SHIP016408,ORD016408,Economy,UPS,2025-07-05,9,Savannah
SHIP016409,ORD016409,Express,Delhivery,2024-06-02,2,Fort Lauderdale
SHIP016410,ORD016410,Standard,BlueDart,2023-07-16,2,Tampa
SHIP016411,ORD016411,Standard,IndiaPost,2025-08-06,2,Springfield
SHIP016412,ORD016412,Standard,UPS,2023-10-26,5,San Jose
SHIP016413,ORD016413,Standard,UPS,2026-05-06,8,Miami
SHIP016414,ORD016414,Standard,IndiaPost,2026-02-12,3,San Francisco
SHIP016415,ORD016415,Standard,IndiaPost,2024-04-09,6,Fort Collins
SHIP016416,ORD016416,Standard,UPS,2026-04-29,7,Cambridge
SHIP016417,ORD016417,Standard,FedEx,2024-02-17,2,Akron
SHIP016418,ORD016418,Standard,BlueDart,2026-01-21,6,Boston
SHIP016419,ORD016419,Standard,BlueDart,2023-12-11,9,Rochester
SHIP016420,ORD016420,Express,IndiaPost,2026-06-07,9,Tacoma
SHIP016421,ORD016421,Economy,DHL,2022-03-10,4,Paterson
SHIP016422,ORD016422,Standard,DHL,2025-11-12,3,Athens
SHIP016423,ORD016423,Same-Day,Delhivery,2024-06-02,7,Lowell
SHIP016425,ORD016425,Standard,IndiaPost,2025-08-11,4,Lansing
SHIP016427,ORD016427,Economy,FedEx,2023-09-30,3,Tacoma
SHIP016428,ORD016428,Standard,BlueDart,2024-12-26,9,Springfield
SHIP016429,ORD016429,Express,BlueDart,2024-08-05,1,Houston
SHIP016430,ORD016430,Standard,UPS,2026-03-03,6,San Francisco
SHIP016431,ORD016431,Express,IndiaPost,2024-06-29,2,Reading
SHIP016432,ORD016432,Same-Day,BlueDart,2026-01-25,1,Jacksonville
SHIP016433,ORD016433,Economy,UPS,2026-07-05,5,Rockford
SHIP016434,ORD016434,Express,FedEx,2022-03-03,5,Athens
SHIP016435,ORD016435,Same-Day,IndiaPost,2025-10-31,8,Greensboro
SHIP016436,ORD016436,Standard,BlueDart,2025-09-01,8,Phoenix
SHIP016438,ORD016438,Economy,UPS,2026-02-03,3,Miami
SHIP016439,ORD016439,Same-Day,DHL,2026-07-04,4,Boston
SHIP016440,ORD016440,Standard,UPS,2021-02-05,3,Tucson
SHIP016441,ORD016441,Standard,UPS,2022-05-11,1,Cincinnati
SHIP016442,ORD016442,Standard,DHL,2019-12-16,3,Houston
SHIP016443,ORD016443,Same-Day,IndiaPost,2022-06-15,7,Columbus
SHIP016444,ORD016444,Standard,UPS,2024-06-17,2,Winston-Salem
SHIP016446,ORD016446,Standard,FedEx,2026-04-07,1,Erie
SHIP016447,ORD016447,Express,Delhivery,2025-10-18,5,Scottsdale
SHIP016448,ORD016448,Economy,IndiaPost,2020-06-27,9,Denver
SHIP016449,ORD016449,Express,IndiaPost,2022-02-01,9,Cincinnati
SHIP016451,ORD016451,Economy,Delhivery,2023-04-25,1,Sacramento
SHIP016453,ORD016453,Express,DHL,2024-11-16,4,Erie
SHIP016454,ORD016454,Economy,BlueDart,2025-02-04,3,Albany
SHIP016455,ORD016455,Standard,Delhivery,2021-09-07,6,Boulder
SHIP016456,ORD016456,Standard,UPS,2026-04-06,5,Lansing
SHIP016457,ORD016457,Express,FedEx,2024-12-16,4,Akron
SHIP016458,ORD016458,Standard,Delhivery,2026-04-20,1,Orlando
SHIP016462,ORD016462,Standard,DHL,2020-12-12,4,Reading
SHIP016463,ORD016463,Express,UPS,2026-04-25,7,Peoria
SHIP016464,ORD016464,Standard,UPS,2026-03-09,7,Aurora
SHIP016465,ORD016465,Standard,BlueDart,2026-07-01,2,Durham
SHIP016466,ORD016466,Same-Day,IndiaPost,2026-06-14,5,Syracuse
SHIP016467,ORD016467,Same-Day,Delhivery,2024-09-27,1,Cleveland
SHIP016468,ORD016468,Standard,IndiaPost,2021-06-18,4,Augusta
SHIP016469,ORD016469,Standard,IndiaPost,2023-12-05,8,Lansing
SHIP016470,ORD016470,Standard,DHL,2024-06-10,7,Paterson
SHIP016471,ORD016471,Standard,UPS,2026-04-01,6,Cambridge
SHIP016472,ORD016472,Standard,Delhivery,2025-11-10,9,Charlotte
SHIP016473,ORD016473,Standard,DHL,2023-03-20,7,San Antonio
SHIP016474,ORD016474,Standard,UPS,2025-10-26,8,Buffalo
SHIP016475,ORD016475,Economy,DHL,2025-07-12,9,San Francisco
SHIP016476,ORD016476,Standard,FedEx,2026-05-15,7,Athens
SHIP016477,ORD016477,Standard,Delhivery,2023-12-25,5,Fort Worth
SHIP016478,ORD016478,Express,BlueDart,2025-07-25,5,Naperville
SHIP016479,ORD016479,Standard,UPS,2024-08-06,6,Elizabeth
SHIP016481,ORD016481,Same-Day,UPS,2024-01-16,7,Orlando
SHIP016482,ORD016482,Standard,FedEx,2026-02-08,9,Jacksonville
SHIP016484,ORD016484,Standard,BlueDart,2025-06-02,5,Reading
SHIP016485,ORD016485,Standard,DHL,2026-05-03,9,Tampa
SHIP016486,ORD016486,Standard,Delhivery,2025-06-13,9,Springfield
SHIP016487,ORD016487,Express,DHL,2026-03-18,3,Akron
SHIP016488,ORD016488,Standard,FedEx,2024-03-25,3,Peoria
SHIP016489,ORD016489,Same-Day,BlueDart,2021-06-02,6,Syracuse
SHIP016490,ORD016490,Standard,IndiaPost,2023-11-16,5,Durham
SHIP016491,ORD016491,Economy,UPS,2023-07-24,2,Paterson
SHIP016493,ORD016493,Standard,UPS,2025-05-02,3,Rochester
SHIP016494,ORD016494,Express,Delhivery,2025-06-18,2,Athens
SHIP016495,ORD016495,Standard,UPS,2023-09-11,5,Raleigh
SHIP016496,ORD016496,Same-Day,FedEx,2024-08-26,3,Raleigh
SHIP016497,ORD016497,Express,BlueDart,2024-06-24,5,Charlotte
SHIP016499,ORD016499,Standard,IndiaPost,2023-07-03,4,Aurora
SHIP016500,ORD016500,Same-Day,FedEx,2024-08-25,1,Phoenix
SHIP016501,ORD016501,Express,BlueDart,2026-04-15,8,Aurora
SHIP016503,ORD016503,Standard,UPS,2026-07-04,1,Springfield
SHIP016504,ORD016504,Standard,BlueDart,2024-10-27,9,Rochester
SHIP016505,ORD016505,Express,Delhivery,2026-07-15,5,Erie
SHIP016506,ORD016506,Standard,IndiaPost,2025-02-06,4,Pittsburgh
SHIP016507,ORD016507,Standard,FedEx,2023-09-12,3,Dallas
SHIP016508,ORD016508,Express,Delhivery,2024-01-02,2,Macon
SHIP016509,ORD016509,Standard,DHL,2021-06-16,9,Ann Arbor
SHIP016510,ORD016510,Standard,IndiaPost,2022-10-29,8,Macon
SHIP016513,ORD016513,Express,DHL,2026-07-25,9,Detroit
SHIP016514,ORD016514,Express,BlueDart,2022-11-07,7,Boulder
SHIP016515,ORD016515,Express,IndiaPost,2025-02-21,6,Springfield
SHIP016516,ORD016516,Standard,UPS,2026-03-16,5,Fort Lauderdale
SHIP016517,ORD016517,Standard,BlueDart,2025-01-12,6,Chandler
SHIP016518,ORD016518,Standard,DHL,2024-09-09,2,Durham
SHIP016519,ORD016519,Standard,BlueDart,2026-02-11,5,Lansing
SHIP016520,ORD016520,Standard,FedEx,2026-05-25,3,Augusta
SHIP016521,ORD016521,Standard,FedEx,2021-07-23,7,Buffalo
SHIP016522,ORD016522,Same-Day,IndiaPost,2026-04-24,1,Boulder
SHIP016524,ORD016524,Express,Delhivery,2026-05-14,5,Boston
SHIP016525,ORD016525,Standard,DHL,2026-06-05,5,Lansing
SHIP016526,ORD016526,Standard,BlueDart,2024-08-01,8,Elizabeth
SHIP016527,ORD016527,Express,DHL,2026-03-05,4,Flint
SHIP016529,ORD016529,Standard,Delhivery,2026-03-27,5,Cleveland
SHIP016531,ORD016531,Standard,UPS,2025-11-21,6,Philadelphia
SHIP016532,ORD016532,Standard,BlueDart,2024-11-13,2,Tacoma
SHIP016533,ORD016533,Standard,FedEx,2022-09-27,2,Aurora
SHIP016534,ORD016534,Express,BlueDart,2024-12-11,2,Savannah
SHIP016535,ORD016535,Standard,UPS,2023-12-29,7,Chicago
SHIP016536,ORD016536,Standard,DHL,2026-05-10,7,Detroit
SHIP016537,ORD016537,Standard,DHL,2025-05-22,3,Scottsdale
SHIP016538,ORD016538,Express,IndiaPost,2024-06-19,6,Rockford
SHIP016539,ORD016539,Express,IndiaPost,2023-10-20,6,Rockford
SHIP016540,ORD016540,Same-Day,IndiaPost,2023-05-01,7,Columbus
SHIP016541,ORD016541,Standard,DHL,2026-02-05,6,Miami
SHIP016542,ORD016542,Standard,FedEx,2026-06-20,3,Bellevue
SHIP016543,ORD016543,Same-Day,IndiaPost,2023-04-01,2,San Jose
SHIP016544,ORD016544,Express,FedEx,2024-05-02,5,Denver
SHIP016545,ORD016545,Express,DHL,2026-02-10,2,Durham
SHIP016546,ORD016546,Standard,UPS,2024-11-28,8,Durham
SHIP016547,ORD016547,Standard,FedEx,2020-09-18,6,Houston
SHIP016550,ORD016550,Economy,Delhivery,2022-10-26,1,Philadelphia
SHIP016551,ORD016551,Economy,Delhivery,2025-01-08,2,San Francisco
SHIP016552,ORD016552,Standard,BlueDart,2026-07-10,1,Toledo
SHIP016554,ORD016554,Express,Delhivery,2021-10-27,6,Elizabeth
SHIP016555,ORD016555,Standard,Delhivery,2025-10-23,9,Chandler
SHIP016556,ORD016556,Standard,BlueDart,2021-06-06,7,Scottsdale
SHIP016557,ORD016557,Express,IndiaPost,2026-02-07,5,Denver
SHIP016558,ORD016558,Standard,UPS,2026-07-23,8,Bellevue
SHIP016559,ORD016559,Standard,FedEx,2025-06-09,1,Cleveland
SHIP016560,ORD016560,Express,UPS,2025-06-07,7,Everett
SHIP016561,ORD016561,Standard,FedEx,2026-07-29,1,Toledo
SHIP016562,ORD016562,Express,DHL,2023-06-26,7,Scottsdale
SHIP016563,ORD016563,Standard,IndiaPost,2022-10-18,5,Jacksonville
SHIP016564,ORD016564,Same-Day,BlueDart,2024-10-09,4,Lowell
SHIP016565,ORD016565,Express,IndiaPost,2026-06-11,7,Aurora
SHIP016566,ORD016566,Standard,UPS,2026-03-08,6,Mesa
SHIP016568,ORD016568,Standard,BlueDart,2024-04-29,1,Augusta
SHIP016570,ORD016570,Same-Day,DHL,2026-02-10,6,Bellevue
SHIP016572,ORD016572,Standard,Delhivery,2021-05-14,6,Los Angeles
SHIP016573,ORD016573,Express,IndiaPost,2025-10-29,8,Cincinnati
SHIP016574,ORD016574,Express,Delhivery,2021-10-30,5,Fort Collins
SHIP016577,ORD016577,Express,BlueDart,2021-10-19,6,Bellevue
SHIP016578,ORD016578,Economy,UPS,2022-10-07,6,Austin
SHIP016579,ORD016579,Standard,UPS,2020-04-05,3,Pittsburgh
SHIP016581,ORD016581,Economy,Delhivery,2026-02-21,3,Austin
SHIP016583,ORD016583,Standard,BlueDart,2024-04-15,2,Spokane
SHIP016584,ORD016584,Economy,IndiaPost,2022-05-28,5,Spokane
SHIP016585,ORD016585,Standard,UPS,2024-02-22,7,Albany
SHIP016586,ORD016586,Standard,IndiaPost,2026-05-27,5,Raleigh
SHIP016587,ORD016587,Same-Day,DHL,2024-08-25,5,Colorado Springs
SHIP016588,ORD016588,Standard,UPS,2023-05-25,5,Allentown
SHIP016589,ORD016589,Standard,Delhivery,2024-06-13,2,Springfield
SHIP016590,ORD016590,Standard,Delhivery,2026-05-05,2,Fort Collins
SHIP016592,ORD016592,Standard,IndiaPost,2024-10-31,2,Houston
SHIP016593,ORD016593,Express,FedEx,2026-03-21,6,Worcester
SHIP016594,ORD016594,Standard,Delhivery,2026-06-09,8,Houston
SHIP016595,ORD016595,Same-Day,Delhivery,2024-02-28,5,Jersey City
SHIP016596,ORD016596,Standard,FedEx,2026-01-31,2,Dallas
SHIP016597,ORD016597,Standard,FedEx,2022-03-25,6,Chandler
SHIP016598,ORD016598,Standard,DHL,2024-09-02,9,Chicago
SHIP016599,ORD016599,Standard,BlueDart,2026-01-18,5,Buffalo
SHIP016601,ORD016601,Same-Day,UPS,2021-09-13,1,Winston-Salem
SHIP016602,ORD016602,Standard,Delhivery,2021-01-03,1,Miami
SHIP016603,ORD016603,Same-Day,DHL,2026-07-25,1,San Antonio
SHIP016604,ORD016604,Standard,IndiaPost,2023-02-03,8,Worcester
SHIP016605,ORD016605,Standard,FedEx,2026-01-08,9,Fort Worth
SHIP016606,ORD016606,Standard,IndiaPost,2023-04-10,4,Pittsburgh
SHIP016607,ORD016607,Standard,FedEx,2026-04-30,4,Cambridge
SHIP016609,ORD016609,Express,Delhivery,2026-03-24,1,Grand Rapids
SHIP016611,ORD016611,Economy,UPS,2026-03-26,1,Houston
SHIP016612,ORD016612,Standard,FedEx,2025-12-29,9,Fort Collins
SHIP016613,ORD016613,Standard,Delhivery,2026-05-13,5,Detroit
SHIP016614,ORD016614,Express,FedEx,2024-12-21,1,Rochester
SHIP016617,ORD016617,Standard,FedEx,2026-04-06,2,Tacoma
SHIP016620,ORD016620,Standard,FedEx,2024-10-10,7,Aurora
SHIP016621,ORD016621,Standard,IndiaPost,2025-12-24,8,Detroit
SHIP016622,ORD016622,Express,IndiaPost,2025-03-24,2,Athens
SHIP016623,ORD016623,Express,BlueDart,2025-07-30,5,Sacramento
SHIP016624,ORD016624,Same-Day,IndiaPost,2025-02-04,5,Pittsburgh
SHIP016625,ORD016625,Standard,Delhivery,2026-05-10,6,Austin
SHIP016627,ORD016627,Standard,IndiaPost,2024-12-09,9,San Diego
SHIP016628,ORD016628,Economy,UPS,2025-12-12,7,Tampa
SHIP016629,ORD016629,Economy,Delhivery,2026-04-18,1,Jersey City
SHIP016630,ORD016630,Same-Day,Delhivery,2022-09-28,2,Scottsdale
SHIP016631,ORD016631,Standard,FedEx,2026-04-20,5,Everett
SHIP016632,ORD016632,Standard,BlueDart,2026-05-10,5,Tucson
SHIP016633,ORD016633,Standard,BlueDart,2021-12-06,1,Detroit
SHIP016634,ORD016634,Standard,UPS,2025-12-02,2,San Diego
SHIP016635,ORD016635,Standard,FedEx,2025-04-21,8,Phoenix
SHIP016636,ORD016636,Standard,UPS,2021-06-22,2,Austin
SHIP016637,ORD016637,Standard,FedEx,2025-08-12,4,Elizabeth
SHIP016638,ORD016638,Economy,UPS,2024-10-27,4,Tacoma
SHIP016639,ORD016639,Express,IndiaPost,2025-05-15,9,Cincinnati
SHIP016641,ORD016641,Economy,UPS,2026-03-12,4,Detroit
SHIP016642,ORD016642,Standard,IndiaPost,2025-07-16,5,Jacksonville
SHIP016643,ORD016643,Economy,IndiaPost,2026-06-03,4,Atlanta
SHIP016644,ORD016644,Economy,FedEx,2025-05-09,2,Fort Collins
SHIP016645,ORD016645,Standard,DHL,2025-09-21,1,Springfield
SHIP016646,ORD016646,Standard,IndiaPost,2021-02-04,9,Philadelphia
SHIP016647,ORD016647,Standard,IndiaPost,2025-06-17,9,Durham
SHIP016648,ORD016648,Standard,DHL,2024-05-19,3,Jacksonville
SHIP016649,ORD016649,Standard,UPS,2025-04-24,6,Springfield
SHIP016650,ORD016650,Standard,FedEx,2024-06-20,2,Orlando
SHIP016651,ORD016651,Standard,FedEx,2026-04-10,8,Worcester
SHIP016652,ORD016652,Standard,BlueDart,2026-04-06,3,Newark
SHIP016653,ORD016653,Standard,FedEx,2023-01-02,4,San Francisco
SHIP016654,ORD016654,Standard,Delhivery,2024-04-14,2,Flint
SHIP016655,ORD016655,Standard,Delhivery,2023-03-10,2,Los Angeles
SHIP016656,ORD016656,Economy,DHL,2025-05-31,6,Chandler
SHIP016657,ORD016657,Same-Day,Delhivery,2024-07-22,9,New York City
SHIP016658,ORD016658,Express,IndiaPost,2026-04-20,3,Pittsburgh
SHIP016659,ORD016659,Same-Day,UPS,2023-06-30,3,Orlando
SHIP016660,ORD016660,Standard,FedEx,2026-02-01,7,Savannah
SHIP016661,ORD016661,Standard,Delhivery,2020-08-22,9,Mesa
SHIP016662,ORD016662,Standard,IndiaPost,2026-01-21,9,San Francisco
SHIP016663,ORD016663,Same-Day,UPS,2026-08-05,7,Chicago
SHIP016664,ORD016664,Standard,UPS,2020-10-05,4,Denver
SHIP016665,ORD016665,Express,BlueDart,2020-07-27,5,Los Angeles
SHIP016666,ORD016666,Same-Day,BlueDart,2025-10-29,7,Trenton
SHIP016667,ORD016667,Standard,BlueDart,2026-02-04,6,Grand Rapids
SHIP016668,ORD016668,Standard,BlueDart,2020-10-12,7,Elizabeth
SHIP016669,ORD016669,Standard,IndiaPost,2026-06-06,7,Cincinnati
SHIP016670,ORD016670,Standard,DHL,2020-10-28,8,Erie
SHIP016671,ORD016671,Same-Day,FedEx,2025-12-30,5,Toledo
SHIP016672,ORD016672,Standard,Delhivery,2025-12-27,3,Lowell
SHIP016673,ORD016673,Express,IndiaPost,2026-03-01,4,Atlanta
SHIP016674,ORD016674,Standard,BlueDart,2022-12-24,2,San Jose
SHIP016675,ORD016675,Standard,FedEx,2025-12-08,1,San Jose
SHIP016676,ORD016676,Standard,FedEx,2025-12-13,1,Ann Arbor
SHIP016677,ORD016677,Standard,Delhivery,2024-07-26,9,Raleigh
SHIP016678,ORD016678,Standard,IndiaPost,2024-06-29,5,Jacksonville
SHIP016679,ORD016679,Standard,UPS,2026-03-26,5,San Diego
SHIP016680,ORD016680,Economy,DHL,2025-05-07,5,Augusta
SHIP016681,ORD016681,Express,BlueDart,2020-07-21,6,Grand Rapids
SHIP016682,ORD016682,Express,FedEx,2023-04-24,2,Savannah
SHIP016683,ORD016683,Standard,FedEx,2026-01-20,8,Tacoma
SHIP016684,ORD016684,Standard,BlueDart,2023-06-18,3,Ann Arbor
SHIP016685,ORD016685,Same-Day,BlueDart,2025-11-01,6,Newark
SHIP016686,ORD016686,Standard,DHL,2026-07-04,2,Chandler
SHIP016687,ORD016687,Standard,BlueDart,2026-01-15,5,Rochester
SHIP016688,ORD016688,Standard,DHL,2026-07-05,2,Elizabeth
SHIP016690,ORD016690,Standard,BlueDart,2025-12-07,3,San Francisco
SHIP016691,ORD016691,Express,IndiaPost,2026-07-24,4,Pittsburgh
SHIP016694,ORD016694,Standard,BlueDart,2025-03-26,4,Tampa
SHIP016695,ORD016695,Standard,BlueDart,2024-12-24,3,Chandler
SHIP016696,ORD016696,Express,FedEx,2025-03-29,8,Atlanta
SHIP016697,ORD016697,Standard,DHL,2022-07-13,9,Cambridge
SHIP016698,ORD016698,Economy,FedEx,2023-04-06,6,Spokane
SHIP016700,ORD016700,Standard,BlueDart,2024-09-21,5,Columbus
SHIP016701,ORD016701,Same-Day,BlueDart,2026-07-26,3,Colorado Springs
SHIP016702,ORD016702,Express,Delhivery,2023-12-05,3,Syracuse
SHIP016703,ORD016703,Standard,UPS,2026-01-22,3,Albany
SHIP016704,ORD016704,Standard,IndiaPost,2025-12-28,5,Fort Worth
SHIP016705,ORD016705,Express,BlueDart,2025-10-09,3,Tacoma
SHIP016706,ORD016706,Express,Delhivery,2026-05-18,4,Seattle
SHIP016708,ORD016708,Standard,Delhivery,2025-12-18,2,Cincinnati
SHIP016709,ORD016709,Express,IndiaPost,2025-02-25,7,Detroit
SHIP016710,ORD016710,Express,BlueDart,2025-07-06,9,Springfield
SHIP016712,ORD016712,Standard,DHL,2024-08-10,2,Tucson
SHIP016714,ORD016714,Standard,Delhivery,2024-05-10,1,Everett
SHIP016715,ORD016715,Express,DHL,2025-12-04,7,Rockford
SHIP016716,ORD016716,Standard,BlueDart,2025-08-20,6,Austin
SHIP016717,ORD016717,Standard,BlueDart,2025-08-14,5,Winston-Salem
SHIP016718,ORD016718,Standard,DHL,2025-09-30,7,Detroit
SHIP016719,ORD016719,Standard,BlueDart,2025-06-05,8,Seattle
SHIP016720,ORD016720,Express,DHL,2025-09-10,4,Lansing
SHIP016721,ORD016721,Express,BlueDart,2026-07-05,2,Mesa
SHIP016722,ORD016722,Standard,FedEx,2024-12-12,8,Boulder
SHIP016723,ORD016723,Standard,Delhivery,2024-12-31,8,Elizabeth
SHIP016724,ORD016724,Express,IndiaPost,2024-08-22,8,Detroit
SHIP016725,ORD016725,Standard,Delhivery,2023-10-07,7,Reading
SHIP016726,ORD016726,Standard,DHL,2024-09-27,2,San Jose
SHIP016727,ORD016727,Economy,Delhivery,2026-02-13,8,Fort Lauderdale
SHIP016728,ORD016728,Standard,Delhivery,2024-06-05,4,San Jose
SHIP016729,ORD016729,Express,FedEx,2024-02-15,8,Spokane
SHIP016730,ORD016730,Standard,UPS,2023-11-30,5,Fort Collins
SHIP016731,ORD016731,Standard,UPS,2026-04-30,2,Trenton
SHIP016732,ORD016732,Standard,Delhivery,2026-03-12,4,Detroit
SHIP016734,ORD016734,Standard,IndiaPost,2020-07-02,7,Fort Worth
SHIP016735,ORD016735,Standard,FedEx,2024-05-22,5,Allentown
SHIP016736,ORD016736,Standard,BlueDart,2025-09-16,4,San Antonio
SHIP016737,ORD016737,Standard,DHL,2025-05-25,8,San Francisco
SHIP016738,ORD016738,Express,FedEx,2025-05-15,9,Mesa
SHIP016739,ORD016739,Standard,FedEx,2023-08-11,5,Colorado Springs
SHIP016740,ORD016740,Standard,BlueDart,2023-04-04,4,Macon
SHIP016741,ORD016741,Express,IndiaPost,2023-02-23,8,Paterson
SHIP016742,ORD016742,Same-Day,IndiaPost,2022-03-30,7,Boston
SHIP016743,ORD016743,Standard,DHL,2022-11-30,4,Toledo
SHIP016745,ORD016745,Standard,FedEx,2023-02-15,4,Boston
SHIP016747,ORD016747,Express,DHL,2024-11-15,3,Boulder
SHIP016748,ORD016748,Express,IndiaPost,2025-02-05,2,Albany
SHIP016750,ORD016750,Economy,IndiaPost,2025-07-27,1,Scottsdale
SHIP016751,ORD016751,Standard,Delhivery,2026-04-08,2,Aurora
SHIP016752,ORD016752,Express,FedEx,2025-10-14,9,Raleigh
SHIP016753,ORD016753,Economy,FedEx,2026-02-27,3,Grand Rapids
SHIP016754,ORD016754,Standard,BlueDart,2021-03-16,8,Augusta
SHIP016755,ORD016755,Standard,FedEx,2020-06-25,4,Sacramento
SHIP016756,ORD016756,Express,IndiaPost,2025-03-14,3,Scottsdale
SHIP016757,ORD016757,Express,FedEx,2026-06-14,8,New York City
SHIP016759,ORD016759,Same-Day,Delhivery,2026-04-13,8,Savannah
SHIP016763,ORD016763,Express,UPS,2023-01-07,2,Cambridge
SHIP016764,ORD016764,Express,UPS,2023-10-09,5,Chicago
SHIP016765,ORD016765,Express,DHL,2026-07-27,8,Tacoma
SHIP016766,ORD016766,Standard,BlueDart,2025-05-13,9,Houston
SHIP016767,ORD016767,Standard,DHL,2026-05-23,7,Cleveland
SHIP016768,ORD016768,Same-Day,UPS,2023-04-16,9,Syracuse
SHIP016770,ORD016770,Express,BlueDart,2025-12-29,3,Macon
SHIP016771,ORD016771,Standard,FedEx,2025-05-21,7,Aurora
SHIP016772,ORD016772,Standard,IndiaPost,2025-10-11,6,Grand Rapids
SHIP016773,ORD016773,Standard,Delhivery,2025-11-06,1,Seattle
SHIP016774,ORD016774,Express,Delhivery,2023-11-08,4,Flint
SHIP016776,ORD016776,Standard,IndiaPost,2024-11-26,1,Bellevue
SHIP016777,ORD016777,Economy,BlueDart,2023-07-13,7,Miami
SHIP016778,ORD016778,Same-Day,Delhivery,2026-06-28,7,San Antonio
SHIP016779,ORD016779,Express,IndiaPost,2024-11-28,4,Cincinnati
SHIP016780,ORD016780,Standard,Delhivery,2026-05-03,9,Cleveland
SHIP016782,ORD016782,Express,BlueDart,2021-09-19,3,Allentown
SHIP016783,ORD016783,Express,Delhivery,2025-10-16,4,Cleveland
SHIP016784,ORD016784,Economy,BlueDart,2025-09-05,7,Elizabeth
SHIP016786,ORD016786,Standard,DHL,2025-12-19,4,Toledo
SHIP016787,ORD016787,Standard,FedEx,2025-07-19,2,Augusta
SHIP016788,ORD016788,Express,DHL,2025-12-20,2,Mesa
SHIP016789,ORD016789,Standard,FedEx,2025-09-23,7,Charlotte
SHIP016792,ORD016792,Same-Day,DHL,2025-10-02,6,Jersey City
SHIP016793,ORD016793,Same-Day,IndiaPost,2026-04-20,5,Aurora
SHIP016794,ORD016794,Standard,FedEx,2023-07-05,4,New York City
SHIP016795,ORD016795,Express,UPS,2023-10-13,9,Raleigh
SHIP016796,ORD016796,Economy,UPS,2024-06-24,9,Atlanta
SHIP016797,ORD016797,Standard,IndiaPost,2026-06-08,9,Los Angeles
SHIP016799,ORD016799,Standard,IndiaPost,2021-10-14,1,Macon
SHIP016800,ORD016800,Express,IndiaPost,2026-04-02,3,Paterson
SHIP016801,ORD016801,Standard,BlueDart,2025-07-28,9,Cambridge
SHIP016802,ORD016802,Same-Day,BlueDart,2024-12-31,7,Fort Lauderdale
SHIP016803,ORD016803,Economy,DHL,2026-02-10,5,San Francisco
SHIP016804,ORD016804,Express,Delhivery,2026-06-25,3,Albany
SHIP016805,ORD016805,Express,UPS,2025-12-18,1,Fort Lauderdale
SHIP016807,ORD016807,Standard,DHL,2026-03-12,1,Tampa
SHIP016808,ORD016808,Express,FedEx,2025-12-25,8,Paterson
SHIP016809,ORD016809,Economy,DHL,2021-06-20,8,Cambridge
SHIP016810,ORD016810,Express,BlueDart,2025-02-13,3,San Diego
SHIP016812,ORD016812,Economy,UPS,2025-02-13,9,Cincinnati
SHIP016813,ORD016813,Standard,IndiaPost,2023-09-29,3,Houston
SHIP016814,ORD016814,Standard,BlueDart,2024-11-08,6,New York City
SHIP016815,ORD016815,Standard,UPS,2026-02-25,2,San Jose
SHIP016816,ORD016816,Express,Delhivery,2024-02-27,1,Springfield
SHIP016818,ORD016818,Standard,FedEx,2024-07-03,3,Miami
SHIP016819,ORD016819,Standard,BlueDart,2020-01-30,7,Rochester
SHIP016820,ORD016820,Same-Day,IndiaPost,2026-07-03,9,New York City
SHIP016821,ORD016821,Economy,UPS,2025-06-26,7,Pittsburgh
SHIP016822,ORD016822,Standard,UPS,2024-08-13,7,Miami
SHIP016824,ORD016824,Standard,FedEx,2023-08-29,6,Flint
SHIP016825,ORD016825,Standard,IndiaPost,2024-12-17,3,Savannah
SHIP016826,ORD016826,Same-Day,BlueDart,2022-12-29,2,Dallas
SHIP016827,ORD016827,Standard,BlueDart,2020-09-01,6,Springfield
SHIP016828,ORD016828,Standard,Delhivery,2024-11-26,9,Lowell
SHIP016829,ORD016829,Standard,IndiaPost,2026-01-29,9,Denver
SHIP016830,ORD016830,Express,FedEx,2024-06-09,8,Aurora
SHIP016831,ORD016831,Standard,DHL,2022-12-09,2,Reading
SHIP016832,ORD016832,Standard,IndiaPost,2026-03-30,7,Greensboro
SHIP016833,ORD016833,Express,Delhivery,2025-04-20,5,San Antonio
SHIP016834,ORD016834,Standard,IndiaPost,2023-07-14,7,Phoenix
SHIP016835,ORD016835,Standard,DHL,2026-06-25,6,Worcester
SHIP016836,ORD016836,Same-Day,Delhivery,2023-02-07,6,Raleigh
SHIP016837,ORD016837,Express,BlueDart,2026-06-19,1,Los Angeles
SHIP016838,ORD016838,Express,UPS,2025-06-28,3,Tucson
SHIP016839,ORD016839,Standard,IndiaPost,2024-09-14,3,Miami
SHIP016840,ORD016840,Standard,UPS,2025-01-04,6,Trenton
SHIP016841,ORD016841,Express,FedEx,2024-05-21,3,Everett
SHIP016843,ORD016843,Standard,UPS,2024-07-22,1,Trenton
SHIP016844,ORD016844,Standard,UPS,2020-08-23,1,Rockford
SHIP016845,ORD016845,Express,DHL,2022-06-03,9,Worcester
SHIP016846,ORD016846,Standard,Delhivery,2026-04-25,7,Denver
SHIP016847,ORD016847,Standard,UPS,2025-10-31,9,San Diego
SHIP016848,ORD016848,Standard,IndiaPost,2026-06-17,9,Trenton
SHIP016849,ORD016849,Standard,DHL,2026-07-31,5,Seattle
SHIP016850,ORD016850,Standard,IndiaPost,2026-02-12,8,Fort Worth
SHIP016851,ORD016851,Express,DHL,2023-11-08,1,Atlanta
SHIP016852,ORD016852,Economy,Delhivery,2024-04-04,2,Tucson
SHIP016853,ORD016853,Standard,Delhivery,2026-02-16,5,Savannah
SHIP016855,ORD016855,Standard,BlueDart,2025-04-12,3,Denver
SHIP016856,ORD016856,Express,Delhivery,2023-09-25,2,Albany
SHIP016857,ORD016857,Express,Delhivery,2025-04-27,6,Tampa
SHIP016858,ORD016858,Standard,IndiaPost,2026-04-15,1,Worcester
SHIP016859,ORD016859,Standard,UPS,2026-06-18,9,Athens
SHIP016860,ORD016860,Express,FedEx,2023-04-16,2,Dallas
SHIP016862,ORD016862,Standard,FedEx,2025-07-07,8,Bellevue
SHIP016863,ORD016863,Same-Day,Delhivery,2026-05-28,3,Mesa
SHIP016864,ORD016864,Standard,IndiaPost,2024-10-18,4,Jersey City
SHIP016865,ORD016865,Standard,UPS,2021-02-16,8,Mesa
SHIP016866,ORD016866,Standard,BlueDart,2023-02-19,1,Aurora
SHIP016867,ORD016867,Express,FedEx,2022-05-03,5,Mesa
SHIP016868,ORD016868,Same-Day,DHL,2025-12-07,2,Miami
SHIP016869,ORD016869,Same-Day,DHL,2025-04-19,6,Reading
SHIP016870,ORD016870,Express,DHL,2019-10-14,1,Erie
SHIP016871,ORD016871,Express,IndiaPost,2023-08-04,3,Buffalo
SHIP016872,ORD016872,Economy,DHL,2026-07-22,5,Chicago
SHIP016873,ORD016873,Standard,FedEx,2020-10-10,4,Erie
SHIP016875,ORD016875,Express,UPS,2025-07-02,8,Miami
SHIP016876,ORD016876,Standard,DHL,2026-05-23,9,Fort Worth
SHIP016877,ORD016877,Standard,IndiaPost,2026-06-24,9,Phoenix
SHIP016878,ORD016878,Economy,Delhivery,2026-06-04,8,Lansing
SHIP016879,ORD016879,Express,Delhivery,2023-08-08,7,Macon
SHIP016880,ORD016880,Standard,BlueDart,2025-10-25,2,Spokane
SHIP016881,ORD016881,Express,DHL,2026-06-12,8,Cleveland
SHIP016882,ORD016882,Economy,FedEx,2026-03-29,9,Akron
SHIP016883,ORD016883,Standard,Delhivery,2023-12-30,1,Springfield
SHIP016884,ORD016884,Standard,IndiaPost,2022-06-12,5,Pittsburgh
SHIP016885,ORD016885,Same-Day,BlueDart,2024-11-14,9,San Antonio
SHIP016886,ORD016886,Standard,IndiaPost,2025-02-18,4,Tampa
SHIP016887,ORD016887,Economy,DHL,2026-02-13,1,San Antonio
SHIP016888,ORD016888,Same-Day,DHL,2024-03-28,8,San Francisco
SHIP016889,ORD016889,Express,BlueDart,2026-02-09,5,Winston-Salem
SHIP016890,ORD016890,Standard,Delhivery,2025-05-04,6,Cleveland
SHIP016891,ORD016891,Standard,DHL,2022-02-04,2,Toledo
SHIP016892,ORD016892,Same-Day,UPS,2026-02-02,4,Raleigh
SHIP016893,ORD016893,Standard,Delhivery,2021-03-06,4,Tacoma
SHIP016894,ORD016894,Express,Delhivery,2023-10-30,6,Springfield
SHIP016895,ORD016895,Economy,UPS,2025-03-12,5,Houston
SHIP016896,ORD016896,Express,BlueDart,2025-05-08,6,Springfield
SHIP016897,ORD016897,Standard,BlueDart,2022-05-10,7,Allentown
SHIP016898,ORD016898,Standard,BlueDart,2026-04-24,4,San Diego
SHIP016899,ORD016899,Standard,BlueDart,2022-12-31,5,Rochester
SHIP016900,ORD016900,Express,IndiaPost,2026-02-11,7,Dallas
SHIP016901,ORD016901,Standard,Delhivery,2024-06-10,4,San Jose
SHIP016902,ORD016902,Express,BlueDart,2025-03-02,5,Denver
SHIP016903,ORD016903,Express,FedEx,2025-01-29,2,Columbus
SHIP016904,ORD016904,Standard,BlueDart,2025-10-15,8,Erie
SHIP016905,ORD016905,Economy,DHL,2023-05-07,3,Peoria
SHIP016906,ORD016906,Express,BlueDart,2024-03-24,3,Cleveland
SHIP016907,ORD016907,Express,UPS,2025-08-06,7,Syracuse
SHIP016909,ORD016909,Standard,BlueDart,2021-05-27,2,Reading
SHIP016910,ORD016910,Same-Day,UPS,2026-03-17,4,Jersey City
SHIP016911,ORD016911,Standard,BlueDart,2025-09-06,1,Toledo
SHIP016912,ORD016912,Express,DHL,2026-05-26,3,Bellevue
SHIP016913,ORD016913,Standard,IndiaPost,2026-07-11,3,Austin
SHIP016914,ORD016914,Standard,BlueDart,2025-12-29,2,Atlanta
SHIP016915,ORD016915,Economy,BlueDart,2023-11-14,5,New York City
SHIP016916,ORD016916,Express,BlueDart,2025-04-11,8,Grand Rapids
SHIP016917,ORD016917,Economy,IndiaPost,2024-10-12,2,Reading
SHIP016918,ORD016918,Standard,UPS,2026-04-26,6,Cleveland
SHIP016919,ORD016919,Standard,Delhivery,2023-02-09,9,San Diego
SHIP016920,ORD016920,Express,BlueDart,2025-06-26,8,Buffalo
SHIP016922,ORD016922,Standard,DHL,2025-02-17,8,Buffalo
SHIP016923,ORD016923,Standard,IndiaPost,2024-07-15,1,Cincinnati
SHIP016925,ORD016925,Express,IndiaPost,2026-06-29,4,Rochester
SHIP016926,ORD016926,Standard,Delhivery,2026-01-31,6,Jacksonville
SHIP016928,ORD016928,Standard,UPS,2024-11-04,9,Jacksonville
SHIP016930,ORD016930,Standard,Delhivery,2025-12-24,4,Tacoma
SHIP016931,ORD016931,Express,DHL,2026-04-18,1,Lansing
SHIP016932,ORD016932,Express,UPS,2026-07-11,7,Allentown
SHIP016933,ORD016933,Express,Delhivery,2024-06-26,8,Cambridge
SHIP016934,ORD016934,Express,UPS,2020-12-09,1,Denver
SHIP016935,ORD016935,Economy,Delhivery,2025-11-20,3,Akron
SHIP016936,ORD016936,Standard,UPS,2024-05-17,9,Mesa
SHIP016938,ORD016938,Standard,IndiaPost,2022-09-22,8,Seattle
SHIP016939,ORD016939,Same-Day,Delhivery,2023-03-02,2,New York City
SHIP016940,ORD016940,Express,DHL,2020-11-07,1,Austin
SHIP016941,ORD016941,Same-Day,IndiaPost,2024-06-20,2,Phoenix
SHIP016944,ORD016944,Standard,FedEx,2024-12-02,7,Detroit
SHIP016945,ORD016945,Standard,FedEx,2024-12-10,4,San Francisco
SHIP016946,ORD016946,Standard,UPS,2020-10-08,3,Lowell
SHIP016947,ORD016947,Standard,BlueDart,2023-05-26,3,New York City
SHIP016948,ORD016948,Standard,UPS,2024-10-08,5,Philadelphia
SHIP016949,ORD016949,Same-Day,BlueDart,2023-07-29,9,Charlotte
SHIP016951,ORD016951,Express,Delhivery,2025-08-23,5,Mesa
SHIP016952,ORD016952,Economy,FedEx,2023-09-22,3,Scottsdale
SHIP016953,ORD016953,Same-Day,DHL,2025-07-23,5,Cleveland
SHIP016954,ORD016954,Standard,UPS,2023-11-07,8,Worcester
SHIP016955,ORD016955,Economy,UPS,2025-05-28,6,Winston-Salem
SHIP016956,ORD016956,Standard,UPS,2025-09-14,2,Winston-Salem
SHIP016958,ORD016958,Economy,BlueDart,2024-11-17,6,Philadelphia
SHIP016959,ORD016959,Standard,DHL,2025-12-29,9,Elizabeth
SHIP016960,ORD016960,Same-Day,IndiaPost,2025-03-10,5,Erie
SHIP016961,ORD016961,Express,FedEx,2026-01-02,3,Tucson
SHIP016962,ORD016962,Standard,BlueDart,2025-12-03,2,Orlando
SHIP016963,ORD016963,Standard,BlueDart,2026-02-06,1,Paterson
SHIP016965,ORD016965,Standard,IndiaPost,2025-04-02,1,Tacoma
SHIP016966,ORD016966,Same-Day,BlueDart,2025-09-30,5,Dallas
SHIP016967,ORD016967,Economy,BlueDart,2024-10-07,7,Bellevue
SHIP016968,ORD016968,Standard,FedEx,2026-04-12,3,Atlanta
SHIP016969,ORD016969,Standard,Delhivery,2024-12-30,7,Seattle
SHIP016970,ORD016970,Express,IndiaPost,2023-03-19,2,Orlando
SHIP016971,ORD016971,Standard,UPS,2026-01-02,6,Mesa
SHIP016972,ORD016972,Standard,Delhivery,2021-11-16,4,Cincinnati
SHIP016973,ORD016973,Express,Delhivery,2024-05-07,1,San Antonio
SHIP016974,ORD016974,Standard,Delhivery,2022-03-30,6,Charlotte
SHIP016975,ORD016975,Express,IndiaPost,2026-04-20,5,Worcester
SHIP016976,ORD016976,Standard,BlueDart,2024-05-07,6,Erie
SHIP016977,ORD016977,Standard,BlueDart,2024-04-26,7,Allentown
SHIP016978,ORD016978,Same-Day,Delhivery,2026-07-24,8,Springfield
SHIP016979,ORD016979,Express,BlueDart,2026-05-08,2,Cincinnati
SHIP016980,ORD016980,Economy,DHL,2026-01-19,1,Chicago
SHIP016981,ORD016981,Express,DHL,2020-08-25,9,Chicago
SHIP016982,ORD016982,Standard,DHL,2024-01-24,8,Albany
SHIP016983,ORD016983,Express,IndiaPost,2021-04-25,9,Akron
SHIP016984,ORD016984,Express,DHL,2025-07-14,9,Spokane
SHIP016985,ORD016985,Standard,FedEx,2025-07-28,6,Albany
SHIP016986,ORD016986,Standard,IndiaPost,2025-04-09,9,Chicago
SHIP016987,ORD016987,Express,Delhivery,2024-12-26,4,Jersey City
SHIP016989,ORD016989,Standard,FedEx,2024-09-02,1,Tacoma
SHIP016990,ORD016990,Economy,UPS,2025-01-02,9,Cambridge
SHIP016991,ORD016991,Standard,BlueDart,2024-01-24,2,Phoenix
SHIP016992,ORD016992,Economy,Delhivery,2026-06-11,5,Cleveland
SHIP016993,ORD016993,Standard,BlueDart,2024-03-30,1,Raleigh
SHIP016994,ORD016994,Express,IndiaPost,2023-01-11,5,Spokane
SHIP016995,ORD016995,Economy,FedEx,2024-10-15,1,Austin
SHIP016997,ORD016997,Standard,FedEx,2026-06-02,4,Sacramento
SHIP016998,ORD016998,Same-Day,IndiaPost,2024-12-20,6,Jacksonville
SHIP016999,ORD016999,Express,BlueDart,2026-04-08,3,Chicago
SHIP017001,ORD017001,Express,FedEx,2026-07-04,4,Durham
SHIP017002,ORD017002,Standard,BlueDart,2021-11-01,7,Athens
SHIP017003,ORD017003,Same-Day,IndiaPost,2024-12-30,5,Fort Collins
SHIP017004,ORD017004,Standard,Delhivery,2023-12-15,7,Lowell
SHIP017005,ORD017005,Standard,DHL,2025-12-08,2,Tucson
SHIP017007,ORD017007,Express,DHL,2024-10-13,3,Ann Arbor
SHIP017008,ORD017008,Standard,DHL,2025-02-21,8,Scottsdale
SHIP017009,ORD017009,Same-Day,BlueDart,2021-09-17,5,Worcester
SHIP017010,ORD017010,Standard,BlueDart,2025-10-12,4,Erie
SHIP017011,ORD017011,Express,FedEx,2025-09-12,8,Trenton
SHIP017014,ORD017014,Same-Day,Delhivery,2023-03-01,3,Aurora
SHIP017015,ORD017015,Standard,IndiaPost,2026-04-16,7,Peoria
SHIP017016,ORD017016,Standard,UPS,2026-01-10,7,Naperville
SHIP017017,ORD017017,Express,FedEx,2023-10-30,1,Boulder
SHIP017018,ORD017018,Same-Day,FedEx,2025-08-09,4,Springfield
SHIP017020,ORD017020,Economy,Delhivery,2024-01-17,2,Spokane
SHIP017021,ORD017021,Standard,FedEx,2025-06-20,9,Syracuse
SHIP017022,ORD017022,Standard,FedEx,2023-09-09,6,Ann Arbor
SHIP017024,ORD017024,Standard,UPS,2025-08-16,5,Springfield
SHIP017026,ORD017026,Standard,UPS,2021-10-21,2,Peoria
SHIP017027,ORD017027,Economy,FedEx,2026-07-24,1,Miami
SHIP017028,ORD017028,Economy,Delhivery,2023-11-05,8,Detroit
SHIP017029,ORD017029,Same-Day,BlueDart,2026-01-31,3,Greensboro
SHIP017030,ORD017030,Express,DHL,2024-10-23,7,Ann Arbor
SHIP017031,ORD017031,Same-Day,IndiaPost,2021-07-14,7,Dallas
SHIP017032,ORD017032,Standard,DHL,2022-11-26,3,Colorado Springs
SHIP017033,ORD017033,Standard,FedEx,2025-08-24,6,Toledo
SHIP017034,ORD017034,Standard,BlueDart,2025-04-21,6,Los Angeles
SHIP017035,ORD017035,Same-Day,DHL,2025-02-07,3,San Diego
SHIP017036,ORD017036,Economy,Delhivery,2026-07-07,9,Durham
SHIP017037,ORD017037,Economy,FedEx,2024-05-15,5,Akron
SHIP017038,ORD017038,Same-Day,FedEx,2021-08-24,5,Ann Arbor
SHIP017039,ORD017039,Standard,UPS,2026-07-15,7,Reading
SHIP017040,ORD017040,Economy,UPS,2026-04-07,3,Springfield
SHIP017041,ORD017041,Express,BlueDart,2023-07-31,4,Worcester
SHIP017042,ORD017042,Standard,IndiaPost,2023-05-07,4,Fort Lauderdale
SHIP017043,ORD017043,Express,FedEx,2026-04-06,6,San Antonio
SHIP017044,ORD017044,Same-Day,BlueDart,2022-11-24,7,Tucson
SHIP017045,ORD017045,Standard,Delhivery,2025-05-14,2,Philadelphia
SHIP017046,ORD017046,Same-Day,FedEx,2021-01-07,1,San Antonio
SHIP017047,ORD017047,Standard,BlueDart,2026-01-16,1,Springfield
SHIP017048,ORD017048,Standard,IndiaPost,2025-01-24,1,Phoenix
SHIP017050,ORD017050,Standard,UPS,2024-04-10,2,Miami
SHIP017051,ORD017051,Express,Delhivery,2026-07-07,5,Tucson
SHIP017052,ORD017052,Economy,Delhivery,2023-12-19,8,Lowell
SHIP017053,ORD017053,Standard,BlueDart,2023-07-16,7,Pittsburgh
SHIP017054,ORD017054,Standard,BlueDart,2026-05-04,7,Cincinnati
SHIP017055,ORD017055,Standard,IndiaPost,2025-08-16,4,Scottsdale
SHIP017056,ORD017056,Standard,BlueDart,2021-08-07,5,Ann Arbor
SHIP017057,ORD017057,Standard,DHL,2024-12-15,4,Reading
SHIP017058,ORD017058,Standard,UPS,2024-12-19,1,Jersey City
SHIP017059,ORD017059,Standard,IndiaPost,2023-06-15,2,Bellevue
SHIP017060,ORD017060,Standard,DHL,2025-12-24,5,Orlando
SHIP017061,ORD017061,Same-Day,FedEx,2022-10-03,3,Fort Collins
SHIP017062,ORD017062,Standard,BlueDart,2024-12-18,1,Tacoma
SHIP017063,ORD017063,Express,IndiaPost,2024-03-19,5,Philadelphia
SHIP017065,ORD017065,Standard,BlueDart,2021-05-29,4,Newark
SHIP017066,ORD017066,Express,UPS,2026-02-06,3,Springfield
SHIP017067,ORD017067,Standard,UPS,2026-04-19,9,Colorado Springs
SHIP017068,ORD017068,Same-Day,UPS,2026-04-14,7,Fort Lauderdale
SHIP017069,ORD017069,Economy,UPS,2024-02-24,2,Erie
SHIP017070,ORD017070,Express,UPS,2026-08-03,4,Tucson
SHIP017071,ORD017071,Same-Day,UPS,2024-05-17,2,Worcester
SHIP017072,ORD017072,Economy,DHL,2020-10-31,6,Winston-Salem
SHIP017073,ORD017073,Express,BlueDart,2021-07-28,4,Reading
SHIP017074,ORD017074,Standard,DHL,2025-08-25,9,Philadelphia
SHIP017075,ORD017075,Economy,DHL,2025-01-24,1,Toledo
SHIP017076,ORD017076,Standard,UPS,2026-03-20,2,Cambridge
SHIP017078,ORD017078,Express,Delhivery,2021-08-16,3,Peoria
SHIP017080,ORD017080,Standard,UPS,2025-02-08,7,San Diego
SHIP017081,ORD017081,Standard,Delhivery,2022-09-23,6,Chandler
SHIP017082,ORD017082,Standard,FedEx,2022-05-20,9,Fort Worth
SHIP017083,ORD017083,Economy,DHL,2026-05-31,3,Bellevue
SHIP017084,ORD017084,Economy,DHL,2024-02-08,5,Tucson
SHIP017086,ORD017086,Standard,FedEx,2022-04-27,8,Allentown
SHIP017087,ORD017087,Standard,DHL,2026-04-25,4,Ann Arbor
SHIP017091,ORD017091,Economy,IndiaPost,2024-09-22,8,Erie
SHIP017093,ORD017093,Standard,DHL,2023-11-27,3,Albany
SHIP017094,ORD017094,Standard,IndiaPost,2023-06-19,8,Chandler
SHIP017095,ORD017095,Standard,Delhivery,2020-09-24,9,Charlotte
SHIP017096,ORD017096,Standard,IndiaPost,2025-05-24,3,Chandler
SHIP017097,ORD017097,Standard,Delhivery,2023-03-14,2,Colorado Springs
SHIP017098,ORD017098,Express,UPS,2023-05-08,9,Cincinnati
SHIP017099,ORD017099,Express,FedEx,2021-03-08,8,Albany
SHIP017101,ORD017101,Standard,FedEx,2023-12-15,6,Chicago
SHIP017102,ORD017102,Express,Delhivery,2026-07-21,7,Dallas
SHIP017103,ORD017103,Express,IndiaPost,2024-10-04,6,Macon
SHIP017104,ORD017104,Economy,UPS,2023-12-25,6,Pittsburgh
SHIP017107,ORD017107,Standard,FedEx,2023-05-28,5,Worcester
SHIP017108,ORD017108,Same-Day,FedEx,2022-03-28,5,Austin
SHIP017109,ORD017109,Express,Delhivery,2026-04-25,7,Seattle
SHIP017110,ORD017110,Express,BlueDart,2026-03-20,8,Boulder
SHIP017111,ORD017111,Standard,IndiaPost,2023-08-21,1,Philadelphia
SHIP017112,ORD017112,Standard,DHL,2026-03-09,9,Augusta
SHIP017113,ORD017113,Standard,BlueDart,2025-05-03,6,Jersey City
SHIP017114,ORD017114,Standard,FedEx,2024-08-18,4,Buffalo
SHIP017115,ORD017115,Standard,Delhivery,2023-12-08,4,Athens
SHIP017116,ORD017116,Express,BlueDart,2025-10-01,8,Springfield
SHIP017117,ORD017117,Standard,DHL,2025-06-05,9,Naperville
SHIP017119,ORD017119,Standard,Delhivery,2026-05-27,2,Naperville
SHIP017120,ORD017120,Express,BlueDart,2025-01-20,7,Boston
SHIP017121,ORD017121,Standard,Delhivery,2025-08-24,3,Bellevue
SHIP017122,ORD017122,Standard,FedEx,2026-06-20,6,Cambridge
SHIP017124,ORD017124,Express,IndiaPost,2024-08-23,6,Augusta
SHIP017125,ORD017125,Economy,DHL,2022-06-29,1,Boulder
SHIP017126,ORD017126,Standard,BlueDart,2025-02-14,3,Atlanta
SHIP017128,ORD017128,Standard,UPS,2026-07-30,5,Springfield
SHIP017129,ORD017129,Express,Delhivery,2023-07-10,5,Charlotte
SHIP017130,ORD017130,Standard,BlueDart,2025-06-04,3,Philadelphia
SHIP017131,ORD017131,Same-Day,Delhivery,2024-07-18,3,Naperville
SHIP017134,ORD017134,Standard,Delhivery,2022-03-30,9,Raleigh
SHIP017135,ORD017135,Express,FedEx,2025-10-06,5,Orlando
SHIP017136,ORD017136,Express,UPS,2025-11-09,1,Winston-Salem
SHIP017137,ORD017137,Standard,BlueDart,2025-12-22,7,San Francisco
SHIP017138,ORD017138,Express,DHL,2023-10-18,5,Everett
SHIP017139,ORD017139,Standard,BlueDart,2024-08-16,9,Trenton
SHIP017140,ORD017140,Express,DHL,2025-10-18,9,Albany
SHIP017141,ORD017141,Economy,BlueDart,2026-07-12,4,Phoenix
SHIP017142,ORD017142,Express,UPS,2026-04-09,9,Erie
SHIP017144,ORD017144,Standard,FedEx,2024-02-29,2,Miami
SHIP017145,ORD017145,Express,Delhivery,2026-04-24,4,Miami
SHIP017147,ORD017147,Express,DHL,2026-03-28,8,Athens
SHIP017148,ORD017148,Standard,Delhivery,2026-07-21,6,Peoria
SHIP017149,ORD017149,Express,DHL,2020-12-18,5,Worcester
SHIP017150,ORD017150,Express,Delhivery,2024-03-22,3,Paterson
SHIP017151,ORD017151,Express,DHL,2024-10-19,1,Rockford
SHIP017152,ORD017152,Express,UPS,2026-05-10,5,Syracuse
SHIP017153,ORD017153,Economy,DHL,2022-10-26,5,Naperville
SHIP017154,ORD017154,Standard,FedEx,2024-03-11,5,Atlanta
SHIP017155,ORD017155,Same-Day,Delhivery,2023-10-31,2,Newark
SHIP017156,ORD017156,Standard,DHL,2026-01-21,6,Athens
SHIP017157,ORD017157,Express,FedEx,2026-04-19,2,Albany
SHIP017158,ORD017158,Standard,DHL,2025-05-18,3,Peoria
SHIP017159,ORD017159,Standard,DHL,2021-09-19,4,Albany
SHIP017161,ORD017161,Economy,FedEx,2026-05-27,6,Rockford
SHIP017162,ORD017162,Standard,DHL,2022-09-28,5,Denver
SHIP017163,ORD017163,Standard,FedEx,2025-01-20,2,Chicago
SHIP017164,ORD017164,Express,Delhivery,2026-01-19,7,Flint
SHIP017165,ORD017165,Standard,BlueDart,2025-07-10,5,Scottsdale
SHIP017167,ORD017167,Standard,FedEx,2026-04-30,9,Colorado Springs
SHIP017168,ORD017168,Economy,IndiaPost,2024-07-06,1,Charlotte
SHIP017169,ORD017169,Standard,UPS,2024-04-27,8,Mesa
SHIP017171,ORD017171,Express,FedEx,2025-01-20,3,Boulder
SHIP017172,ORD017172,Standard,IndiaPost,2020-01-02,9,Detroit
SHIP017173,ORD017173,Standard,FedEx,2022-01-08,3,Fort Lauderdale
SHIP017174,ORD017174,Standard,DHL,2026-01-29,4,Sacramento
SHIP017175,ORD017175,Standard,Delhivery,2026-01-06,2,Savannah
SHIP017176,ORD017176,Standard,UPS,2026-06-27,4,Scottsdale
SHIP017177,ORD017177,Economy,DHL,2026-01-22,1,Durham
SHIP017178,ORD017178,Standard,Delhivery,2021-02-18,8,Peoria
SHIP017179,ORD017179,Express,DHL,2026-04-07,4,Charlotte
SHIP017180,ORD017180,Express,DHL,2024-01-19,6,Boulder
SHIP017181,ORD017181,Same-Day,BlueDart,2023-07-12,7,Scottsdale
SHIP017182,ORD017182,Express,IndiaPost,2025-11-08,6,Rochester
SHIP017183,ORD017183,Standard,FedEx,2026-03-27,9,Chicago
SHIP017184,ORD017184,Standard,DHL,2024-11-22,1,Pittsburgh
SHIP017185,ORD017185,Express,IndiaPost,2026-04-26,2,Buffalo
SHIP017186,ORD017186,Standard,BlueDart,2025-07-12,4,Grand Rapids
SHIP017187,ORD017187,Economy,BlueDart,2024-11-04,3,Ann Arbor
SHIP017188,ORD017188,Standard,Delhivery,2025-04-04,5,Colorado Springs
SHIP017189,ORD017189,Standard,Delhivery,2024-03-08,8,Sacramento
SHIP017190,ORD017190,Express,Delhivery,2026-07-11,9,New York City
SHIP017191,ORD017191,Standard,FedEx,2025-12-11,3,Los Angeles
SHIP017192,ORD017192,Standard,Delhivery,2026-08-06,7,Denver
SHIP017193,ORD017193,Standard,BlueDart,2025-06-15,6,Denver
SHIP017194,ORD017194,Standard,UPS,2021-11-01,7,Elizabeth
SHIP017195,ORD017195,Standard,IndiaPost,2022-05-13,8,Austin
SHIP017196,ORD017196,Standard,BlueDart,2026-04-26,9,Akron
SHIP017198,ORD017198,Standard,UPS,2022-10-27,6,Detroit
SHIP017199,ORD017199,Same-Day,BlueDart,2024-03-24,3,Grand Rapids
SHIP017200,ORD017200,Economy,BlueDart,2026-07-21,2,Erie
SHIP017201,ORD017201,Standard,UPS,2022-05-11,1,Detroit
SHIP017203,ORD017203,Standard,BlueDart,2023-10-08,5,Albany
SHIP017204,ORD017204,Standard,DHL,2024-04-24,3,Cleveland
SHIP017205,ORD017205,Standard,FedEx,2025-09-04,8,Grand Rapids
SHIP017207,ORD017207,Standard,BlueDart,2025-01-26,6,San Antonio
SHIP017208,ORD017208,Express,DHL,2022-08-21,3,Springfield
SHIP017209,ORD017209,Same-Day,Delhivery,2024-04-21,6,San Jose
SHIP017210,ORD017210,Express,DHL,2026-04-13,4,Springfield
SHIP017211,ORD017211,Standard,DHL,2025-09-14,4,Syracuse
SHIP017215,ORD017215,Standard,DHL,2023-04-19,1,Augusta
SHIP017216,ORD017216,Standard,DHL,2026-02-02,4,Syracuse
SHIP017217,ORD017217,Standard,DHL,2023-08-26,3,Durham
SHIP017218,ORD017218,Standard,BlueDart,2025-03-25,2,Springfield
SHIP017219,ORD017219,Standard,UPS,2026-03-04,8,Tampa
SHIP017220,ORD017220,Standard,UPS,2026-08-01,3,Los Angeles
SHIP017221,ORD017221,Express,BlueDart,2024-12-30,1,Chandler
SHIP017222,ORD017222,Standard,BlueDart,2020-06-16,1,Boston
SHIP017223,ORD017223,Standard,FedEx,2025-09-11,1,Macon
SHIP017224,ORD017224,Same-Day,BlueDart,2025-11-24,6,Boulder
SHIP017225,ORD017225,Express,DHL,2026-03-29,5,New York City
SHIP017226,ORD017226,Economy,IndiaPost,2025-10-01,7,Reading
SHIP017227,ORD017227,Same-Day,FedEx,2023-09-01,9,Worcester
SHIP017228,ORD017228,Standard,Delhivery,2020-05-09,9,Syracuse
SHIP017229,ORD017229,Express,BlueDart,2022-04-10,5,Dallas
SHIP017230,ORD017230,Standard,FedEx,2026-05-08,4,Buffalo
SHIP017231,ORD017231,Standard,BlueDart,2026-05-07,9,Tucson
SHIP017233,ORD017233,Standard,BlueDart,2025-08-11,4,Ann Arbor
SHIP017234,ORD017234,Express,BlueDart,2026-06-30,9,Erie
SHIP017235,ORD017235,Standard,FedEx,2026-07-10,2,Dallas
SHIP017236,ORD017236,Standard,Delhivery,2024-07-20,4,Athens
SHIP017237,ORD017237,Standard,FedEx,2025-12-03,6,Sacramento
SHIP017238,ORD017238,Standard,BlueDart,2024-12-16,6,Cincinnati
SHIP017239,ORD017239,Express,BlueDart,2024-03-06,8,Lansing
SHIP017240,ORD017240,Standard,DHL,2026-03-16,5,Trenton
SHIP017241,ORD017241,Standard,DHL,2023-12-27,4,Aurora
SHIP017243,ORD017243,Express,Delhivery,2024-07-05,2,Mesa
SHIP017244,ORD017244,Economy,Delhivery,2026-02-20,2,Cleveland
SHIP017245,ORD017245,Standard,IndiaPost,2025-10-22,5,Cleveland
SHIP017246,ORD017246,Standard,DHL,2025-02-22,7,Spokane
SHIP017247,ORD017247,Economy,IndiaPost,2026-06-17,5,Augusta
SHIP017248,ORD017248,Standard,IndiaPost,2025-06-13,1,Winston-Salem
SHIP017250,ORD017250,Express,FedEx,2026-05-05,7,Everett
SHIP017251,ORD017251,Standard,BlueDart,2022-11-07,6,Philadelphia
SHIP017252,ORD017252,Express,FedEx,2026-07-12,5,Ann Arbor
SHIP017253,ORD017253,Standard,UPS,2024-09-17,9,Flint
SHIP017254,ORD017254,Express,Delhivery,2022-11-01,7,Greensboro
SHIP017256,ORD017256,Standard,IndiaPost,2024-03-31,7,Los Angeles
SHIP017257,ORD017257,Economy,UPS,2025-05-17,6,Jersey City
SHIP017259,ORD017259,Express,UPS,2021-07-11,2,Jacksonville
SHIP017260,ORD017260,Standard,FedEx,2025-04-25,8,Phoenix
SHIP017261,ORD017261,Standard,IndiaPost,2026-07-17,8,Spokane
SHIP017263,ORD017263,Express,Delhivery,2025-01-17,3,San Antonio
SHIP017264,ORD017264,Standard,Delhivery,2025-01-19,8,Athens
SHIP017265,ORD017265,Express,DHL,2022-04-01,8,Chandler
SHIP017266,ORD017266,Express,UPS,2026-05-30,9,Boulder
SHIP017267,ORD017267,Express,BlueDart,2026-07-05,3,Durham
SHIP017268,ORD017268,Standard,BlueDart,2026-01-31,1,Orlando
SHIP017269,ORD017269,Express,IndiaPost,2026-01-21,9,Toledo
SHIP017270,ORD017270,Express,BlueDart,2026-06-03,1,Pittsburgh
SHIP017271,ORD017271,Economy,Delhivery,2022-07-26,6,Newark
SHIP017272,ORD017272,Express,Delhivery,2024-05-30,6,Allentown
SHIP017274,ORD017274,Economy,UPS,2023-09-17,9,Fort Collins
SHIP017275,ORD017275,Standard,BlueDart,2022-12-02,9,Greensboro
SHIP017276,ORD017276,Standard,BlueDart,2023-09-23,2,Worcester
SHIP017277,ORD017277,Express,UPS,2023-08-12,7,Everett
SHIP017278,ORD017278,Economy,FedEx,2025-05-13,4,Chicago
SHIP017279,ORD017279,Standard,DHL,2026-03-29,9,Dallas
SHIP017281,ORD017281,Standard,DHL,2026-04-02,3,Philadelphia
SHIP017282,ORD017282,Express,DHL,2025-04-23,4,Jersey City
SHIP017283,ORD017283,Same-Day,Delhivery,2026-02-25,4,Los Angeles
SHIP017284,ORD017284,Economy,FedEx,2025-03-21,2,Miami
SHIP017285,ORD017285,Economy,IndiaPost,2026-03-22,7,Seattle
SHIP017286,ORD017286,Standard,Delhivery,2026-05-27,1,Augusta
SHIP017287,ORD017287,Economy,IndiaPost,2022-12-28,1,Rockford
SHIP017288,ORD017288,Express,UPS,2025-01-24,4,San Antonio
SHIP017289,ORD017289,Express,UPS,2025-03-25,5,San Diego
SHIP017290,ORD017290,Standard,IndiaPost,2026-06-01,6,Chicago
SHIP017291,ORD017291,Standard,DHL,2021-11-11,7,San Antonio
SHIP017292,ORD017292,Standard,DHL,2022-10-25,6,Everett
SHIP017293,ORD017293,Standard,BlueDart,2025-12-01,6,Buffalo
SHIP017296,ORD017296,Standard,DHL,2024-04-12,8,Ann Arbor
SHIP017297,ORD017297,Standard,FedEx,2025-10-13,3,Orlando
SHIP017298,ORD017298,Express,Delhivery,2026-06-30,9,Scottsdale
SHIP017299,ORD017299,Express,Delhivery,2025-01-15,4,Mesa
SHIP017301,ORD017301,Express,Delhivery,2024-11-06,5,New York City
SHIP017302,ORD017302,Express,BlueDart,2026-01-18,3,Trenton
SHIP017303,ORD017303,Express,UPS,2025-05-20,2,Syracuse
SHIP017304,ORD017304,Standard,BlueDart,2025-10-23,3,Durham
SHIP017306,ORD017306,Standard,FedEx,2024-10-02,4,Houston
SHIP017307,ORD017307,Same-Day,FedEx,2022-01-23,5,Elizabeth
SHIP017308,ORD017308,Standard,IndiaPost,2026-05-26,1,Pittsburgh
SHIP017309,ORD017309,Express,DHL,2025-10-06,6,Fort Lauderdale
SHIP017310,ORD017310,Standard,IndiaPost,2022-09-27,1,San Francisco
SHIP017311,ORD017311,Standard,UPS,2023-03-06,2,Cambridge
SHIP017312,ORD017312,Economy,UPS,2026-01-31,3,Trenton
SHIP017313,ORD017313,Same-Day,UPS,2022-03-01,9,San Jose
SHIP017314,ORD017314,Standard,DHL,2025-04-13,7,Dallas
SHIP017315,ORD017315,Express,DHL,2025-01-30,1,Winston-Salem
SHIP017317,ORD017317,Standard,UPS,2023-06-19,3,Buffalo
SHIP017318,ORD017318,Standard,DHL,2026-03-13,7,Winston-Salem
SHIP017319,ORD017319,Same-Day,DHL,2024-07-16,3,Akron
SHIP017320,ORD017320,Standard,FedEx,2025-10-12,3,Albany
SHIP017321,ORD017321,Standard,DHL,2022-02-18,7,Allentown
SHIP017322,ORD017322,Standard,DHL,2025-08-13,1,Durham
SHIP017323,ORD017323,Same-Day,FedEx,2026-05-04,8,San Jose
SHIP017324,ORD017324,Standard,FedEx,2026-02-11,5,Jacksonville
SHIP017325,ORD017325,Economy,BlueDart,2025-07-26,3,Peoria
SHIP017326,ORD017326,Express,BlueDart,2026-07-24,9,Seattle
SHIP017327,ORD017327,Express,IndiaPost,2020-12-21,7,New York City
SHIP017328,ORD017328,Standard,Delhivery,2026-04-03,6,Columbus
SHIP017329,ORD017329,Express,FedEx,2026-07-13,8,Dallas
SHIP017332,ORD017332,Standard,BlueDart,2025-06-19,9,Augusta
SHIP017333,ORD017333,Express,IndiaPost,2026-03-28,7,Austin
SHIP017334,ORD017334,Express,IndiaPost,2022-06-25,5,San Francisco
SHIP017335,ORD017335,Standard,FedEx,2026-05-22,6,Tampa
SHIP017336,ORD017336,Standard,IndiaPost,2023-02-12,9,San Francisco
SHIP017337,ORD017337,Economy,BlueDart,2024-02-23,7,Los Angeles
SHIP017338,ORD017338,Economy,Delhivery,2025-07-05,4,Savannah
SHIP017339,ORD017339,Standard,IndiaPost,2025-08-08,1,Denver
SHIP017340,ORD017340,Standard,IndiaPost,2023-11-30,4,Naperville
SHIP017341,ORD017341,Standard,UPS,2026-06-01,4,Mesa
SHIP017342,ORD017342,Same-Day,FedEx,2026-02-18,2,Allentown
SHIP017343,ORD017343,Standard,BlueDart,2026-02-16,7,Phoenix
SHIP017344,ORD017344,Express,IndiaPost,2024-02-27,6,San Francisco
SHIP017345,ORD017345,Standard,IndiaPost,2026-04-26,7,Fort Collins
SHIP017346,ORD017346,Economy,BlueDart,2026-01-01,9,Aurora
SHIP017347,ORD017347,Standard,FedEx,2021-06-08,3,Lowell
SHIP017349,ORD017349,Economy,BlueDart,2026-05-30,6,Savannah
SHIP017350,ORD017350,Standard,Delhivery,2026-01-02,5,San Diego
SHIP017351,ORD017351,Express,BlueDart,2026-07-14,2,Jacksonville
SHIP017352,ORD017352,Economy,UPS,2024-11-15,4,Chandler
SHIP017353,ORD017353,Standard,DHL,2025-04-22,8,Newark
SHIP017355,ORD017355,Standard,BlueDart,2021-09-12,4,Erie
SHIP017356,ORD017356,Express,DHL,2022-01-28,8,Naperville
SHIP017357,ORD017357,Same-Day,BlueDart,2022-12-10,2,Raleigh
SHIP017358,ORD017358,Standard,FedEx,2026-07-20,8,Sacramento
SHIP017359,ORD017359,Standard,FedEx,2026-05-28,2,Springfield
SHIP017360,ORD017360,Economy,IndiaPost,2026-07-10,7,Atlanta
SHIP017361,ORD017361,Standard,BlueDart,2026-07-09,3,Newark
SHIP017362,ORD017362,Same-Day,UPS,2025-07-27,3,Springfield
SHIP017363,ORD017363,Express,DHL,2025-01-08,5,Rockford
SHIP017364,ORD017364,Standard,IndiaPost,2025-05-15,7,Macon
SHIP017365,ORD017365,Standard,UPS,2025-04-01,6,Los Angeles
SHIP017366,ORD017366,Standard,Delhivery,2026-06-08,9,Toledo
SHIP017368,ORD017368,Standard,Delhivery,2023-07-05,9,Spokane
SHIP017369,ORD017369,Express,IndiaPost,2022-06-29,2,Atlanta
SHIP017370,ORD017370,Express,BlueDart,2025-08-30,5,Augusta
SHIP017371,ORD017371,Express,UPS,2025-05-07,3,Peoria
SHIP017372,ORD017372,Express,DHL,2023-10-03,2,Reading
SHIP017375,ORD017375,Standard,UPS,2026-04-10,1,Trenton
SHIP017376,ORD017376,Economy,Delhivery,2022-02-02,2,San Antonio
SHIP017377,ORD017377,Standard,FedEx,2021-10-20,4,Springfield
SHIP017378,ORD017378,Economy,IndiaPost,2024-09-14,8,Springfield
SHIP017379,ORD017379,Express,DHL,2025-01-13,7,Everett
SHIP017380,ORD017380,Standard,FedEx,2023-01-31,6,Detroit
SHIP017381,ORD017381,Economy,IndiaPost,2024-05-15,5,Rockford
SHIP017382,ORD017382,Economy,UPS,2024-04-24,9,Fort Worth
SHIP017383,ORD017383,Standard,FedEx,2026-06-28,1,Philadelphia
SHIP017384,ORD017384,Standard,BlueDart,2026-01-15,9,Erie
SHIP017385,ORD017385,Same-Day,IndiaPost,2026-08-01,6,Springfield
SHIP017386,ORD017386,Standard,FedEx,2025-03-16,8,Newark
SHIP017387,ORD017387,Economy,FedEx,2026-07-19,6,Phoenix
SHIP017388,ORD017388,Express,IndiaPost,2022-11-15,8,Tacoma
SHIP017389,ORD017389,Express,IndiaPost,2025-04-24,3,Phoenix
SHIP017390,ORD017390,Standard,FedEx,2023-08-10,6,Phoenix
SHIP017391,ORD017391,Economy,IndiaPost,2026-07-11,9,Cincinnati
SHIP017392,ORD017392,Express,UPS,2021-07-13,4,New York City
SHIP017393,ORD017393,Standard,Delhivery,2025-10-06,2,San Jose
SHIP017394,ORD017394,Same-Day,DHL,2026-01-30,2,Boston
SHIP017395,ORD017395,Standard,IndiaPost,2026-01-03,1,Paterson
SHIP017396,ORD017396,Standard,UPS,2025-01-09,4,Allentown
SHIP017397,ORD017397,Economy,IndiaPost,2026-07-13,3,Flint
SHIP017398,ORD017398,Standard,FedEx,2026-07-31,7,Cincinnati
SHIP017399,ORD017399,Standard,BlueDart,2025-02-02,3,Toledo
SHIP017400,ORD017400,Standard,Delhivery,2025-11-04,5,Augusta
SHIP017401,ORD017401,Standard,BlueDart,2026-07-11,5,Tucson
SHIP017402,ORD017402,Standard,Delhivery,2026-07-29,2,Aurora
SHIP017404,ORD017404,Standard,DHL,2022-04-18,7,Everett
SHIP017405,ORD017405,Standard,UPS,2023-06-01,3,Toledo
SHIP017407,ORD017407,Standard,Delhivery,2022-08-25,4,Atlanta
SHIP017408,ORD017408,Same-Day,BlueDart,2022-11-16,2,Raleigh
SHIP017409,ORD017409,Same-Day,UPS,2026-07-23,4,Bellevue
SHIP017410,ORD017410,Standard,UPS,2025-05-21,6,Chicago
SHIP017411,ORD017411,Standard,Delhivery,2025-01-24,8,Erie
SHIP017413,ORD017413,Express,IndiaPost,2025-10-25,9,Bellevue
SHIP017414,ORD017414,Express,BlueDart,2026-01-20,3,Lansing
SHIP017415,ORD017415,Standard,Delhivery,2024-06-26,6,Cincinnati
SHIP017416,ORD017416,Standard,UPS,2025-01-26,7,Austin
SHIP017417,ORD017417,Standard,BlueDart,2026-08-02,9,Buffalo
SHIP017419,ORD017419,Same-Day,Delhivery,2024-02-01,7,Columbus
SHIP017420,ORD017420,Standard,FedEx,2025-10-01,2,Lansing
SHIP017421,ORD017421,Standard,DHL,2022-10-30,7,Mesa
SHIP017422,ORD017422,Standard,Delhivery,2025-01-31,4,Winston-Salem
SHIP017424,ORD017424,Standard,FedEx,2024-10-16,2,Jersey City
SHIP017425,ORD017425,Standard,IndiaPost,2022-01-04,7,Jacksonville
SHIP017426,ORD017426,Express,FedEx,2024-10-22,8,Savannah
SHIP017427,ORD017427,Economy,BlueDart,2026-01-05,8,Houston
SHIP017428,ORD017428,Express,IndiaPost,2024-03-03,3,Spokane
SHIP017429,ORD017429,Standard,FedEx,2026-06-10,1,Denver
SHIP017430,ORD017430,Express,DHL,2023-01-27,5,Springfield
SHIP017431,ORD017431,Standard,IndiaPost,2025-08-09,8,Fort Worth
SHIP017432,ORD017432,Standard,IndiaPost,2022-12-11,4,Ann Arbor
SHIP017433,ORD017433,Express,DHL,2022-09-19,9,Boston
SHIP017434,ORD017434,Economy,BlueDart,2025-05-21,7,New York City
SHIP017437,ORD017437,Economy,BlueDart,2025-08-09,6,Tampa
SHIP017438,ORD017438,Standard,Delhivery,2025-04-18,1,Mesa
SHIP017439,ORD017439,Standard,BlueDart,2023-07-12,1,Syracuse
SHIP017440,ORD017440,Same-Day,IndiaPost,2024-11-17,6,Durham
SHIP017441,ORD017441,Standard,FedEx,2025-12-24,4,Springfield
SHIP017442,ORD017442,Express,IndiaPost,2024-11-23,4,Chandler
SHIP017444,ORD017444,Express,IndiaPost,2022-05-14,2,Sacramento
SHIP017445,ORD017445,Standard,BlueDart,2021-06-09,4,Raleigh
SHIP017446,ORD017446,Express,Delhivery,2023-02-14,2,Augusta
SHIP017447,ORD017447,Standard,DHL,2025-03-14,4,Denver
SHIP017448,ORD017448,Standard,UPS,2026-04-18,5,Chicago
SHIP017449,ORD017449,Standard,BlueDart,2020-05-07,2,Fort Worth
SHIP017450,ORD017450,Standard,FedEx,2026-05-14,2,Atlanta
SHIP017453,ORD017453,Express,BlueDart,2022-09-12,1,Cincinnati
SHIP017454,ORD017454,Same-Day,Delhivery,2024-06-13,5,Charlotte
SHIP017456,ORD017456,Standard,BlueDart,2022-02-07,2,Austin
SHIP017457,ORD017457,Economy,BlueDart,2025-10-10,4,Scottsdale
SHIP017458,ORD017458,Economy,BlueDart,2026-06-24,9,Toledo
SHIP017459,ORD017459,Standard,Delhivery,2023-06-21,2,Spokane
SHIP017460,ORD017460,Standard,IndiaPost,2024-12-07,3,Aurora
SHIP017461,ORD017461,Same-Day,IndiaPost,2023-09-14,1,Toledo
SHIP017462,ORD017462,Express,DHL,2026-05-12,8,Lansing
SHIP017463,ORD017463,Express,FedEx,2023-05-05,9,Miami
SHIP017464,ORD017464,Express,UPS,2026-07-14,3,Rockford
SHIP017465,ORD017465,Standard,BlueDart,2026-01-06,7,Albany
SHIP017466,ORD017466,Standard,DHL,2025-07-12,6,Erie
SHIP017467,ORD017467,Standard,IndiaPost,2026-01-28,9,Lowell
SHIP017469,ORD017469,Economy,Delhivery,2023-05-10,8,Raleigh
SHIP017470,ORD017470,Economy,UPS,2025-06-22,3,San Jose
SHIP017471,ORD017471,Standard,Delhivery,2023-10-23,9,Cambridge
SHIP017472,ORD017472,Standard,BlueDart,2025-12-29,5,Raleigh
SHIP017473,ORD017473,Standard,DHL,2024-02-22,7,Rochester
SHIP017474,ORD017474,Same-Day,UPS,2025-11-27,8,Spokane
SHIP017475,ORD017475,Standard,Delhivery,2023-02-26,7,Savannah
SHIP017477,ORD017477,Express,UPS,2025-03-01,7,Atlanta
SHIP017478,ORD017478,Standard,BlueDart,2026-05-03,6,Austin
SHIP017479,ORD017479,Express,FedEx,2022-04-11,5,Houston
SHIP017480,ORD017480,Express,IndiaPost,2025-05-10,9,Akron
SHIP017481,ORD017481,Express,Delhivery,2026-04-18,4,San Diego
SHIP017482,ORD017482,Standard,UPS,2026-03-10,8,Ann Arbor
SHIP017483,ORD017483,Express,UPS,2025-02-10,3,Ann Arbor
SHIP017484,ORD017484,Express,Delhivery,2025-03-12,3,Cincinnati
SHIP017485,ORD017485,Standard,DHL,2025-08-30,5,Ann Arbor
SHIP017486,ORD017486,Express,FedEx,2022-03-07,2,Syracuse
SHIP017487,ORD017487,Standard,BlueDart,2020-09-21,6,Scottsdale
SHIP017488,ORD017488,Express,UPS,2026-06-27,2,Columbus
SHIP017489,ORD017489,Standard,BlueDart,2025-09-17,2,Everett
SHIP017490,ORD017490,Express,IndiaPost,2025-12-04,8,Trenton
SHIP017491,ORD017491,Express,FedEx,2021-08-03,8,Mesa
SHIP017492,ORD017492,Same-Day,DHL,2023-11-21,9,Rockford
SHIP017493,ORD017493,Standard,IndiaPost,2024-08-27,3,Worcester
SHIP017494,ORD017494,Standard,FedEx,2024-07-28,5,Scottsdale
SHIP017495,ORD017495,Standard,BlueDart,2020-02-14,4,Detroit
SHIP017496,ORD017496,Standard,IndiaPost,2025-07-17,1,Jacksonville
SHIP017498,ORD017498,Economy,Delhivery,2026-02-19,7,Erie
SHIP017499,ORD017499,Economy,Delhivery,2025-04-11,2,Akron
SHIP017500,ORD017500,Express,Delhivery,2026-04-17,4,Durham
SHIP017501,ORD017501,Same-Day,IndiaPost,2024-02-12,3,Tampa
SHIP017503,ORD017503,Express,Delhivery,2026-03-12,2,Macon
SHIP017504,ORD017504,Standard,DHL,2026-03-26,8,Trenton
SHIP017505,ORD017505,Standard,DHL,2023-04-16,9,San Francisco
SHIP017506,ORD017506,Standard,UPS,2026-05-29,7,New York City
SHIP017508,ORD017508,Standard,BlueDart,2026-07-17,7,Springfield
SHIP017509,ORD017509,Standard,BlueDart,2025-07-16,3,Spokane
SHIP017510,ORD017510,Standard,BlueDart,2026-02-17,3,Paterson
SHIP017512,ORD017512,Standard,DHL,2020-04-15,6,Springfield
SHIP017513,ORD017513,Express,DHL,2022-01-10,8,Orlando
SHIP017514,ORD017514,Standard,FedEx,2022-01-09,4,Macon
SHIP017515,ORD017515,Same-Day,BlueDart,2022-03-23,2,Everett
SHIP017516,ORD017516,Standard,DHL,2026-07-20,5,Everett
SHIP017517,ORD017517,Standard,IndiaPost,2022-07-23,6,Denver
SHIP017519,ORD017519,Standard,Delhivery,2026-05-09,6,Augusta
SHIP017521,ORD017521,Standard,FedEx,2022-08-15,1,San Jose
SHIP017523,ORD017523,Standard,UPS,2024-08-30,7,Cambridge
SHIP017525,ORD017525,Express,Delhivery,2024-07-22,2,Tucson
SHIP017526,ORD017526,Standard,FedEx,2024-11-07,8,Peoria
SHIP017527,ORD017527,Standard,IndiaPost,2024-03-11,5,Winston-Salem
SHIP017528,ORD017528,Standard,DHL,2026-05-24,9,Raleigh
SHIP017529,ORD017529,Standard,Delhivery,2025-02-21,2,Paterson
SHIP017531,ORD017531,Standard,IndiaPost,2024-02-02,2,Fort Lauderdale
SHIP017532,ORD017532,Economy,UPS,2023-09-01,8,Akron
SHIP017534,ORD017534,Standard,UPS,2025-09-22,4,Worcester
SHIP017535,ORD017535,Same-Day,Delhivery,2023-10-23,9,Winston-Salem
SHIP017536,ORD017536,Express,FedEx,2025-09-16,2,Jersey City
SHIP017537,ORD017537,Standard,BlueDart,2026-05-27,7,Toledo
SHIP017538,ORD017538,Express,UPS,2026-06-05,6,Akron
SHIP017539,ORD017539,Same-Day,BlueDart,2021-12-30,7,Los Angeles
SHIP017540,ORD017540,Same-Day,IndiaPost,2025-04-16,6,Tucson
SHIP017541,ORD017541,Standard,UPS,2025-09-04,5,Athens
SHIP017542,ORD017542,Standard,FedEx,2025-10-07,3,Austin
SHIP017543,ORD017543,Standard,BlueDart,2021-06-26,6,Akron
SHIP017544,ORD017544,Standard,DHL,2021-06-27,8,Akron
SHIP017545,ORD017545,Standard,Delhivery,2024-08-09,2,Fort Collins
SHIP017547,ORD017547,Standard,DHL,2026-05-20,9,Macon
SHIP017548,ORD017548,Standard,DHL,2026-01-31,2,Atlanta
SHIP017549,ORD017549,Standard,Delhivery,2025-07-02,6,Lowell
SHIP017550,ORD017550,Standard,UPS,2025-07-19,9,Raleigh
SHIP017551,ORD017551,Express,UPS,2023-08-17,7,Aurora
SHIP017552,ORD017552,Standard,FedEx,2026-03-28,7,Spokane
SHIP017553,ORD017553,Express,UPS,2023-10-23,6,Everett
SHIP017554,ORD017554,Standard,DHL,2020-10-08,7,Everett
SHIP017556,ORD017556,Express,UPS,2023-10-29,4,Boston
SHIP017557,ORD017557,Express,FedEx,2024-02-24,4,Tampa
SHIP017558,ORD017558,Express,Delhivery,2025-05-20,4,Austin
SHIP017559,ORD017559,Economy,UPS,2023-06-02,9,Chandler
SHIP017560,ORD017560,Express,FedEx,2023-03-10,8,Worcester
SHIP017561,ORD017561,Standard,IndiaPost,2026-02-28,7,Boulder
SHIP017562,ORD017562,Same-Day,IndiaPost,2026-04-07,2,San Francisco
SHIP017563,ORD017563,Standard,UPS,2025-10-04,2,Trenton
SHIP017564,ORD017564,Express,Delhivery,2026-05-11,4,Augusta
SHIP017565,ORD017565,Standard,UPS,2023-05-09,1,Lowell
SHIP017566,ORD017566,Standard,DHL,2025-05-11,9,Newark
SHIP017567,ORD017567,Economy,DHL,2024-12-25,2,Springfield
SHIP017568,ORD017568,Standard,DHL,2023-03-10,1,Toledo
SHIP017569,ORD017569,Standard,IndiaPost,2022-05-29,2,San Diego
SHIP017570,ORD017570,Economy,BlueDart,2025-10-08,7,Bellevue
SHIP017571,ORD017571,Same-Day,IndiaPost,2025-02-24,6,Worcester
SHIP017572,ORD017572,Express,Delhivery,2025-06-10,8,Aurora
SHIP017573,ORD017573,Standard,BlueDart,2026-08-04,7,Reading
SHIP017576,ORD017576,Express,FedEx,2026-03-13,5,Phoenix
SHIP017577,ORD017577,Standard,BlueDart,2025-09-16,1,Phoenix
SHIP017578,ORD017578,Express,Delhivery,2026-07-08,9,Chandler
SHIP017579,ORD017579,Express,IndiaPost,2024-12-29,3,Austin
SHIP017580,ORD017580,Standard,DHL,2026-06-21,1,Bellevue
SHIP017581,ORD017581,Express,IndiaPost,2026-05-30,7,Colorado Springs
SHIP017583,ORD017583,Express,Delhivery,2025-03-10,3,Cleveland
SHIP017584,ORD017584,Same-Day,FedEx,2024-04-25,4,Seattle
SHIP017585,ORD017585,Standard,BlueDart,2025-03-06,7,Fort Lauderdale
SHIP017586,ORD017586,Standard,DHL,2026-03-11,2,Fort Worth
SHIP017587,ORD017587,Standard,IndiaPost,2023-06-11,4,Peoria
SHIP017588,ORD017588,Same-Day,DHL,2026-03-09,5,Lowell
SHIP017589,ORD017589,Standard,DHL,2021-07-12,1,Buffalo
SHIP017590,ORD017590,Standard,DHL,2026-03-02,3,San Jose
SHIP017591,ORD017591,Standard,IndiaPost,2022-06-30,4,Colorado Springs
SHIP017592,ORD017592,Standard,Delhivery,2021-04-18,5,Philadelphia
SHIP017593,ORD017593,Standard,FedEx,2026-05-11,5,Denver
SHIP017594,ORD017594,Standard,IndiaPost,2026-04-01,6,Fort Worth
SHIP017595,ORD017595,Standard,FedEx,2024-10-02,7,Chandler
SHIP017596,ORD017596,Standard,IndiaPost,2025-12-30,3,Orlando
SHIP017598,ORD017598,Standard,DHL,2024-02-02,5,Jersey City
SHIP017599,ORD017599,Standard,Delhivery,2026-06-25,1,Tucson
SHIP017600,ORD017600,Express,BlueDart,2021-05-23,6,Rockford
SHIP017601,ORD017601,Standard,Delhivery,2022-01-06,8,Detroit
SHIP017602,ORD017602,Standard,Delhivery,2025-05-25,2,Lowell
SHIP017603,ORD017603,Express,IndiaPost,2022-10-02,6,Phoenix
SHIP017604,ORD017604,Standard,Delhivery,2020-07-08,3,Rockford
SHIP017605,ORD017605,Standard,FedEx,2026-08-07,8,Los Angeles
SHIP017606,ORD017606,Express,BlueDart,2026-02-24,8,Worcester
SHIP017607,ORD017607,Same-Day,UPS,2023-03-18,9,Cleveland
SHIP017608,ORD017608,Express,UPS,2020-07-23,5,Denver
SHIP017609,ORD017609,Standard,FedEx,2026-02-16,2,Chandler
SHIP017610,ORD017610,Same-Day,BlueDart,2022-09-19,4,San Francisco
SHIP017611,ORD017611,Standard,UPS,2021-09-01,6,Chandler
SHIP017612,ORD017612,Same-Day,FedEx,2026-04-11,6,Rochester
SHIP017615,ORD017615,Standard,Delhivery,2026-08-02,7,Denver
SHIP017616,ORD017616,Same-Day,Delhivery,2024-11-26,2,Columbus
SHIP017618,ORD017618,Express,DHL,2026-01-04,7,Phoenix
SHIP017620,ORD017620,Standard,UPS,2025-06-18,3,Newark
SHIP017621,ORD017621,Standard,FedEx,2023-07-09,9,Boston
SHIP017622,ORD017622,Same-Day,IndiaPost,2026-07-21,8,Tucson
SHIP017623,ORD017623,Express,DHL,2023-09-15,9,Cambridge
SHIP017624,ORD017624,Standard,IndiaPost,2024-04-14,2,Augusta
SHIP017625,ORD017625,Standard,Delhivery,2024-12-20,7,San Jose
SHIP017626,ORD017626,Standard,IndiaPost,2024-01-14,6,Syracuse
SHIP017627,ORD017627,Express,Delhivery,2023-09-26,7,Cincinnati
SHIP017628,ORD017628,Standard,BlueDart,2023-04-12,2,Erie
SHIP017630,ORD017630,Express,FedEx,2025-02-15,9,Tampa
SHIP017631,ORD017631,Standard,IndiaPost,2025-07-15,8,Springfield
SHIP017633,ORD017633,Standard,DHL,2025-01-15,2,Austin
SHIP017634,ORD017634,Standard,DHL,2023-04-01,7,Savannah
SHIP017635,ORD017635,Standard,IndiaPost,2026-04-24,9,Toledo
SHIP017636,ORD017636,Standard,IndiaPost,2021-12-08,2,Bellevue
SHIP017637,ORD017637,Express,DHL,2026-01-11,9,Greensboro
SHIP017638,ORD017638,Standard,DHL,2025-04-03,1,Paterson
SHIP017639,ORD017639,Standard,IndiaPost,2025-03-13,4,San Antonio
SHIP017640,ORD017640,Standard,DHL,2024-12-15,2,Reading
SHIP017641,ORD017641,Standard,DHL,2026-03-25,7,Lowell
SHIP017642,ORD017642,Standard,DHL,2021-03-18,5,Cambridge
SHIP017643,ORD017643,Standard,BlueDart,2024-01-12,9,San Francisco
SHIP017644,ORD017644,Express,UPS,2023-08-23,9,Raleigh
SHIP017645,ORD017645,Economy,FedEx,2020-01-28,4,Naperville
SHIP017646,ORD017646,Express,Delhivery,2023-10-18,4,Tacoma
SHIP017648,ORD017648,Express,FedEx,2023-03-25,8,Colorado Springs
SHIP017649,ORD017649,Express,DHL,2021-12-29,3,Springfield
SHIP017651,ORD017651,Same-Day,IndiaPost,2026-08-03,4,San Jose
SHIP017652,ORD017652,Express,UPS,2022-08-04,4,Columbus
SHIP017653,ORD017653,Same-Day,FedEx,2022-01-06,7,Charlotte
SHIP017654,ORD017654,Standard,Delhivery,2026-05-25,8,Orlando
SHIP017655,ORD017655,Standard,DHL,2022-09-14,3,Worcester
SHIP017657,ORD017657,Standard,Delhivery,2026-01-01,2,Tampa
SHIP017658,ORD017658,Standard,Delhivery,2026-03-16,8,New York City
SHIP017659,ORD017659,Standard,FedEx,2026-07-27,3,Jersey City
SHIP017660,ORD017660,Standard,FedEx,2025-04-03,7,Jacksonville
SHIP017661,ORD017661,Standard,Delhivery,2026-06-11,2,Worcester
SHIP017662,ORD017662,Express,Delhivery,2025-11-05,7,Naperville
SHIP017663,ORD017663,Standard,FedEx,2026-07-01,9,Syracuse
SHIP017664,ORD017664,Standard,UPS,2025-02-23,5,Miami
SHIP017665,ORD017665,Standard,UPS,2026-05-01,4,Jersey City
SHIP017666,ORD017666,Standard,BlueDart,2025-07-12,2,Akron
SHIP017667,ORD017667,Express,FedEx,2023-08-09,8,Jersey City
SHIP017668,ORD017668,Standard,DHL,2020-02-14,4,Chandler
SHIP017669,ORD017669,Standard,FedEx,2026-02-08,9,Worcester
SHIP017670,ORD017670,Standard,DHL,2022-12-04,6,Lowell
SHIP017671,ORD017671,Economy,UPS,2024-04-20,3,Rockford
SHIP017673,ORD017673,Express,UPS,2023-02-11,2,Aurora
SHIP017674,ORD017674,Express,Delhivery,2026-04-14,9,Tampa
SHIP017675,ORD017675,Economy,IndiaPost,2025-09-24,5,Mesa
SHIP017676,ORD017676,Standard,UPS,2022-12-20,6,Jacksonville
SHIP017678,ORD017678,Economy,IndiaPost,2026-02-24,3,Cincinnati
SHIP017679,ORD017679,Express,UPS,2025-01-29,1,Toledo
SHIP017680,ORD017680,Express,UPS,2025-07-18,5,Fort Collins
SHIP017681,ORD017681,Standard,IndiaPost,2024-03-17,1,Orlando
SHIP017682,ORD017682,Express,Delhivery,2023-12-30,1,Spokane
SHIP017683,ORD017683,Standard,BlueDart,2025-11-15,7,Buffalo
SHIP017684,ORD017684,Standard,FedEx,2023-03-27,7,Naperville
SHIP017685,ORD017685,Standard,BlueDart,2023-03-06,3,Orlando
SHIP017686,ORD017686,Standard,UPS,2023-12-06,1,Lansing
SHIP017687,ORD017687,Standard,DHL,2025-02-02,3,San Diego
SHIP017688,ORD017688,Standard,DHL,2025-05-19,5,Atlanta
SHIP017692,ORD017692,Express,BlueDart,2024-05-09,7,Miami
SHIP017693,ORD017693,Express,FedEx,2021-05-09,8,Athens
SHIP017694,ORD017694,Standard,Delhivery,2025-09-13,5,Tucson
SHIP017695,ORD017695,Express,IndiaPost,2026-04-30,9,Fort Worth
SHIP017696,ORD017696,Standard,Delhivery,2026-01-10,3,Augusta
SHIP017697,ORD017697,Same-Day,DHL,2025-10-05,5,Greensboro
SHIP017698,ORD017698,Standard,DHL,2025-05-22,6,Charlotte
SHIP017699,ORD017699,Standard,DHL,2026-03-30,1,Detroit
SHIP017700,ORD017700,Express,UPS,2023-10-31,8,Orlando
SHIP017701,ORD017701,Standard,UPS,2025-11-08,3,San Jose
SHIP017702,ORD017702,Express,DHL,2021-03-29,4,Rochester
SHIP017703,ORD017703,Standard,Delhivery,2022-09-20,9,Ann Arbor
SHIP017704,ORD017704,Standard,Delhivery,2025-10-23,6,Rockford
SHIP017705,ORD017705,Same-Day,UPS,2026-07-01,6,San Antonio
SHIP017706,ORD017706,Express,Delhivery,2026-03-09,5,Savannah
SHIP017707,ORD017707,Standard,FedEx,2025-08-27,2,Philadelphia
SHIP017708,ORD017708,Standard,FedEx,2023-08-02,3,Springfield
SHIP017709,ORD017709,Standard,FedEx,2024-03-01,9,Springfield
SHIP017710,ORD017710,Standard,FedEx,2023-01-19,8,Charlotte
SHIP017711,ORD017711,Standard,FedEx,2022-09-08,3,San Francisco
SHIP017712,ORD017712,Standard,IndiaPost,2024-09-21,8,Jacksonville
SHIP017713,ORD017713,Economy,BlueDart,2026-04-29,1,Sacramento
SHIP017714,ORD017714,Standard,IndiaPost,2023-02-04,6,San Jose
SHIP017715,ORD017715,Express,DHL,2024-08-31,2,Spokane
SHIP017716,ORD017716,Express,IndiaPost,2024-03-06,1,Pittsburgh
SHIP017718,ORD017718,Standard,BlueDart,2025-11-25,2,Phoenix
SHIP017720,ORD017720,Same-Day,DHL,2026-01-01,5,Cleveland
SHIP017721,ORD017721,Same-Day,IndiaPost,2026-05-14,7,Durham
SHIP017722,ORD017722,Economy,IndiaPost,2026-05-19,4,Flint
SHIP017723,ORD017723,Standard,FedEx,2025-08-16,5,San Antonio
SHIP017724,ORD017724,Express,UPS,2021-08-10,4,New York City
SHIP017725,ORD017725,Standard,UPS,2024-05-11,5,Paterson
SHIP017726,ORD017726,Standard,Delhivery,2022-01-27,5,Sacramento
SHIP017727,ORD017727,Standard,BlueDart,2024-09-08,8,Phoenix
SHIP017729,ORD017729,Express,IndiaPost,2024-05-22,9,Chicago
SHIP017730,ORD017730,Standard,FedEx,2025-12-04,7,Grand Rapids
SHIP017731,ORD017731,Standard,IndiaPost,2025-04-16,4,Elizabeth
SHIP017732,ORD017732,Standard,Delhivery,2025-08-14,2,Worcester
SHIP017733,ORD017733,Express,IndiaPost,2026-05-04,5,Everett
SHIP017734,ORD017734,Standard,IndiaPost,2024-05-14,6,Pittsburgh
SHIP017735,ORD017735,Same-Day,UPS,2024-08-07,9,Cleveland
SHIP017737,ORD017737,Same-Day,IndiaPost,2022-10-26,4,Austin
SHIP017738,ORD017738,Same-Day,IndiaPost,2024-09-19,4,Scottsdale
SHIP017739,ORD017739,Same-Day,BlueDart,2023-03-23,1,Fort Collins
SHIP017740,ORD017740,Economy,FedEx,2023-11-21,9,Tucson
SHIP017741,ORD017741,Standard,FedEx,2022-07-30,4,Elizabeth
SHIP017742,ORD017742,Economy,DHL,2023-10-10,4,Miami
SHIP017743,ORD017743,Same-Day,BlueDart,2021-01-01,1,Savannah
SHIP017744,ORD017744,Standard,FedEx,2022-08-27,8,Everett
SHIP017746,ORD017746,Same-Day,BlueDart,2024-12-05,6,Bellevue
SHIP017747,ORD017747,Express,Delhivery,2025-05-25,9,Atlanta
SHIP017748,ORD017748,Express,UPS,2021-12-10,3,Buffalo
SHIP017749,ORD017749,Express,BlueDart,2026-05-04,9,Los Angeles
SHIP017751,ORD017751,Standard,FedEx,2024-09-06,1,Worcester
SHIP017752,ORD017752,Standard,DHL,2026-05-25,2,San Francisco
SHIP017753,ORD017753,Express,FedEx,2026-06-09,5,Pittsburgh
SHIP017754,ORD017754,Standard,FedEx,2025-06-28,2,Chicago
SHIP017756,ORD017756,Standard,UPS,2020-05-23,5,Mesa
SHIP017757,ORD017757,Express,UPS,2025-05-19,9,Rockford
SHIP017758,ORD017758,Standard,Delhivery,2023-03-12,2,Scottsdale
SHIP017759,ORD017759,Economy,Delhivery,2023-11-03,9,Boulder
SHIP017762,ORD017762,Standard,Delhivery,2023-08-22,4,Philadelphia
SHIP017763,ORD017763,Standard,Delhivery,2025-12-09,9,Augusta
SHIP017764,ORD017764,Standard,FedEx,2024-03-07,4,Tacoma
SHIP017765,ORD017765,Standard,UPS,2026-06-16,5,Durham
SHIP017766,ORD017766,Standard,DHL,2020-02-28,4,Syracuse
SHIP017767,ORD017767,Economy,Delhivery,2026-01-04,6,Springfield
SHIP017768,ORD017768,Standard,IndiaPost,2026-06-24,3,Erie
SHIP017771,ORD017771,Standard,DHL,2025-11-09,1,Elizabeth
SHIP017772,ORD017772,Standard,Delhivery,2025-11-23,6,Orlando
SHIP017773,ORD017773,Express,IndiaPost,2026-04-26,1,Orlando
SHIP017774,ORD017774,Standard,FedEx,2025-09-06,4,Lowell
SHIP017775,ORD017775,Express,UPS,2023-07-24,3,Akron
SHIP017776,ORD017776,Standard,UPS,2025-08-12,6,Dallas
SHIP017777,ORD017777,Standard,BlueDart,2023-07-26,6,Durham
SHIP017778,ORD017778,Standard,BlueDart,2025-05-29,9,Colorado Springs
SHIP017779,ORD017779,Standard,BlueDart,2026-05-06,8,Elizabeth
SHIP017780,ORD017780,Standard,Delhivery,2023-10-18,9,Chicago
SHIP017781,ORD017781,Economy,UPS,2025-04-03,3,Cincinnati
SHIP017782,ORD017782,Express,IndiaPost,2024-12-27,5,Boston
SHIP017783,ORD017783,Standard,DHL,2024-03-18,3,Scottsdale
SHIP017784,ORD017784,Standard,Delhivery,2023-07-08,8,Winston-Salem
SHIP017785,ORD017785,Standard,BlueDart,2022-08-29,4,Flint
SHIP017786,ORD017786,Same-Day,UPS,2025-04-22,9,Bellevue
SHIP017787,ORD017787,Express,BlueDart,2023-04-09,9,Springfield
SHIP017788,ORD017788,Express,BlueDart,2025-01-10,4,Columbus
SHIP017789,ORD017789,Standard,DHL,2026-02-28,5,Peoria
SHIP017790,ORD017790,Express,BlueDart,2024-02-12,4,Boulder
SHIP017791,ORD017791,Express,BlueDart,2024-09-07,1,San Jose
SHIP017792,ORD017792,Express,FedEx,2024-11-01,1,Spokane
SHIP017793,ORD017793,Same-Day,DHL,2022-06-09,8,Tucson
SHIP017795,ORD017795,Express,FedEx,2026-02-03,9,San Diego
SHIP017796,ORD017796,Economy,Delhivery,2025-04-06,5,Buffalo
SHIP017797,ORD017797,Standard,Delhivery,2023-06-05,3,Boulder
SHIP017798,ORD017798,Standard,UPS,2023-01-28,4,Atlanta
SHIP017799,ORD017799,Same-Day,IndiaPost,2024-10-20,2,Atlanta
SHIP017800,ORD017800,Standard,IndiaPost,2022-12-11,1,Orlando
SHIP017801,ORD017801,Express,BlueDart,2024-11-09,8,Tacoma
SHIP017802,ORD017802,Same-Day,IndiaPost,2023-11-04,2,Naperville
SHIP017803,ORD017803,Standard,UPS,2026-08-02,8,Sacramento
SHIP017804,ORD017804,Standard,Delhivery,2026-05-12,6,Detroit
SHIP017805,ORD017805,Standard,FedEx,2024-05-23,4,Mesa
SHIP017806,ORD017806,Standard,UPS,2025-09-14,8,Paterson
SHIP017807,ORD017807,Standard,BlueDart,2025-09-06,9,New York City
SHIP017808,ORD017808,Express,IndiaPost,2026-02-16,9,Rockford
SHIP017809,ORD017809,Standard,FedEx,2021-06-05,4,Lansing
SHIP017810,ORD017810,Standard,IndiaPost,2025-08-28,7,Tampa
SHIP017811,ORD017811,Economy,DHL,2021-03-09,9,Mesa
SHIP017812,ORD017812,Express,FedEx,2021-10-29,8,Raleigh
SHIP017813,ORD017813,Express,IndiaPost,2025-06-01,3,San Francisco
SHIP017814,ORD017814,Standard,IndiaPost,2024-07-08,7,Lowell
SHIP017815,ORD017815,Economy,IndiaPost,2023-03-31,5,Detroit
SHIP017816,ORD017816,Express,UPS,2023-10-29,1,Allentown
SHIP017817,ORD017817,Standard,BlueDart,2025-04-17,1,Raleigh
SHIP017818,ORD017818,Standard,UPS,2021-07-23,3,Albany
SHIP017819,ORD017819,Standard,Delhivery,2026-03-12,2,Peoria
SHIP017821,ORD017821,Express,Delhivery,2025-03-28,1,Atlanta
SHIP017822,ORD017822,Same-Day,UPS,2024-05-17,2,Cambridge
SHIP017824,ORD017824,Standard,DHL,2024-10-06,5,Phoenix
SHIP017825,ORD017825,Express,BlueDart,2023-10-09,7,San Francisco
SHIP017827,ORD017827,Express,DHL,2025-12-01,9,Lansing
SHIP017828,ORD017828,Standard,DHL,2023-09-26,8,Augusta
SHIP017829,ORD017829,Standard,Delhivery,2023-05-11,8,Grand Rapids
SHIP017830,ORD017830,Same-Day,UPS,2024-04-12,5,Los Angeles
SHIP017831,ORD017831,Express,IndiaPost,2021-07-06,5,Raleigh
SHIP017832,ORD017832,Standard,DHL,2026-04-26,9,Rochester
SHIP017834,ORD017834,Standard,FedEx,2022-07-31,5,Erie
SHIP017835,ORD017835,Same-Day,FedEx,2023-09-03,1,Pittsburgh
SHIP017836,ORD017836,Express,Delhivery,2026-04-14,1,Philadelphia
SHIP017837,ORD017837,Standard,UPS,2025-07-25,5,Jacksonville
SHIP017838,ORD017838,Economy,UPS,2024-11-25,9,Savannah
SHIP017839,ORD017839,Standard,Delhivery,2024-07-19,7,Los Angeles
SHIP017840,ORD017840,Economy,Delhivery,2026-03-31,7,Cambridge
SHIP017841,ORD017841,Standard,Delhivery,2023-08-30,5,Lansing
SHIP017843,ORD017843,Standard,UPS,2025-07-18,6,Spokane
SHIP017844,ORD017844,Standard,UPS,2026-06-18,1,Allentown
SHIP017845,ORD017845,Express,UPS,2024-12-31,5,New York City
SHIP017849,ORD017849,Express,UPS,2023-04-27,3,Trenton
SHIP017850,ORD017850,Standard,UPS,2022-03-29,1,Lowell
SHIP017851,ORD017851,Economy,BlueDart,2026-02-21,9,New York City
SHIP017852,ORD017852,Standard,UPS,2023-03-27,7,Springfield
SHIP017853,ORD017853,Express,BlueDart,2025-07-01,5,Columbus
SHIP017854,ORD017854,Standard,Delhivery,2021-11-21,1,Bellevue
SHIP017855,ORD017855,Standard,Delhivery,2020-12-22,7,Bellevue
SHIP017856,ORD017856,Standard,DHL,2024-10-24,6,Macon
SHIP017857,ORD017857,Express,UPS,2023-11-03,3,Tacoma
SHIP017858,ORD017858,Standard,DHL,2023-05-19,3,Pittsburgh
SHIP017859,ORD017859,Standard,DHL,2025-05-05,8,Winston-Salem
SHIP017860,ORD017860,Same-Day,DHL,2026-04-08,7,San Jose
SHIP017861,ORD017861,Express,IndiaPost,2025-04-17,5,Paterson
SHIP017863,ORD017863,Standard,DHL,2023-03-13,4,Worcester
SHIP017865,ORD017865,Standard,FedEx,2021-02-05,7,Erie
SHIP017866,ORD017866,Standard,FedEx,2026-06-23,1,Greensboro
SHIP017867,ORD017867,Standard,FedEx,2023-06-21,2,Cambridge
SHIP017869,ORD017869,Same-Day,FedEx,2026-06-10,7,Albany
SHIP017870,ORD017870,Standard,Delhivery,2024-06-26,2,Colorado Springs
SHIP017871,ORD017871,Standard,DHL,2025-06-09,8,Austin
SHIP017872,ORD017872,Standard,DHL,2026-07-30,7,Denver
SHIP017873,ORD017873,Standard,DHL,2020-07-18,5,Boston
SHIP017874,ORD017874,Economy,IndiaPost,2026-04-18,2,Boulder
SHIP017877,ORD017877,Standard,Delhivery,2025-11-29,6,Sacramento
SHIP017879,ORD017879,Standard,IndiaPost,2025-12-07,9,Peoria
SHIP017880,ORD017880,Standard,Delhivery,2023-04-14,2,Tucson
SHIP017881,ORD017881,Standard,IndiaPost,2024-10-23,7,San Francisco
SHIP017882,ORD017882,Standard,UPS,2026-01-14,2,Tucson
SHIP017883,ORD017883,Standard,BlueDart,2023-10-04,4,Jersey City
SHIP017884,ORD017884,Standard,IndiaPost,2024-08-13,7,Dallas
SHIP017885,ORD017885,Same-Day,UPS,2026-07-23,9,Chandler
SHIP017886,ORD017886,Same-Day,DHL,2026-07-02,1,Akron
SHIP017887,ORD017887,Standard,UPS,2025-02-14,6,Elizabeth
SHIP017889,ORD017889,Standard,Delhivery,2025-07-31,7,Lansing
SHIP017891,ORD017891,Standard,Delhivery,2024-01-31,4,Trenton
SHIP017893,ORD017893,Express,IndiaPost,2025-01-22,9,Chandler
SHIP017895,ORD017895,Standard,Delhivery,2025-01-18,5,Savannah
SHIP017896,ORD017896,Express,FedEx,2022-03-31,7,Orlando
SHIP017899,ORD017899,Economy,FedEx,2025-06-10,7,Tacoma
SHIP017900,ORD017900,Standard,BlueDart,2024-09-03,7,Los Angeles
SHIP017901,ORD017901,Express,FedEx,2023-04-02,9,Bellevue
SHIP017902,ORD017902,Express,IndiaPost,2026-07-23,4,San Diego
SHIP017903,ORD017903,Standard,IndiaPost,2025-04-21,4,Allentown
SHIP017904,ORD017904,Economy,BlueDart,2024-03-08,2,Savannah
SHIP017905,ORD017905,Standard,IndiaPost,2026-01-10,4,Paterson
SHIP017906,ORD017906,Standard,IndiaPost,2024-02-09,7,Phoenix
SHIP017908,ORD017908,Standard,Delhivery,2026-03-05,5,Boston
SHIP017909,ORD017909,Standard,Delhivery,2025-11-07,6,Paterson
SHIP017910,ORD017910,Same-Day,BlueDart,2024-12-02,3,Dallas
SHIP017911,ORD017911,Economy,UPS,2022-12-30,7,Fort Lauderdale
SHIP017912,ORD017912,Standard,BlueDart,2023-10-26,5,Mesa
SHIP017913,ORD017913,Standard,UPS,2026-04-04,7,Syracuse
SHIP017914,ORD017914,Same-Day,Delhivery,2026-02-08,3,Jacksonville
SHIP017915,ORD017915,Express,Delhivery,2026-03-16,9,Phoenix
SHIP017916,ORD017916,Standard,Delhivery,2025-03-06,2,Rochester
SHIP017917,ORD017917,Same-Day,DHL,2021-08-18,5,Erie
SHIP017918,ORD017918,Economy,Delhivery,2022-07-06,3,Rockford
SHIP017919,ORD017919,Standard,FedEx,2024-04-26,5,Denver
SHIP017920,ORD017920,Standard,BlueDart,2025-01-31,6,San Francisco
SHIP017921,ORD017921,Express,Delhivery,2026-03-02,7,Naperville
SHIP017922,ORD017922,Standard,DHL,2026-03-07,6,Detroit
SHIP017923,ORD017923,Standard,DHL,2025-05-02,3,San Diego
SHIP017924,ORD017924,Standard,UPS,2023-02-10,7,Reading
SHIP017926,ORD017926,Standard,UPS,2023-04-19,7,Sacramento
SHIP017927,ORD017927,Standard,Delhivery,2025-01-20,1,Durham
SHIP017928,ORD017928,Standard,FedEx,2020-11-10,9,New York City
SHIP017929,ORD017929,Standard,Delhivery,2025-05-11,4,New York City
SHIP017930,ORD017930,Economy,DHL,2026-01-10,8,Aurora
SHIP017931,ORD017931,Same-Day,UPS,2025-07-25,9,Cambridge
SHIP017932,ORD017932,Standard,IndiaPost,2026-04-18,1,Austin
SHIP017933,ORD017933,Express,Delhivery,2026-06-10,4,Allentown
SHIP017934,ORD017934,Same-Day,Delhivery,2026-04-30,5,Everett
SHIP017935,ORD017935,Express,Delhivery,2025-03-14,9,Sacramento
SHIP017936,ORD017936,Standard,UPS,2025-10-17,8,Fort Worth
SHIP017937,ORD017937,Economy,UPS,2024-06-12,5,Grand Rapids
SHIP017938,ORD017938,Standard,DHL,2025-05-29,3,Philadelphia
SHIP017939,ORD017939,Express,BlueDart,2022-09-12,2,Jersey City
SHIP017940,ORD017940,Standard,BlueDart,2023-11-12,2,Aurora
SHIP017941,ORD017941,Standard,UPS,2024-06-24,6,Seattle
SHIP017942,ORD017942,Standard,Delhivery,2024-03-04,5,Cleveland
SHIP017943,ORD017943,Standard,DHL,2023-10-26,6,Albany
SHIP017944,ORD017944,Express,BlueDart,2025-03-20,5,Boston
SHIP017945,ORD017945,Standard,BlueDart,2023-03-20,1,Newark
SHIP017946,ORD017946,Same-Day,FedEx,2026-07-28,5,Augusta
SHIP017947,ORD017947,Express,DHL,2025-03-30,9,Springfield
SHIP017948,ORD017948,Standard,FedEx,2026-05-08,6,Bellevue
SHIP017949,ORD017949,Same-Day,FedEx,2023-05-30,3,Rochester
SHIP017950,ORD017950,Express,BlueDart,2025-12-15,9,Charlotte
SHIP017951,ORD017951,Standard,IndiaPost,2025-11-07,5,Augusta
SHIP017952,ORD017952,Standard,DHL,2023-11-25,6,Seattle
SHIP017953,ORD017953,Economy,UPS,2026-05-18,1,Raleigh
SHIP017954,ORD017954,Standard,IndiaPost,2026-03-25,3,Bellevue
SHIP017956,ORD017956,Economy,Delhivery,2025-02-01,7,Lowell
SHIP017957,ORD017957,Standard,Delhivery,2024-03-17,6,Paterson
SHIP017958,ORD017958,Standard,Delhivery,2026-04-23,5,Toledo
SHIP017959,ORD017959,Standard,UPS,2024-11-23,3,Pittsburgh
SHIP017960,ORD017960,Standard,IndiaPost,2026-04-20,7,Grand Rapids
SHIP017961,ORD017961,Express,UPS,2023-07-19,8,Peoria
SHIP017962,ORD017962,Express,IndiaPost,2021-01-04,8,Ann Arbor
SHIP017963,ORD017963,Standard,UPS,2026-03-08,7,Bellevue
SHIP017964,ORD017964,Same-Day,DHL,2026-04-10,7,Buffalo
SHIP017965,ORD017965,Standard,IndiaPost,2026-07-20,3,Dallas
SHIP017966,ORD017966,Standard,IndiaPost,2025-04-17,5,Boston
SHIP017968,ORD017968,Standard,FedEx,2023-06-18,3,Rochester
SHIP017969,ORD017969,Economy,IndiaPost,2025-04-19,9,Lowell
SHIP017970,ORD017970,Standard,DHL,2026-05-24,7,Springfield
SHIP017971,ORD017971,Economy,DHL,2023-07-14,2,Spokane
SHIP017972,ORD017972,Standard,Delhivery,2022-05-27,7,Flint
SHIP017973,ORD017973,Standard,IndiaPost,2024-12-22,7,Phoenix
SHIP017974,ORD017974,Standard,BlueDart,2024-03-13,6,Toledo
SHIP017975,ORD017975,Express,UPS,2026-05-02,1,Raleigh
SHIP017977,ORD017977,Standard,FedEx,2026-02-07,2,San Jose
SHIP017978,ORD017978,Same-Day,FedEx,2026-03-14,8,Elizabeth
SHIP017979,ORD017979,Express,FedEx,2025-05-31,5,Dallas
SHIP017980,ORD017980,Express,FedEx,2026-07-19,1,Syracuse
SHIP017981,ORD017981,Standard,FedEx,2025-11-01,1,New York City
SHIP017982,ORD017982,Standard,Delhivery,2026-04-30,8,Orlando
SHIP017984,ORD017984,Standard,DHL,2022-03-07,5,Naperville
SHIP017985,ORD017985,Standard,UPS,2026-04-25,6,Macon
SHIP017986,ORD017986,Standard,Delhivery,2024-02-06,6,Syracuse
SHIP017988,ORD017988,Same-Day,BlueDart,2026-04-22,1,Fort Worth
SHIP017989,ORD017989,Express,BlueDart,2024-05-18,8,Lansing
SHIP017990,ORD017990,Standard,UPS,2026-04-30,9,Cambridge
SHIP017991,ORD017991,Standard,IndiaPost,2023-05-23,7,Akron
SHIP017992,ORD017992,Standard,BlueDart,2025-10-25,9,Pittsburgh
SHIP017994,ORD017994,Standard,BlueDart,2023-09-09,4,Tucson
SHIP017995,ORD017995,Express,FedEx,2024-09-17,3,Springfield
SHIP017996,ORD017996,Same-Day,FedEx,2024-05-06,2,Pittsburgh
SHIP017999,ORD017999,Standard,IndiaPost,2023-02-21,2,Trenton
SHIP018000,ORD018000,Standard,IndiaPost,2025-08-05,8,Phoenix
